0.0000000000e+00 9.85097621e-01 0.00000000e+00 1.71996154e-01 -1.40693893e-03 0.00000000e+00 1.00000000e+00 0.00000000e+00 -9.56485748e-03 -1.71996154e-01 0.00000000e+00 9.85097621e-01 -9.26760350e-03
1.0006761551e-01 9.85021667e-01 0.00000000e+00 1.72430609e-01 -1.26690385e-03 0.00000000e+00 1.00000000e+00 0.00000000e+00 -6.16485737e-03 -1.72430609e-01 0.00000000e+00 9.85021667e-01 -9.04822349e-03
2.0011377335e-01 9.84930466e-01 0.00000000e+00 1.72950795e-01 -3.21622771e-03 0.00000000e+00 1.00000000e+00 0.00000000e+00 -6.66485899e-03 -1.72950795e-01 0.00000000e+00 9.84930466e-01 -9.53821214e-03
3.0009651184e-01 9.85382057e-01 0.00000000e+00 1.70359039e-01 -4.60750783e-03 0.00000000e+00 1.00000000e+00 0.00000000e+00 -3.36485728e-03 -1.70359039e-01 0.00000000e+00 9.85382057e-01 -1.20473287e-02
4.0008640289e-01 9.84627530e-01 0.00000000e+00 1.74667187e-01 -4.34112045e-03 0.00000000e+00 1.00000000e+00 0.00000000e+00 -7.56485917e-03 -1.74667187e-01 0.00000000e+00 9.84627530e-01 -7.73700964e-03
5.0009369850e-01 9.84121971e-01 0.00000000e+00 1.77493510e-01 -4.16360102e-03 0.00000000e+00 1.00000000e+00 0.00000000e+00 -5.26485714e-03 -1.77493510e-01 0.00000000e+00 9.84121971e-01 -5.10644396e-03
6.0004568100e-01 9.84908527e-01 0.00000000e+00 1.73075686e-01 -3.04645643e-03 0.00000000e+00 1.00000000e+00 0.00000000e+00 -1.66485858e-03 -1.73075686e-01 0.00000000e+00 9.84908527e-01 -1.00969980e-02
7.0000004768e-01 9.85098767e-01 0.00000000e+00 1.71989589e-01 -3.65429238e-03 0.00000000e+00 1.00000000e+00 0.00000000e+00 -1.96485742e-03 -1.71989589e-01 0.00000000e+00 9.85098767e-01 -9.91172339e-03
8.0006504059e-01 9.83920030e-01 0.00000000e+00 1.78609561e-01 -5.44176089e-03 0.00000000e+00 1.00000000e+00 0.00000000e+00 -4.96485849e-03 -1.78609561e-01 0.00000000e+00 9.83920030e-01 -5.71871676e-03
9.0014266968e-01 9.84852501e-01 0.00000000e+00 1.73394206e-01 -4.86231513e-03 0.00000000e+00 1.00000000e+00 0.00000000e+00 -2.86485875e-03 -1.73394206e-01 0.00000000e+00 9.84852501e-01 -8.43011649e-03
1.0000712872e+00 9.85125207e-01 0.00000000e+00 1.71838080e-01 -7.28685127e-03 0.00000000e+00 1.00000000e+00 0.00000000e+00 -1.66485856e-03 -1.71838080e-01 0.00000000e+00 9.85125207e-01 -1.09668049e-02
1.1000833511e+00 9.85839501e-01 0.00000000e+00 1.67691619e-01 -5.18877563e-03 0.00000000e+00 1.00000000e+00 0.00000000e+00 -2.66485798e-03 -1.67691619e-01 0.00000000e+00 9.85839501e-01 -1.19828817e-02
1.2001307011e+00 9.85221946e-01 0.00000000e+00 1.71282563e-01 -7.56997154e-03 0.00000000e+00 1.00000000e+00 0.00000000e+00 -6.06485702e-03 -1.71282563e-01 0.00000000e+00 9.85221946e-01 -7.77845911e-03
1.3000216484e+00 9.85314306e-01 0.00000000e+00 1.70750455e-01 -6.86178740e-03 0.00000000e+00 1.00000000e+00 0.00000000e+00 -7.86485850e-03 -1.70750455e-01 0.00000000e+00 9.85314306e-01 -6.82975030e-03
1.4000270367e+00 9.85020170e-01 0.00000000e+00 1.72439165e-01 -3.25742386e-03 0.00000000e+00 1.00000000e+00 0.00000000e+00 -6.56485813e-03 -1.72439165e-01 0.00000000e+00 9.85020170e-01 -1.10733723e-02
1.5001881123e+00 9.84759549e-01 0.00000000e+00 1.73921333e-01 -2.94124243e-03 0.00000000e+00 1.00000000e+00 0.00000000e+00 -2.86485846e-03 -1.73921333e-01 0.00000000e+00 9.84759549e-01 -1.38663634e-02
1.6002368927e+00 9.85048306e-01 0.00000000e+00 1.72278367e-01 -4.08382921e-03 0.00000000e+00 1.00000000e+00 0.00000000e+00 -3.66485761e-03 -1.72278367e-01 0.00000000e+00 9.85048306e-01 -1.26670041e-02
1.7002627850e+00 9.84785164e-01 0.00000000e+00 1.73776240e-01 -2.83511980e-03 0.00000000e+00 1.00000000e+00 0.00000000e+00 3.51411846e-05 -1.73776240e-01 0.00000000e+00 9.84785164e-01 -1.22452432e-02
1.8002777100e+00 9.85175595e-01 0.00000000e+00 1.71548966e-01 -3.66012715e-03 0.00000000e+00 1.00000000e+00 0.00000000e+00 -4.86485803e-03 -1.71548966e-01 0.00000000e+00 9.85175595e-01 -1.48232043e-02
1.9003336430e+00 9.85001944e-01 0.00000000e+00 1.72543243e-01 -2.11588161e-03 0.00000000e+00 1.00000000e+00 0.00000000e+00 -3.56485739e-03 -1.72543243e-01 0.00000000e+00 9.85001944e-01 -1.14296450e-02
2.0002985001e+00 9.85083698e-01 0.00000000e+00 1.72075880e-01 -4.49838292e-03 0.00000000e+00 1.00000000e+00 0.00000000e+00 -2.16485765e-03 -1.72075880e-01 0.00000000e+00 9.85083698e-01 -1.27281747e-02
2.1000587940e+00 9.84840482e-01 0.00000000e+00 1.73462462e-01 -4.77533003e-03 0.00000000e+00 1.00000000e+00 0.00000000e+00 -2.86485830e-03 -1.73462462e-01 0.00000000e+00 9.84840482e-01 -1.22245400e-02
2.2000043392e+00 9.84838351e-01 0.00000000e+00 1.73474561e-01 -4.45253048e-03 0.00000000e+00 1.00000000e+00 0.00000000e+00 -7.76485670e-03 -1.73474561e-01 0.00000000e+00 9.84838351e-01 -8.81480806e-03
2.3000330925e+00 9.84643644e-01 0.00000000e+00 1.74576327e-01 -4.29207076e-03 0.00000000e+00 1.00000000e+00 0.00000000e+00 -8.46485820e-03 -1.74576327e-01 0.00000000e+00 9.84643644e-01 -6.36692101e-03
2.4000241756e+00 9.85077252e-01 0.00000000e+00 1.72112778e-01 -2.15672425e-03 0.00000000e+00 1.00000000e+00 0.00000000e+00 -8.66485861e-03 -1.72112778e-01 0.00000000e+00 9.85077252e-01 -9.27008412e-03
2.5000259876e+00 9.84405652e-01 0.00000000e+00 1.75913365e-01 -3.33250390e-03 0.00000000e+00 1.00000000e+00 0.00000000e+00 -5.16485891e-03 -1.75913365e-01 0.00000000e+00 9.84405652e-01 -7.50982239e-03
2.6000559330e+00 9.84188118e-01 0.00000000e+00 1.77126363e-01 -3.33294695e-03 0.00000000e+00 1.00000000e+00 0.00000000e+00 -2.16485908e-03 -1.77126363e-01 0.00000000e+00 9.84188118e-01 -5.31377737e-03
2.7001709938e+00 9.84904262e-01 0.00000000e+00 1.73099957e-01 -3.43325494e-03 0.00000000e+00 1.00000000e+00 0.00000000e+00 -4.56485850e-03 -1.73099957e-01 0.00000000e+00 9.84904262e-01 -7.53949880e-03
2.8000578880e+00 9.84612127e-01 0.00000000e+00 1.74753998e-01 -3.72719247e-03 0.00000000e+00 1.00000000e+00 0.00000000e+00 -3.46485806e-03 -1.74753998e-01 0.00000000e+00 9.84612127e-01 -8.06230264e-03
2.9000978470e+00 9.85073609e-01 0.00000000e+00 1.72133623e-01 -4.37157156e-03 0.00000000e+00 1.00000000e+00 0.00000000e+00 -9.16485747e-03 -1.72133623e-01 0.00000000e+00 9.85073609e-01 -9.41738784e-03
3.0000209808e+00 9.85200246e-01 0.00000000e+00 1.71407335e-01 -6.05549320e-03 0.00000000e+00 1.00000000e+00 0.00000000e+00 -4.06485861e-03 -1.71407335e-01 0.00000000e+00 9.85200246e-01 -1.01778681e-02
3.1000802517e+00 9.84941773e-01 0.00000000e+00 1.72886387e-01 -5.14211338e-03 0.00000000e+00 1.00000000e+00 0.00000000e+00 -5.26485798e-03 -1.72886387e-01 0.00000000e+00 9.84941773e-01 -6.54948400e-03
3.2003934383e+00 9.85386881e-01 0.00000000e+00 1.70331134e-01 -3.72879208e-03 0.00000000e+00 1.00000000e+00 0.00000000e+00 -5.26485763e-03 -1.70331134e-01 0.00000000e+00 9.85386881e-01 -1.22974736e-02
3.3000714779e+00 9.85183008e-01 0.00000000e+00 1.71506385e-01 -2.62572019e-03 0.00000000e+00 1.00000000e+00 0.00000000e+00 -5.86485755e-03 -1.71506385e-01 0.00000000e+00 9.85183008e-01 -1.11205695e-02
3.4000313282e+00 9.85087886e-01 0.00000000e+00 1.72051904e-01 -2.90826700e-03 0.00000000e+00 1.00000000e+00 0.00000000e+00 -3.76485794e-03 -1.72051904e-01 0.00000000e+00 9.85087886e-01 -1.08040914e-02
3.5000853539e+00 9.85686206e-01 0.00000000e+00 1.68590342e-01 -4.41543999e-03 0.00000000e+00 1.00000000e+00 0.00000000e+00 -3.76485851e-03 -1.68590342e-01 0.00000000e+00 9.85686206e-01 -1.20246594e-02
3.6170225143e+00 9.85027903e-01 0.00000000e+00 1.72394983e-01 -2.28826706e-03 0.00000000e+00 1.00000000e+00 0.00000000e+00 -1.76485799e-03 -1.72394983e-01 0.00000000e+00 9.85027903e-01 -1.05895484e-02
3.6999621391e+00 9.84927380e-01 0.00000000e+00 1.72968370e-01 -2.38232410e-03 0.00000000e+00 1.00000000e+00 0.00000000e+00 4.23514140e-03 -1.72968370e-01 0.00000000e+00 9.84927380e-01 -1.07373178e-02
3.8000917435e+00 9.84962777e-01 0.00000000e+00 1.72766688e-01 -1.64544169e-03 0.00000000e+00 1.00000000e+00 0.00000000e+00 -4.86485781e-03 -1.72766688e-01 0.00000000e+00 9.84962777e-01 -9.11982187e-03
3.9001672268e+00 9.85066842e-01 0.00000000e+00 1.72172344e-01 -3.51015636e-03 0.00000000e+00 1.00000000e+00 0.00000000e+00 -1.86485852e-03 -1.72172344e-01 0.00000000e+00 9.85066842e-01 -8.81838775e-03
4.0000951290e+00 9.85945535e-01 0.00000000e+00 1.67067061e-01 -1.74613409e-03 0.00000000e+00 1.00000000e+00 0.00000000e+00 -2.06485775e-03 -1.67067061e-01 0.00000000e+00 9.85945535e-01 -1.56528024e-02
4.1000108719e+00 9.85164319e-01 0.00000000e+00 1.71613708e-01 -1.25802179e-03 0.00000000e+00 1.00000000e+00 0.00000000e+00 -2.36485764e-03 -1.71613708e-01 0.00000000e+00 9.85164319e-01 -1.10051635e-02
4.2000215054e+00 9.85297301e-01 0.00000000e+00 1.70848555e-01 -1.02319749e-03 0.00000000e+00 1.00000000e+00 0.00000000e+00 3.13514220e-03 -1.70848555e-01 0.00000000e+00 9.85297301e-01 -1.24268568e-02
4.3001415730e+00 9.84800777e-01 0.00000000e+00 1.73687734e-01 -1.97659131e-03 0.00000000e+00 1.00000000e+00 0.00000000e+00 -3.46485704e-03 -1.73687734e-01 0.00000000e+00 9.84800777e-01 -1.26857597e-02
4.4000337124e+00 9.85168798e-01 0.00000000e+00 1.71587995e-01 -2.98625165e-03 0.00000000e+00 1.00000000e+00 0.00000000e+00 -1.03648570e-02 -1.71587995e-01 0.00000000e+00 9.85168798e-01 -1.07254441e-02
4.5001945496e+00 9.84736287e-01 0.00000000e+00 1.74052995e-01 -3.02082452e-03 0.00000000e+00 1.00000000e+00 0.00000000e+00 -2.76485761e-03 -1.74052995e-01 0.00000000e+00 9.84736287e-01 -1.00288754e-02
4.6000697613e+00 9.84353026e-01 0.00000000e+00 1.76207603e-01 -4.05042254e-03 0.00000000e+00 1.00000000e+00 0.00000000e+00 -5.66485775e-03 -1.76207603e-01 0.00000000e+00 9.84353026e-01 -9.07713927e-03
4.7001399994e+00 9.86010255e-01 0.00000000e+00 1.66684665e-01 -3.03300521e-03 0.00000000e+00 1.00000000e+00 0.00000000e+00 -8.66485884e-03 -1.66684665e-01 0.00000000e+00 9.86010255e-01 -1.18586666e-02
4.8001737595e+00 9.85542093e-01 0.00000000e+00 1.69430760e-01 -5.21123298e-03 0.00000000e+00 1.00000000e+00 0.00000000e+00 -7.26485773e-03 -1.69430760e-01 0.00000000e+00 9.85542093e-01 -1.12636546e-02
4.9000740051e+00 9.84975447e-01 0.00000000e+00 1.72694436e-01 -3.95201726e-03 0.00000000e+00 1.00000000e+00 0.00000000e+00 -5.96485831e-03 -1.72694436e-01 0.00000000e+00 9.84975447e-01 -1.10638138e-02
5.0001807213e+00 9.84883233e-01 0.00000000e+00 1.73219565e-01 -3.30044240e-03 0.00000000e+00 1.00000000e+00 0.00000000e+00 -6.46485729e-03 -1.73219565e-01 0.00000000e+00 9.84883233e-01 -9.92902132e-03
5.1000175476e+00 9.85257557e-01 0.00000000e+00 1.71077603e-01 -4.22688427e-03 0.00000000e+00 1.00000000e+00 0.00000000e+00 -9.76485947e-03 -1.71077603e-01 0.00000000e+00 9.85257557e-01 -1.04866211e-02
5.1999800205e+00 9.84976771e-01 0.00000000e+00 1.72686883e-01 -2.67636640e-03 0.00000000e+00 1.00000000e+00 0.00000000e+00 -7.76485821e-03 -1.72686883e-01 0.00000000e+00 9.84976771e-01 -9.77802932e-03
5.3003304005e+00 9.85436771e-01 0.00000000e+00 1.70042259e-01 -6.35158249e-03 0.00000000e+00 1.00000000e+00 0.00000000e+00 -4.36485798e-03 -1.70042259e-01 0.00000000e+00 9.85436771e-01 -1.21267550e-02
5.4003057480e+00 9.84904046e-01 0.00000000e+00 1.73101186e-01 -1.59106215e-03 0.00000000e+00 1.00000000e+00 0.00000000e+00 -7.76485799e-03 -1.73101186e-01 0.00000000e+00 9.84904046e-01 -1.01401253e-02
5.5003263950e+00 9.85603577e-01 0.00000000e+00 1.69072731e-01 -3.49429723e-03 0.00000000e+00 1.00000000e+00 0.00000000e+00 -7.66485730e-03 -1.69072731e-01 0.00000000e+00 9.85603577e-01 -9.88693517e-03
5.6002137661e+00 9.84593951e-01 0.00000000e+00 1.74856374e-01 -2.50995656e-03 0.00000000e+00 1.00000000e+00 0.00000000e+00 -5.76485815e-03 -1.74856374e-01 0.00000000e+00 9.84593951e-01 -5.44818775e-03
5.7002611160e+00 9.85720045e-01 0.00000000e+00 1.68392375e-01 -4.23482756e-03 0.00000000e+00 1.00000000e+00 0.00000000e+00 -8.36485832e-03 -1.68392375e-01 0.00000000e+00 9.85720045e-01 -9.96054327e-03
5.8002252579e+00 9.85781778e-01 0.00000000e+00 1.68030610e-01 -2.86553191e-03 0.00000000e+00 1.00000000e+00 0.00000000e+00 -9.36485810e-03 -1.68030610e-01 0.00000000e+00 9.85781778e-01 -1.22524248e-02
5.9000809193e+00 9.84552551e-01 0.00000000e+00 1.75089335e-01 -4.15667656e-03 0.00000000e+00 1.00000000e+00 0.00000000e+00 -4.26485710e-03 -1.75089335e-01 0.00000000e+00 9.84552551e-01 -5.85154324e-03
6.0000138283e+00 9.84435943e-01 0.00000000e+00 1.75743774e-01 -3.40981947e-03 0.00000000e+00 1.00000000e+00 0.00000000e+00 -4.66485718e-03 -1.75743774e-01 0.00000000e+00 9.84435943e-01 -4.74629264e-03
6.0999991894e+00 9.84415246e-01 0.00000000e+00 1.75859669e-01 -3.68092245e-03 0.00000000e+00 1.00000000e+00 0.00000000e+00 -8.26485787e-03 -1.75859669e-01 0.00000000e+00 9.84415246e-01 -3.98087929e-03
6.1999826431e+00 9.85854178e-01 0.00000000e+00 1.67605309e-01 -4.75953681e-03 0.00000000e+00 1.00000000e+00 0.00000000e+00 -8.26485762e-03 -1.67605309e-01 0.00000000e+00 9.85854178e-01 -1.03869065e-02
6.3000423908e+00 9.85689366e-01 0.00000000e+00 1.68571864e-01 -4.48599114e-03 0.00000000e+00 1.00000000e+00 0.00000000e+00 -8.86485838e-03 -1.68571864e-01 0.00000000e+00 9.85689366e-01 -1.00112190e-02
6.4000599384e+00 9.85096884e-01 0.00000000e+00 1.72000378e-01 -1.60159711e-03 0.00000000e+00 1.00000000e+00 0.00000000e+00 -4.96485658e-03 -1.72000378e-01 0.00000000e+00 9.85096884e-01 -1.25238116e-02
6.5000629425e+00 9.84925069e-01 0.00000000e+00 1.72981529e-01 -4.36175644e-03 0.00000000e+00 1.00000000e+00 0.00000000e+00 -1.06485783e-03 -1.72981529e-01 0.00000000e+00 9.84925069e-01 -1.11830152e-02
6.6000459194e+00 9.84263479e-01 0.00000000e+00 1.76707114e-01 -6.92574093e-04 0.00000000e+00 1.00000000e+00 0.00000000e+00 -6.86485628e-03 -1.76707114e-01 0.00000000e+00 9.84263479e-01 -6.83133415e-03
6.7000892162e+00 9.84795882e-01 0.00000000e+00 1.73715485e-01 -1.62804075e-03 0.00000000e+00 1.00000000e+00 0.00000000e+00 -9.26485760e-03 -1.73715485e-01 0.00000000e+00 9.84795882e-01 -6.98387214e-03
6.8000786304e+00 9.84279838e-01 0.00000000e+00 1.76615966e-01 -3.15164937e-03 0.00000000e+00 1.00000000e+00 0.00000000e+00 -3.76485889e-03 -1.76615966e-01 0.00000000e+00 9.84279838e-01 -7.71239326e-03
6.9000787735e+00 9.85096709e-01 0.00000000e+00 1.72001377e-01 -2.47852983e-03 0.00000000e+00 1.00000000e+00 0.00000000e+00 -8.66485789e-03 -1.72001377e-01 0.00000000e+00 9.85096709e-01 -1.21582559e-02
7.0000598431e+00 9.84212707e-01 0.00000000e+00 1.76989682e-01 -2.15357207e-03 0.00000000e+00 1.00000000e+00 0.00000000e+00 -2.46485802e-03 -1.76989682e-01 0.00000000e+00 9.84212707e-01 -7.04737623e-03
7.1000411510e+00 9.84806211e-01 0.00000000e+00 1.73656922e-01 -4.01997767e-03 0.00000000e+00 1.00000000e+00 0.00000000e+00 -3.96485723e-03 -1.73656922e-01 0.00000000e+00 9.84806211e-01 -6.14349427e-03
7.2001266479e+00 9.85082844e-01 0.00000000e+00 1.72080769e-01 -4.24307610e-03 0.00000000e+00 1.00000000e+00 0.00000000e+00 -5.66485739e-03 -1.72080769e-01 0.00000000e+00 9.85082844e-01 -7.98294686e-03
7.3003716469e+00 9.84285894e-01 0.00000000e+00 1.76582213e-01 -3.13062522e-03 0.00000000e+00 1.00000000e+00 0.00000000e+00 -7.36485711e-03 -1.76582213e-01 0.00000000e+00 9.84285894e-01 -5.72383157e-03
7.3999772072e+00 9.85056530e-01 0.00000000e+00 1.72231333e-01 -2.29484224e-03 0.00000000e+00 1.00000000e+00 0.00000000e+00 -1.27648574e-02 -1.72231333e-01 0.00000000e+00 9.85056530e-01 -1.11907372e-02
7.4999935627e+00 9.84623579e-01 0.00000000e+00 1.74689459e-01 -4.56419946e-03 0.00000000e+00 1.00000000e+00 0.00000000e+00 -1.01648576e-02 -1.74689459e-01 0.00000000e+00 9.84623579e-01 -1.01336325e-02
7.6000928879e+00 9.85013587e-01 0.00000000e+00 1.72476765e-01 -2.70361707e-03 0.00000000e+00 1.00000000e+00 0.00000000e+00 -6.66485794e-03 -1.72476765e-01 0.00000000e+00 9.85013587e-01 -1.09541789e-02
7.7000727654e+00 9.85127442e-01 0.00000000e+00 1.71825271e-01 -5.96456965e-03 0.00000000e+00 1.00000000e+00 0.00000000e+00 -7.46485725e-03 -1.71825271e-01 0.00000000e+00 9.85127442e-01 -1.20659396e-02
7.8001332283e+00 9.84504326e-01 0.00000000e+00 1.75360292e-01 -3.33117653e-03 0.00000000e+00 1.00000000e+00 0.00000000e+00 -8.16485746e-03 -1.75360292e-01 0.00000000e+00 9.84504326e-01 -7.48692190e-03
7.9000837803e+00 9.85276866e-01 0.00000000e+00 1.70966361e-01 -3.74932294e-03 0.00000000e+00 1.00000000e+00 0.00000000e+00 -3.96485793e-03 -1.70966361e-01 0.00000000e+00 9.85276866e-01 -1.29169891e-02
8.0001034737e+00 9.85086177e-01 0.00000000e+00 1.72061684e-01 -4.63000458e-03 0.00000000e+00 1.00000000e+00 0.00000000e+00 -5.36485727e-03 -1.72061684e-01 0.00000000e+00 9.85086177e-01 -1.09410377e-02
8.0999839306e+00 9.84786995e-01 0.00000000e+00 1.73765860e-01 -3.52738299e-03 0.00000000e+00 1.00000000e+00 0.00000000e+00 -6.06485884e-03 -1.73765860e-01 0.00000000e+00 9.84786995e-01 -1.21808330e-02
8.2000184059e+00 9.84852497e-01 0.00000000e+00 1.73394229e-01 -4.17853715e-03 0.00000000e+00 1.00000000e+00 0.00000000e+00 -5.06485878e-03 -1.73394229e-01 0.00000000e+00 9.84852497e-01 -1.33552531e-02
8.3170292377e+00 9.84537895e-01 0.00000000e+00 1.75171726e-01 -2.44755684e-03 0.00000000e+00 1.00000000e+00 0.00000000e+00 -1.86485728e-03 -1.75171726e-01 0.00000000e+00 9.84537895e-01 -1.15576125e-02
8.4000599384e+00 9.84779177e-01 0.00000000e+00 1.73810164e-01 -1.84508296e-03 0.00000000e+00 1.00000000e+00 0.00000000e+00 -3.16485601e-03 -1.73810164e-01 0.00000000e+00 9.84779177e-01 -1.27882910e-02
8.5000584126e+00 9.83970545e-01 0.00000000e+00 1.78331059e-01 -2.48346503e-03 0.00000000e+00 1.00000000e+00 0.00000000e+00 7.35142815e-04 -1.78331059e-01 0.00000000e+00 9.83970545e-01 -8.34878746e-03
8.5999987125e+00 9.84636403e-01 0.00000000e+00 1.74617166e-01 -2.93461692e-03 0.00000000e+00 1.00000000e+00 0.00000000e+00 -2.56485780e-03 -1.74617166e-01 0.00000000e+00 9.84636403e-01 -1.02702028e-02
8.7002091408e+00 9.84900005e-01 0.00000000e+00 1.73124174e-01 -1.24168999e-03 0.00000000e+00 1.00000000e+00 0.00000000e+00 -4.06485611e-03 -1.73124174e-01 0.00000000e+00 9.84900005e-01 -7.88433450e-03
8.7999978065e+00 9.84803637e-01 0.00000000e+00 1.73671518e-01 -9.91261941e-04 0.00000000e+00 1.00000000e+00 0.00000000e+00 -3.66485595e-03 -1.73671518e-01 0.00000000e+00 9.84803637e-01 -8.91670290e-03
8.9000051022e+00 9.84646599e-01 0.00000000e+00 1.74559658e-01 -2.43238561e-03 0.00000000e+00 1.00000000e+00 0.00000000e+00 -7.06485768e-03 -1.74559658e-01 0.00000000e+00 9.84646599e-01 -4.83638759e-03
9.0000104904e+00 9.84388835e-01 0.00000000e+00 1.76007448e-01 -2.27660413e-03 0.00000000e+00 1.00000000e+00 0.00000000e+00 -3.86485821e-03 -1.76007448e-01 0.00000000e+00 9.84388835e-01 -5.84050838e-03
9.1000335217e+00 9.84388499e-01 0.00000000e+00 1.76009326e-01 -2.27660490e-03 0.00000000e+00 1.00000000e+00 0.00000000e+00 -3.86485821e-03 -1.76009326e-01 0.00000000e+00 9.84388499e-01 -5.83868610e-03
9.2001016140e+00 9.84784529e-01 0.00000000e+00 1.73779837e-01 -2.93227977e-03 0.00000000e+00 1.00000000e+00 0.00000000e+00 4.35142527e-04 -1.73779837e-01 0.00000000e+00 9.84784529e-01 -6.01129858e-03
9.3000640869e+00 9.85131663e-01 0.00000000e+00 1.71801067e-01 -2.40348928e-03 0.00000000e+00 1.00000000e+00 0.00000000e+00 -2.56485716e-03 -1.71801067e-01 0.00000000e+00 9.85131663e-01 -9.41708066e-03
9.4000771046e+00 9.85328531e-01 0.00000000e+00 1.70668353e-01 -2.70251589e-03 0.00000000e+00 1.00000000e+00 0.00000000e+00 -8.06485639e-03 -1.70668353e-01 0.00000000e+00 9.85328531e-01 -1.06645211e-02
9.5002052784e+00 9.85382872e-01 0.00000000e+00 1.70354326e-01 -2.33429703e-03 0.00000000e+00 1.00000000e+00 0.00000000e+00 -1.96485756e-03 -1.70354326e-01 0.00000000e+00 9.85382872e-01 -1.22103534e-02
9.6001379490e+00 9.84294819e-01 0.00000000e+00 1.76532459e-01 -3.57922015e-03 0.00000000e+00 1.00000000e+00 0.00000000e+00 -6.46485828e-03 -1.76532459e-01 0.00000000e+00 9.84294819e-01 -9.29633600e-03
9.7001047134e+00 9.84545407e-01 0.00000000e+00 1.75129497e-01 -2.63283457e-03 0.00000000e+00 1.00000000e+00 0.00000000e+00 -1.27648573e-02 -1.75129497e-01 0.00000000e+00 9.84545407e-01 -7.42242132e-03
9.8000071049e+00 9.84126226e-01 0.00000000e+00 1.77469916e-01 -3.19336211e-03 0.00000000e+00 1.00000000e+00 0.00000000e+00 -7.66485823e-03 -1.77469916e-01 0.00000000e+00 9.84126226e-01 -8.47317492e-03
9.9000213146e+00 9.85048076e-01 0.00000000e+00 1.72279680e-01 -3.34702448e-03 0.00000000e+00 1.00000000e+00 0.00000000e+00 -8.26485886e-03 -1.72279680e-01 0.00000000e+00 9.85048076e-01 -1.20792002e-02
9.9999909401e+00 9.85470567e-01 0.00000000e+00 1.69846287e-01 -4.01225513e-03 0.00000000e+00 1.00000000e+00 0.00000000e+00 -1.07648580e-02 -1.69846287e-01 0.00000000e+00 9.85470567e-01 -1.33514751e-02
1.0100007534e+01 9.85170274e-01 0.00000000e+00 1.71579520e-01 -5.55928840e-03 0.00000000e+00 1.00000000e+00 0.00000000e+00 -9.56485872e-03 -1.71579520e-01 0.00000000e+00 9.85170274e-01 -1.06454980e-02
1.0200099945e+01 9.84424667e-01 0.00000000e+00 1.75806928e-01 -4.07437831e-03 0.00000000e+00 1.00000000e+00 0.00000000e+00 -1.12648568e-02 -1.75806928e-01 0.00000000e+00 9.84424667e-01 -7.97659910e-03
1.0300024033e+01 9.85764504e-01 0.00000000e+00 1.68131923e-01 -4.33412228e-03 0.00000000e+00 1.00000000e+00 0.00000000e+00 -6.16485701e-03 -1.68131923e-01 0.00000000e+00 9.85764504e-01 -1.59251535e-02
1.0400137424e+01 9.85347453e-01 0.00000000e+00 1.70559069e-01 -3.60285054e-03 0.00000000e+00 1.00000000e+00 0.00000000e+00 -8.96485745e-03 -1.70559069e-01 0.00000000e+00 9.85347453e-01 -1.35142365e-02
1.0500028133e+01 9.84903942e-01 0.00000000e+00 1.73101778e-01 -4.37798008e-03 0.00000000e+00 1.00000000e+00 0.00000000e+00 -1.17648572e-02 -1.73101778e-01 0.00000000e+00 9.84903942e-01 -1.01878925e-02
1.0599966526e+01 9.84744238e-01 0.00000000e+00 1.74008004e-01 -4.76018404e-03 0.00000000e+00 1.00000000e+00 0.00000000e+00 -1.20648580e-02 -1.74008004e-01 0.00000000e+00 9.84744238e-01 -7.17209320e-03
1.0700063944e+01 9.85240488e-01 0.00000000e+00 1.71175879e-01 -3.31369409e-03 0.00000000e+00 1.00000000e+00 0.00000000e+00 -9.06485761e-03 -1.71175879e-01 0.00000000e+00 9.85240488e-01 -1.25165004e-02
1.0799935818e+01 9.84921669e-01 0.00000000e+00 1.73000885e-01 -4.63305291e-03 0.00000000e+00 1.00000000e+00 0.00000000e+00 -1.19648582e-02 -1.73000885e-01 0.00000000e+00 9.84921669e-01 -1.11874900e-02
1.0900042295e+01 9.85206006e-01 0.00000000e+00 1.71374226e-01 -4.40669744e-03 0.00000000e+00 1.00000000e+00 0.00000000e+00 -7.76485775e-03 -1.71374226e-01 0.00000000e+00 9.85206006e-01 -1.23401564e-02
1.0999981403e+01 9.84699171e-01 0.00000000e+00 1.74262857e-01 -5.90836097e-03 0.00000000e+00 1.00000000e+00 0.00000000e+00 -9.86485826e-03 -1.74262857e-01 0.00000000e+00 9.84699171e-01 -8.16090017e-03
1.1100056410e+01 9.84698452e-01 0.00000000e+00 1.74266916e-01 -5.90836959e-03 0.00000000e+00 1.00000000e+00 0.00000000e+00 -9.86485826e-03 -1.74266916e-01 0.00000000e+00 9.84698452e-01 -8.15696301e-03
1.1199993849e+01 9.84551997e-01 0.00000000e+00 1.75092446e-01 -3.29290249e-03 0.00000000e+00 1.00000000e+00 0.00000000e+00 -1.37648581e-02 -1.75092446e-01 0.00000000e+00 9.84551997e-01 -8.89927149e-03
1.1300157547e+01 9.84879641e-01 0.00000000e+00 1.73239986e-01 -3.21646824e-03 0.00000000e+00 1.00000000e+00 0.00000000e+00 -1.31648579e-02 -1.73239986e-01 0.00000000e+00 9.84879641e-01 -1.04721726e-02
1.1399993181e+01 9.84089157e-01 0.00000000e+00 1.77675351e-01 -7.45318511e-04 0.00000000e+00 1.00000000e+00 0.00000000e+00 -5.46485726e-03 -1.77675351e-01 0.00000000e+00 9.84089157e-01 -5.76901644e-03
1.1500092745e+01 9.85205699e-01 0.00000000e+00 1.71375990e-01 -3.57616241e-03 0.00000000e+00 1.00000000e+00 0.00000000e+00 -8.16485803e-03 -1.71375990e-01 0.00000000e+00 9.85205699e-01 -1.05062819e-02
1.1611118793e+01 9.84910061e-01 0.00000000e+00 1.73066957e-01 -2.25905706e-03 0.00000000e+00 1.00000000e+00 0.00000000e+00 -5.66485854e-03 -1.73066957e-01 0.00000000e+00 9.84910061e-01 -1.00393512e-02
1.1699967623e+01 9.84668056e-01 0.00000000e+00 1.74438584e-01 -1.25450197e-03 0.00000000e+00 1.00000000e+00 0.00000000e+00 -7.26485668e-03 -1.74438584e-01 0.00000000e+00 9.84668056e-01 -6.57606785e-03
1.1800029993e+01 9.84896444e-01 0.00000000e+00 1.73144435e-01 -2.61372430e-03 0.00000000e+00 1.00000000e+00 0.00000000e+00 -9.36485759e-03 -1.73144435e-01 0.00000000e+00 9.84896444e-01 -7.06486481e-03
1.1899961710e+01 9.84700847e-01 0.00000000e+00 1.74253382e-01 -3.49288805e-03 0.00000000e+00 1.00000000e+00 0.00000000e+00 -6.66485863e-03 -1.74253382e-01 0.00000000e+00 9.84700847e-01 -6.56348336e-03
1.2000005484e+01 9.85006133e-01 0.00000000e+00 1.72519325e-01 -3.48103115e-03 0.00000000e+00 1.00000000e+00 0.00000000e+00 -8.06485842e-03 -1.72519325e-01 0.00000000e+00 9.85006133e-01 -9.65571878e-03
1.2099904299e+01 9.84669061e-01 0.00000000e+00 1.74432908e-01 -2.54898548e-03 0.00000000e+00 1.00000000e+00 0.00000000e+00 -7.16485766e-03 -1.74432908e-01 0.00000000e+00 9.84669061e-01 -8.93592183e-03
1.2200034618e+01 9.84642775e-01 0.00000000e+00 1.74581229e-01 -2.99556158e-03 0.00000000e+00 1.00000000e+00 0.00000000e+00 -5.36485762e-03 -1.74581229e-01 0.00000000e+00 9.84642775e-01 -9.35631013e-03
1.2299991846e+01 9.84350116e-01 0.00000000e+00 1.76223859e-01 -4.04714972e-03 0.00000000e+00 1.00000000e+00 0.00000000e+00 -7.56485820e-03 -1.76223859e-01 0.00000000e+00 9.84350116e-01 -6.94727299e-03
1.2400006294e+01 9.84147598e-01 0.00000000e+00 1.77351362e-01 -5.84001821e-03 0.00000000e+00 1.00000000e+00 0.00000000e+00 -1.31648585e-02 -1.77351362e-01 0.00000000e+00 9.84147598e-01 -3.73135510e-03
1.2500010490e+01 9.84902092e-01 0.00000000e+00 1.73112304e-01 -5.93776623e-03 0.00000000e+00 1.00000000e+00 0.00000000e+00 -1.29648587e-02 -1.73112304e-01 0.00000000e+00 9.84902092e-01 -8.32387549e-03
1.2599965572e+01 9.84692954e-01 0.00000000e+00 1.74297983e-01 -4.32631590e-03 0.00000000e+00 1.00000000e+00 0.00000000e+00 -7.36485701e-03 -1.74297983e-01 0.00000000e+00 9.84692954e-01 -5.87205723e-03
1.2700011253e+01 9.85318752e-01 0.00000000e+00 1.70724798e-01 -5.47855567e-03 0.00000000e+00 1.00000000e+00 0.00000000e+00 -1.03648600e-02 -1.70724798e-01 0.00000000e+00 9.85318752e-01 -9.91156428e-03
1.2799994469e+01 9.85013518e-01 0.00000000e+00 1.72477157e-01 -5.83757664e-03 0.00000000e+00 1.00000000e+00 0.00000000e+00 -9.46485845e-03 -1.72477157e-01 0.00000000e+00 9.85013518e-01 -8.31324806e-03
1.2900142193e+01 9.85147243e-01 0.00000000e+00 1.71711704e-01 -4.65293707e-03 0.00000000e+00 1.00000000e+00 0.00000000e+00 -9.46485812e-03 -1.71711704e-01 0.00000000e+00 9.85147243e-01 -1.03283305e-02
1.3000145197e+01 9.85268017e-01 0.00000000e+00 1.71017355e-01 -3.47868270e-03 0.00000000e+00 1.00000000e+00 0.00000000e+00 -7.36485791e-03 -1.71017355e-01 0.00000000e+00 9.85268017e-01 -1.04153880e-02
1.3100157499e+01 9.84103904e-01 0.00000000e+00 1.77593656e-01 -2.28175737e-03 0.00000000e+00 1.00000000e+00 0.00000000e+00 -1.00648560e-02 -1.77593656e-01 0.00000000e+00 9.84103904e-01 -6.26374710e-03
1.3200087547e+01 9.85336565e-01 0.00000000e+00 1.70621961e-01 -3.54634339e-03 0.00000000e+00 1.00000000e+00 0.00000000e+00 -1.38648588e-02 -1.70621961e-01 0.00000000e+00 9.85336565e-01 -1.02772403e-02
1.3300347090e+01 9.85240592e-01 0.00000000e+00 1.71175280e-01 -3.19554285e-03 0.00000000e+00 1.00000000e+00 0.00000000e+00 -1.25648572e-02 -1.71175280e-01 0.00000000e+00 9.85240592e-01 -9.82092643e-03
1.3399952173e+01 9.85808170e-01 0.00000000e+00 1.67875703e-01 -5.30793629e-03 0.00000000e+00 1.00000000e+00 0.00000000e+00 -1.13648572e-02 -1.67875703e-01 0.00000000e+00 9.85808170e-01 -1.36633740e-02
1.3505203247e+01 9.84902532e-01 0.00000000e+00 1.73109797e-01 -4.19454146e-03 0.00000000e+00 1.00000000e+00 0.00000000e+00 -7.96485731e-03 -1.73109797e-01 0.00000000e+00 9.84902532e-01 -1.14985114e-02
1.3600238323e+01 9.85743371e-01 0.00000000e+00 1.68255777e-01 -3.03165255e-03 0.00000000e+00 1.00000000e+00 0.00000000e+00 -8.26485849e-03 -1.68255777e-01 0.00000000e+00 9.85743371e-01 -1.50939111e-02
1.3700145483e+01 9.84914763e-01 0.00000000e+00 1.73040196e-01 -2.68077130e-03 0.00000000e+00 1.00000000e+00 0.00000000e+00 -1.08648587e-02 -1.73040196e-01 0.00000000e+00 9.84914763e-01 -9.48676991e-03
1.3800211430e+01 9.85392391e-01 0.00000000e+00 1.70299255e-01 -2.67715630e-03 0.00000000e+00 1.00000000e+00 0.00000000e+00 -7.16485767e-03 -1.70299255e-01 0.00000000e+00 9.85392391e-01 -1.36478327e-02
1.3899978399e+01 9.84841443e-01 0.00000000e+00 1.73457004e-01 -3.40083998e-03 0.00000000e+00 1.00000000e+00 0.00000000e+00 -4.56485603e-03 -1.73457004e-01 0.00000000e+00 9.84841443e-01 -1.39028511e-02
1.4000167370e+01 9.84552808e-01 0.00000000e+00 1.75087886e-01 -2.32674977e-03 0.00000000e+00 1.00000000e+00 0.00000000e+00 -6.56485709e-03 -1.75087886e-01 0.00000000e+00 9.84552808e-01 -1.08385257e-02
1.4099995136e+01 9.85147809e-01 0.00000000e+00 1.71708457e-01 -2.11311669e-03 0.00000000e+00 1.00000000e+00 0.00000000e+00 -1.23648570e-02 -1.71708457e-01 0.00000000e+00 9.85147809e-01 -1.24541749e-02
1.4200002670e+01 9.84868410e-01 0.00000000e+00 1.73303820e-01 -3.19251231e-03 0.00000000e+00 1.00000000e+00 0.00000000e+00 -9.66485767e-03 -1.73303820e-01 0.00000000e+00 9.84868410e-01 -1.10655899e-02
1.4300006151e+01 9.84819324e-01 0.00000000e+00 1.73582545e-01 -3.03538528e-03 0.00000000e+00 1.00000000e+00 0.00000000e+00 -6.26485884e-03 -1.73582545e-01 0.00000000e+00 9.84819324e-01 -1.18270689e-02
1.4399995804e+01 9.84236890e-01 0.00000000e+00 1.76855150e-01 -1.59681580e-03 0.00000000e+00 1.00000000e+00 0.00000000e+00 -1.46485682e-03 -1.76855150e-01 0.00000000e+00 9.84236890e-01 -1.03222835e-02
1.4499991655e+01 9.83327779e-01 0.00000000e+00 1.81841905e-01 -1.23535214e-03 0.00000000e+00 1.00000000e+00 0.00000000e+00 -4.16485678e-03 -1.81841905e-01 0.00000000e+00 9.83327779e-01 -7.71257187e-03
1.4600032330e+01 9.83348885e-01 0.00000000e+00 1.81727734e-01 -3.84841506e-04 0.00000000e+00 1.00000000e+00 0.00000000e+00 -2.86485791e-03 -1.81727734e-01 0.00000000e+00 9.83348885e-01 -1.00634939e-02
1.4699990034e+01 9.84068360e-01 0.00000000e+00 1.77790504e-01 -6.46519051e-03 0.00000000e+00 1.00000000e+00 0.00000000e+00 -1.89648578e-02 -1.77790504e-01 0.00000000e+00 9.84068360e-01 -4.33621080e-03
1.4799971581e+01 9.86651603e-01 0.00000000e+00 1.62845372e-01 1.15250494e-04 0.00000000e+00 1.00000000e+00 0.00000000e+00 -1.90648573e-02 -1.62845372e-01 0.00000000e+00 9.86651603e-01 -1.61378804e-02
1.4900090456e+01 9.82858094e-01 0.00000000e+00 1.84363679e-01 6.67367436e-03 0.00000000e+00 1.00000000e+00 0.00000000e+00 -2.64856599e-04 -1.84363679e-01 0.00000000e+00 9.82858094e-01 -1.03819280e-02
1.5000317574e+01 9.80269309e-01 0.00000000e+00 1.97666594e-01 6.94506192e-03 0.00000000e+00 1.00000000e+00 0.00000000e+00 2.13514324e-03 -1.97666594e-01 0.00000000e+00 9.80269309e-01 -1.33809858e-03
1.5100267887e+01 9.80265310e-01 0.00000000e+00 1.97686426e-01 6.94547997e-03 0.00000000e+00 1.00000000e+00 0.00000000e+00 2.13514324e-03 -1.97686426e-01 0.00000000e+00 9.80265310e-01 -1.31878271e-03
1.5200363159e+01 9.81130894e-01 0.00000000e+00 1.93344689e-01 7.06375229e-03 0.00000000e+00 1.00000000e+00 0.00000000e+00 -7.26485579e-03 -1.93344689e-01 0.00000000e+00 9.81130894e-01 -5.09635665e-03
1.5300394535e+01 9.82043273e-01 0.00000000e+00 1.88655796e-01 -5.87738143e-04 0.00000000e+00 1.00000000e+00 0.00000000e+00 -1.64648579e-02 -1.88655796e-01 0.00000000e+00 9.82043273e-01 -9.18917726e-03
1.5434192181e+01 9.81562006e-01 0.00000000e+00 1.91143997e-01 -3.03487883e-03 0.00000000e+00 1.00000000e+00 0.00000000e+00 -1.04648595e-02 -1.91143997e-01 0.00000000e+00 9.81562006e-01 -5.80614668e-03
1.5500046968e+01 9.84457356e-01 0.00000000e+00 1.75623787e-01 -2.68606402e-03 0.00000000e+00 1.00000000e+00 0.00000000e+00 -1.38648577e-02 -1.75623787e-01 0.00000000e+00 9.84457356e-01 -1.75552372e-02
1.5600049973e+01 9.83631040e-01 0.00000000e+00 1.80194275e-01 -1.05863151e-02 0.00000000e+00 1.00000000e+00 0.00000000e+00 -6.06485830e-03 -1.80194275e-01 0.00000000e+00 9.83631040e-01 -1.59156900e-02
1.5700088501e+01 9.84381403e-01 0.00000000e+00 1.76049008e-01 -1.34029481e-02 0.00000000e+00 1.00000000e+00 0.00000000e+00 4.13514127e-03 -1.76049008e-01 0.00000000e+00 9.84381403e-01 -2.29959680e-02
1.5799995661e+01 9.83855695e-01 0.00000000e+00 1.78963604e-01 -1.05760312e-02 0.00000000e+00 1.00000000e+00 0.00000000e+00 1.54351416e-02 -1.78963604e-01 0.00000000e+00 9.83855695e-01 -2.63395739e-02
1.5900145531e+01 9.85116854e-01 0.00000000e+00 1.71885964e-01 -1.26897993e-02 0.00000000e+00 1.00000000e+00 0.00000000e+00 2.21351425e-02 -1.71885964e-01 0.00000000e+00 9.85116854e-01 -3.38786993e-02
1.6000322819e+01 9.85204777e-01 0.00000000e+00 1.71381290e-01 -1.55947192e-02 0.00000000e+00 1.00000000e+00 0.00000000e+00 1.51351404e-02 -1.71381290e-01 0.00000000e+00 9.85204777e-01 -2.81502554e-02
1.6100178480e+01 9.83080375e-01 0.00000000e+00 1.83174713e-01 -1.48710664e-02 0.00000000e+00 1.00000000e+00 0.00000000e+00 1.71351412e-02 -1.83174713e-01 0.00000000e+00 9.83080375e-01 -1.64294484e-02
1.6200139046e+01 9.82947383e-01 0.00000000e+00 1.83887035e-01 -1.61960723e-02 0.00000000e+00 1.00000000e+00 0.00000000e+00 2.17351410e-02 -1.83887035e-01 0.00000000e+00 9.82947383e-01 -2.23339988e-02
1.6300137997e+01 9.84247115e-01 0.00000000e+00 1.76798239e-01 -1.25924847e-02 0.00000000e+00 1.00000000e+00 0.00000000e+00 2.45351420e-02 -1.76798239e-01 0.00000000e+00 9.84247115e-01 -2.86661832e-02
1.6400065660e+01 9.84692468e-01 0.00000000e+00 1.74300729e-01 -3.09824679e-03 0.00000000e+00 1.00000000e+00 0.00000000e+00 -8.86485778e-03 -1.74300729e-01 0.00000000e+00 9.84692468e-01 -9.91160102e-03
1.6500004530e+01 9.79192230e-01 0.00000000e+00 2.02934906e-01 -3.62321376e-03 0.00000000e+00 1.00000000e+00 0.00000000e+00 -1.43648583e-02 -2.02934906e-01 0.00000000e+00 9.79192230e-01 1.72473183e-02
1.6600124121e+01 9.82787777e-01 0.00000000e+00 1.84738156e-01 -7.28597893e-03 0.00000000e+00 1.00000000e+00 0.00000000e+00 -1.56648587e-02 -1.84738156e-01 0.00000000e+00 9.82787777e-01 1.07932131e-03
1.6700003386e+01 9.85108479e-01 0.00000000e+00 1.71933954e-01 -3.84756872e-03 0.00000000e+00 1.00000000e+00 0.00000000e+00 -1.86648586e-02 -1.71933954e-01 0.00000000e+00 9.85108479e-01 -8.97999001e-03
1.6800090551e+01 9.86721100e-01 0.00000000e+00 1.62423737e-01 -1.43595563e-03 0.00000000e+00 1.00000000e+00 0.00000000e+00 -1.59648580e-02 -1.62423737e-01 0.00000000e+00 9.86721100e-01 -1.84145260e-02
1.6900171757e+01 9.85879601e-01 0.00000000e+00 1.67455705e-01 -3.97756196e-03 0.00000000e+00 1.00000000e+00 0.00000000e+00 -1.98648574e-02 -1.67455705e-01 0.00000000e+00 9.85879601e-01 -1.45174359e-02
1.7000163317e+01 9.82585791e-01 0.00000000e+00 1.85809482e-01 -2.46954922e-03 0.00000000e+00 1.00000000e+00 0.00000000e+00 -1.77648578e-02 -1.85809482e-01 0.00000000e+00 9.82585791e-01 3.86115071e-03
1.7100048780e+01 9.82747720e-01 0.00000000e+00 1.84951127e-01 -2.60371388e-03 0.00000000e+00 1.00000000e+00 0.00000000e+00 -1.90648575e-02 -1.84951127e-01 0.00000000e+00 9.82747720e-01 4.48575432e-03
1.7200060129e+01 9.83566707e-01 0.00000000e+00 1.80545101e-01 -2.10538893e-03 0.00000000e+00 1.00000000e+00 0.00000000e+00 -2.06648566e-02 -1.80545101e-01 0.00000000e+00 9.83566707e-01 -6.58316133e-04
1.7300093412e+01 9.83628057e-01 0.00000000e+00 1.80210558e-01 -2.71474474e-03 0.00000000e+00 1.00000000e+00 0.00000000e+00 -1.90648575e-02 -1.80210558e-01 0.00000000e+00 9.83628057e-01 -6.76248340e-04
1.7400091410e+01 9.81368737e-01 0.00000000e+00 1.92133813e-01 -2.59031268e-03 0.00000000e+00 1.00000000e+00 0.00000000e+00 -2.30648571e-02 -1.92133813e-01 0.00000000e+00 9.81368737e-01 1.28666665e-02
1.7500005960e+01 9.86267792e-01 0.00000000e+00 1.65153996e-01 -6.11281508e-03 0.00000000e+00 1.00000000e+00 0.00000000e+00 -1.62648575e-02 -1.65153996e-01 0.00000000e+00 9.86267792e-01 -1.54863924e-02
1.7599963665e+01 9.84933975e-01 0.00000000e+00 1.72930808e-01 -6.95343582e-03 0.00000000e+00 1.00000000e+00 0.00000000e+00 -1.44648576e-02 -1.72930808e-01 0.00000000e+00 9.84933975e-01 -9.72221390e-03
1.7699974537e+01 9.87969313e-01 0.00000000e+00 1.54650046e-01 -6.62627305e-03 0.00000000e+00 1.00000000e+00 0.00000000e+00 -1.00648582e-02 -1.54650046e-01 0.00000000e+00 9.87969313e-01 -2.85493113e-02
1.7800007820e+01 9.84219513e-01 0.00000000e+00 1.76951831e-01 -5.28075752e-03 0.00000000e+00 1.00000000e+00 0.00000000e+00 -9.66485823e-03 -1.76951831e-01 0.00000000e+00 9.84219513e-01 -6.20616537e-03
1.7900020838e+01 9.84823529e-01 0.00000000e+00 1.73558682e-01 -7.20762366e-03 0.00000000e+00 1.00000000e+00 0.00000000e+00 -1.39648572e-02 -1.73558682e-01 0.00000000e+00 9.84823529e-01 -6.73401895e-03
1.8000105381e+01 9.84826535e-01 0.00000000e+00 1.73541624e-01 -4.32299987e-03 0.00000000e+00 1.00000000e+00 0.00000000e+00 -1.56648574e-02 -1.73541624e-01 0.00000000e+00 9.84826535e-01 -8.52024953e-03
1.8100352049e+01 9.84826538e-01 0.00000000e+00 1.73541610e-01 -4.32299983e-03 0.00000000e+00 1.00000000e+00 0.00000000e+00 -1.56648574e-02 -1.73541610e-01 0.00000000e+00 9.84826538e-01 -8.52026287e-03
1.8199980974e+01 9.87737072e-01 0.00000000e+00 1.56126475e-01 -5.21166091e-03 0.00000000e+00 1.00000000e+00 0.00000000e+00 -1.43648591e-02 -1.56126475e-01 0.00000000e+00 9.87737072e-01 -2.26351908e-02
1.8300022602e+01 9.85465288e-01 0.00000000e+00 1.69876915e-01 -3.65311229e-03 0.00000000e+00 1.00000000e+00 0.00000000e+00 -1.06648574e-02 -1.69876915e-01 0.00000000e+00 9.85465288e-01 -1.20340685e-02
1.8400007486e+01 9.85676986e-01 0.00000000e+00 1.68644238e-01 -4.11491535e-03 0.00000000e+00 1.00000000e+00 0.00000000e+00 -2.12648572e-02 -1.68644238e-01 0.00000000e+00 9.85676986e-01 -9.44318600e-03
1.8500037193e+01 9.85505986e-01 0.00000000e+00 1.69640652e-01 -4.01162461e-03 0.00000000e+00 1.00000000e+00 0.00000000e+00 -1.12648570e-02 -1.69640652e-01 0.00000000e+00 9.85505986e-01 -1.12575628e-02
1.8600020409e+01 9.84988760e-01 0.00000000e+00 1.72618492e-01 -4.27251935e-03 0.00000000e+00 1.00000000e+00 0.00000000e+00 -1.97648586e-02 -1.72618492e-01 0.00000000e+00 9.84988760e-01 -8.01805897e-03
1.8699976206e+01 9.85646397e-01 0.00000000e+00 1.68822926e-01 -4.20263828e-03 0.00000000e+00 1.00000000e+00 0.00000000e+00 -1.24648584e-02 -1.68822926e-01 0.00000000e+00 9.85646397e-01 -1.09644349e-02
1.8799964666e+01 9.84403586e-01 0.00000000e+00 1.75924929e-01 -5.38706291e-03 0.00000000e+00 1.00000000e+00 0.00000000e+00 -1.40648570e-02 -1.75924929e-01 0.00000000e+00 9.84403586e-01 -4.57744628e-03
1.8899981499e+01 9.83135845e-01 0.00000000e+00 1.82876764e-01 -4.03495023e-03 0.00000000e+00 1.00000000e+00 0.00000000e+00 -1.20648581e-02 -1.82876764e-01 0.00000000e+00 9.83135845e-01 -6.49163877e-04
1.9000033855e+01 9.84325585e-01 0.00000000e+00 1.76360830e-01 -4.16953800e-04 0.00000000e+00 1.00000000e+00 0.00000000e+00 -1.03648564e-02 -1.76360830e-01 0.00000000e+00 9.84325585e-01 -9.56454627e-03
1.9100116253e+01 9.84327000e-01 0.00000000e+00 1.76352932e-01 -4.16953313e-04 0.00000000e+00 1.00000000e+00 0.00000000e+00 -1.03648564e-02 -1.76352932e-01 0.00000000e+00 9.84327000e-01 -9.57220918e-03
1.9200007200e+01 9.86493125e-01 0.00000000e+00 1.63802671e-01 -2.25451521e-03 0.00000000e+00 1.00000000e+00 0.00000000e+00 -9.26485677e-03 -1.63802671e-01 0.00000000e+00 9.86493125e-01 -1.73171321e-02
1.9300027847e+01 9.86057082e-01 0.00000000e+00 1.66407422e-01 -3.62068294e-03 0.00000000e+00 1.00000000e+00 0.00000000e+00 -1.38648582e-02 -1.66407422e-01 0.00000000e+00 9.86057082e-01 -1.51362985e-02
1.9400001049e+01 9.85230170e-01 0.00000000e+00 1.71235254e-01 -3.95263322e-03 0.00000000e+00 1.00000000e+00 0.00000000e+00 -9.36485822e-03 -1.71235254e-01 0.00000000e+00 9.85230170e-01 -1.26462149e-02
1.9500016212e+01 9.85786484e-01 0.00000000e+00 1.68003002e-01 -3.32624239e-03 0.00000000e+00 1.00000000e+00 0.00000000e+00 -6.46485855e-03 -1.68003002e-01 0.00000000e+00 9.85786484e-01 -1.50069810e-02
1.9600042820e+01 9.85325861e-01 0.00000000e+00 1.70683764e-01 -2.32941619e-03 0.00000000e+00 1.00000000e+00 0.00000000e+00 -1.11648580e-02 -1.70683764e-01 0.00000000e+00 9.85325861e-01 -1.34341705e-02
1.9699959993e+01 9.85698464e-01 0.00000000e+00 1.68518658e-01 -4.52818890e-03 0.00000000e+00 1.00000000e+00 0.00000000e+00 -1.02648572e-02 -1.68518658e-01 0.00000000e+00 9.85698464e-01 -1.61594257e-02
1.9800026655e+01 9.85618755e-01 0.00000000e+00 1.68984228e-01 -3.83590971e-03 0.00000000e+00 1.00000000e+00 0.00000000e+00 -1.28648570e-02 -1.68984228e-01 0.00000000e+00 9.85618755e-01 -1.36135348e-02
1.9900023460e+01 9.85479291e-01 0.00000000e+00 1.69795661e-01 -3.10935409e-03 0.00000000e+00 1.00000000e+00 0.00000000e+00 -1.28648566e-02 -1.69795661e-01 0.00000000e+00 9.85479291e-01 -1.30677884e-02
2.0000014544e+01 9.85461346e-01 0.00000000e+00 1.69899782e-01 -2.48261191e-03 0.00000000e+00 1.00000000e+00 0.00000000e+00 -1.35648573e-02 -1.69899782e-01 0.00000000e+00 9.85461346e-01 -1.14689630e-02
2.0100068808e+01 9.85461323e-01 0.00000000e+00 1.69899916e-01 -2.48261276e-03 0.00000000e+00 1.00000000e+00 0.00000000e+00 -1.35648573e-02 -1.69899916e-01 0.00000000e+00 9.85461323e-01 -1.14688335e-02
2.0200045347e+01 9.86145395e-01 0.00000000e+00 1.65883274e-01 -1.63783316e-03 0.00000000e+00 1.00000000e+00 0.00000000e+00 -1.31648591e-02 -1.65883274e-01 0.00000000e+00 9.86145395e-01 -1.55828693e-02
2.0300032377e+01 9.86794682e-01 0.00000000e+00 1.61976093e-01 -3.09699814e-03 0.00000000e+00 1.00000000e+00 0.00000000e+00 -6.26485772e-03 -1.61976093e-01 0.00000000e+00 9.86794682e-01 -2.01757238e-02
2.0400021315e+01 9.86356367e-01 0.00000000e+00 1.64624169e-01 -3.03563670e-03 0.00000000e+00 1.00000000e+00 0.00000000e+00 -8.16485768e-03 -1.64624169e-01 0.00000000e+00 9.86356367e-01 -2.05286168e-02
2.0500378609e+01 9.85614514e-01 0.00000000e+00 1.69008966e-01 -3.53935748e-03 0.00000000e+00 1.00000000e+00 0.00000000e+00 -8.36485856e-03 -1.69008966e-01 0.00000000e+00 9.85614514e-01 -1.55462027e-02
2.0599990606e+01 9.84759783e-01 0.00000000e+00 1.73920007e-01 -4.58861498e-03 0.00000000e+00 1.00000000e+00 0.00000000e+00 -1.06648573e-02 -1.73920007e-01 0.00000000e+00 9.84759783e-01 -1.06782694e-02
2.0699995518e+01 9.83271168e-01 0.00000000e+00 1.82147768e-01 -5.06980862e-03 0.00000000e+00 1.00000000e+00 0.00000000e+00 -8.86485935e-03 -1.82147768e-01 0.00000000e+00 9.83271168e-01 -1.54082312e-03
2.0799990416e+01 9.84917292e-01 0.00000000e+00 1.73025801e-01 -3.64526427e-03 0.00000000e+00 1.00000000e+00 0.00000000e+00 -7.16485748e-03 -1.73025801e-01 0.00000000e+00 9.84917292e-01 -1.13127874e-02
2.0899962425e+01 9.83999000e-01 0.00000000e+00 1.78173980e-01 -5.03072671e-03 0.00000000e+00 1.00000000e+00 0.00000000e+00 -1.06648579e-02 -1.78173980e-01 0.00000000e+00 9.83999000e-01 -6.48903328e-03
2.1000009775e+01 9.84966737e-01 0.00000000e+00 1.72744110e-01 -7.24826683e-03 0.00000000e+00 1.00000000e+00 0.00000000e+00 -6.66485935e-03 -1.72744110e-01 0.00000000e+00 9.84966737e-01 -9.99811281e-03
2.1100000381e+01 9.84969468e-01 0.00000000e+00 1.72728537e-01 -7.24821034e-03 0.00000000e+00 1.00000000e+00 0.00000000e+00 -6.66485935e-03 -1.72728537e-01 0.00000000e+00 9.84969468e-01 -1.00132121e-02
2.1200019836e+01 9.86025726e-01 0.00000000e+00 1.66593122e-01 -3.18573413e-03 0.00000000e+00 1.00000000e+00 0.00000000e+00 -9.36485862e-03 -1.66593122e-01 0.00000000e+00 9.86025726e-01 -1.66971591e-02
2.1300040007e+01 9.85327294e-01 0.00000000e+00 1.70675491e-01 -2.47844824e-03 0.00000000e+00 1.00000000e+00 0.00000000e+00 -1.46648567e-02 -1.70675491e-01 0.00000000e+00 9.85327294e-01 -1.50187391e-02
2.1399995804e+01 9.84866392e-01 0.00000000e+00 1.73315290e-01 -2.90243862e-03 0.00000000e+00 1.00000000e+00 0.00000000e+00 -1.63648569e-02 -1.73315290e-01 0.00000000e+00 9.84866392e-01 -7.97561055e-03
2.1500066757e+01 9.86436015e-01 0.00000000e+00 1.64146240e-01 -2.09931245e-03 0.00000000e+00 1.00000000e+00 0.00000000e+00 -1.52648576e-02 -1.64146240e-01 0.00000000e+00 9.86436015e-01 -1.16335970e-02
2.1609501123e+01 9.86569710e-01 0.00000000e+00 1.63340768e-01 -7.66937883e-04 0.00000000e+00 1.00000000e+00 0.00000000e+00 -1.84648565e-02 -1.63340768e-01 0.00000000e+00 9.86569710e-01 -1.08602995e-02
2.1700047493e+01 9.86962392e-01 0.00000000e+00 1.60951039e-01 -2.21529791e-03 0.00000000e+00 1.00000000e+00 0.00000000e+00 -1.83648578e-02 -1.60951039e-01 0.00000000e+00 9.86962392e-01 -1.49584974e-02
2.1800007105e+01 9.87090300e-01 0.00000000e+00 1.60164725e-01 -3.28752153e-03 0.00000000e+00 1.00000000e+00 0.00000000e+00 -2.57648582e-02 -1.60164725e-01 0.00000000e+00 9.87090300e-01 -1.60029181e-02
2.1900035143e+01 9.86672407e-01 0.00000000e+00 1.62719269e-01 -1.52528900e-03 0.00000000e+00 1.00000000e+00 0.00000000e+00 -1.97648575e-02 -1.62719269e-01 0.00000000e+00 9.86672407e-01 -1.55703110e-02
2.2000024319e+01 9.86164477e-01 0.00000000e+00 1.65769792e-01 -5.57523515e-03 0.00000000e+00 1.00000000e+00 0.00000000e+00 -1.76648577e-02 -1.65769792e-01 0.00000000e+00 9.86164477e-01 -1.17238063e-02
2.2100111961e+01 9.84155018e-01 0.00000000e+00 1.77310183e-01 -5.61372558e-03 0.00000000e+00 1.00000000e+00 0.00000000e+00 -1.40648582e-02 -1.77310183e-01 0.00000000e+00 9.84155018e-01 -3.96791243e-03
2.2200130939e+01 9.84400671e-01 0.00000000e+00 1.75941237e-01 -4.44188866e-03 0.00000000e+00 1.00000000e+00 0.00000000e+00 -1.85648581e-02 -1.75941237e-01 0.00000000e+00 9.84400671e-01 -1.00464827e-03
2.2299957752e+01 9.84761712e-01 0.00000000e+00 1.73909088e-01 -3.77256313e-03 0.00000000e+00 1.00000000e+00 0.00000000e+00 -1.76648586e-02 -1.73909088e-01 0.00000000e+00 9.84761712e-01 -7.38336925e-03
2.2400040388e+01 9.85363504e-01 0.00000000e+00 1.70466315e-01 9.07927992e-04 0.00000000e+00 1.00000000e+00 0.00000000e+00 -2.30648572e-02 -1.70466315e-01 0.00000000e+00 9.85363504e-01 -6.18718271e-03
2.2499997139e+01 9.85621737e-01 0.00000000e+00 1.68966836e-01 -1.22661284e-03 0.00000000e+00 1.00000000e+00 0.00000000e+00 -2.19648567e-02 -1.68966836e-01 0.00000000e+00 9.85621737e-01 -6.04895480e-03
2.2600024700e+01 9.84909361e-01 0.00000000e+00 1.73070938e-01 3.60187621e-04 0.00000000e+00 1.00000000e+00 0.00000000e+00 -2.17648563e-02 -1.73070938e-01 0.00000000e+00 9.84909361e-01 -2.62322976e-03
2.2700010777e+01 9.85075789e-01 0.00000000e+00 1.72121150e-01 7.69920596e-05 0.00000000e+00 1.00000000e+00 0.00000000e+00 -1.33648573e-02 -1.72121150e-01 0.00000000e+00 9.85075789e-01 -6.61021644e-03
2.2799982071e+01 9.84880337e-01 0.00000000e+00 1.73236028e-01 2.56682055e-04 0.00000000e+00 1.00000000e+00 0.00000000e+00 -1.51648574e-02 -1.73236028e-01 0.00000000e+00 9.84880337e-01 -7.60212283e-03
2.2899973869e+01 9.85115016e-01 0.00000000e+00 1.71896497e-01 -4.93721748e-04 0.00000000e+00 1.00000000e+00 0.00000000e+00 -1.43648570e-02 -1.71896497e-01 0.00000000e+00 9.85115016e-01 -7.33861025e-03
2.2999982595e+01 9.84120936e-01 0.00000000e+00 1.77499247e-01 1.42908240e-03 0.00000000e+00 1.00000000e+00 0.00000000e+00 -1.36648577e-02 -1.77499247e-01 0.00000000e+00 9.84120936e-01 -3.66057450e-03
2.3100002527e+01 9.84119796e-01 0.00000000e+00 1.77505572e-01 1.42908915e-03 0.00000000e+00 1.00000000e+00 0.00000000e+00 -1.36648577e-02 -1.77505572e-01 0.00000000e+00 9.84119796e-01 -3.65443671e-03
2.3200065374e+01 9.84049226e-01 0.00000000e+00 1.77896376e-01 7.35160159e-04 0.00000000e+00 1.00000000e+00 0.00000000e+00 -1.69648572e-02 -1.77896376e-01 0.00000000e+00 9.84049226e-01 -3.78462060e-03
2.3300012589e+01 9.84990295e-01 0.00000000e+00 1.72609730e-01 7.93648173e-04 0.00000000e+00 1.00000000e+00 0.00000000e+00 -1.47648575e-02 -1.72609730e-01 0.00000000e+00 9.84990295e-01 -8.00101360e-03
2.3412589312e+01 9.84082070e-01 0.00000000e+00 1.77714604e-01 3.31178058e-04 0.00000000e+00 1.00000000e+00 0.00000000e+00 -1.50648576e-02 -1.77714604e-01 0.00000000e+00 9.84082070e-01 -3.15091853e-03
2.3499997854e+01 9.84361663e-01 0.00000000e+00 1.76159348e-01 -2.41684287e-03 0.00000000e+00 1.00000000e+00 0.00000000e+00 -7.16485800e-03 -1.76159348e-01 0.00000000e+00 9.84361663e-01 -7.84611665e-03
2.3600086212e+01 9.84834114e-01 0.00000000e+00 1.73498613e-01 -4.25255372e-03 0.00000000e+00 1.00000000e+00 0.00000000e+00 -8.46485822e-03 -1.73498613e-01 0.00000000e+00 9.84834114e-01 -1.10114367e-02
2.3699975491e+01 9.85152128e-01 0.00000000e+00 1.71683675e-01 -4.72369858e-03 0.00000000e+00 1.00000000e+00 0.00000000e+00 -1.18648583e-02 -1.71683675e-01 0.00000000e+00 9.85152128e-01 -9.65892445e-03
2.3799989700e+01 9.84357265e-01 0.00000000e+00 1.76183921e-01 -2.95225287e-03 0.00000000e+00 1.00000000e+00 0.00000000e+00 -8.26485726e-03 -1.76183921e-01 0.00000000e+00 9.84357265e-01 -7.06775826e-03
2.3899969339e+01 9.84945553e-01 0.00000000e+00 1.72864852e-01 -3.53376069e-03 0.00000000e+00 1.00000000e+00 0.00000000e+00 -4.56485711e-03 -1.72864852e-01 0.00000000e+00 9.84945553e-01 -1.07959312e-02
2.3999963522e+01 9.84778589e-01 0.00000000e+00 1.73813493e-01 -4.04653851e-03 0.00000000e+00 1.00000000e+00 0.00000000e+00 -1.26648579e-02 -1.73813493e-01 0.00000000e+00 9.84778589e-01 -1.03237462e-02
2.4100093126e+01 9.84609741e-01 0.00000000e+00 1.74767442e-01 -3.72191829e-03 0.00000000e+00 1.00000000e+00 0.00000000e+00 -1.06648576e-02 -1.74767442e-01 0.00000000e+00 9.84609741e-01 -1.01860911e-02
2.4200040102e+01 9.84693467e-01 0.00000000e+00 1.74295081e-01 -3.42776830e-03 0.00000000e+00 1.00000000e+00 0.00000000e+00 -1.26648584e-02 -1.74295081e-01 0.00000000e+00 9.84693467e-01 -8.84989436e-03
2.4299993038e+01 9.85534641e-01 0.00000000e+00 1.69474100e-01 -4.04274621e-03 0.00000000e+00 1.00000000e+00 0.00000000e+00 -1.33648588e-02 -1.69474100e-01 0.00000000e+00 9.85534641e-01 -9.91571190e-03
2.4400150537e+01 9.85535658e-01 0.00000000e+00 1.69468191e-01 -4.04270581e-03 0.00000000e+00 1.00000000e+00 0.00000000e+00 -1.33648588e-02 -1.69468191e-01 0.00000000e+00 9.85535658e-01 -9.92143789e-03
2.4499958277e+01 9.84438871e-01 0.00000000e+00 1.75727374e-01 -5.51844882e-03 0.00000000e+00 1.00000000e+00 0.00000000e+00 -6.56485897e-03 -1.75727374e-01 0.00000000e+00 9.84438871e-01 -9.17190813e-03
2.4599949837e+01 9.85192764e-01 0.00000000e+00 1.71450337e-01 -5.04825704e-03 0.00000000e+00 1.00000000e+00 0.00000000e+00 -7.16485860e-03 -1.71450337e-01 0.00000000e+00 9.85192764e-01 -1.38693611e-02
2.4699975014e+01 9.84609041e-01 0.00000000e+00 1.74771382e-01 -3.80308401e-03 0.00000000e+00 1.00000000e+00 0.00000000e+00 -6.86485774e-03 -1.74771382e-01 0.00000000e+00 9.84609041e-01 -1.09524279e-02
2.4799983025e+01 9.84248172e-01 0.00000000e+00 1.76792354e-01 -1.29618861e-03 0.00000000e+00 1.00000000e+00 0.00000000e+00 -7.96485686e-03 -1.76792354e-01 0.00000000e+00 9.84248172e-01 -9.33875883e-03
2.4900093555e+01 9.85156019e-01 0.00000000e+00 1.71661345e-01 -4.03963115e-03 0.00000000e+00 1.00000000e+00 0.00000000e+00 -8.96485690e-03 -1.71661345e-01 0.00000000e+00 9.85156019e-01 -1.30702046e-02
2.5000148058e+01 9.84900063e-01 0.00000000e+00 1.73123844e-01 -5.64815561e-03 0.00000000e+00 1.00000000e+00 0.00000000e+00 -9.26485926e-03 -1.73123844e-01 0.00000000e+00 9.84900063e-01 -8.01588810e-03
2.5100242138e+01 9.84490642e-01 0.00000000e+00 1.75437101e-01 -3.88896748e-03 0.00000000e+00 1.00000000e+00 0.00000000e+00 -1.12648585e-02 -1.75437101e-01 0.00000000e+00 9.84490642e-01 -7.24211868e-03
2.5200072289e+01 9.85283503e-01 0.00000000e+00 1.70928107e-01 -5.07802430e-03 0.00000000e+00 1.00000000e+00 0.00000000e+00 -1.23648577e-02 -1.70928107e-01 0.00000000e+00 9.85283503e-01 -1.09143791e-02
2.5300008059e+01 9.85168271e-01 0.00000000e+00 1.71591021e-01 -5.10137586e-03 0.00000000e+00 1.00000000e+00 0.00000000e+00 -5.06485694e-03 -1.71591021e-01 0.00000000e+00 9.85168271e-01 -9.71502682e-03
2.5400073051e+01 9.84952007e-01 0.00000000e+00 1.72828078e-01 -4.59264881e-03 0.00000000e+00 1.00000000e+00 0.00000000e+00 -6.86485724e-03 -1.72828078e-01 0.00000000e+00 9.84952007e-01 -9.75836469e-03
2.5500046492e+01 9.85518242e-01 0.00000000e+00 1.69569438e-01 -5.10660064e-03 0.00000000e+00 1.00000000e+00 0.00000000e+00 -9.06485647e-03 -1.69569438e-01 0.00000000e+00 9.85518242e-01 -1.24395705e-02
2.5600013733e+01 9.85345400e-01 0.00000000e+00 1.70570931e-01 -4.52170485e-03 0.00000000e+00 1.00000000e+00 0.00000000e+00 -1.04648585e-02 -1.70570931e-01 0.00000000e+00 9.85345400e-01 -9.98201125e-03
2.5700021982e+01 9.84988634e-01 0.00000000e+00 1.72619206e-01 -4.80658590e-03 0.00000000e+00 1.00000000e+00 0.00000000e+00 -9.26485830e-03 -1.72619206e-01 0.00000000e+00 9.84988634e-01 -1.03622753e-02
2.5799969673e+01 9.84706169e-01 0.00000000e+00 1.74223306e-01 -5.71914349e-03 0.00000000e+00 1.00000000e+00 0.00000000e+00 -1.12648584e-02 -1.74223306e-01 0.00000000e+00 9.84706169e-01 -8.80294199e-03
2.5900036812e+01 9.84923944e-01 0.00000000e+00 1.72987934e-01 -4.49823402e-03 0.00000000e+00 1.00000000e+00 0.00000000e+00 -6.26485834e-03 -1.72987934e-01 0.00000000e+00 9.84923944e-01 -1.04280002e-02
2.5999962568e+01 9.85161206e-01 0.00000000e+00 1.71631578e-01 -3.40976381e-03 0.00000000e+00 1.00000000e+00 0.00000000e+00 -1.32648586e-02 -1.71631578e-01 0.00000000e+00 9.85161206e-01 -9.38131394e-03
2.6100088835e+01 9.84604844e-01 0.00000000e+00 1.74795025e-01 -4.90932017e-03 0.00000000e+00 1.00000000e+00 0.00000000e+00 -1.04648586e-02 -1.74795025e-01 0.00000000e+00 9.84604844e-01 -3.06421648e-03
2.6200017929e+01 9.85072815e-01 0.00000000e+00 1.72138170e-01 -5.83818872e-03 0.00000000e+00 1.00000000e+00 0.00000000e+00 -8.76485723e-03 -1.72138170e-01 0.00000000e+00 9.85072815e-01 -2.34032875e-03
2.6300064564e+01 9.83931293e-01 0.00000000e+00 1.78547503e-01 -3.55490215e-03 0.00000000e+00 1.00000000e+00 0.00000000e+00 -1.27648580e-02 -1.78547503e-01 0.00000000e+00 9.83931293e-01 3.36076350e-03
2.6400079727e+01 9.84020060e-01 0.00000000e+00 1.78057633e-01 -4.74814716e-03 0.00000000e+00 1.00000000e+00 0.00000000e+00 -1.00648583e-02 -1.78057633e-01 0.00000000e+00 9.84020060e-01 1.20026043e-02
2.6499953508e+01 9.83830341e-01 0.00000000e+00 1.79102934e-01 -2.88355650e-03 0.00000000e+00 1.00000000e+00 0.00000000e+00 -1.42648574e-02 -1.79102934e-01 0.00000000e+00 9.83830341e-01 1.92337128e-02
2.6600098133e+01 9.83592918e-01 0.00000000e+00 1.80402247e-01 -4.47686467e-03 0.00000000e+00 1.00000000e+00 0.00000000e+00 -9.26485813e-03 -1.80402247e-01 0.00000000e+00 9.83592918e-01 3.21242742e-02
2.6699985504e+01 9.82678959e-01 0.00000000e+00 1.85316118e-01 -6.39527676e-03 0.00000000e+00 1.00000000e+00 0.00000000e+00 -7.86485775e-03 -1.85316118e-01 0.00000000e+00 9.82678959e-01 4.93746223e-02
2.6800019741e+01 9.81525025e-01 0.00000000e+00 1.91333806e-01 -2.63704500e-03 0.00000000e+00 1.00000000e+00 0.00000000e+00 -1.04648566e-02 -1.91333806e-01 0.00000000e+00 9.81525025e-01 6.62115465e-02
2.6900036573e+01 9.82685574e-01 0.00000000e+00 1.85281035e-01 -4.68283180e-03 0.00000000e+00 1.00000000e+00 0.00000000e+00 -1.07648572e-02 -1.85281035e-01 0.00000000e+00 9.82685574e-01 8.49969356e-02
2.7000015736e+01 9.83173401e-01 0.00000000e+00 1.82674750e-01 -3.57371749e-03 0.00000000e+00 1.00000000e+00 0.00000000e+00 -1.48648575e-02 -1.82674750e-01 0.00000000e+00 9.83173401e-01 1.08109691e-01
2.7100264072e+01 9.83730727e-01 0.00000000e+00 1.79649263e-01 -1.65273836e-03 0.00000000e+00 1.00000000e+00 0.00000000e+00 -1.94648563e-02 -1.79649263e-01 0.00000000e+00 9.83730727e-01 1.26542288e-01
2.7200087070e+01 9.83069161e-01 0.00000000e+00 1.83234888e-01 -3.78875744e-04 0.00000000e+00 1.00000000e+00 0.00000000e+00 -1.91648564e-02 -1.83234888e-01 0.00000000e+00 9.83069161e-01 1.48002476e-01
2.7308650255e+01 9.82157616e-01 0.00000000e+00 1.88059611e-01 -1.36229841e-03 0.00000000e+00 1.00000000e+00 0.00000000e+00 -6.36485401e-03 -1.88059611e-01 0.00000000e+00 9.82157616e-01 1.80976743e-01
2.7399987221e+01 9.81635978e-01 0.00000000e+00 1.90763744e-01 -8.83349348e-04 0.00000000e+00 1.00000000e+00 0.00000000e+00 -7.36485320e-03 -1.90763744e-01 0.00000000e+00 9.81635978e-01 2.08497854e-01
2.7500151396e+01 9.82352109e-01 0.00000000e+00 1.87040994e-01 -1.84679101e-03 0.00000000e+00 1.00000000e+00 0.00000000e+00 -9.56485348e-03 -1.87040994e-01 0.00000000e+00 9.82352109e-01 2.36958648e-01
2.7600104570e+01 9.82565516e-01 0.00000000e+00 1.85916665e-01 -2.16665103e-03 0.00000000e+00 1.00000000e+00 0.00000000e+00 -4.56485236e-03 -1.85916665e-01 0.00000000e+00 9.82565516e-01 2.65722805e-01
2.7700058937e+01 9.82607548e-01 0.00000000e+00 1.85694390e-01 1.21777153e-03 0.00000000e+00 1.00000000e+00 0.00000000e+00 -6.56484978e-03 -1.85694390e-01 0.00000000e+00 9.82607548e-01 2.98353579e-01
2.7800042391e+01 9.82175839e-01 0.00000000e+00 1.87964413e-01 4.28913545e-04 0.00000000e+00 1.00000000e+00 0.00000000e+00 -1.05648500e-02 -1.87964413e-01 0.00000000e+00 9.82175839e-01 3.26359145e-01
2.7900088787e+01 9.81730206e-01 0.00000000e+00 1.90278223e-01 1.20918448e-03 0.00000000e+00 1.00000000e+00 0.00000000e+00 -6.86484866e-03 -1.90278223e-01 0.00000000e+00 9.81730206e-01 3.51254529e-01
2.8000073671e+01 9.81175224e-01 0.00000000e+00 1.93119598e-01 2.85346464e-03 0.00000000e+00 1.00000000e+00 0.00000000e+00 -6.46484601e-03 -1.93119598e-01 0.00000000e+00 9.81175224e-01 3.84389292e-01
2.8100084543e+01 9.80671689e-01 0.00000000e+00 1.95660518e-01 6.97236450e-03 0.00000000e+00 1.00000000e+00 0.00000000e+00 -2.28648428e-02 -1.95660518e-01 0.00000000e+00 9.80671689e-01 4.29152567e-01
2.8200075150e+01 9.81449036e-01 0.00000000e+00 1.91723211e-01 7.82376236e-03 0.00000000e+00 1.00000000e+00 0.00000000e+00 -1.97648416e-02 -1.91723211e-01 0.00000000e+00 9.81449036e-01 4.56231380e-01
2.8300157547e+01 9.79334735e-01 0.00000000e+00 2.02246080e-01 1.13634395e-02 0.00000000e+00 1.00000000e+00 0.00000000e+00 -1.34648381e-02 -2.02246080e-01 0.00000000e+00 9.79334735e-01 4.99279810e-01
2.8400171041e+01 9.78519347e-01 0.00000000e+00 2.06155007e-01 1.45873813e-02 0.00000000e+00 1.00000000e+00 0.00000000e+00 3.33516620e-03 -2.06155007e-01 0.00000000e+00 9.78519347e-01 5.60483245e-01
2.8500182867e+01 9.79072393e-01 0.00000000e+00 2.03512284e-01 1.55707624e-02 0.00000000e+00 1.00000000e+00 0.00000000e+00 2.93517066e-03 -2.03512284e-01 0.00000000e+00 9.79072393e-01 5.93985422e-01
2.8599992275e+01 9.78159024e-01 0.00000000e+00 2.07857941e-01 1.62860475e-02 0.00000000e+00 1.00000000e+00 0.00000000e+00 4.35174823e-04 -2.07857941e-01 0.00000000e+00 9.78159024e-01 6.40615480e-01
2.8700079918e+01 9.78818410e-01 0.00000000e+00 2.04730358e-01 1.76480882e-02 0.00000000e+00 1.00000000e+00 0.00000000e+00 -2.66482065e-03 -2.04730358e-01 0.00000000e+00 9.78818410e-01 6.86406086e-01
2.8800072908e+01 9.79100835e-01 0.00000000e+00 2.03375404e-01 1.83292826e-02 0.00000000e+00 1.00000000e+00 0.00000000e+00 -6.06481531e-03 -2.03375404e-01 0.00000000e+00 9.79100835e-01 7.27167173e-01
2.8900027752e+01 9.78051637e-01 0.00000000e+00 2.08362656e-01 2.11172946e-02 0.00000000e+00 1.00000000e+00 0.00000000e+00 -7.66480970e-03 -2.08362656e-01 0.00000000e+00 9.78051637e-01 7.85859559e-01
2.9000048876e+01 9.77446398e-01 0.00000000e+00 2.11183661e-01 2.18590427e-02 0.00000000e+00 1.00000000e+00 0.00000000e+00 -1.59648057e-02 -2.11183661e-01 0.00000000e+00 9.77446398e-01 8.21473439e-01
2.9100043774e+01 9.78145891e-01 0.00000000e+00 2.07919736e-01 2.47411086e-02 0.00000000e+00 1.00000000e+00 0.00000000e+00 -1.86647978e-02 -2.07919736e-01 0.00000000e+00 9.78145891e-01 8.72765189e-01
2.9200041533e+01 9.76452119e-01 0.00000000e+00 2.15734235e-01 2.81716285e-02 0.00000000e+00 1.00000000e+00 0.00000000e+00 -1.82647895e-02 -2.15734235e-01 0.00000000e+00 9.76452119e-01 9.36473411e-01
2.9300074816e+01 9.75965345e-01 0.00000000e+00 2.17925779e-01 2.76581067e-02 0.00000000e+00 1.00000000e+00 0.00000000e+00 -2.00647815e-02 -2.17925779e-01 0.00000000e+00 9.75965345e-01 9.95333021e-01
2.9400057077e+01 9.74863837e-01 0.00000000e+00 2.22801481e-01 3.28024483e-02 0.00000000e+00 1.00000000e+00 0.00000000e+00 -1.75647729e-02 -2.22801481e-01 0.00000000e+00 9.74863837e-01 1.05388062e+00
2.9500331879e+01 9.72414646e-01 0.00000000e+00 2.33258988e-01 3.92426673e-02 0.00000000e+00 1.00000000e+00 0.00000000e+00 -3.26475850e-03 -2.33258988e-01 0.00000000e+00 9.72414646e-01 1.14167543e+00
2.9599975348e+01 9.73244760e-01 0.00000000e+00 2.29770834e-01 4.35734150e-02 0.00000000e+00 1.00000000e+00 0.00000000e+00 1.73525184e-03 -2.29770834e-01 0.00000000e+00 9.73244760e-01 1.19609350e+00
2.9700198889e+01 9.74508114e-01 0.00000000e+00 2.24352257e-01 4.54860687e-02 0.00000000e+00 1.00000000e+00 0.00000000e+00 -1.86473584e-03 -2.24352257e-01 0.00000000e+00 9.74508114e-01 1.25354858e+00
2.9800058603e+01 9.72323081e-01 0.00000000e+00 2.33640376e-01 5.18106961e-02 0.00000000e+00 1.00000000e+00 0.00000000e+00 -8.66472508e-03 -2.33640376e-01 0.00000000e+00 9.72323081e-01 1.32353706e+00
2.9900023937e+01 9.74036596e-01 0.00000000e+00 2.26390612e-01 5.90380631e-02 0.00000000e+00 1.00000000e+00 0.00000000e+00 -1.17647073e-02 -2.26390612e-01 0.00000000e+00 9.74036596e-01 1.38786206e+00
3.0000102758e+01 9.72346436e-01 0.00000000e+00 2.33543162e-01 6.59370321e-02 0.00000000e+00 1.00000000e+00 0.00000000e+00 3.35309818e-04 -2.33543162e-01 0.00000000e+00 9.72346436e-01 1.46595929e+00
3.0100065470e+01 9.72343431e-01 0.00000000e+00 2.33555674e-01 6.59377491e-02 0.00000000e+00 1.00000000e+00 0.00000000e+00 3.35309818e-04 -2.33555674e-01 0.00000000e+00 9.72343431e-01 1.46597156e+00
3.0200047731e+01 9.72231781e-01 0.00000000e+00 2.34020010e-01 7.23881792e-02 0.00000000e+00 1.00000000e+00 0.00000000e+00 3.13534163e-03 -2.34020010e-01 0.00000000e+00 9.72231781e-01 1.60502686e+00
3.0300068855e+01 9.71188823e-01 0.00000000e+00 2.38311288e-01 7.73452571e-02 0.00000000e+00 1.00000000e+00 0.00000000e+00 3.93535962e-03 -2.38311288e-01 0.00000000e+00 9.71188823e-01 1.68022612e+00
3.0400175571e+01 9.71179650e-01 0.00000000e+00 2.38348667e-01 8.48197149e-02 0.00000000e+00 1.00000000e+00 0.00000000e+00 4.33538159e-03 -2.38348667e-01 0.00000000e+00 9.71179650e-01 1.75354518e+00
3.0500434637e+01 9.69301575e-01 0.00000000e+00 2.45874881e-01 9.13373050e-02 0.00000000e+00 1.00000000e+00 0.00000000e+00 1.05354001e-02 -2.45874881e-01 0.00000000e+00 9.69301575e-01 1.82987051e+00
3.0600025892e+01 9.69152047e-01 0.00000000e+00 2.46463608e-01 9.47819651e-02 0.00000000e+00 1.00000000e+00 0.00000000e+00 1.12354239e-02 -2.46463608e-01 0.00000000e+00 9.69152047e-01 1.91151914e+00
3.0700140953e+01 9.68928852e-01 0.00000000e+00 2.47339605e-01 1.02583097e-01 0.00000000e+00 1.00000000e+00 0.00000000e+00 7.63544718e-03 -2.47339605e-01 0.00000000e+00 9.68928852e-01 1.98816917e+00
3.0800159931e+01 9.68427003e-01 0.00000000e+00 2.49297292e-01 1.10120325e-01 0.00000000e+00 1.00000000e+00 0.00000000e+00 6.13547255e-03 -2.49297292e-01 0.00000000e+00 9.68427003e-01 2.06699726e+00
3.0900013685e+01 9.67710355e-01 0.00000000e+00 2.52064812e-01 1.16728317e-01 0.00000000e+00 1.00000000e+00 0.00000000e+00 1.56354992e-02 -2.52064812e-01 0.00000000e+00 9.67710355e-01 2.15089325e+00
3.1000166178e+01 9.66002075e-01 0.00000000e+00 2.58534313e-01 1.24703277e-01 0.00000000e+00 1.00000000e+00 0.00000000e+00 2.02355282e-02 -2.58534313e-01 0.00000000e+00 9.66002075e-01 2.23761665e+00
3.1100085020e+01 9.65998967e-01 0.00000000e+00 2.58545926e-01 1.24704242e-01 0.00000000e+00 1.00000000e+00 0.00000000e+00 2.02355282e-02 -2.58545926e-01 0.00000000e+00 9.65998967e-01 2.23762809e+00
3.1200155497e+01 9.65956136e-01 0.00000000e+00 2.58705903e-01 1.36082873e-01 0.00000000e+00 1.00000000e+00 0.00000000e+00 7.53558727e-03 -2.58705903e-01 0.00000000e+00 9.65956136e-01 2.40327770e+00
3.1300186872e+01 9.64437289e-01 0.00000000e+00 2.64311777e-01 1.48704112e-01 0.00000000e+00 1.00000000e+00 0.00000000e+00 1.62356203e-02 -2.64311777e-01 0.00000000e+00 9.64437289e-01 2.49283639e+00
3.1415865660e+01 9.63536887e-01 0.00000000e+00 2.67575538e-01 1.57747146e-01 0.00000000e+00 1.00000000e+00 0.00000000e+00 1.97356560e-02 -2.67575538e-01 0.00000000e+00 9.63536887e-01 2.58275536e+00
3.1500020981e+01 9.61691997e-01 0.00000000e+00 2.74132274e-01 1.70011687e-01 0.00000000e+00 1.00000000e+00 0.00000000e+00 2.22356905e-02 -2.74132274e-01 0.00000000e+00 9.61691997e-01 2.67303367e+00
3.1600197554e+01 9.61778938e-01 0.00000000e+00 2.73827090e-01 1.78901968e-01 0.00000000e+00 1.00000000e+00 0.00000000e+00 1.58357316e-02 -2.73827090e-01 0.00000000e+00 9.61778938e-01 2.76688305e+00
3.1700173378e+01 9.58144426e-01 0.00000000e+00 2.86285277e-01 1.95837752e-01 0.00000000e+00 1.00000000e+00 0.00000000e+00 2.53357700e-02 -2.86285277e-01 0.00000000e+00 9.58144426e-01 2.86325769e+00
3.1800144434e+01 9.58445174e-01 0.00000000e+00 2.85276792e-01 2.04150139e-01 0.00000000e+00 1.00000000e+00 0.00000000e+00 2.96358115e-02 -2.85276792e-01 0.00000000e+00 9.58445174e-01 2.95500957e+00
3.1900016546e+01 9.58737881e-01 0.00000000e+00 2.84291532e-01 2.17301943e-01 0.00000000e+00 1.00000000e+00 0.00000000e+00 3.13358568e-02 -2.84291532e-01 0.00000000e+00 9.58737881e-01 3.04910522e+00
3.2000007868e+01 9.56706929e-01 0.00000000e+00 2.91053007e-01 2.28311610e-01 0.00000000e+00 1.00000000e+00 0.00000000e+00 3.02359007e-02 -2.91053007e-01 0.00000000e+00 9.56706929e-01 3.14505911e+00
3.2100126982e+01 9.56334807e-01 0.00000000e+00 2.92273394e-01 2.42528505e-01 0.00000000e+00 1.00000000e+00 0.00000000e+00 3.69359498e-02 -2.92273394e-01 0.00000000e+00 9.56334807e-01 3.23793368e+00
3.2200025797e+01 9.56265063e-01 0.00000000e+00 2.92501504e-01 2.54205567e-01 0.00000000e+00 1.00000000e+00 0.00000000e+00 4.41359986e-02 -2.92501504e-01 0.00000000e+00 9.56265063e-01 3.33526423e+00
3.2299983025e+01 9.53414008e-01 0.00000000e+00 3.01664930e-01 2.70550383e-01 0.00000000e+00 1.00000000e+00 0.00000000e+00 4.23360504e-02 -3.01664930e-01 0.00000000e+00 9.53414008e-01 3.43876046e+00
3.2400023460e+01 9.53725336e-01 0.00000000e+00 3.00679204e-01 2.87281997e-01 0.00000000e+00 1.00000000e+00 0.00000000e+00 4.52361059e-02 -3.00679204e-01 0.00000000e+00 9.53725336e-01 3.53709112e+00
3.2500005484e+01 9.54178600e-01 0.00000000e+00 2.99237696e-01 3.03166775e-01 0.00000000e+00 1.00000000e+00 0.00000000e+00 4.47361622e-02 -2.99237696e-01 0.00000000e+00 9.54178600e-01 3.63487523e+00
3.2600036144e+01 9.51146212e-01 0.00000000e+00 3.08740803e-01 3.17053172e-01 0.00000000e+00 1.00000000e+00 0.00000000e+00 5.39362204e-02 -3.08740803e-01 0.00000000e+00 9.51146212e-01 3.74294077e+00
3.2699995041e+01 9.50338158e-01 0.00000000e+00 3.11219192e-01 3.24357253e-01 0.00000000e+00 1.00000000e+00 0.00000000e+00 4.95362840e-02 -3.11219192e-01 0.00000000e+00 9.50338158e-01 3.85286823e+00
3.2800033569e+01 9.50817651e-01 0.00000000e+00 3.09751183e-01 3.40863450e-01 0.00000000e+00 1.00000000e+00 0.00000000e+00 5.53363529e-02 -3.09751183e-01 0.00000000e+00 9.50817651e-01 3.96191334e+00
3.2900090218e+01 9.53900846e-01 0.00000000e+00 3.00121935e-01 3.59613602e-01 0.00000000e+00 1.00000000e+00 0.00000000e+00 5.04364189e-02 -3.00121935e-01 0.00000000e+00 9.53900846e-01 4.05438504e+00
3.3000000238e+01 9.56254384e-01 0.00000000e+00 2.92536413e-01 3.70037914e-01 0.00000000e+00 1.00000000e+00 0.00000000e+00 5.85364879e-02 -2.92536413e-01 0.00000000e+00 9.56254384e-01 4.15271827e+00
3.3100032091e+01 9.58734491e-01 0.00000000e+00 2.84302966e-01 3.82977736e-01 0.00000000e+00 1.00000000e+00 0.00000000e+00 5.88365646e-02 -2.84302966e-01 0.00000000e+00 9.58734491e-01 4.25956162e+00
3.3200083017e+01 9.59285514e-01 0.00000000e+00 2.82438139e-01 3.93009477e-01 0.00000000e+00 1.00000000e+00 0.00000000e+00 6.36366334e-02 -2.82438139e-01 0.00000000e+00 9.59285514e-01 4.36021557e+00
3.3300102234e+01 9.62085956e-01 0.00000000e+00 2.72746427e-01 3.99324871e-01 0.00000000e+00 1.00000000e+00 0.00000000e+00 6.45367054e-02 -2.72746427e-01 0.00000000e+00 9.62085956e-01 4.45443857e+00
3.3400061369e+01 9.64796908e-01 0.00000000e+00 2.62996059e-01 4.12361903e-01 0.00000000e+00 1.00000000e+00 0.00000000e+00 6.53367839e-02 -2.62996059e-01 0.00000000e+00 9.64796908e-01 4.55356319e+00
3.3500129938e+01 9.65862602e-01 0.00000000e+00 2.59054886e-01 4.15634078e-01 0.00000000e+00 1.00000000e+00 0.00000000e+00 6.95368609e-02 -2.59054886e-01 0.00000000e+00 9.65862602e-01 4.65806298e+00
3.3599998474e+01 9.69418387e-01 0.00000000e+00 2.45413916e-01 4.21572453e-01 0.00000000e+00 1.00000000e+00 0.00000000e+00 6.65369439e-02 -2.45413916e-01 0.00000000e+00 9.69418387e-01 4.75514868e+00
3.3700008154e+01 9.69768573e-01 0.00000000e+00 2.44026462e-01 4.25520993e-01 0.00000000e+00 1.00000000e+00 0.00000000e+00 6.86370235e-02 -2.44026462e-01 0.00000000e+00 9.69768573e-01 4.85891384e+00
3.3800038815e+01 9.70451307e-01 0.00000000e+00 2.41297039e-01 4.37155986e-01 0.00000000e+00 1.00000000e+00 0.00000000e+00 7.55371057e-02 -2.41297039e-01 0.00000000e+00 9.70451307e-01 4.96206412e+00
3.3900167942e+01 9.71148076e-01 0.00000000e+00 2.38477282e-01 4.40290120e-01 0.00000000e+00 1.00000000e+00 0.00000000e+00 7.83371852e-02 -2.38477282e-01 0.00000000e+00 9.71148076e-01 5.06112782e+00
3.3999988079e+01 9.73133138e-01 0.00000000e+00 2.30243123e-01 4.49710327e-01 0.00000000e+00 1.00000000e+00 0.00000000e+00 7.56372678e-02 -2.30243123e-01 0.00000000e+00 9.73133138e-01 5.15490349e+00
3.4100113153e+01 9.72863804e-01 0.00000000e+00 2.31378520e-01 4.48836274e-01 0.00000000e+00 1.00000000e+00 0.00000000e+00 6.87373493e-02 -2.31378520e-01 0.00000000e+00 9.72863804e-01 5.25804144e+00
3.4200162649e+01 9.73045959e-01 0.00000000e+00 2.30611276e-01 4.54846230e-01 0.00000000e+00 1.00000000e+00 0.00000000e+00 7.02374410e-02 -2.30611276e-01 0.00000000e+00 9.73045959e-01 5.36630438e+00
3.4324869394e+01 9.75107392e-01 0.00000000e+00 2.21733116e-01 4.54982483e-01 0.00000000e+00 1.00000000e+00 0.00000000e+00 7.32375292e-02 -2.21733116e-01 0.00000000e+00 9.75107392e-01 5.46128582e+00
3.4400009155e+01 9.77196369e-01 0.00000000e+00 2.12337601e-01 4.55705683e-01 0.00000000e+00 1.00000000e+00 0.00000000e+00 7.31376176e-02 -2.12337601e-01 0.00000000e+00 9.77196369e-01 5.55459314e+00
3.4500000238e+01 9.76094851e-01 0.00000000e+00 2.17344984e-01 4.62597167e-01 0.00000000e+00 1.00000000e+00 0.00000000e+00 7.46377085e-02 -2.17344984e-01 0.00000000e+00 9.76094851e-01 5.66222104e+00
3.4600067616e+01 9.77443293e-01 0.00000000e+00 2.11198030e-01 4.61947329e-01 0.00000000e+00 1.00000000e+00 0.00000000e+00 7.58377999e-02 -2.11198030e-01 0.00000000e+00 9.77443293e-01 5.75911359e+00
3.4700064898e+01 9.78817112e-01 0.00000000e+00 2.04736566e-01 4.60926419e-01 0.00000000e+00 1.00000000e+00 0.00000000e+00 7.50378954e-02 -2.04736566e-01 0.00000000e+00 9.78817112e-01 5.85840322e+00
3.4800216913e+01 9.80163802e-01 0.00000000e+00 1.98189102e-01 4.65090258e-01 0.00000000e+00 1.00000000e+00 0.00000000e+00 6.92379944e-02 -1.98189102e-01 0.00000000e+00 9.80163802e-01 5.95779301e+00
3.4900092840e+01 9.81262228e-01 0.00000000e+00 1.92677033e-01 4.70605051e-01 0.00000000e+00 1.00000000e+00 0.00000000e+00 8.00380925e-02 -1.92677033e-01 0.00000000e+00 9.81262228e-01 6.05585597e+00
3.5000116348e+01 9.82248385e-01 0.00000000e+00 1.87584940e-01 4.72974774e-01 0.00000000e+00 1.00000000e+00 0.00000000e+00 8.45381926e-02 -1.87584940e-01 0.00000000e+00 9.82248385e-01 6.15560487e+00
3.5100058556e+01 9.82404609e-01 0.00000000e+00 1.86765048e-01 4.72309481e-01 0.00000000e+00 1.00000000e+00 0.00000000e+00 8.74382930e-02 -1.86765048e-01 0.00000000e+00 9.82404609e-01 6.25807782e+00
3.5200045586e+01 9.84494983e-01 0.00000000e+00 1.75412738e-01 4.73857003e-01 0.00000000e+00 1.00000000e+00 0.00000000e+00 8.87383952e-02 -1.75412738e-01 0.00000000e+00 9.84494983e-01 6.35146328e+00
3.5300036192e+01 9.85788935e-01 0.00000000e+00 1.67988615e-01 4.67960567e-01 0.00000000e+00 1.00000000e+00 0.00000000e+00 7.92385036e-02 -1.67988615e-01 0.00000000e+00 9.85788935e-01 6.45234149e+00
3.5400155783e+01 9.86077941e-01 0.00000000e+00 1.66283779e-01 4.70773932e-01 0.00000000e+00 1.00000000e+00 0.00000000e+00 8.01386106e-02 -1.66283779e-01 0.00000000e+00 9.86077941e-01 6.55486282e+00
3.5500382662e+01 9.86103774e-01 0.00000000e+00 1.66130510e-01 4.68672965e-01 0.00000000e+00 1.00000000e+00 0.00000000e+00 8.44387128e-02 -1.66130510e-01 0.00000000e+00 9.86103774e-01 6.65341436e+00
3.5611985207e+01 9.85724166e-01 0.00000000e+00 1.68368250e-01 4.68759228e-01 0.00000000e+00 1.00000000e+00 0.00000000e+00 9.00388228e-02 -1.68368250e-01 0.00000000e+00 9.85724166e-01 6.75889702e+00
3.5700024128e+01 9.84086537e-01 0.00000000e+00 1.77689863e-01 4.72464915e-01 0.00000000e+00 1.00000000e+00 0.00000000e+00 9.79389315e-02 -1.77689863e-01 0.00000000e+00 9.84086537e-01 6.87039999e+00
3.5800096035e+01 9.80097971e-01 0.00000000e+00 1.98514399e-01 4.79979869e-01 0.00000000e+00 1.00000000e+00 0.00000000e+00 1.09139027e-01 -1.98514399e-01 0.00000000e+00 9.80097971e-01 6.97802929e+00
3.5900173664e+01 9.76476418e-01 0.00000000e+00 2.15624222e-01 4.83952194e-01 0.00000000e+00 1.00000000e+00 0.00000000e+00 9.85391345e-02 -2.15624222e-01 0.00000000e+00 9.76476418e-01 7.09002254e+00
3.5999999762e+01 9.71924320e-01 0.00000000e+00 2.35293682e-01 4.90434397e-01 0.00000000e+00 1.00000000e+00 0.00000000e+00 9.52392356e-02 -2.35293682e-01 0.00000000e+00 9.71924320e-01 7.19932110e+00
3.6100099564e+01 9.68599155e-01 0.00000000e+00 2.48627588e-01 4.96027586e-01 0.00000000e+00 1.00000000e+00 0.00000000e+00 9.56393443e-02 -2.48627588e-01 0.00000000e+00 9.68599155e-01 7.30754648e+00
3.6200088978e+01 9.69075029e-01 0.00000000e+00 2.46766260e-01 5.01483534e-01 0.00000000e+00 1.00000000e+00 0.00000000e+00 1.02939459e-01 -2.46766260e-01 0.00000000e+00 9.69075029e-01 7.40646042e+00
3.6300022364e+01 9.67907024e-01 0.00000000e+00 2.51308561e-01 5.06414585e-01 0.00000000e+00 1.00000000e+00 0.00000000e+00 9.13395748e-02 -2.51308561e-01 0.00000000e+00 9.67907024e-01 7.50856563e+00
3.6400001049e+01 9.66386972e-01 0.00000000e+00 2.57091851e-01 5.21139193e-01 0.00000000e+00 1.00000000e+00 0.00000000e+00 9.92396942e-02 -2.57091851e-01 0.00000000e+00 9.66386972e-01 7.61374599e+00
3.6500103951e+01 9.65848965e-01 0.00000000e+00 2.59105724e-01 5.33076326e-01 0.00000000e+00 1.00000000e+00 0.00000000e+00 1.06539812e-01 -2.59105724e-01 0.00000000e+00 9.65848965e-01 7.71211005e+00
3.6600000381e+01 9.63244033e-01 0.00000000e+00 2.68627872e-01 5.43387662e-01 0.00000000e+00 1.00000000e+00 0.00000000e+00 1.15839936e-01 -2.68627872e-01 0.00000000e+00 9.63244033e-01 7.82276880e+00
3.6700142145e+01 9.62907665e-01 0.00000000e+00 2.69831110e-01 5.53211802e-01 0.00000000e+00 1.00000000e+00 0.00000000e+00 1.06240057e-01 -2.69831110e-01 0.00000000e+00 9.62907665e-01 7.92188374e+00
3.6800025940e+01 9.63934920e-01 0.00000000e+00 2.66138064e-01 5.63850545e-01 0.00000000e+00 1.00000000e+00 0.00000000e+00 1.17040184e-01 -2.66138064e-01 0.00000000e+00 9.63934920e-01 8.01876803e+00
3.6899971962e+01 9.67346157e-01 0.00000000e+00 2.53458897e-01 5.68532359e-01 0.00000000e+00 1.00000000e+00 0.00000000e+00 1.15240318e-01 -2.53458897e-01 0.00000000e+00 9.67346157e-01 8.11319837e+00
3.7000015974e+01 9.73516017e-01 0.00000000e+00 2.28618822e-01 5.68587607e-01 0.00000000e+00 1.00000000e+00 0.00000000e+00 1.03340459e-01 -2.28618822e-01 0.00000000e+00 9.73516017e-01 8.19879097e+00
3.7099962473e+01 9.78018019e-01 0.00000000e+00 2.08520394e-01 5.73540936e-01 0.00000000e+00 1.00000000e+00 0.00000000e+00 1.04640603e-01 -2.08520394e-01 0.00000000e+00 9.78018019e-01 8.29009793e+00
3.7199981451e+01 9.82470436e-01 0.00000000e+00 1.86418462e-01 5.75336102e-01 0.00000000e+00 1.00000000e+00 0.00000000e+00 1.09740749e-01 -1.86418462e-01 0.00000000e+00 9.82470436e-01 8.37951935e+00
3.7300005913e+01 9.86539724e-01 0.00000000e+00 1.63521780e-01 5.70261907e-01 0.00000000e+00 1.00000000e+00 0.00000000e+00 1.08440899e-01 -1.63521780e-01 0.00000000e+00 9.86539724e-01 8.47225096e+00
3.7400013447e+01 9.85287161e-01 0.00000000e+00 1.70907025e-01 5.71029772e-01 0.00000000e+00 1.00000000e+00 0.00000000e+00 1.12141026e-01 -1.70907025e-01 0.00000000e+00 9.85287161e-01 8.57409039e+00
3.7500071526e+01 9.86659230e-01 0.00000000e+00 1.62799153e-01 5.71814064e-01 0.00000000e+00 1.00000000e+00 0.00000000e+00 1.17041157e-01 -1.62799153e-01 0.00000000e+00 9.86659230e-01 8.66344920e+00
3.7600100040e+01 9.87034338e-01 0.00000000e+00 1.60509237e-01 5.67160773e-01 0.00000000e+00 1.00000000e+00 0.00000000e+00 1.15241300e-01 -1.60509237e-01 0.00000000e+00 9.87034338e-01 8.76586486e+00
3.7700180054e+01 9.87270696e-01 0.00000000e+00 1.59048962e-01 5.65634383e-01 0.00000000e+00 1.00000000e+00 0.00000000e+00 1.11441437e-01 -1.59048962e-01 0.00000000e+00 9.87270696e-01 8.86288068e+00
3.7800091028e+01 9.86317909e-01 0.00000000e+00 1.64854426e-01 5.68552926e-01 0.00000000e+00 1.00000000e+00 0.00000000e+00 1.18041568e-01 -1.64854426e-01 0.00000000e+00 9.86317909e-01 8.96088794e+00
3.7900090456e+01 9.83922955e-01 0.00000000e+00 1.78593447e-01 5.67816730e-01 0.00000000e+00 1.00000000e+00 0.00000000e+00 1.17841698e-01 -1.78593447e-01 0.00000000e+00 9.83922955e-01 9.06815905e+00
3.8000030279e+01 9.78171253e-01 0.00000000e+00 2.07800387e-01 5.78566717e-01 0.00000000e+00 1.00000000e+00 0.00000000e+00 1.20841827e-01 -2.07800387e-01 0.00000000e+00 9.78171253e-01 9.18436085e+00
3.8099966288e+01 9.78163927e-01 0.00000000e+00 2.07834867e-01 5.78567794e-01 0.00000000e+00 1.00000000e+00 0.00000000e+00 1.20841827e-01 -2.07834867e-01 0.00000000e+00 9.78163927e-01 9.18439449e+00
3.8200099707e+01 9.68418976e-01 0.00000000e+00 2.49328472e-01 5.90075873e-01 0.00000000e+00 1.00000000e+00 0.00000000e+00 1.36542088e-01 -2.49328472e-01 0.00000000e+00 9.68418976e-01 9.40357239e+00
3.8299968719e+01 9.63517029e-01 0.00000000e+00 2.67647035e-01 6.05760838e-01 0.00000000e+00 1.00000000e+00 0.00000000e+00 1.33642230e-01 -2.67647035e-01 0.00000000e+00 9.63517029e-01 9.51697895e+00
3.8400031090e+01 9.60243508e-01 0.00000000e+00 2.79163762e-01 6.15759873e-01 0.00000000e+00 1.00000000e+00 0.00000000e+00 1.21042385e-01 -2.79163762e-01 0.00000000e+00 9.60243508e-01 9.63000781e+00
3.8500141382e+01 9.49361174e-01 0.00000000e+00 3.14186825e-01 6.35660995e-01 0.00000000e+00 1.00000000e+00 0.00000000e+00 1.29442522e-01 -3.14186825e-01 0.00000000e+00 9.49361174e-01 9.75322351e+00
3.8600098133e+01 9.47825842e-01 0.00000000e+00 3.18788602e-01 6.52668874e-01 0.00000000e+00 1.00000000e+00 0.00000000e+00 1.20342672e-01 -3.18788602e-01 0.00000000e+00 9.47825842e-01 9.85501058e+00
3.8700144768e+01 9.41899047e-01 0.00000000e+00 3.35896094e-01 6.74321747e-01 0.00000000e+00 1.00000000e+00 0.00000000e+00 1.27242817e-01 -3.35896094e-01 0.00000000e+00 9.41899047e-01 9.96338979e+00
3.8800116539e+01 9.36428729e-01 0.00000000e+00 3.50857856e-01 6.98129182e-01 0.00000000e+00 1.00000000e+00 0.00000000e+00 1.37842966e-01 -3.50857856e-01 0.00000000e+00 9.36428729e-01 1.00707672e+01
3.8900099516e+01 9.32960877e-01 0.00000000e+00 3.59977780e-01 7.23302056e-01 0.00000000e+00 1.00000000e+00 0.00000000e+00 1.43043116e-01 -3.59977780e-01 0.00000000e+00 9.32960877e-01 1.01725747e+01
3.9000085354e+01 9.27870830e-01 0.00000000e+00 3.72901761e-01 7.47263830e-01 0.00000000e+00 1.00000000e+00 0.00000000e+00 1.47643279e-01 -3.72901761e-01 0.00000000e+00 9.27870830e-01 1.02849411e+01
3.9100081682e+01 9.22214653e-01 0.00000000e+00 3.86678333e-01 7.64987158e-01 0.00000000e+00 1.00000000e+00 0.00000000e+00 1.44543430e-01 -3.86678333e-01 0.00000000e+00 9.22214653e-01 1.03920736e+01
3.9200093746e+01 9.15420461e-01 0.00000000e+00 4.02498918e-01 7.86220654e-01 0.00000000e+00 1.00000000e+00 0.00000000e+00 1.38943584e-01 -4.02498918e-01 0.00000000e+00 9.15420461e-01 1.05005642e+01
3.9300008774e+01 9.06263051e-01 0.00000000e+00 4.22714184e-01 8.21198008e-01 0.00000000e+00 1.00000000e+00 0.00000000e+00 1.45743746e-01 -4.22714184e-01 0.00000000e+00 9.06263051e-01 1.06169192e+01
3.9413169146e+01 8.99105982e-01 0.00000000e+00 4.37731006e-01 8.52043787e-01 0.00000000e+00 1.00000000e+00 0.00000000e+00 1.47343896e-01 -4.37731006e-01 0.00000000e+00 8.99105982e-01 1.07188430e+01
3.9499993563e+01 8.86450425e-01 0.00000000e+00 4.62823556e-01 8.93939573e-01 0.00000000e+00 1.00000000e+00 0.00000000e+00 1.46944052e-01 -4.62823556e-01 0.00000000e+00 8.86450425e-01 1.08339911e+01
3.9599991322e+01 8.70854714e-01 0.00000000e+00 4.91540503e-01 9.33152536e-01 0.00000000e+00 1.00000000e+00 0.00000000e+00 1.54444200e-01 -4.91540503e-01 0.00000000e+00 8.70854714e-01 1.09464764e+01
3.9700014114e+01 8.47421826e-01 0.00000000e+00 5.30920191e-01 9.79540857e-01 0.00000000e+00 1.00000000e+00 0.00000000e+00 1.54744334e-01 -5.30920191e-01 0.00000000e+00 8.47421826e-01 1.10626815e+01
3.9800045729e+01 8.27646690e-01 0.00000000e+00 5.61249460e-01 1.02993609e+00 0.00000000e+00 1.00000000e+00 0.00000000e+00 1.49744459e-01 -5.61249460e-01 0.00000000e+00 8.27646690e-01 1.11626887e+01
3.9900085449e+01 7.92053791e-01 0.00000000e+00 6.10451302e-01 1.09442629e+00 0.00000000e+00 1.00000000e+00 0.00000000e+00 1.42244570e-01 -6.10451302e-01 0.00000000e+00 7.92053791e-01 1.12723451e+01
4.0000127077e+01 7.50782618e-01 0.00000000e+00 6.60549362e-01 1.16321195e+00 0.00000000e+00 1.00000000e+00 0.00000000e+00 1.50744675e-01 -6.60549362e-01 0.00000000e+00 7.50782618e-01 1.13812473e+01
4.0100008249e+01 7.50728243e-01 0.00000000e+00 6.60611160e-01 1.16325265e+00 0.00000000e+00 1.00000000e+00 0.00000000e+00 1.50744675e-01 -6.60611160e-01 0.00000000e+00 7.50728243e-01 1.13813145e+01
4.0200107098e+01 6.40411555e-01 0.00000000e+00 7.68031927e-01 1.33254164e+00 0.00000000e+00 1.00000000e+00 0.00000000e+00 1.51944861e-01 -7.68031927e-01 0.00000000e+00 6.40411555e-01 1.15949800e+01
4.0303224325e+01 5.92295561e-01 0.00000000e+00 8.05720776e-01 1.42470091e+00 0.00000000e+00 1.00000000e+00 0.00000000e+00 1.46044976e-01 -8.05720776e-01 0.00000000e+00 5.92295561e-01 1.16938433e+01
4.0400047779e+01 5.31756361e-01 0.00000000e+00 8.46897380e-01 1.52848808e+00 0.00000000e+00 1.00000000e+00 0.00000000e+00 1.47045064e-01 -8.46897380e-01 0.00000000e+00 5.31756361e-01 1.17839348e+01
4.0500020266e+01 4.62209902e-01 0.00000000e+00 8.86770549e-01 1.64595317e+00 0.00000000e+00 1.00000000e+00 0.00000000e+00 1.45245138e-01 -8.86770549e-01 0.00000000e+00 4.62209902e-01 1.18624693e+01
4.0600101471e+01 4.01460348e-01 0.00000000e+00 9.15876405e-01 1.75676160e+00 0.00000000e+00 1.00000000e+00 0.00000000e+00 1.33445203e-01 -9.15876405e-01 0.00000000e+00 4.01460348e-01 1.19257515e+01
4.0699983120e+01 3.57832501e-01 0.00000000e+00 9.33785790e-01 1.86128566e+00 0.00000000e+00 1.00000000e+00 0.00000000e+00 1.38845289e-01 -9.33785790e-01 0.00000000e+00 3.57832501e-01 1.19847284e+01
4.0799955130e+01 3.10864237e-01 0.00000000e+00 9.50454326e-01 1.97864839e+00 0.00000000e+00 1.00000000e+00 0.00000000e+00 1.40045365e-01 -9.50454326e-01 0.00000000e+00 3.10864237e-01 1.20360329e+01
4.0900307417e+01 2.70933705e-01 0.00000000e+00 9.62598009e-01 2.09077308e+00 0.00000000e+00 1.00000000e+00 0.00000000e+00 1.38045446e-01 -9.62598009e-01 0.00000000e+00 2.70933705e-01 1.20831194e+01
4.1000114918e+01 2.36887765e-01 0.00000000e+00 9.71537023e-01 2.19555190e+00 0.00000000e+00 1.00000000e+00 0.00000000e+00 1.35845526e-01 -9.71537023e-01 0.00000000e+00 2.36887765e-01 1.21251502e+01
4.1100032091e+01 2.36841537e-01 0.00000000e+00 9.71548293e-01 2.19559345e+00 0.00000000e+00 1.00000000e+00 0.00000000e+00 1.35845526e-01 -9.71548293e-01 0.00000000e+00 2.36841537e-01 1.21251685e+01
4.1200076103e+01 1.66523177e-01 0.00000000e+00 9.86037541e-01 2.42193100e+00 0.00000000e+00 1.00000000e+00 0.00000000e+00 1.40445684e-01 -9.86037541e-01 0.00000000e+00 1.66523177e-01 1.22018546e+01
4.1300104380e+01 1.23868909e-01 0.00000000e+00 9.92298591e-01 2.54302157e+00 0.00000000e+00 1.00000000e+00 0.00000000e+00 1.34545767e-01 -9.92298591e-01 0.00000000e+00 1.23868909e-01 1.22403345e+01
4.1400077343e+01 8.55768825e-02 0.00000000e+00 9.96331570e-01 2.66091490e+00 0.00000000e+00 1.00000000e+00 0.00000000e+00 1.28645832e-01 -9.96331570e-01 0.00000000e+00 8.55768825e-02 1.22665104e+01
4.1500111818e+01 5.01555827e-02 0.00000000e+00 9.98741417e-01 2.77577761e+00 0.00000000e+00 1.00000000e+00 0.00000000e+00 1.28745896e-01 -9.98741417e-01 0.00000000e+00 5.01555827e-02 1.22898723e+01
4.1600021839e+01 1.56671420e-02 0.00000000e+00 9.99877263e-01 2.89518795e+00 0.00000000e+00 1.00000000e+00 0.00000000e+00 1.41545958e-01 -9.99877263e-01 0.00000000e+00 1.56671420e-02 1.23078602e+01
4.1700093508e+01 -2.27332403e-02 0.00000000e+00 9.99741566e-01 3.01973229e+00 0.00000000e+00 1.00000000e+00 0.00000000e+00 1.32246012e-01 -9.99741566e-01 0.00000000e+00 -2.27332403e-02 1.23197535e+01
4.1800018787e+01 -5.66639337e-02 0.00000000e+00 9.98393309e-01 3.14173955e+00 0.00000000e+00 1.00000000e+00 0.00000000e+00 1.33146075e-01 -9.98393309e-01 0.00000000e+00 -5.66639337e-02 1.23331528e+01
4.1900020361e+01 -8.91300779e-02 0.00000000e+00 9.96019994e-01 3.26621159e+00 0.00000000e+00 1.00000000e+00 0.00000000e+00 1.37346134e-01 -9.96019994e-01 0.00000000e+00 -8.91300779e-02 1.23425080e+01
4.2000093222e+01 -1.14347026e-01 0.00000000e+00 9.93440868e-01 3.37974272e+00 0.00000000e+00 1.00000000e+00 0.00000000e+00 1.33646175e-01 -9.93440868e-01 0.00000000e+00 -1.14347026e-01 1.23411217e+01
4.2100055933e+01 -1.29730047e-01 0.00000000e+00 9.91549351e-01 3.48826992e+00 0.00000000e+00 1.00000000e+00 0.00000000e+00 1.35446233e-01 -9.91549351e-01 0.00000000e+00 -1.29730047e-01 1.23462058e+01
4.2200037003e+01 -1.22084557e-01 0.00000000e+00 9.92519703e-01 3.57851660e+00 0.00000000e+00 1.00000000e+00 0.00000000e+00 1.43546293e-01 -9.92519703e-01 0.00000000e+00 -1.22084557e-01 1.23471709e+01
4.2317220926e+01 -1.33014663e-01 0.00000000e+00 9.91114070e-01 3.68469988e+00 0.00000000e+00 1.00000000e+00 0.00000000e+00 1.45846359e-01 -9.91114070e-01 0.00000000e+00 -1.33014663e-01 1.23541728e+01
4.2399983883e+01 -1.34409315e-01 0.00000000e+00 9.90925898e-01 3.78683846e+00 0.00000000e+00 1.00000000e+00 0.00000000e+00 1.60546432e-01 -9.90925898e-01 0.00000000e+00 -1.34409315e-01 1.23610175e+01
4.2500028849e+01 -1.38276461e-01 0.00000000e+00 9.90393669e-01 3.88875946e+00 0.00000000e+00 1.00000000e+00 0.00000000e+00 1.57946498e-01 -9.90393669e-01 0.00000000e+00 -1.38276461e-01 1.23647870e+01
4.2600014210e+01 -1.39793123e-01 0.00000000e+00 9.90180732e-01 3.98947681e+00 0.00000000e+00 1.00000000e+00 0.00000000e+00 1.49946564e-01 -9.90180732e-01 0.00000000e+00 -1.39793123e-01 1.23658222e+01
4.2700129509e+01 -1.32895846e-01 0.00000000e+00 9.91130009e-01 4.07943670e+00 0.00000000e+00 1.00000000e+00 0.00000000e+00 1.48046630e-01 -9.91130009e-01 0.00000000e+00 -1.32895846e-01 1.23682983e+01
4.2800005913e+01 -1.41574132e-01 0.00000000e+00 9.89927657e-01 4.18234236e+00 0.00000000e+00 1.00000000e+00 0.00000000e+00 1.62646680e-01 -9.89927657e-01 0.00000000e+00 -1.41574132e-01 1.23619178e+01
4.2900141478e+01 -1.40865909e-01 0.00000000e+00 9.90028684e-01 4.28398790e+00 0.00000000e+00 1.00000000e+00 0.00000000e+00 1.70846761e-01 -9.90028684e-01 0.00000000e+00 -1.40865909e-01 1.23679885e+01
4.3000257969e+01 -1.41654103e-01 0.00000000e+00 9.89916216e-01 4.38385233e+00 0.00000000e+00 1.00000000e+00 0.00000000e+00 1.60446836e-01 -9.89916216e-01 0.00000000e+00 -1.41654103e-01 1.23709053e+01
4.3100008965e+01 -1.53171174e-01 0.00000000e+00 9.88199672e-01 4.49016038e+00 0.00000000e+00 1.00000000e+00 0.00000000e+00 1.59046907e-01 -9.88199672e-01 0.00000000e+00 -1.53171174e-01 1.23738973e+01
4.3200475693e+01 -1.78945583e-01 0.00000000e+00 9.83858973e-01 4.60515537e+00 0.00000000e+00 1.00000000e+00 0.00000000e+00 1.58346963e-01 -9.83858973e-01 0.00000000e+00 -1.78945583e-01 1.23698950e+01
4.3299957752e+01 -1.95571543e-01 0.00000000e+00 9.80689437e-01 4.71225983e+00 0.00000000e+00 1.00000000e+00 0.00000000e+00 1.70647025e-01 -9.80689437e-01 0.00000000e+00 -1.95571543e-01 1.23665656e+01
4.3400134802e+01 -1.97239375e-01 0.00000000e+00 9.80355359e-01 4.81205256e+00 0.00000000e+00 1.00000000e+00 0.00000000e+00 1.64447083e-01 -9.80355359e-01 0.00000000e+00 -1.97239375e-01 1.23575287e+01
4.3500039101e+01 -1.88691678e-01 0.00000000e+00 9.82036380e-01 4.91917237e+00 0.00000000e+00 1.00000000e+00 0.00000000e+00 1.40047169e-01 -9.82036380e-01 0.00000000e+00 -1.88691678e-01 1.23561461e+01
4.3600021124e+01 -1.95505790e-01 0.00000000e+00 9.80702547e-01 5.02666778e+00 0.00000000e+00 1.00000000e+00 0.00000000e+00 1.36247233e-01 -9.80702547e-01 0.00000000e+00 -1.95505790e-01 1.23482722e+01
4.3700060844e+01 -2.02818241e-01 0.00000000e+00 9.79216402e-01 5.13204272e+00 0.00000000e+00 1.00000000e+00 0.00000000e+00 1.40347306e-01 -9.79216402e-01 0.00000000e+00 -2.02818241e-01 1.23449611e+01
4.3800049067e+01 -1.98948515e-01 0.00000000e+00 9.80009943e-01 5.22677670e+00 0.00000000e+00 1.00000000e+00 0.00000000e+00 1.40147384e-01 -9.80009943e-01 0.00000000e+00 -1.98948515e-01 1.23427588e+01
4.3900071144e+01 -2.01816459e-01 0.00000000e+00 9.79423359e-01 5.32854619e+00 0.00000000e+00 1.00000000e+00 0.00000000e+00 1.42547460e-01 -9.79423359e-01 0.00000000e+00 -2.01816459e-01 1.23398762e+01
4.4000094891e+01 -2.08421352e-01 0.00000000e+00 9.78039130e-01 5.43243226e+00 0.00000000e+00 1.00000000e+00 0.00000000e+00 1.28447533e-01 -9.78039130e-01 0.00000000e+00 -2.08421352e-01 1.23337166e+01
4.4099998236e+01 -2.08428940e-01 0.00000000e+00 9.78037513e-01 5.43243967e+00 0.00000000e+00 1.00000000e+00 0.00000000e+00 1.28447533e-01 -9.78037513e-01 0.00000000e+00 -2.08428940e-01 1.23337164e+01
4.4200002909e+01 -2.04052490e-01 0.00000000e+00 9.78959949e-01 5.63504395e+00 0.00000000e+00 1.00000000e+00 0.00000000e+00 1.30347700e-01 -9.78959949e-01 0.00000000e+00 -2.04052490e-01 1.23274452e+01
4.4300073147e+01 -2.11620829e-01 0.00000000e+00 9.77351843e-01 5.74005300e+00 0.00000000e+00 1.00000000e+00 0.00000000e+00 1.33847779e-01 -9.77351843e-01 0.00000000e+00 -2.11620829e-01 1.23226563e+01
4.4400091171e+01 -2.16062711e-01 0.00000000e+00 9.76379488e-01 5.84439869e+00 0.00000000e+00 1.00000000e+00 0.00000000e+00 1.34447865e-01 -9.76379488e-01 0.00000000e+00 -2.16062711e-01 1.23196085e+01
4.4500132799e+01 -2.15436578e-01 0.00000000e+00 9.76517834e-01 5.94492543e+00 0.00000000e+00 1.00000000e+00 0.00000000e+00 1.33047950e-01 -9.76517834e-01 0.00000000e+00 -2.15436578e-01 1.23132122e+01
4.4600000381e+01 -2.14525102e-01 0.00000000e+00 9.76718476e-01 6.04506083e+00 0.00000000e+00 1.00000000e+00 0.00000000e+00 1.30648026e-01 -9.76718476e-01 0.00000000e+00 -2.14525102e-01 1.23029454e+01
4.4700047731e+01 -2.07604816e-01 0.00000000e+00 9.78212779e-01 6.14738559e+00 0.00000000e+00 1.00000000e+00 0.00000000e+00 1.33248119e-01 -9.78212779e-01 0.00000000e+00 -2.07604816e-01 1.22982664e+01
4.4800129652e+01 -2.06437919e-01 0.00000000e+00 9.78459701e-01 6.24505177e+00 0.00000000e+00 1.00000000e+00 0.00000000e+00 1.26248211e-01 -9.78459701e-01 0.00000000e+00 -2.06437919e-01 1.22956335e+01
4.4900055170e+01 -2.20098298e-01 0.00000000e+00 9.75477698e-01 6.36016616e+00 0.00000000e+00 1.00000000e+00 0.00000000e+00 1.32748316e-01 -9.75477698e-01 0.00000000e+00 -2.20098298e-01 1.22969110e+01
4.5000103474e+01 -2.13937040e-01 0.00000000e+00 9.76847451e-01 6.45502097e+00 0.00000000e+00 1.00000000e+00 0.00000000e+00 1.31448393e-01 -9.76847451e-01 0.00000000e+00 -2.13937040e-01 1.22833673e+01
4.5100007296e+01 -2.25384182e-01 0.00000000e+00 9.74269968e-01 6.56321554e+00 0.00000000e+00 1.00000000e+00 0.00000000e+00 1.28348488e-01 -9.74269968e-01 0.00000000e+00 -2.25384182e-01 1.22810305e+01
4.5199994564e+01 -2.24710477e-01 0.00000000e+00 9.74425575e-01 6.66316343e+00 0.00000000e+00 1.00000000e+00 0.00000000e+00 1.25248585e-01 -9.74425575e-01 0.00000000e+00 -2.24710477e-01 1.22766343e+01
4.5300038099e+01 -2.18391051e-01 0.00000000e+00 9.75861337e-01 6.75498421e+00 0.00000000e+00 1.00000000e+00 0.00000000e+00 1.27948675e-01 -9.75861337e-01 0.00000000e+00 -2.18391051e-01 1.22699430e+01
4.5400025845e+01 -2.34905400e-01 0.00000000e+00 9.72018237e-01 6.87509803e+00 0.00000000e+00 1.00000000e+00 0.00000000e+00 1.29048783e-01 -9.72018237e-01 0.00000000e+00 -2.34905400e-01 1.22665842e+01
4.5517313480e+01 -2.32688529e-01 0.00000000e+00 9.72551309e-01 6.97586723e+00 0.00000000e+00 1.00000000e+00 0.00000000e+00 1.25048878e-01 -9.72551309e-01 0.00000000e+00 -2.32688529e-01 1.22581577e+01
4.5600055695e+01 -2.32263067e-01 0.00000000e+00 9.72653005e-01 7.07563146e+00 0.00000000e+00 1.00000000e+00 0.00000000e+00 1.31548964e-01 -9.72653005e-01 0.00000000e+00 -2.32263067e-01 1.22441699e+01
4.5700102568e+01 -2.35709579e-01 0.00000000e+00 9.71823541e-01 7.17978549e+00 0.00000000e+00 1.00000000e+00 0.00000000e+00 1.31849058e-01 -9.71823541e-01 0.00000000e+00 -2.35709579e-01 1.22332974e+01
4.5800121069e+01 -2.36216874e-01 0.00000000e+00 9.71700359e-01 7.27392740e+00 0.00000000e+00 1.00000000e+00 0.00000000e+00 1.23649163e-01 -9.71700359e-01 0.00000000e+00 -2.36216874e-01 1.22323785e+01
4.5900029421e+01 -2.31918959e-01 0.00000000e+00 9.72735111e-01 7.36688632e+00 0.00000000e+00 1.00000000e+00 0.00000000e+00 1.24249263e-01 -9.72735111e-01 0.00000000e+00 -2.31918959e-01 1.22262975e+01
4.6000067234e+01 -2.44553451e-01 0.00000000e+00 9.69635813e-01 7.48076002e+00 0.00000000e+00 1.00000000e+00 0.00000000e+00 1.33149369e-01 -9.69635813e-01 0.00000000e+00 -2.44553451e-01 1.22187462e+01
4.6100091219e+01 -2.44567910e-01 0.00000000e+00 9.69632166e-01 7.48077423e+00 0.00000000e+00 1.00000000e+00 0.00000000e+00 1.33149369e-01 -9.69632166e-01 0.00000000e+00 -2.44567910e-01 1.22187452e+01
4.6200033188e+01 -2.52458639e-01 0.00000000e+00 9.67607687e-01 7.68589048e+00 0.00000000e+00 1.00000000e+00 0.00000000e+00 1.34049573e-01 -9.67607687e-01 0.00000000e+00 -2.52458639e-01 1.22008300e+01
4.6300015926e+01 -2.52277353e-01 0.00000000e+00 9.67654968e-01 7.78688982e+00 0.00000000e+00 1.00000000e+00 0.00000000e+00 1.26549677e-01 -9.67654968e-01 0.00000000e+00 -2.52277353e-01 1.21903542e+01
4.6400160313e+01 -2.45121711e-01 0.00000000e+00 9.69492314e-01 7.87849412e+00 0.00000000e+00 1.00000000e+00 0.00000000e+00 1.22449789e-01 -9.69492314e-01 0.00000000e+00 -2.45121711e-01 1.21860952e+01
4.6500034571e+01 -2.42331741e-01 0.00000000e+00 9.70193448e-01 7.97057993e+00 0.00000000e+00 1.00000000e+00 0.00000000e+00 1.17249870e-01 -9.70193448e-01 0.00000000e+00 -2.42331741e-01 1.21654344e+01
4.6599974632e+01 -2.45224466e-01 0.00000000e+00 9.69466328e-01 8.07418753e+00 0.00000000e+00 1.00000000e+00 0.00000000e+00 1.19349984e-01 -9.69466328e-01 0.00000000e+00 -2.45224466e-01 1.21580435e+01
4.6700010538e+01 -2.59996911e-01 0.00000000e+00 9.65609448e-01 8.18796053e+00 0.00000000e+00 1.00000000e+00 0.00000000e+00 1.19350082e-01 -9.65609448e-01 0.00000000e+00 -2.59996911e-01 1.21407016e+01
4.6799998045e+01 -2.51624854e-01 0.00000000e+00 9.67824846e-01 8.28239812e+00 0.00000000e+00 1.00000000e+00 0.00000000e+00 1.10950206e-01 -9.67824846e-01 0.00000000e+00 -2.51624854e-01 1.21367095e+01
4.6900028229e+01 -2.51835933e-01 0.00000000e+00 9.67769943e-01 8.38494889e+00 0.00000000e+00 1.00000000e+00 0.00000000e+00 1.07250313e-01 -9.67769943e-01 0.00000000e+00 -2.51835933e-01 1.21215204e+01
4.7000048399e+01 -2.59488917e-01 0.00000000e+00 9.65746086e-01 8.49002986e+00 0.00000000e+00 1.00000000e+00 0.00000000e+00 1.06350435e-01 -9.65746086e-01 0.00000000e+00 -2.59488917e-01 1.21172588e+01
4.7100079060e+01 -2.59500068e-01 0.00000000e+00 9.65743090e-01 8.49004085e+00 0.00000000e+00 1.00000000e+00 0.00000000e+00 1.06350435e-01 -9.65743090e-01 0.00000000e+00 -2.59500068e-01 1.21172579e+01
4.7200105906e+01 -2.51825316e-01 0.00000000e+00 9.67772706e-01 8.68474941e+00 0.00000000e+00 1.00000000e+00 0.00000000e+00 9.99506877e-02 -9.67772706e-01 0.00000000e+00 -2.51825316e-01 1.21065422e+01
4.7300015926e+01 -2.60654664e-01 0.00000000e+00 9.65432103e-01 8.79752651e+00 0.00000000e+00 1.00000000e+00 0.00000000e+00 9.15508016e-02 -9.65432103e-01 0.00000000e+00 -2.60654664e-01 1.20903440e+01
4.7452373743e+01 -2.59075497e-01 0.00000000e+00 9.65857074e-01 8.90160211e+00 0.00000000e+00 1.00000000e+00 0.00000000e+00 9.66509308e-02 -9.65857074e-01 0.00000000e+00 -2.59075497e-01 1.20796972e+01
4.7499952316e+01 -2.64853434e-01 0.00000000e+00 9.64288680e-01 9.00071276e+00 0.00000000e+00 1.00000000e+00 0.00000000e+00 9.80510326e-02 -9.64288680e-01 0.00000000e+00 -2.64853434e-01 1.20628478e+01
4.7600028038e+01 -2.64951865e-01 0.00000000e+00 9.64261639e-01 9.09744242e+00 0.00000000e+00 1.00000000e+00 0.00000000e+00 9.43511647e-02 -9.64261639e-01 0.00000000e+00 -2.64951865e-01 1.20602920e+01
4.7700077534e+01 -2.68039101e-01 0.00000000e+00 9.63408034e-01 9.20672233e+00 0.00000000e+00 1.00000000e+00 0.00000000e+00 9.18512992e-02 -9.63408034e-01 0.00000000e+00 -2.68039101e-01 1.20497257e+01
4.7800073862e+01 -2.71138673e-01 0.00000000e+00 9.62540295e-01 9.30877570e+00 0.00000000e+00 1.00000000e+00 0.00000000e+00 8.96514300e-02 -9.62540295e-01 0.00000000e+00 -2.71138673e-01 1.20425431e+01
4.7900028944e+01 -2.74361117e-01 0.00000000e+00 9.61626735e-01 9.40990871e+00 0.00000000e+00 1.00000000e+00 0.00000000e+00 9.42515577e-02 -9.61626735e-01 0.00000000e+00 -2.74361117e-01 1.20330827e+01
4.8000020981e+01 -2.74724007e-01 0.00000000e+00 9.61523125e-01 9.50677800e+00 0.00000000e+00 1.00000000e+00 0.00000000e+00 1.09151688e-01 -9.61523125e-01 0.00000000e+00 -2.74724007e-01 1.20253152e+01
4.8100216389e+01 -2.76567455e-01 0.00000000e+00 9.60994507e-01 9.61038042e+00 0.00000000e+00 1.00000000e+00 0.00000000e+00 1.07751813e-01 -9.60994507e-01 0.00000000e+00 -2.76567455e-01 1.20096266e+01
4.8200131416e+01 -2.78564309e-01 0.00000000e+00 9.60417579e-01 9.70935568e+00 0.00000000e+00 1.00000000e+00 0.00000000e+00 1.01351941e-01 -9.60417579e-01 0.00000000e+00 -2.78564309e-01 1.19995877e+01
4.8300076008e+01 -2.79107655e-01 0.00000000e+00 9.60259817e-01 9.81432326e+00 0.00000000e+00 1.00000000e+00 0.00000000e+00 9.92520745e-02 -9.60259817e-01 0.00000000e+00 -2.79107655e-01 1.19841838e+01
4.8400026083e+01 -2.80306656e-01 0.00000000e+00 9.59910505e-01 9.91117457e+00 0.00000000e+00 1.00000000e+00 0.00000000e+00 1.02652219e-01 -9.59910505e-01 0.00000000e+00 -2.80306656e-01 1.19828803e+01
4.8500141859e+01 -2.76106569e-01 0.00000000e+00 9.61127027e-01 1.00069802e+01 0.00000000e+00 1.00000000e+00 0.00000000e+00 1.05452356e-01 -9.61127027e-01 0.00000000e+00 -2.76106569e-01 1.19724337e+01
4.8600072145e+01 -2.74731482e-01 0.00000000e+00 9.61520989e-01 1.01108852e+01 0.00000000e+00 1.00000000e+00 0.00000000e+00 1.09652486e-01 -9.61520989e-01 0.00000000e+00 -2.74731482e-01 1.19511939e+01
4.8700074434e+01 -2.77442657e-01 0.00000000e+00 9.60742199e-01 1.02143200e+01 0.00000000e+00 1.00000000e+00 0.00000000e+00 1.14952622e-01 -9.60742199e-01 0.00000000e+00 -2.77442657e-01 1.19376440e+01
4.8800008774e+01 -2.84170856e-01 0.00000000e+00 9.58773657e-01 1.03170185e+01 0.00000000e+00 1.00000000e+00 0.00000000e+00 1.12052757e-01 -9.58773657e-01 0.00000000e+00 -2.84170856e-01 1.19258334e+01
4.8900068760e+01 -2.85818409e-01 0.00000000e+00 9.58283798e-01 1.04151822e+01 0.00000000e+00 1.00000000e+00 0.00000000e+00 1.14252896e-01 -9.58283798e-01 0.00000000e+00 -2.85818409e-01 1.19152327e+01
4.9000000477e+01 -2.86567064e-01 0.00000000e+00 9.58060185e-01 1.05159228e+01 0.00000000e+00 1.00000000e+00 0.00000000e+00 1.15653058e-01 -9.58060185e-01 0.00000000e+00 -2.86567064e-01 1.19143390e+01
4.9100033760e+01 -2.87214242e-01 0.00000000e+00 9.57866368e-01 1.06188729e+01 0.00000000e+00 1.00000000e+00 0.00000000e+00 9.85532067e-02 -9.57866368e-01 0.00000000e+00 -2.87214242e-01 1.19023872e+01
4.9200035572e+01 -2.81629927e-01 0.00000000e+00 9.59523102e-01 1.07182870e+01 0.00000000e+00 1.00000000e+00 0.00000000e+00 1.06353350e-01 -9.59523102e-01 0.00000000e+00 -2.81629927e-01 1.18848417e+01
4.9300071716e+01 -2.78659696e-01 0.00000000e+00 9.60389907e-01 1.08163572e+01 0.00000000e+00 1.00000000e+00 0.00000000e+00 1.04053494e-01 -9.60389907e-01 0.00000000e+00 -2.78659696e-01 1.18710079e+01
4.9400067091e+01 -2.82643267e-01 0.00000000e+00 9.59225095e-01 1.09156738e+01 0.00000000e+00 1.00000000e+00 0.00000000e+00 1.16853645e-01 -9.59225095e-01 0.00000000e+00 -2.82643267e-01 1.18633840e+01
4.9500040293e+01 -2.78953723e-01 0.00000000e+00 9.60304546e-01 1.10107931e+01 0.00000000e+00 1.00000000e+00 0.00000000e+00 1.16753786e-01 -9.60304546e-01 0.00000000e+00 -2.78953723e-01 1.18471065e+01
4.9600021839e+01 -2.86878529e-01 0.00000000e+00 9.57966967e-01 1.11181307e+01 0.00000000e+00 1.00000000e+00 0.00000000e+00 1.18353944e-01 -9.57966967e-01 0.00000000e+00 -2.86878529e-01 1.18373390e+01
4.9700061560e+01 -2.87730746e-01 0.00000000e+00 9.57711344e-01 1.12232960e+01 0.00000000e+00 1.00000000e+00 0.00000000e+00 9.68540786e-02 -9.57711344e-01 0.00000000e+00 -2.87730746e-01 1.18098729e+01
4.9800014496e+01 -2.93037846e-01 0.00000000e+00 9.56100842e-01 1.13304859e+01 0.00000000e+00 1.00000000e+00 0.00000000e+00 9.14542437e-02 -9.56100842e-01 0.00000000e+00 -2.93037846e-01 1.18005065e+01
4.9899944067e+01 -2.99472689e-01 0.00000000e+00 9.54104873e-01 1.14328728e+01 0.00000000e+00 1.00000000e+00 0.00000000e+00 8.61543961e-02 -9.54104873e-01 0.00000000e+00 -2.99472689e-01 1.17888904e+01
4.9999980927e+01 -3.08759889e-01 0.00000000e+00 9.51140016e-01 1.15413720e+01 0.00000000e+00 1.00000000e+00 0.00000000e+00 8.23545478e-02 -9.51140016e-01 0.00000000e+00 -3.08759889e-01 1.17722839e+01
5.0099963427e+01 -3.06889508e-01 0.00000000e+00 9.51745150e-01 1.16427160e+01 0.00000000e+00 1.00000000e+00 0.00000000e+00 8.97547066e-02 -9.51745150e-01 0.00000000e+00 -3.06889508e-01 1.17554451e+01
5.0200042963e+01 -3.05126161e-01 0.00000000e+00 9.52311937e-01 1.17365941e+01 0.00000000e+00 1.00000000e+00 0.00000000e+00 9.43548522e-02 -9.52311937e-01 0.00000000e+00 -3.05126161e-01 1.17392220e+01
5.0318541288e+01 -3.05573169e-01 0.00000000e+00 9.52168598e-01 1.18381403e+01 0.00000000e+00 1.00000000e+00 0.00000000e+00 8.82550080e-02 -9.52168598e-01 0.00000000e+00 -3.05573169e-01 1.17207049e+01
5.0400238514e+01 -3.10566041e-01 0.00000000e+00 9.50551805e-01 1.19416554e+01 0.00000000e+00 1.00000000e+00 0.00000000e+00 8.63551741e-02 -9.50551805e-01 0.00000000e+00 -3.10566041e-01 1.17107741e+01
5.0500155926e+01 -3.15286565e-01 0.00000000e+00 9.48996513e-01 1.20476423e+01 0.00000000e+00 1.00000000e+00 0.00000000e+00 9.96553299e-02 -9.48996513e-01 0.00000000e+00 -3.15286565e-01 1.16895032e+01
5.0600067139e+01 -3.21494313e-01 0.00000000e+00 9.46911510e-01 1.21512944e+01 0.00000000e+00 1.00000000e+00 0.00000000e+00 9.98555094e-02 -9.46911510e-01 0.00000000e+00 -3.21494313e-01 1.16859046e+01
5.0700168133e+01 -3.25585615e-01 0.00000000e+00 9.45512563e-01 1.22529635e+01 0.00000000e+00 1.00000000e+00 0.00000000e+00 1.02455668e-01 -9.45512563e-01 0.00000000e+00 -3.25585615e-01 1.16699782e+01
5.0800073385e+01 -3.21438694e-01 0.00000000e+00 9.46930391e-01 1.23483369e+01 0.00000000e+00 1.00000000e+00 0.00000000e+00 9.66558381e-02 -9.46930391e-01 0.00000000e+00 -3.21438694e-01 1.16574775e+01
5.0900085449e+01 -3.29020451e-01 0.00000000e+00 9.44322796e-01 1.24537774e+01 0.00000000e+00 1.00000000e+00 0.00000000e+00 9.33560008e-02 -9.44322796e-01 0.00000000e+00 -3.29020451e-01 1.16407334e+01
5.1000064611e+01 -3.31349505e-01 0.00000000e+00 9.43508084e-01 1.25561346e+01 0.00000000e+00 1.00000000e+00 0.00000000e+00 9.01561778e-02 -9.43508084e-01 0.00000000e+00 -3.31349505e-01 1.16287446e+01
5.1100113630e+01 -3.32238772e-01 0.00000000e+00 9.43195313e-01 1.26544005e+01 0.00000000e+00 1.00000000e+00 0.00000000e+00 9.41563314e-02 -9.43195313e-01 0.00000000e+00 -3.32238772e-01 1.16064450e+01
5.1200023890e+01 -3.34998711e-01 0.00000000e+00 9.42218586e-01 1.27517835e+01 0.00000000e+00 1.00000000e+00 0.00000000e+00 1.04056477e-01 -9.42218586e-01 0.00000000e+00 -3.34998711e-01 1.15812228e+01
5.1300081015e+01 -3.26069138e-01 0.00000000e+00 9.45345925e-01 1.28500924e+01 0.00000000e+00 1.00000000e+00 0.00000000e+00 9.91566775e-02 -9.45345925e-01 0.00000000e+00 -3.26069138e-01 1.15750158e+01
5.1399996281e+01 -3.25198017e-01 0.00000000e+00 9.45645943e-01 1.29532972e+01 0.00000000e+00 1.00000000e+00 0.00000000e+00 1.03356864e-01 -9.45645943e-01 0.00000000e+00 -3.25198017e-01 1.15605794e+01
5.1500136852e+01 -3.15697517e-01 0.00000000e+00 9.48859883e-01 1.30463027e+01 0.00000000e+00 1.00000000e+00 0.00000000e+00 1.04057036e-01 -9.48859883e-01 0.00000000e+00 -3.15697517e-01 1.15411028e+01
5.1609567404e+01 -3.07893880e-01 0.00000000e+00 9.51420705e-01 1.31386771e+01 0.00000000e+00 1.00000000e+00 0.00000000e+00 9.46572277e-02 -9.51420705e-01 0.00000000e+00 -3.07893880e-01 1.15342389e+01
5.1700081587e+01 -3.06757158e-01 0.00000000e+00 9.51787816e-01 1.32381913e+01 0.00000000e+00 1.00000000e+00 0.00000000e+00 9.47574164e-02 -9.51787816e-01 0.00000000e+00 -3.06757158e-01 1.15225430e+01
5.1799994946e+01 -2.95986627e-01 0.00000000e+00 9.55192084e-01 1.33299830e+01 0.00000000e+00 1.00000000e+00 0.00000000e+00 9.83576054e-02 -9.55192084e-01 0.00000000e+00 -2.95986627e-01 1.15099753e+01
5.1900187492e+01 -2.82969861e-01 0.00000000e+00 9.59128801e-01 1.34272098e+01 0.00000000e+00 1.00000000e+00 0.00000000e+00 9.85578143e-02 -9.59128801e-01 0.00000000e+00 -2.82969861e-01 1.14976716e+01
5.2000075579e+01 -2.70590848e-01 0.00000000e+00 9.62694444e-01 1.35229936e+01 0.00000000e+00 1.00000000e+00 0.00000000e+00 9.72580172e-02 -9.62694444e-01 0.00000000e+00 -2.70590848e-01 1.14842462e+01
5.2100084305e+01 -2.70573562e-01 0.00000000e+00 9.62699303e-01 1.35229765e+01 0.00000000e+00 1.00000000e+00 0.00000000e+00 9.72580172e-02 -9.62699303e-01 0.00000000e+00 -2.70573562e-01 1.14842479e+01
5.2200092793e+01 -2.69174028e-01 0.00000000e+00 9.63091555e-01 1.37316189e+01 0.00000000e+00 1.00000000e+00 0.00000000e+00 8.72584215e-02 -9.63091555e-01 0.00000000e+00 -2.69174028e-01 1.14569780e+01
5.2299955606e+01 -2.65033839e-01 0.00000000e+00 9.64239111e-01 1.38302593e+01 0.00000000e+00 1.00000000e+00 0.00000000e+00 8.13586230e-02 -9.64239111e-01 0.00000000e+00 -2.65033839e-01 1.14445613e+01
5.2400234699e+01 -2.65738342e-01 0.00000000e+00 9.64045193e-01 1.39328437e+01 0.00000000e+00 1.00000000e+00 0.00000000e+00 7.89588380e-02 -9.64045193e-01 0.00000000e+00 -2.65738342e-01 1.14415956e+01
5.2500044346e+01 -2.74878587e-01 0.00000000e+00 9.61478945e-01 1.40444618e+01 0.00000000e+00 1.00000000e+00 0.00000000e+00 8.03590437e-02 -9.61478945e-01 0.00000000e+00 -2.74878587e-01 1.14280715e+01
5.2600024223e+01 -2.74052195e-01 0.00000000e+00 9.61714820e-01 1.41480569e+01 0.00000000e+00 1.00000000e+00 0.00000000e+00 7.38592591e-02 -9.61714820e-01 0.00000000e+00 -2.74052195e-01 1.14192698e+01
5.2700017214e+01 -2.69780484e-01 0.00000000e+00 9.62921851e-01 1.42446870e+01 0.00000000e+00 1.00000000e+00 0.00000000e+00 7.75594648e-02 -9.62921851e-01 0.00000000e+00 -2.69780484e-01 1.14084896e+01
5.2800106764e+01 -2.61145390e-01 0.00000000e+00 9.65299479e-01 1.43397944e+01 0.00000000e+00 1.00000000e+00 0.00000000e+00 8.60596771e-02 -9.65299479e-01 0.00000000e+00 -2.61145390e-01 1.13966077e+01
5.2900044203e+01 -2.52244444e-01 0.00000000e+00 9.67663547e-01 1.44335095e+01 0.00000000e+00 1.00000000e+00 0.00000000e+00 8.31598995e-02 -9.67663547e-01 0.00000000e+00 -2.52244444e-01 1.13916077e+01
5.3000035048e+01 -2.57566647e-01 0.00000000e+00 9.66260535e-01 1.45374813e+01 0.00000000e+00 1.00000000e+00 0.00000000e+00 7.41601104e-02 -9.66260535e-01 0.00000000e+00 -2.57566647e-01 1.13828553e+01
5.3100153208e+01 -2.57574667e-01 0.00000000e+00 9.66258398e-01 1.45374892e+01 0.00000000e+00 1.00000000e+00 0.00000000e+00 7.41601104e-02 -9.66258398e-01 0.00000000e+00 -2.57574667e-01 1.13828546e+01
5.3200134993e+01 -2.61495333e-01 0.00000000e+00 9.65204740e-01 1.47403235e+01 0.00000000e+00 1.00000000e+00 0.00000000e+00 6.33605291e-02 -9.65204740e-01 0.00000000e+00 -2.61495333e-01 1.13583949e+01
5.3300009489e+01 -2.57316111e-01 0.00000000e+00 9.66327284e-01 1.48339155e+01 0.00000000e+00 1.00000000e+00 0.00000000e+00 7.25607472e-02 -9.66327284e-01 0.00000000e+00 -2.57316111e-01 1.13543348e+01
5.3400214434e+01 -2.46007239e-01 0.00000000e+00 9.69267991e-01 1.49284866e+01 0.00000000e+00 1.00000000e+00 0.00000000e+00 6.76609841e-02 -9.69267991e-01 0.00000000e+00 -2.46007239e-01 1.13485575e+01
5.3500141621e+01 -2.49671268e-01 0.00000000e+00 9.68330655e-01 1.50325066e+01 0.00000000e+00 1.00000000e+00 0.00000000e+00 6.18612068e-02 -9.68330655e-01 0.00000000e+00 -2.49671268e-01 1.13406891e+01
5.3600030661e+01 -2.47177791e-01 0.00000000e+00 9.68970144e-01 1.51304982e+01 0.00000000e+00 1.00000000e+00 0.00000000e+00 6.18614369e-02 -9.68970144e-01 0.00000000e+00 -2.47177791e-01 1.13352181e+01
5.3700097322e+01 -2.39281998e-01 0.00000000e+00 9.70950115e-01 1.52272144e+01 0.00000000e+00 1.00000000e+00 0.00000000e+00 5.82616667e-02 -9.70950115e-01 0.00000000e+00 -2.39281998e-01 1.13243837e+01
5.3800116777e+01 -2.38239694e-01 0.00000000e+00 9.71206388e-01 1.53306605e+01 0.00000000e+00 1.00000000e+00 0.00000000e+00 5.36619078e-02 -9.71206388e-01 0.00000000e+00 -2.38239694e-01 1.13187817e+01
5.3900102139e+01 -2.41876920e-01 0.00000000e+00 9.70306939e-01 1.54328255e+01 0.00000000e+00 1.00000000e+00 0.00000000e+00 6.48621330e-02 -9.70306939e-01 0.00000000e+00 -2.41876920e-01 1.13095531e+01
5.4000037193e+01 -2.37814682e-01 0.00000000e+00 9.71310546e-01 1.55335802e+01 0.00000000e+00 1.00000000e+00 0.00000000e+00 6.12623778e-02 -9.71310546e-01 0.00000000e+00 -2.37814682e-01 1.13039996e+01
5.4100093126e+01 -2.37809648e-01 0.00000000e+00 9.71311779e-01 1.55335753e+01 0.00000000e+00 1.00000000e+00 0.00000000e+00 6.12623778e-02 -9.71311779e-01 0.00000000e+00 -2.37809648e-01 1.13039999e+01
5.4200048208e+01 -2.35195000e-01 0.00000000e+00 9.71948204e-01 1.57328646e+01 0.00000000e+00 1.00000000e+00 0.00000000e+00 5.98628543e-02 -9.71948204e-01 0.00000000e+00 -2.35195000e-01 1.12928098e+01
5.4300034285e+01 -2.35191308e-01 0.00000000e+00 9.71949098e-01 1.57328610e+01 0.00000000e+00 1.00000000e+00 0.00000000e+00 5.98628543e-02 -9.71949098e-01 0.00000000e+00 -2.35191308e-01 1.12928100e+01
5.4399971962e+01 -2.21454901e-01 0.00000000e+00 9.75170614e-01 1.59403807e+01 0.00000000e+00 1.00000000e+00 0.00000000e+00 7.75633910e-02 -9.75170614e-01 0.00000000e+00 -2.21454901e-01 1.12835679e+01
5.4499954939e+01 -2.21383465e-01 0.00000000e+00 9.75186834e-01 1.60398786e+01 0.00000000e+00 1.00000000e+00 0.00000000e+00 7.94636303e-02 -9.75186834e-01 0.00000000e+00 -2.21383465e-01 1.12771655e+01
5.4599979877e+01 -2.32462287e-01 0.00000000e+00 9.72605411e-01 1.61492264e+01 0.00000000e+00 1.00000000e+00 0.00000000e+00 8.36638660e-02 -9.72605411e-01 0.00000000e+00 -2.32462287e-01 1.12679244e+01
5.4699951172e+01 -2.20591263e-01 0.00000000e+00 9.75366339e-01 1.62454031e+01 0.00000000e+00 1.00000000e+00 0.00000000e+00 7.37641336e-02 -9.75366339e-01 0.00000000e+00 -2.20591263e-01 1.12646905e+01
5.4800024986e+01 -2.25135865e-01 0.00000000e+00 9.74327380e-01 1.63485421e+01 0.00000000e+00 1.00000000e+00 0.00000000e+00 8.31643876e-02 -9.74327380e-01 0.00000000e+00 -2.25135865e-01 1.12654189e+01
5.4899980783e+01 -2.15559945e-01 0.00000000e+00 9.76490609e-01 1.64405818e+01 0.00000000e+00 1.00000000e+00 0.00000000e+00 8.44646294e-02 -9.76490609e-01 0.00000000e+00 -2.15559945e-01 1.12531553e+01
5.5000006676e+01 -2.20468527e-01 0.00000000e+00 9.75394089e-01 1.65464114e+01 0.00000000e+00 1.00000000e+00 0.00000000e+00 7.42648869e-02 -9.75394089e-01 0.00000000e+00 -2.20468527e-01 1.12499364e+01
5.5099990606e+01 -2.20476131e-01 0.00000000e+00 9.75392370e-01 1.65464188e+01 0.00000000e+00 1.00000000e+00 0.00000000e+00 7.42648869e-02 -9.75392370e-01 0.00000000e+00 -2.20476131e-01 1.12499361e+01
5.5200029135e+01 -2.14280258e-01 0.00000000e+00 9.76772221e-01 1.67442081e+01 0.00000000e+00 1.00000000e+00 0.00000000e+00 6.92654202e-02 -9.76772221e-01 0.00000000e+00 -2.14280258e-01 1.12494482e+01
5.5300029039e+01 -2.15611310e-01 0.00000000e+00 9.76479269e-01 1.68408966e+01 0.00000000e+00 1.00000000e+00 0.00000000e+00 6.69656658e-02 -9.76479269e-01 0.00000000e+00 -2.15611310e-01 1.12461428e+01
5.5415719986e+01 -2.09607330e-01 0.00000000e+00 9.77785645e-01 1.69403665e+01 0.00000000e+00 1.00000000e+00 0.00000000e+00 6.10659422e-02 -9.77785645e-01 0.00000000e+00 -2.09607330e-01 1.12425027e+01
5.5500000477e+01 -2.14686752e-01 0.00000000e+00 9.76682957e-01 1.70513670e+01 0.00000000e+00 1.00000000e+00 0.00000000e+00 6.89662339e-02 -9.76682957e-01 0.00000000e+00 -2.14686752e-01 1.12471882e+01
5.5599971533e+01 -2.11632461e-01 0.00000000e+00 9.77349324e-01 1.71459687e+01 0.00000000e+00 1.00000000e+00 0.00000000e+00 6.61664938e-02 -9.77349324e-01 0.00000000e+00 -2.11632461e-01 1.12462871e+01
5.5700086117e+01 -2.11865220e-01 0.00000000e+00 9.77298894e-01 1.72498327e+01 0.00000000e+00 1.00000000e+00 0.00000000e+00 6.56667710e-02 -9.77298894e-01 0.00000000e+00 -2.11865220e-01 1.12434308e+01
5.5800024509e+01 -2.08575823e-01 0.00000000e+00 9.78006199e-01 1.73495710e+01 0.00000000e+00 1.00000000e+00 0.00000000e+00 6.62670450e-02 -9.78006199e-01 0.00000000e+00 -2.08575823e-01 1.12394848e+01
5.5900010109e+01 -2.09298522e-01 0.00000000e+00 9.77851793e-01 1.74499338e+01 0.00000000e+00 1.00000000e+00 0.00000000e+00 6.39673122e-02 -9.77851793e-01 0.00000000e+00 -2.09298522e-01 1.12368013e+01
5.5999988079e+01 -2.05782243e-01 0.00000000e+00 9.78597807e-01 1.75524118e+01 0.00000000e+00 1.00000000e+00 0.00000000e+00 5.70675990e-02 -9.78597807e-01 0.00000000e+00 -2.05782243e-01 1.12337016e+01
5.6100028992e+01 -2.05777211e-01 0.00000000e+00 9.78598866e-01 1.75524069e+01 0.00000000e+00 1.00000000e+00 0.00000000e+00 5.70675990e-02 -9.78598866e-01 0.00000000e+00 -2.05777211e-01 1.12337018e+01
5.6199999094e+01 -1.98880297e-01 0.00000000e+00 9.80023789e-01 1.77505750e+01 0.00000000e+00 1.00000000e+00 0.00000000e+00 4.55681735e-02 -9.80023789e-01 0.00000000e+00 -1.98880297e-01 1.12360733e+01
5.6300074339e+01 -1.97641863e-01 0.00000000e+00 9.80274295e-01 1.78543920e+01 0.00000000e+00 1.00000000e+00 0.00000000e+00 4.71684680e-02 -9.80274295e-01 0.00000000e+00 -1.97641863e-01 1.12364028e+01
5.6400165796e+01 -1.92588203e-01 0.00000000e+00 9.81279667e-01 1.79535073e+01 0.00000000e+00 1.00000000e+00 0.00000000e+00 5.18687525e-02 -9.81279667e-01 0.00000000e+00 -1.92588203e-01 1.12310547e+01
5.6500065565e+01 -1.96802915e-01 0.00000000e+00 9.80443070e-01 1.80577304e+01 0.00000000e+00 1.00000000e+00 0.00000000e+00 5.05690432e-02 -9.80443070e-01 0.00000000e+00 -1.96802915e-01 1.12348179e+01
5.6599990129e+01 -1.89203664e-01 0.00000000e+00 9.81937866e-01 1.81537787e+01 0.00000000e+00 1.00000000e+00 0.00000000e+00 6.21693374e-02 -9.81937866e-01 0.00000000e+00 -1.89203664e-01 1.12334918e+01
5.6699983835e+01 -1.81292781e-01 0.00000000e+00 9.83429168e-01 1.82515241e+01 0.00000000e+00 1.00000000e+00 0.00000000e+00 6.28696372e-02 -9.83429168e-01 0.00000000e+00 -1.81292781e-01 1.12326628e+01
5.6828873873e+01 -1.79440894e-01 0.00000000e+00 9.83768756e-01 1.83512893e+01 0.00000000e+00 1.00000000e+00 0.00000000e+00 6.08699313e-02 -9.83768756e-01 0.00000000e+00 -1.79440894e-01 1.12318638e+01
5.6900061607e+01 -1.73459289e-01 0.00000000e+00 9.84841041e-01 1.84489670e+01 0.00000000e+00 1.00000000e+00 0.00000000e+00 6.64702291e-02 -9.84841041e-01 0.00000000e+00 -1.73459289e-01 1.12318527e+01
5.7000062704e+01 -1.77593150e-01 0.00000000e+00 9.84103995e-01 1.85531463e+01 0.00000000e+00 1.00000000e+00 0.00000000e+00 6.40705214e-02 -9.84103995e-01 0.00000000e+00 -1.77593150e-01 1.12310640e+01
5.7099975109e+01 -1.77598322e-01 0.00000000e+00 9.84103062e-01 1.85531513e+01 0.00000000e+00 1.00000000e+00 0.00000000e+00 6.40705214e-02 -9.84103062e-01 0.00000000e+00 -1.77598322e-01 1.12310640e+01
5.7200045586e+01 -1.68117243e-01 0.00000000e+00 9.85767007e-01 1.87576565e+01 0.00000000e+00 1.00000000e+00 0.00000000e+00 6.18711402e-02 -9.85767007e-01 0.00000000e+00 -1.68117243e-01 1.12250310e+01
5.7333813906e+01 -1.76221446e-01 0.00000000e+00 9.84350548e-01 1.88611045e+01 0.00000000e+00 1.00000000e+00 0.00000000e+00 6.61714291e-02 -9.84350548e-01 0.00000000e+00 -1.76221446e-01 1.12273680e+01
5.7400091410e+01 -1.74191860e-01 0.00000000e+00 9.84711732e-01 1.89613068e+01 0.00000000e+00 1.00000000e+00 0.00000000e+00 6.83717360e-02 -9.84711732e-01 0.00000000e+00 -1.74191860e-01 1.12290454e+01
5.7500129461e+01 -1.69666274e-01 0.00000000e+00 9.85501576e-01 1.90607243e+01 0.00000000e+00 1.00000000e+00 0.00000000e+00 5.32720601e-02 -9.85501576e-01 0.00000000e+00 -1.69666274e-01 1.12365665e+01
5.7600050211e+01 -1.60428589e-01 0.00000000e+00 9.87047450e-01 1.91588745e+01 0.00000000e+00 1.00000000e+00 0.00000000e+00 6.46723823e-02 -9.87047450e-01 0.00000000e+00 -1.60428589e-01 1.12370334e+01
5.7700166941e+01 -1.49500851e-01 0.00000000e+00 9.88761597e-01 1.92507652e+01 0.00000000e+00 1.00000000e+00 0.00000000e+00 6.94726892e-02 -9.88761597e-01 0.00000000e+00 -1.49500851e-01 1.12335865e+01
5.7800021648e+01 -1.47839147e-01 0.00000000e+00 9.89011419e-01 1.93500358e+01 0.00000000e+00 1.00000000e+00 0.00000000e+00 7.58730014e-02 -9.89011419e-01 0.00000000e+00 -1.47839147e-01 1.12355603e+01
5.7900096893e+01 -1.51306418e-01 0.00000000e+00 9.88486908e-01 1.94589363e+01 0.00000000e+00 1.00000000e+00 0.00000000e+00 6.14733304e-02 -9.88486908e-01 0.00000000e+00 -1.51306418e-01 1.12392281e+01
5.8000037432e+01 -1.50637121e-01 0.00000000e+00 9.88589125e-01 1.95638605e+01 0.00000000e+00 1.00000000e+00 0.00000000e+00 6.03736642e-02 -9.88589125e-01 0.00000000e+00 -1.50637121e-01 1.12441877e+01
5.8100250483e+01 -1.49533188e-01 0.00000000e+00 9.88756707e-01 1.96637671e+01 0.00000000e+00 1.00000000e+00 0.00000000e+00 7.01739740e-02 -9.88756707e-01 0.00000000e+00 -1.49533188e-01 1.12422897e+01
5.8200041294e+01 -1.44619779e-01 0.00000000e+00 9.89487301e-01 1.97589313e+01 0.00000000e+00 1.00000000e+00 0.00000000e+00 6.93742929e-02 -9.89487301e-01 0.00000000e+00 -1.44619779e-01 1.12470021e+01
5.8300087690e+01 -1.40538069e-01 0.00000000e+00 9.90075276e-01 1.98594229e+01 0.00000000e+00 1.00000000e+00 0.00000000e+00 6.70746230e-02 -9.90075276e-01 0.00000000e+00 -1.40538069e-01 1.12489007e+01
5.8400088787e+01 -1.31489795e-01 0.00000000e+00 9.91317524e-01 1.99519183e+01 0.00000000e+00 1.00000000e+00 0.00000000e+00 7.66749452e-02 -9.91317524e-01 0.00000000e+00 -1.31489795e-01 1.12509242e+01
5.8500086784e+01 -1.33438344e-01 0.00000000e+00 9.91057117e-01 2.00600314e+01 0.00000000e+00 1.00000000e+00 0.00000000e+00 7.45752868e-02 -9.91057117e-01 0.00000000e+00 -1.33438344e-01 1.12548968e+01
5.8600113869e+01 -1.30761249e-01 0.00000000e+00 9.91413887e-01 2.01571081e+01 0.00000000e+00 1.00000000e+00 0.00000000e+00 6.83755995e-02 -9.91413887e-01 0.00000000e+00 -1.30761249e-01 1.12524203e+01
5.8700071096e+01 -1.47760503e-01 0.00000000e+00 9.89023172e-01 2.02664846e+01 0.00000000e+00 1.00000000e+00 0.00000000e+00 7.50758978e-02 -9.89023172e-01 0.00000000e+00 -1.47760503e-01 1.12527092e+01
5.8799988270e+01 -1.55583097e-01 0.00000000e+00 9.87822808e-01 2.03732634e+01 0.00000000e+00 1.00000000e+00 0.00000000e+00 7.19762151e-02 -9.87822808e-01 0.00000000e+00 -1.55583097e-01 1.12532330e+01
5.8899974585e+01 -1.57161309e-01 0.00000000e+00 9.87572946e-01 2.04746600e+01 0.00000000e+00 1.00000000e+00 0.00000000e+00 7.47765383e-02 -9.87572946e-01 0.00000000e+00 -1.57161309e-01 1.12530061e+01
5.9000020266e+01 -1.62298104e-01 0.00000000e+00 9.86741772e-01 2.05792590e+01 0.00000000e+00 1.00000000e+00 0.00000000e+00 7.83768645e-02 -9.86741772e-01 0.00000000e+00 -1.62298104e-01 1.12555116e+01
5.9099955082e+01 -1.62304792e-01 0.00000000e+00 9.86740672e-01 2.05792655e+01 0.00000000e+00 1.00000000e+00 0.00000000e+00 7.83768645e-02 -9.86740672e-01 0.00000000e+00 -1.62304792e-01 1.12555117e+01
5.9200105667e+01 -1.64707397e-01 0.00000000e+00 9.86342473e-01 2.07925388e+01 0.00000000e+00 1.00000000e+00 0.00000000e+00 6.25775434e-02 -9.86342473e-01 0.00000000e+00 -1.64707397e-01 1.12495470e+01
5.9300155640e+01 -1.78090788e-01 0.00000000e+00 9.84014060e-01 2.09027555e+01 0.00000000e+00 1.00000000e+00 0.00000000e+00 5.73778593e-02 -9.84014060e-01 0.00000000e+00 -1.78090788e-01 1.12466285e+01
5.9399996281e+01 -1.77847761e-01 0.00000000e+00 9.84058013e-01 2.10024043e+01 0.00000000e+00 1.00000000e+00 0.00000000e+00 6.64781871e-02 -9.84058013e-01 0.00000000e+00 -1.77847761e-01 1.12455990e+01
5.9500022173e+01 -1.62184239e-01 0.00000000e+00 9.86760494e-01 2.10907955e+01 0.00000000e+00 1.00000000e+00 0.00000000e+00 5.95785330e-02 -9.86760494e-01 0.00000000e+00 -1.62184239e-01 1.12466336e+01
5.9599990606e+01 -1.62163571e-01 0.00000000e+00 9.86763891e-01 2.10907755e+01 0.00000000e+00 1.00000000e+00 0.00000000e+00 5.95785330e-02 -9.86763891e-01 0.00000000e+00 -1.62163571e-01 1.12466334e+01
5.9700038195e+01 -1.78283335e-01 0.00000000e+00 9.83979193e-01 2.12968576e+01 0.00000000e+00 1.00000000e+00 0.00000000e+00 5.90791755e-02 -9.83979193e-01 0.00000000e+00 -1.78283335e-01 1.12499572e+01
5.9799986601e+01 -1.72013974e-01 0.00000000e+00 9.85094510e-01 2.13903707e+01 0.00000000e+00 1.00000000e+00 0.00000000e+00 6.33795039e-02 -9.85094510e-01 0.00000000e+00 -1.72013974e-01 1.12445931e+01
5.9900004625e+01 -1.65673191e-01 0.00000000e+00 9.86180711e-01 2.14879603e+01 0.00000000e+00 1.00000000e+00 0.00000000e+00 5.65798514e-02 -9.86180711e-01 0.00000000e+00 -1.65673191e-01 1.12426405e+01
5.9999988079e+01 -1.75719279e-01 0.00000000e+00 9.84440316e-01 2.15972848e+01 0.00000000e+00 1.00000000e+00 0.00000000e+00 5.71801846e-02 -9.84440316e-01 0.00000000e+00 -1.75719279e-01 1.12393350e+01
6.0100110054e+01 -1.75732708e-01 0.00000000e+00 9.84437918e-01 2.15972978e+01 0.00000000e+00 1.00000000e+00 0.00000000e+00 5.71801846e-02 -9.84437918e-01 0.00000000e+00 -1.75732708e-01 1.12393350e+01
6.0200109005e+01 -1.78381537e-01 0.00000000e+00 9.83961395e-01 2.18036989e+01 0.00000000e+00 1.00000000e+00 0.00000000e+00 5.04808800e-02 -9.83961395e-01 0.00000000e+00 -1.78381537e-01 1.12380248e+01
6.0300000668e+01 -1.75651125e-01 0.00000000e+00 9.84452478e-01 2.18945987e+01 0.00000000e+00 1.00000000e+00 0.00000000e+00 3.69811849e-02 -9.84452478e-01 0.00000000e+00 -1.75651125e-01 1.12278472e+01
6.0400027990e+01 -1.74998226e-01 0.00000000e+00 9.84568749e-01 2.19946375e+01 0.00000000e+00 1.00000000e+00 0.00000000e+00 4.10815270e-02 -9.84568749e-01 0.00000000e+00 -1.74998226e-01 1.12231940e+01
6.0532934666e+01 -1.77226416e-01 0.00000000e+00 9.84170106e-01 2.20988592e+01 0.00000000e+00 1.00000000e+00 0.00000000e+00 4.57818772e-02 -9.84170106e-01 0.00000000e+00 -1.77226416e-01 1.12202626e+01
6.0600076914e+01 -1.87055073e-01 0.00000000e+00 9.82349428e-01 2.22081321e+01 0.00000000e+00 1.00000000e+00 0.00000000e+00 4.16822311e-02 -9.82349428e-01 0.00000000e+00 -1.87055073e-01 1.12235315e+01
6.0699952841e+01 -2.00860081e-01 0.00000000e+00 9.79619940e-01 2.23233390e+01 0.00000000e+00 1.00000000e+00 0.00000000e+00 4.71825906e-02 -9.79619940e-01 0.00000000e+00 -2.00860081e-01 1.12251633e+01
6.0800060987e+01 -1.80889638e-01 0.00000000e+00 9.83503401e-01 2.24049057e+01 0.00000000e+00 1.00000000e+00 0.00000000e+00 5.24829448e-02 -9.83503401e-01 0.00000000e+00 -1.80889638e-01 1.12242905e+01
6.0899974585e+01 -1.97622224e-01 0.00000000e+00 9.80278255e-01 2.25201017e+01 0.00000000e+00 1.00000000e+00 0.00000000e+00 5.20833070e-02 -9.80278255e-01 0.00000000e+00 -1.97622224e-01 1.12306173e+01
6.1000039339e+01 -2.08805714e-01 0.00000000e+00 9.77957143e-01 2.26327581e+01 0.00000000e+00 1.00000000e+00 0.00000000e+00 4.91836639e-02 -9.77957143e-01 0.00000000e+00 -2.08805714e-01 1.12273092e+01
6.1100048780e+01 -2.08823240e-01 0.00000000e+00 9.77953401e-01 2.26327752e+01 0.00000000e+00 1.00000000e+00 0.00000000e+00 4.91836639e-02 -9.77953401e-01 0.00000000e+00 -2.08823240e-01 1.12273086e+01
6.1200003386e+01 -2.02081134e-01 0.00000000e+00 9.79368784e-01 2.28213415e+01 0.00000000e+00 1.00000000e+00 0.00000000e+00 3.95843469e-02 -9.79368784e-01 0.00000000e+00 -2.02081134e-01 1.12177111e+01
6.1299987078e+01 -2.03356131e-01 0.00000000e+00 9.79104838e-01 2.29217796e+01 0.00000000e+00 1.00000000e+00 0.00000000e+00 3.53847142e-02 -9.79104838e-01 0.00000000e+00 -2.03356131e-01 1.12235555e+01
6.1400211573e+01 -2.04792860e-01 0.00000000e+00 9.78805335e-01 2.30285810e+01 0.00000000e+00 1.00000000e+00 0.00000000e+00 3.29850895e-02 -9.78805335e-01 0.00000000e+00 -2.04792860e-01 1.12193261e+01
6.1500027180e+01 -2.03070302e-01 0.00000000e+00 9.79164160e-01 2.31297640e+01 0.00000000e+00 1.00000000e+00 0.00000000e+00 2.89854549e-02 -9.79164160e-01 0.00000000e+00 -2.03070302e-01 1.12140511e+01
6.1600080490e+01 -2.08602630e-01 0.00000000e+00 9.78000482e-01 2.32333671e+01 0.00000000e+00 1.00000000e+00 0.00000000e+00 3.13858083e-02 -9.78000482e-01 0.00000000e+00 -2.08602630e-01 1.12106448e+01
6.1700070620e+01 -2.17139609e-01 0.00000000e+00 9.76140559e-01 2.33410578e+01 0.00000000e+00 1.00000000e+00 0.00000000e+00 2.39861646e-02 -9.76140559e-01 0.00000000e+00 -2.17139609e-01 1.12056455e+01
6.1800014496e+01 -2.19710347e-01 0.00000000e+00 9.75565151e-01 2.34403614e+01 0.00000000e+00 1.00000000e+00 0.00000000e+00 2.30865203e-02 -9.75565151e-01 0.00000000e+00 -2.19710347e-01 1.12047078e+01
6.1899980545e+01 -2.16757466e-01 0.00000000e+00 9.76225487e-01 2.35430701e+01 0.00000000e+00 1.00000000e+00 0.00000000e+00 2.52869004e-02 -9.76225487e-01 0.00000000e+00 -2.16757466e-01 1.11985537e+01
6.2000367880e+01 -2.10128794e-01 0.00000000e+00 9.77673713e-01 2.36399369e+01 0.00000000e+00 1.00000000e+00 0.00000000e+00 2.60872851e-02 -9.77673713e-01 0.00000000e+00 -2.10128794e-01 1.11986991e+01
6.2100123882e+01 -2.10128794e-01 0.00000000e+00 9.77673713e-01 2.36399369e+01 0.00000000e+00 1.00000000e+00 0.00000000e+00 2.60872851e-02 -9.77673713e-01 0.00000000e+00 -2.10128794e-01 1.11986991e+01
6.2200020313e+01 -2.11898756e-01 0.00000000e+00 9.77291623e-01 2.38418767e+01 0.00000000e+00 1.00000000e+00 0.00000000e+00 3.77880319e-02 -9.77291623e-01 0.00000000e+00 -2.11898756e-01 1.11975590e+01
6.2300957680e+01 -2.14554731e-01 0.00000000e+00 9.76711968e-01 2.39433638e+01 0.00000000e+00 1.00000000e+00 0.00000000e+00 2.47884096e-02 -9.76711968e-01 0.00000000e+00 -2.14554731e-01 1.12011318e+01
6.2399961710e+01 -2.05218276e-01 0.00000000e+00 9.78716230e-01 2.40341752e+01 0.00000000e+00 1.00000000e+00 0.00000000e+00 2.82887825e-02 -9.78716230e-01 0.00000000e+00 -2.05218276e-01 1.11987613e+01
6.2500000477e+01 -2.06950017e-01 0.00000000e+00 9.78351517e-01 2.41391787e+01 0.00000000e+00 1.00000000e+00 0.00000000e+00 3.58891467e-02 -9.78351517e-01 0.00000000e+00 -2.06950017e-01 1.11810980e+01
6.2600036860e+01 -2.12164088e-01 0.00000000e+00 9.77234056e-01 2.42444027e+01 0.00000000e+00 1.00000000e+00 0.00000000e+00 3.94895350e-02 -9.77234056e-01 0.00000000e+00 -2.12164088e-01 1.11845607e+01
6.2700064421e+01 -2.13986510e-01 0.00000000e+00 9.76836616e-01 2.43471803e+01 0.00000000e+00 1.00000000e+00 0.00000000e+00 3.85899326e-02 -9.76836616e-01 0.00000000e+00 -2.13986510e-01 1.11913666e+01
6.2800033808e+01 -2.09223876e-01 0.00000000e+00 9.77867767e-01 2.44420627e+01 0.00000000e+00 1.00000000e+00 0.00000000e+00 3.51902936e-02 -9.77867767e-01 0.00000000e+00 -2.09223876e-01 1.11779019e+01
6.2900006771e+01 -2.14180471e-01 0.00000000e+00 9.76794106e-01 2.45494552e+01 0.00000000e+00 1.00000000e+00 0.00000000e+00 2.50906938e-02 -9.76794106e-01 0.00000000e+00 -2.14180471e-01 1.11799833e+01
6.2999978542e+01 -2.12081415e-01 0.00000000e+00 9.77252001e-01 2.46499265e+01 0.00000000e+00 1.00000000e+00 0.00000000e+00 3.48910751e-02 -9.77252001e-01 0.00000000e+00 -2.12081415e-01 1.11704256e+01
6.3100106955e+01 -2.12078747e-01 0.00000000e+00 9.77252580e-01 2.46499239e+01 0.00000000e+00 1.00000000e+00 0.00000000e+00 3.48910751e-02 -9.77252580e-01 0.00000000e+00 -2.12078747e-01 1.11704257e+01
6.3200111866e+01 -2.05805886e-01 0.00000000e+00 9.78592835e-01 2.48451360e+01 0.00000000e+00 1.00000000e+00 0.00000000e+00 2.70918560e-02 -9.78592835e-01 0.00000000e+00 -2.05805886e-01 1.11671674e+01
6.3299995899e+01 -2.18800321e-01 0.00000000e+00 9.75769655e-01 2.49563327e+01 0.00000000e+00 1.00000000e+00 0.00000000e+00 2.96922232e-02 -9.75769655e-01 0.00000000e+00 -2.18800321e-01 1.11560111e+01
6.3416986704e+01 -2.27526322e-01 0.00000000e+00 9.73771931e-01 2.50651897e+01 0.00000000e+00 1.00000000e+00 0.00000000e+00 3.09926102e-02 -9.73771931e-01 0.00000000e+00 -2.27526322e-01 1.11505697e+01
6.3500002146e+01 -2.28850133e-01 0.00000000e+00 9.73461667e-01 2.51687841e+01 0.00000000e+00 1.00000000e+00 0.00000000e+00 3.61930038e-02 -9.73461667e-01 0.00000000e+00 -2.28850133e-01 1.11432831e+01
6.3600204468e+01 -2.34120268e-01 0.00000000e+00 9.72207642e-01 2.52789270e+01 0.00000000e+00 1.00000000e+00 0.00000000e+00 2.88934153e-02 -9.72207642e-01 0.00000000e+00 -2.34120268e-01 1.11392416e+01
6.3700023651e+01 -2.28015909e-01 0.00000000e+00 9.73657407e-01 2.53743844e+01 0.00000000e+00 1.00000000e+00 0.00000000e+00 3.11938073e-02 -9.73657407e-01 0.00000000e+00 -2.28015909e-01 1.11326531e+01
6.3800006151e+01 -2.29407275e-01 0.00000000e+00 9.73330521e-01 2.54776514e+01 0.00000000e+00 1.00000000e+00 0.00000000e+00 3.07941945e-02 -9.73330521e-01 0.00000000e+00 -2.29407275e-01 1.11197254e+01
6.3900007486e+01 -2.38866907e-01 0.00000000e+00 9.71052316e-01 2.55822464e+01 0.00000000e+00 1.00000000e+00 0.00000000e+00 1.44945829e-02 -9.71052316e-01 0.00000000e+00 -2.38866907e-01 1.11219283e+01
6.4000062227e+01 -2.37438507e-01 0.00000000e+00 9.71402571e-01 2.56838178e+01 0.00000000e+00 1.00000000e+00 0.00000000e+00 2.18949888e-02 -9.71402571e-01 0.00000000e+00 -2.37438507e-01 1.11158718e+01
6.4100024939e+01 -2.37436674e-01 0.00000000e+00 9.71403019e-01 2.56838160e+01 0.00000000e+00 1.00000000e+00 0.00000000e+00 2.18949888e-02 -9.71403019e-01 0.00000000e+00 -2.37436674e-01 1.11158719e+01
6.4200024128e+01 -2.38100309e-01 0.00000000e+00 9.71240569e-01 2.58929075e+01 0.00000000e+00 1.00000000e+00 0.00000000e+00 4.11957969e-02 -9.71240569e-01 0.00000000e+00 -2.38100309e-01 1.10913565e+01
6.4299994469e+01 -2.33877078e-01 0.00000000e+00 9.72266174e-01 2.59875444e+01 0.00000000e+00 1.00000000e+00 0.00000000e+00 5.65961845e-02 -9.72266174e-01 0.00000000e+00 -2.33877078e-01 1.10826011e+01
6.4399985790e+01 -2.33871315e-01 0.00000000e+00 9.72267560e-01 2.59875388e+01 0.00000000e+00 1.00000000e+00 0.00000000e+00 5.65961845e-02 -9.72267560e-01 0.00000000e+00 -2.33871315e-01 1.10826014e+01
6.4500002623e+01 -2.37400842e-01 0.00000000e+00 9.71411777e-01 2.61889570e+01 0.00000000e+00 1.00000000e+00 0.00000000e+00 5.44969866e-02 -9.71411777e-01 0.00000000e+00 -2.37400842e-01 1.10758031e+01
6.4600057602e+01 -2.41168134e-01 0.00000000e+00 9.70483349e-01 2.62971320e+01 0.00000000e+00 1.00000000e+00 0.00000000e+00 4.86974125e-02 -9.70483349e-01 0.00000000e+00 -2.41168134e-01 1.10714392e+01
6.4700028419e+01 -2.34186353e-01 0.00000000e+00 9.72191726e-01 2.63923227e+01 0.00000000e+00 1.00000000e+00 0.00000000e+00 5.92978208e-02 -9.72191726e-01 0.00000000e+00 -2.34186353e-01 1.10627306e+01
6.4800100088e+01 -2.35298422e-01 0.00000000e+00 9.71923172e-01 2.64957010e+01 0.00000000e+00 1.00000000e+00 0.00000000e+00 4.52982314e-02 -9.71923172e-01 0.00000000e+00 -2.35298422e-01 1.10536157e+01
6.4900053263e+01 -2.38322692e-01 0.00000000e+00 9.71186025e-01 2.65950679e+01 0.00000000e+00 1.00000000e+00 0.00000000e+00 3.46986486e-02 -9.71186025e-01 0.00000000e+00 -2.38322692e-01 1.10619869e+01
6.5000135422e+01 -2.44545490e-01 0.00000000e+00 9.69637821e-01 2.67028458e+01 0.00000000e+00 1.00000000e+00 0.00000000e+00 4.13990629e-02 -9.69637821e-01 0.00000000e+00 -2.44545490e-01 1.10534184e+01
6.5100075006e+01 -2.44552679e-01 0.00000000e+00 9.69636008e-01 2.67028529e+01 0.00000000e+00 1.00000000e+00 0.00000000e+00 4.13990629e-02 -9.69636008e-01 0.00000000e+00 -2.44552679e-01 1.10534179e+01
6.5200084925e+01 -2.32841672e-01 0.00000000e+00 9.72514656e-01 2.68962033e+01 0.00000000e+00 1.00000000e+00 0.00000000e+00 3.76998970e-02 -9.72514656e-01 0.00000000e+00 -2.32841672e-01 1.10348527e+01
6.5301038504e+01 -2.46028721e-01 0.00000000e+00 9.69262538e-01 2.70091329e+01 0.00000000e+00 1.00000000e+00 0.00000000e+00 3.67003129e-02 -9.69262538e-01 0.00000000e+00 -2.46028721e-01 1.10300097e+01
6.5400021315e+01 -2.46104146e-01 0.00000000e+00 9.69243390e-01 2.71097344e+01 0.00000000e+00 1.00000000e+00 0.00000000e+00 3.14007292e-02 -9.69243390e-01 0.00000000e+00 -2.46104146e-01 1.10223091e+01
6.5500040293e+01 -2.49383350e-01 0.00000000e+00 9.68404846e-01 2.72117672e+01 0.00000000e+00 1.00000000e+00 0.00000000e+00 2.83011360e-02 -9.68404846e-01 0.00000000e+00 -2.49383350e-01 1.10119995e+01
6.5600079775e+01 -2.47620471e-01 0.00000000e+00 9.68857111e-01 2.73100928e+01 0.00000000e+00 1.00000000e+00 0.00000000e+00 3.55015571e-02 -9.68857111e-01 0.00000000e+00 -2.47620471e-01 1.10070013e+01
6.5700006723e+01 -2.47109541e-01 0.00000000e+00 9.68987551e-01 2.74123996e+01 0.00000000e+00 1.00000000e+00 0.00000000e+00 2.79019643e-02 -9.68987551e-01 0.00000000e+00 -2.47109541e-01 1.09842355e+01
6.5800163507e+01 -2.36662287e-01 0.00000000e+00 9.71591973e-01 2.75012157e+01 0.00000000e+00 1.00000000e+00 0.00000000e+00 1.65023646e-02 -9.71591973e-01 0.00000000e+00 -2.36662287e-01 1.09674606e+01
6.5900446653e+01 -2.41266369e-01 0.00000000e+00 9.70458932e-01 2.76067705e+01 0.00000000e+00 1.00000000e+00 0.00000000e+00 1.76027808e-02 -9.70458932e-01 0.00000000e+00 -2.41266369e-01 1.09536402e+01
6.6000045300e+01 -2.57335129e-01 0.00000000e+00 9.66322219e-01 2.77222113e+01 0.00000000e+00 1.00000000e+00 0.00000000e+00 2.26032155e-02 -9.66322219e-01 0.00000000e+00 -2.57335129e-01 1.09525619e+01
6.6100074291e+01 -2.57358796e-01 0.00000000e+00 9.66315916e-01 2.77222346e+01 0.00000000e+00 1.00000000e+00 0.00000000e+00 2.26032155e-02 -9.66315916e-01 0.00000000e+00 -2.57358796e-01 1.09525600e+01
6.6200097799e+01 -2.53476965e-01 0.00000000e+00 9.67341423e-01 2.79233209e+01 0.00000000e+00 1.00000000e+00 0.00000000e+00 2.15040783e-02 -9.67341423e-01 0.00000000e+00 -2.53476965e-01 1.09309569e+01
6.6300006390e+01 -2.63921695e-01 0.00000000e+00 9.64544109e-01 2.80358991e+01 0.00000000e+00 1.00000000e+00 0.00000000e+00 1.24045190e-02 -9.64544109e-01 0.00000000e+00 -2.63921695e-01 1.09238415e+01
6.6400010824e+01 -2.62351201e-01 0.00000000e+00 9.64972459e-01 2.81356034e+01 0.00000000e+00 1.00000000e+00 0.00000000e+00 4.10496036e-03 -9.64972459e-01 0.00000000e+00 -2.62351201e-01 1.09202210e+01
6.6500084162e+01 -2.66234562e-01 0.00000000e+00 9.63908273e-01 2.82397267e+01 0.00000000e+00 1.00000000e+00 0.00000000e+00 2.07053920e-02 -9.63908273e-01 0.00000000e+00 -2.66234562e-01 1.09124300e+01
6.6600075006e+01 -2.71825013e-01 0.00000000e+00 9.62346696e-01 2.83470006e+01 0.00000000e+00 1.00000000e+00 0.00000000e+00 2.42058503e-02 -9.62346696e-01 0.00000000e+00 -2.71825013e-01 1.09154299e+01
6.6700125933e+01 -2.63423355e-01 0.00000000e+00 9.64680328e-01 2.84436481e+01 0.00000000e+00 1.00000000e+00 0.00000000e+00 1.36062973e-02 -9.64680328e-01 0.00000000e+00 -2.63423355e-01 1.09016137e+01
6.6800029755e+01 -2.60278151e-01 0.00000000e+00 9.65533678e-01 2.85395053e+01 0.00000000e+00 1.00000000e+00 0.00000000e+00 1.64067358e-02 -9.65533678e-01 0.00000000e+00 -2.60278151e-01 1.08995935e+01
6.6900094271e+01 -2.66136036e-01 0.00000000e+00 9.63935480e-01 2.86493969e+01 0.00000000e+00 1.00000000e+00 0.00000000e+00 1.37071903e-02 -9.63935480e-01 0.00000000e+00 -2.66136036e-01 1.08896058e+01
6.7000026703e+01 -2.53694723e-01 0.00000000e+00 9.67284336e-01 2.87379010e+01 0.00000000e+00 1.00000000e+00 0.00000000e+00 2.01076316e-02 -9.67284336e-01 0.00000000e+00 -2.53694723e-01 1.08813566e+01
6.7100080967e+01 -2.53676910e-01 0.00000000e+00 9.67289008e-01 2.87378835e+01 0.00000000e+00 1.00000000e+00 0.00000000e+00 2.01076316e-02 -9.67289008e-01 0.00000000e+00 -2.53676910e-01 1.08813580e+01
6.7200048923e+01 -2.53897795e-01 0.00000000e+00 9.67231053e-01 2.89395010e+01 0.00000000e+00 1.00000000e+00 0.00000000e+00 1.34085295e-02 -9.67231053e-01 0.00000000e+00 -2.53897795e-01 1.08714425e+01
6.7300066948e+01 -2.55765956e-01 0.00000000e+00 9.66738732e-01 2.90453918e+01 0.00000000e+00 1.00000000e+00 0.00000000e+00 1.19089817e-02 -9.66738732e-01 0.00000000e+00 -2.55765956e-01 1.08568236e+01
6.7400103331e+01 -2.57297888e-01 0.00000000e+00 9.66332136e-01 2.91439975e+01 0.00000000e+00 1.00000000e+00 0.00000000e+00 8.50941559e-03 -9.66332136e-01 0.00000000e+00 -2.57297888e-01 1.08499988e+01
6.7500000715e+01 -2.68438232e-01 0.00000000e+00 9.63296899e-01 2.92522849e+01 0.00000000e+00 1.00000000e+00 0.00000000e+00 4.60985706e-03 -9.63296899e-01 0.00000000e+00 -2.68438232e-01 1.08458601e+01
6.7600115299e+01 -2.68455824e-01 0.00000000e+00 9.63291997e-01 2.92523022e+01 0.00000000e+00 1.00000000e+00 0.00000000e+00 4.60985706e-03 -9.63291997e-01 0.00000000e+00 -2.68455824e-01 1.08458584e+01
6.7700061083e+01 -2.60598877e-01 0.00000000e+00 9.65447163e-01 2.94468915e+01 0.00000000e+00 1.00000000e+00 0.00000000e+00 8.51077177e-03 -9.65447163e-01 0.00000000e+00 -2.60598877e-01 1.08332918e+01
6.7800093889e+01 -2.55233190e-01 0.00000000e+00 9.66879527e-01 2.95438588e+01 0.00000000e+00 1.00000000e+00 0.00000000e+00 6.01122159e-03 -9.66879527e-01 0.00000000e+00 -2.55233190e-01 1.08186276e+01
6.7900015354e+01 -2.66445378e-01 0.00000000e+00 9.63850020e-01 2.96565135e+01 0.00000000e+00 1.00000000e+00 0.00000000e+00 1.55116719e-02 -9.63850020e-01 0.00000000e+00 -2.66445378e-01 1.08026645e+01
6.8000105381e+01 -2.64596625e-01 0.00000000e+00 9.64359179e-01 2.97545129e+01 0.00000000e+00 1.00000000e+00 0.00000000e+00 1.72121325e-02 -9.64359179e-01 0.00000000e+00 -2.64596625e-01 1.07981627e+01
6.8099997759e+01 -2.64593502e-01 0.00000000e+00 9.64360036e-01 2.97545098e+01 0.00000000e+00 1.00000000e+00 0.00000000e+00 1.72121325e-02 -9.64360036e-01 0.00000000e+00 -2.64593502e-01 1.07981630e+01
6.8200026512e+01 -2.77936739e-01 0.00000000e+00 9.60599380e-01 2.99641652e+01 0.00000000e+00 1.00000000e+00 0.00000000e+00 2.10130330e-02 -9.60599380e-01 0.00000000e+00 -2.77936739e-01 1.07837229e+01
6.8300007343e+01 -2.71992339e-01 0.00000000e+00 9.62299417e-01 3.00582544e+01 0.00000000e+00 1.00000000e+00 0.00000000e+00 1.68134938e-02 -9.62299417e-01 0.00000000e+00 -2.71992339e-01 1.07767349e+01
6.8400021076e+01 -2.70307445e-01 0.00000000e+00 9.62774057e-01 3.01544948e+01 0.00000000e+00 1.00000000e+00 0.00000000e+00 1.64139340e-02 -9.62774057e-01 0.00000000e+00 -2.70307445e-01 1.07615540e+01
6.8500096798e+01 -2.74519567e-01 0.00000000e+00 9.61581514e-01 3.02626096e+01 0.00000000e+00 1.00000000e+00 0.00000000e+00 1.58144119e-02 -9.61581514e-01 0.00000000e+00 -2.74519567e-01 1.07509155e+01
6.8600034952e+01 -2.75089520e-01 0.00000000e+00 9.61418616e-01 3.03623489e+01 0.00000000e+00 1.00000000e+00 0.00000000e+00 1.93148692e-02 -9.61418616e-01 0.00000000e+00 -2.75089520e-01 1.07413700e+01
6.8700075388e+01 -2.81465013e-01 0.00000000e+00 9.59571491e-01 3.04698200e+01 0.00000000e+00 1.00000000e+00 0.00000000e+00 1.70153403e-02 -9.59571491e-01 0.00000000e+00 -2.81465013e-01 1.07323483e+01
6.8800046682e+01 -2.67526074e-01 0.00000000e+00 9.63550621e-01 3.05567690e+01 0.00000000e+00 1.00000000e+00 0.00000000e+00 1.45157949e-02 -9.63550621e-01 0.00000000e+00 -2.67526074e-01 1.07140199e+01
6.8900074959e+01 -2.71030181e-01 0.00000000e+00 9.62570850e-01 3.06669854e+01 0.00000000e+00 1.00000000e+00 0.00000000e+00 -3.38373326e-03 -9.62570850e-01 0.00000000e+00 -2.71030181e-01 1.06866252e+01
6.9000023603e+01 -2.74998551e-01 0.00000000e+00 9.61444640e-01 3.07710115e+01 0.00000000e+00 1.00000000e+00 0.00000000e+00 9.61672524e-03 -9.61444640e-01 0.00000000e+00 -2.74998551e-01 1.06698647e+01
6.9100133181e+01 -2.75004796e-01 0.00000000e+00 9.61442854e-01 3.07710177e+01 0.00000000e+00 1.00000000e+00 0.00000000e+00 9.61672524e-03 -9.61442854e-01 0.00000000e+00 -2.75004796e-01 1.06698640e+01
6.9200163364e+01 -2.76249393e-01 0.00000000e+00 9.61085986e-01 3.09689582e+01 0.00000000e+00 1.00000000e+00 0.00000000e+00 1.35176501e-02 -9.61085986e-01 0.00000000e+00 -2.76249393e-01 1.06498240e+01
6.9300149441e+01 -2.70621733e-01 0.00000000e+00 9.62685763e-01 3.10669289e+01 0.00000000e+00 1.00000000e+00 0.00000000e+00 1.18181360e-02 -9.62685763e-01 0.00000000e+00 -2.70621733e-01 1.06375947e+01
6.9400155306e+01 -2.66985550e-01 0.00000000e+00 9.63700532e-01 3.11648034e+01 0.00000000e+00 1.00000000e+00 0.00000000e+00 6.01862263e-03 -9.63700532e-01 0.00000000e+00 -2.66985550e-01 1.06318413e+01
6.9500019789e+01 -2.73616612e-01 0.00000000e+00 9.61838838e-01 3.12700614e+01 0.00000000e+00 1.00000000e+00 0.00000000e+00 7.41909816e-03 -9.61838838e-01 0.00000000e+00 -2.73616612e-01 1.06247662e+01
6.9600105047e+01 -2.72493539e-01 0.00000000e+00 9.62157612e-01 3.13697481e+01 0.00000000e+00 1.00000000e+00 0.00000000e+00 9.31957488e-03 -9.62157612e-01 0.00000000e+00 -2.72493539e-01 1.06118938e+01
6.9700171709e+01 -2.75013505e-01 0.00000000e+00 9.61440363e-01 3.14749036e+01 0.00000000e+00 1.00000000e+00 0.00000000e+00 1.24200587e-02 -9.61440363e-01 0.00000000e+00 -2.75013505e-01 1.05969282e+01
6.9800048113e+01 -2.75549326e-01 0.00000000e+00 9.61286934e-01 3.15754711e+01 0.00000000e+00 1.00000000e+00 0.00000000e+00 1.01205372e-02 -9.61286934e-01 0.00000000e+00 -2.75549326e-01 1.05845587e+01
6.9900025845e+01 -2.68718114e-01 0.00000000e+00 9.63218862e-01 3.16699537e+01 0.00000000e+00 1.00000000e+00 0.00000000e+00 1.23210200e-02 -9.63218862e-01 0.00000000e+00 -2.68718114e-01 1.05714660e+01
7.0000070095e+01 -2.77662369e-01 0.00000000e+00 9.60678723e-01 3.17747738e+01 0.00000000e+00 1.00000000e+00 0.00000000e+00 1.26214815e-02 -9.60678723e-01 0.00000000e+00 -2.77662369e-01 1.05598385e+01
7.0100084066e+01 -2.77676839e-01 0.00000000e+00 9.60674541e-01 3.17747881e+01 0.00000000e+00 1.00000000e+00 0.00000000e+00 1.26214815e-02 -9.60674541e-01 0.00000000e+00 -2.77676839e-01 1.05598371e+01
7.0200098038e+01 -2.78344815e-01 0.00000000e+00 9.60481215e-01 3.19784619e+01 0.00000000e+00 1.00000000e+00 0.00000000e+00 -1.63775411e-02 -9.60481215e-01 0.00000000e+00 -2.78344815e-01 1.05328922e+01
7.0300003290e+01 -2.78345772e-01 0.00000000e+00 9.60480937e-01 3.19784629e+01 0.00000000e+00 1.00000000e+00 0.00000000e+00 -1.63775411e-02 -9.60480937e-01 0.00000000e+00 -2.78345772e-01 1.05328921e+01
7.0400086641e+01 -2.72644998e-01 0.00000000e+00 9.62114705e-01 3.21765795e+01 0.00000000e+00 1.00000000e+00 0.00000000e+00 -2.10765634e-02 -9.62114705e-01 0.00000000e+00 -2.72644998e-01 1.04997546e+01
7.0500090837e+01 -2.77047990e-01 0.00000000e+00 9.60856082e-01 3.22763389e+01 0.00000000e+00 1.00000000e+00 0.00000000e+00 -2.54760878e-02 -9.60856082e-01 0.00000000e+00 -2.77047990e-01 1.04943517e+01
7.0600235701e+01 -2.80247861e-01 0.00000000e+00 9.59927672e-01 3.23764557e+01 0.00000000e+00 1.00000000e+00 0.00000000e+00 -2.91756186e-02 -9.59927672e-01 0.00000000e+00 -2.80247861e-01 1.04778832e+01
7.0700107098e+01 -2.82974533e-01 0.00000000e+00 9.59127423e-01 3.24784374e+01 0.00000000e+00 1.00000000e+00 0.00000000e+00 -2.69751271e-02 -9.59127423e-01 0.00000000e+00 -2.82974533e-01 1.04672884e+01
7.0800307035e+01 -2.81555885e-01 0.00000000e+00 9.59544831e-01 3.25782400e+01 0.00000000e+00 1.00000000e+00 0.00000000e+00 -2.80746304e-02 -9.59544831e-01 0.00000000e+00 -2.81555885e-01 1.04540129e+01
7.0900075912e+01 -2.78623487e-01 0.00000000e+00 9.60400413e-01 3.26756450e+01 0.00000000e+00 1.00000000e+00 0.00000000e+00 -1.94741412e-02 -9.60400413e-01 0.00000000e+00 -2.78623487e-01 1.04366008e+01
7.1000073433e+01 -2.75743912e-01 0.00000000e+00 9.61231135e-01 3.27726577e+01 0.00000000e+00 1.00000000e+00 0.00000000e+00 -2.93736352e-02 -9.61231135e-01 0.00000000e+00 -2.75743912e-01 1.04320367e+01
7.1100037336e+01 -2.75739695e-01 0.00000000e+00 9.61232345e-01 3.27726536e+01 0.00000000e+00 1.00000000e+00 0.00000000e+00 -2.93736352e-02 -9.61232345e-01 0.00000000e+00 -2.75739695e-01 1.04320371e+01
7.1200120687e+01 -2.68520106e-01 0.00000000e+00 9.63274080e-01 3.29725758e+01 0.00000000e+00 1.00000000e+00 0.00000000e+00 -3.69725951e-02 -9.63274080e-01 0.00000000e+00 -2.68520106e-01 1.04121379e+01
7.1300140381e+01 -2.64684557e-01 0.00000000e+00 9.64335048e-01 3.30718666e+01 0.00000000e+00 1.00000000e+00 0.00000000e+00 -3.36720768e-02 -9.64335048e-01 0.00000000e+00 -2.64684557e-01 1.04002247e+01
7.1416210651e+01 -2.63097219e-01 0.00000000e+00 9.64769327e-01 3.31706362e+01 0.00000000e+00 1.00000000e+00 0.00000000e+00 -2.98715700e-02 -9.64769327e-01 0.00000000e+00 -2.63097219e-01 1.03899121e+01
7.1500003338e+01 -2.61082531e-01 0.00000000e+00 9.65316483e-01 3.32640842e+01 0.00000000e+00 1.00000000e+00 0.00000000e+00 -2.78710817e-02 -9.65316483e-01 0.00000000e+00 -2.61082531e-01 1.03829504e+01
7.1600224495e+01 -2.59077819e-01 0.00000000e+00 9.65856451e-01 3.33698413e+01 0.00000000e+00 1.00000000e+00 0.00000000e+00 -3.57705346e-02 -9.65856451e-01 0.00000000e+00 -2.59077819e-01 1.03713872e+01
7.1700142622e+01 -2.59124102e-01 0.00000000e+00 9.65844035e-01 3.34729444e+01 0.00000000e+00 1.00000000e+00 0.00000000e+00 -3.26699975e-02 -9.65844035e-01 0.00000000e+00 -2.59124102e-01 1.03678402e+01
7.1799994707e+01 -2.56198977e-01 0.00000000e+00 9.66624065e-01 3.35731845e+01 0.00000000e+00 1.00000000e+00 0.00000000e+00 -3.71694724e-02 -9.66624065e-01 0.00000000e+00 -2.56198977e-01 1.03557473e+01
7.1900083542e+01 -2.59993248e-01 0.00000000e+00 9.65610434e-01 3.36783143e+01 0.00000000e+00 1.00000000e+00 0.00000000e+00 -3.58689472e-02 -9.65610434e-01 0.00000000e+00 -2.59993248e-01 1.03476916e+01
7.2000109196e+01 -2.57795284e-01 0.00000000e+00 9.66199561e-01 3.37804328e+01 0.00000000e+00 1.00000000e+00 0.00000000e+00 -3.57684023e-02 -9.66199561e-01 0.00000000e+00 -2.57795284e-01 1.03417984e+01
7.2100025177e+01 -2.57792211e-01 0.00000000e+00 9.66200381e-01 3.37804298e+01 0.00000000e+00 1.00000000e+00 0.00000000e+00 -3.57684023e-02 -9.66200381e-01 0.00000000e+00 -2.57792211e-01 1.03417986e+01
7.2200109005e+01 -2.51669925e-01 0.00000000e+00 9.67813127e-01 3.39839824e+01 0.00000000e+00 1.00000000e+00 0.00000000e+00 -4.89673090e-02 -9.67813127e-01 0.00000000e+00 -2.51669925e-01 1.03255027e+01
7.2300089359e+01 -2.50604344e-01 0.00000000e+00 9.68089594e-01 3.40881834e+01 0.00000000e+00 1.00000000e+00 0.00000000e+00 -4.70667653e-02 -9.68089594e-01 0.00000000e+00 -2.50604344e-01 1.03121696e+01
7.2400079489e+01 -2.50603043e-01 0.00000000e+00 9.68089931e-01 3.40881821e+01 0.00000000e+00 1.00000000e+00 0.00000000e+00 -4.70667653e-02 -9.68089931e-01 0.00000000e+00 -2.50603043e-01 1.03121697e+01
7.2500104666e+01 -2.49041756e-01 0.00000000e+00 9.68492748e-01 3.42916378e+01 0.00000000e+00 1.00000000e+00 0.00000000e+00 -3.56656926e-02 -9.68492748e-01 0.00000000e+00 -2.49041756e-01 1.02919215e+01
7.2600075006e+01 -2.46526373e-01 0.00000000e+00 9.69136083e-01 3.43946215e+01 0.00000000e+00 1.00000000e+00 0.00000000e+00 -3.70651386e-02 -9.69136083e-01 0.00000000e+00 -2.46526373e-01 1.02805738e+01
7.2700156927e+01 -2.43285675e-01 0.00000000e+00 9.69954679e-01 3.44953719e+01 0.00000000e+00 1.00000000e+00 0.00000000e+00 -4.00645884e-02 -9.69954679e-01 0.00000000e+00 -2.43285675e-01 1.02721728e+01
7.2800038815e+01 -2.40663719e-01 0.00000000e+00 9.70608559e-01 3.45937720e+01 0.00000000e+00 1.00000000e+00 0.00000000e+00 -4.51640448e-02 -9.70608559e-01 0.00000000e+00 -2.40663719e-01 1.02677851e+01
7.2900050163e+01 -2.43840308e-01 0.00000000e+00 9.69815397e-01 3.46938845e+01 0.00000000e+00 1.00000000e+00 0.00000000e+00 -3.73635233e-02 -9.69815397e-01 0.00000000e+00 -2.43840308e-01 1.02629301e+01
7.2999985218e+01 -2.43185847e-01 0.00000000e+00 9.69979713e-01 3.47951026e+01 0.00000000e+00 1.00000000e+00 0.00000000e+00 -3.80629715e-02 -9.69979713e-01 0.00000000e+00 -2.43185847e-01 1.02590645e+01
7.3100221634e+01 -2.43185030e-01 0.00000000e+00 9.69979918e-01 3.47951018e+01 0.00000000e+00 1.00000000e+00 0.00000000e+00 -3.80629715e-02 -9.69979918e-01 0.00000000e+00 -2.43185030e-01 1.02590645e+01
7.3200072289e+01 -2.32932626e-01 0.00000000e+00 9.72492875e-01 3.49916670e+01 0.00000000e+00 1.00000000e+00 0.00000000e+00 -4.50618592e-02 -9.72492875e-01 0.00000000e+00 -2.32932626e-01 1.02434409e+01
7.3300020933e+01 -2.31255828e-01 0.00000000e+00 9.72892976e-01 3.50904965e+01 0.00000000e+00 1.00000000e+00 0.00000000e+00 -4.27613185e-02 -9.72892976e-01 0.00000000e+00 -2.31255828e-01 1.02346116e+01
7.3400090456e+01 -2.30851874e-01 0.00000000e+00 9.72988906e-01 3.51912288e+01 0.00000000e+00 1.00000000e+00 0.00000000e+00 -3.68607653e-02 -9.72988906e-01 0.00000000e+00 -2.30851874e-01 1.02297068e+01
7.3499997139e+01 -2.24169973e-01 0.00000000e+00 9.74550062e-01 3.52861323e+01 0.00000000e+00 1.00000000e+00 0.00000000e+00 -3.60602156e-02 -9.74550062e-01 0.00000000e+00 -2.24169973e-01 1.02206241e+01
7.3600097179e+01 -2.44797820e-01 0.00000000e+00 9.69574147e-01 3.53992400e+01 0.00000000e+00 1.00000000e+00 0.00000000e+00 -4.00597196e-02 -9.69574147e-01 0.00000000e+00 -2.44797820e-01 1.02058211e+01
7.3700096130e+01 -2.59834530e-01 0.00000000e+00 9.65653156e-01 3.55080409e+01 0.00000000e+00 1.00000000e+00 0.00000000e+00 -3.79592055e-02 -9.65653156e-01 0.00000000e+00 -2.59834530e-01 1.01970862e+01
7.3800173759e+01 -2.69726699e-01 0.00000000e+00 9.62936918e-01 3.56133984e+01 0.00000000e+00 1.00000000e+00 0.00000000e+00 -4.43586886e-02 -9.62936918e-01 0.00000000e+00 -2.69726699e-01 1.01837163e+01
7.3900084019e+01 -2.70731751e-01 0.00000000e+00 9.62654828e-01 3.57112180e+01 0.00000000e+00 1.00000000e+00 0.00000000e+00 -4.59581554e-02 -9.62654828e-01 0.00000000e+00 -2.70731751e-01 1.01771395e+01
7.4000060081e+01 -2.67382458e-01 0.00000000e+00 9.63590484e-01 3.58060285e+01 0.00000000e+00 1.00000000e+00 0.00000000e+00 -4.53576121e-02 -9.63590484e-01 0.00000000e+00 -2.67382458e-01 1.01702153e+01
7.4100075245e+01 -2.68580295e-01 0.00000000e+00 9.63257300e-01 3.59029656e+01 0.00000000e+00 1.00000000e+00 0.00000000e+00 -4.85570906e-02 -9.63257300e-01 0.00000000e+00 -2.68580295e-01 1.01572446e+01
7.4200084925e+01 -2.73063043e-01 0.00000000e+00 9.61996141e-01 3.60072085e+01 0.00000000e+00 1.00000000e+00 0.00000000e+00 -4.97565383e-02 -9.61996141e-01 0.00000000e+00 -2.73063043e-01 1.01489331e+01
7.4300166607e+01 -2.77855542e-01 0.00000000e+00 9.60622870e-01 3.61121201e+01 0.00000000e+00 1.00000000e+00 0.00000000e+00 -5.07559850e-02 -9.60622870e-01 0.00000000e+00 -2.77855542e-01 1.01373323e+01
7.4400069714e+01 -2.75191813e-01 0.00000000e+00 9.61389342e-01 3.62117008e+01 0.00000000e+00 1.00000000e+00 0.00000000e+00 -4.87554193e-02 -9.61389342e-01 0.00000000e+00 -2.75191813e-01 1.01267020e+01
7.4499999046e+01 -2.76561313e-01 0.00000000e+00 9.60996275e-01 3.63141697e+01 0.00000000e+00 1.00000000e+00 0.00000000e+00 -5.08548634e-02 -9.60996275e-01 0.00000000e+00 -2.76561313e-01 1.01131976e+01
7.4600073338e+01 -2.78641666e-01 0.00000000e+00 9.60395138e-01 3.64156213e+01 0.00000000e+00 1.00000000e+00 0.00000000e+00 -5.04543059e-02 -9.60395138e-01 0.00000000e+00 -2.78641666e-01 1.01043257e+01
7.4700168610e+01 -2.88117008e-01 0.00000000e+00 9.57595212e-01 3.65188603e+01 0.00000000e+00 1.00000000e+00 0.00000000e+00 -6.35537742e-02 -9.57595212e-01 0.00000000e+00 -2.88117008e-01 1.00988200e+01
7.4800087929e+01 -2.85203576e-01 0.00000000e+00 9.58466964e-01 3.66195768e+01 0.00000000e+00 1.00000000e+00 0.00000000e+00 -6.09531875e-02 -9.58466964e-01 0.00000000e+00 -2.85203576e-01 1.00927809e+01
7.4900088787e+01 -2.82263643e-01 0.00000000e+00 9.59336873e-01 3.67160021e+01 0.00000000e+00 1.00000000e+00 0.00000000e+00 -6.36526298e-02 -9.59336873e-01 0.00000000e+00 -2.82263643e-01 1.00819358e+01
7.5000014544e+01 -2.84901305e-01 0.00000000e+00 9.58556856e-01 3.68177084e+01 0.00000000e+00 1.00000000e+00 0.00000000e+00 -6.81520744e-02 -9.58556856e-01 0.00000000e+00 -2.84901305e-01 1.00693974e+01
7.5100060701e+01 -2.83061069e-01 0.00000000e+00 9.59101888e-01 3.69201807e+01 0.00000000e+00 1.00000000e+00 0.00000000e+00 -6.10514966e-02 -9.59101888e-01 0.00000000e+00 -2.83061069e-01 1.00512938e+01
7.5200091124e+01 -2.94649012e-01 0.00000000e+00 9.55605546e-01 3.70215759e+01 0.00000000e+00 1.00000000e+00 0.00000000e+00 -7.70509602e-02 -9.55605546e-01 0.00000000e+00 -2.94649012e-01 1.00591451e+01
7.5300032139e+01 -2.93569640e-01 0.00000000e+00 9.55937690e-01 3.71211448e+01 0.00000000e+00 1.00000000e+00 0.00000000e+00 -7.52503891e-02 -9.55937690e-01 0.00000000e+00 -2.93569640e-01 1.00483704e+01
7.5400150061e+01 -2.93774778e-01 0.00000000e+00 9.55874667e-01 3.72230768e+01 0.00000000e+00 1.00000000e+00 0.00000000e+00 -7.30498163e-02 -9.55874667e-01 0.00000000e+00 -2.93774778e-01 1.00336659e+01
7.5500795841e+01 -2.96588508e-01 0.00000000e+00 9.55005370e-01 3.73230263e+01 0.00000000e+00 1.00000000e+00 0.00000000e+00 -7.38492651e-02 -9.55005370e-01 0.00000000e+00 -2.96588508e-01 1.00203057e+01
7.5600039959e+01 -2.98110900e-01 0.00000000e+00 9.54531242e-01 3.74390120e+01 0.00000000e+00 1.00000000e+00 0.00000000e+00 -7.49486442e-02 -9.54531242e-01 0.00000000e+00 -2.98110900e-01 9.98344662e+00
7.5699956179e+01 -2.99066051e-01 0.00000000e+00 9.54232413e-01 3.75392354e+01 0.00000000e+00 1.00000000e+00 0.00000000e+00 -8.41480686e-02 -9.54232413e-01 0.00000000e+00 -2.99066051e-01 9.97662248e+00
7.5800017595e+01 -3.03306633e-01 0.00000000e+00 9.52893009e-01 3.76440120e+01 0.00000000e+00 1.00000000e+00 0.00000000e+00 -7.62474966e-02 -9.52893009e-01 0.00000000e+00 -3.03306633e-01 9.96074816e+00
7.5900038004e+01 -3.07634043e-01 0.00000000e+00 9.51504753e-01 3.77444715e+01 0.00000000e+00 1.00000000e+00 0.00000000e+00 -7.59469448e-02 -9.51504753e-01 0.00000000e+00 -3.07634043e-01 9.94658977e+00
7.6000094175e+01 -3.03865570e-01 0.00000000e+00 9.52714918e-01 3.78400843e+01 0.00000000e+00 1.00000000e+00 0.00000000e+00 -7.82463770e-02 -9.52714918e-01 0.00000000e+00 -3.03865570e-01 9.93160292e+00
7.6099985838e+01 -3.00808851e-01 0.00000000e+00 9.53684452e-01 3.79386192e+01 0.00000000e+00 1.00000000e+00 0.00000000e+00 -8.94457936e-02 -9.53684452e-01 0.00000000e+00 -3.00808851e-01 9.91622681e+00
7.6200049639e+01 -3.03030033e-01 0.00000000e+00 9.52981007e-01 3.80401709e+01 0.00000000e+00 1.00000000e+00 0.00000000e+00 -8.41452217e-02 -9.52981007e-01 0.00000000e+00 -3.03030033e-01 9.90119236e+00
7.6300089359e+01 -3.05208424e-01 0.00000000e+00 9.52285576e-01 3.81404344e+01 0.00000000e+00 1.00000000e+00 0.00000000e+00 -7.94446589e-02 -9.52285576e-01 0.00000000e+00 -3.05208424e-01 9.88310427e+00
7.6400152922e+01 -3.02280463e-01 0.00000000e+00 9.53219031e-01 3.82377679e+01 0.00000000e+00 1.00000000e+00 0.00000000e+00 -7.97440744e-02 -9.53219031e-01 0.00000000e+00 -3.02280463e-01 9.87048043e+00
7.6500029087e+01 -3.05513422e-01 0.00000000e+00 9.52187770e-01 3.83395857e+01 0.00000000e+00 1.00000000e+00 0.00000000e+00 -8.68434942e-02 -9.52187770e-01 0.00000000e+00 -3.05513422e-01 9.86147092e+00
7.6600085735e+01 -3.06070029e-01 0.00000000e+00 9.52009001e-01 3.84388494e+01 0.00000000e+00 1.00000000e+00 0.00000000e+00 -8.87429144e-02 -9.52009001e-01 0.00000000e+00 -3.06070029e-01 9.85021090e+00
7.6700029135e+01 -3.08339760e-01 0.00000000e+00 9.51276297e-01 3.85415781e+01 0.00000000e+00 1.00000000e+00 0.00000000e+00 -9.02423316e-02 -9.51276297e-01 0.00000000e+00 -3.08339760e-01 9.83192069e+00
7.6799984455e+01 -3.07509070e-01 0.00000000e+00 9.51545150e-01 3.86383576e+01 0.00000000e+00 1.00000000e+00 0.00000000e+00 -9.86417590e-02 -9.51545150e-01 0.00000000e+00 -3.07509070e-01 9.81808725e+00
7.6900023699e+01 -3.10037658e-01 0.00000000e+00 9.50724277e-01 3.87373141e+01 0.00000000e+00 1.00000000e+00 0.00000000e+00 -9.40411893e-02 -9.50724277e-01 0.00000000e+00 -3.10037658e-01 9.80489719e+00
7.7000006676e+01 -3.09290321e-01 0.00000000e+00 9.50967664e-01 3.88344848e+01 0.00000000e+00 1.00000000e+00 0.00000000e+00 -9.51406100e-02 -9.50967664e-01 0.00000000e+00 -3.09290321e-01 9.79207216e+00
7.7100005627e+01 -3.09289206e-01 0.00000000e+00 9.50968026e-01 3.88344837e+01 0.00000000e+00 1.00000000e+00 0.00000000e+00 -9.51406100e-02 -9.50968026e-01 0.00000000e+00 -3.09289206e-01 9.79207232e+00
7.7199984789e+01 -3.10927896e-01 0.00000000e+00 9.50433503e-01 3.90347017e+01 0.00000000e+00 1.00000000e+00 0.00000000e+00 -1.00039436e-01 -9.50433503e-01 0.00000000e+00 -3.10927896e-01 9.76227415e+00
7.7300037861e+01 -3.11758290e-01 0.00000000e+00 9.50161444e-01 3.91385228e+01 0.00000000e+00 1.00000000e+00 0.00000000e+00 -1.09638823e-01 -9.50161444e-01 0.00000000e+00 -3.11758290e-01 9.74825470e+00
7.7399973392e+01 -3.13732692e-01 0.00000000e+00 9.49511347e-01 3.92429589e+01 0.00000000e+00 1.00000000e+00 0.00000000e+00 -9.35382147e-02 -9.49511347e-01 0.00000000e+00 -3.13732692e-01 9.73126951e+00
7.7500026941e+01 -3.12177768e-01 0.00000000e+00 9.50023706e-01 3.93456247e+01 0.00000000e+00 1.00000000e+00 0.00000000e+00 -1.00937598e-01 -9.50023706e-01 0.00000000e+00 -3.12177768e-01 9.71111604e+00
7.7600015402e+01 -3.08853411e-01 0.00000000e+00 9.51109652e-01 3.94440875e+01 0.00000000e+00 1.00000000e+00 0.00000000e+00 -1.06336989e-01 -9.51109652e-01 0.00000000e+00 -3.08853411e-01 9.69608486e+00
7.7700129509e+01 -3.18019882e-01 0.00000000e+00 9.48084044e-01 3.95519200e+01 0.00000000e+00 1.00000000e+00 0.00000000e+00 -1.05536399e-01 -9.48084044e-01 0.00000000e+00 -3.18019882e-01 9.67888839e+00
7.7800040960e+01 -3.22054253e-01 0.00000000e+00 9.46721215e-01 3.96535433e+01 0.00000000e+00 1.00000000e+00 0.00000000e+00 -1.04335818e-01 -9.46721215e-01 0.00000000e+00 -3.22054253e-01 9.65846278e+00
7.7900099754e+01 -3.16813406e-01 0.00000000e+00 9.48487884e-01 3.97492914e+01 0.00000000e+00 1.00000000e+00 0.00000000e+00 -1.04735209e-01 -9.48487884e-01 0.00000000e+00 -3.16813406e-01 9.64394523e+00
7.8000046730e+01 -3.22727256e-01 0.00000000e+00 9.46492007e-01 3.98524306e+01 0.00000000e+00 1.00000000e+00 0.00000000e+00 -1.04534622e-01 -9.46492007e-01 0.00000000e+00 -3.22727256e-01 9.62891096e+00
7.8100022793e+01 -3.19738858e-01 0.00000000e+00 9.47505706e-01 3.99504775e+01 0.00000000e+00 1.00000000e+00 0.00000000e+00 -1.01434008e-01 -9.47505706e-01 0.00000000e+00 -3.19738858e-01 9.61370977e+00
7.8200024128e+01 -3.23103720e-01 0.00000000e+00 9.46363559e-01 4.00536256e+01 0.00000000e+00 1.00000000e+00 0.00000000e+00 -1.04633405e-01 -9.46363559e-01 0.00000000e+00 -3.23103720e-01 9.59582220e+00
7.8302456856e+01 -3.31575580e-01 0.00000000e+00 9.43428659e-01 4.01593752e+01 0.00000000e+00 1.00000000e+00 0.00000000e+00 -1.11132806e-01 -9.43428659e-01 0.00000000e+00 -3.31575580e-01 9.58240419e+00
7.8400097370e+01 -3.32217914e-01 0.00000000e+00 9.43202660e-01 4.02614208e+01 0.00000000e+00 1.00000000e+00 0.00000000e+00 -9.80321949e-02 -9.43202660e-01 0.00000000e+00 -3.32217914e-01 9.56210710e+00
7.8500045776e+01 -3.31710686e-01 0.00000000e+00 9.43381164e-01 4.03587008e+01 0.00000000e+00 1.00000000e+00 0.00000000e+00 -9.70316042e-02 -9.43381164e-01 0.00000000e+00 -3.31710686e-01 9.54017575e+00
7.8600003958e+01 -3.30795748e-01 0.00000000e+00 9.43702375e-01 4.04542579e+01 0.00000000e+00 1.00000000e+00 0.00000000e+00 -1.03031010e-01 -9.43702375e-01 0.00000000e+00 -3.30795748e-01 9.52598870e+00
7.8700026512e+01 -3.33309431e-01 0.00000000e+00 9.42817492e-01 4.05574335e+01 0.00000000e+00 1.00000000e+00 0.00000000e+00 -1.03430395e-01 -9.42817492e-01 0.00000000e+00 -3.33309431e-01 9.50714668e+00
7.8800015926e+01 -3.39326564e-01 0.00000000e+00 9.40668636e-01 4.06619945e+01 0.00000000e+00 1.00000000e+00 0.00000000e+00 -1.04229785e-01 -9.40668636e-01 0.00000000e+00 -3.39326564e-01 9.49283544e+00
7.8899970293e+01 -3.41860117e-01 0.00000000e+00 9.39750850e-01 4.07632986e+01 0.00000000e+00 1.00000000e+00 0.00000000e+00 -9.85291828e-02 -9.39750850e-01 0.00000000e+00 -3.41860117e-01 9.47011824e+00
7.9000004530e+01 -3.51476255e-01 0.00000000e+00 9.36196797e-01 4.08669927e+01 0.00000000e+00 1.00000000e+00 0.00000000e+00 -1.01328610e-01 -9.36196797e-01 0.00000000e+00 -3.51476255e-01 9.44665383e+00
7.9099975348e+01 -3.51488737e-01 0.00000000e+00 9.36192110e-01 4.08670053e+01 0.00000000e+00 1.00000000e+00 0.00000000e+00 -1.01328610e-01 -9.36192110e-01 0.00000000e+00 -3.51488737e-01 9.44665153e+00
7.9199984074e+01 -3.70979832e-01 0.00000000e+00 9.28640923e-01 4.10740498e+01 0.00000000e+00 1.00000000e+00 0.00000000e+00 -1.09227449e-01 -9.28640923e-01 0.00000000e+00 -3.70979832e-01 9.40767092e+00
7.9299954176e+01 -3.80336077e-01 0.00000000e+00 9.24848349e-01 4.11784266e+01 0.00000000e+00 1.00000000e+00 0.00000000e+00 -1.08526867e-01 -9.24848349e-01 0.00000000e+00 -3.80336077e-01 9.38351281e+00
7.9400326014e+01 -3.85424778e-01 0.00000000e+00 9.22739259e-01 4.12770679e+01 0.00000000e+00 1.00000000e+00 0.00000000e+00 -1.09826284e-01 -9.22739259e-01 0.00000000e+00 -3.85424778e-01 9.36521848e+00
7.9500063896e+01 -4.10610566e-01 0.00000000e+00 9.11810815e-01 4.13886861e+01 0.00000000e+00 1.00000000e+00 0.00000000e+00 -1.06025756e-01 -9.11810815e-01 0.00000000e+00 -4.10610566e-01 9.33649938e+00
7.9600095987e+01 -4.31482085e-01 0.00000000e+00 9.02121505e-01 4.14939270e+01 0.00000000e+00 1.00000000e+00 0.00000000e+00 -1.15925245e-01 -9.02121505e-01 0.00000000e+00 -4.31482085e-01 9.30417176e+00
7.9699993134e+01 -4.49457145e-01 0.00000000e+00 8.93301895e-01 4.15967028e+01 0.00000000e+00 1.00000000e+00 0.00000000e+00 -1.17824737e-01 -8.93301895e-01 0.00000000e+00 -4.49457145e-01 9.26857060e+00
7.9800070286e+01 -4.62591177e-01 0.00000000e+00 8.86571713e-01 4.16992250e+01 0.00000000e+00 1.00000000e+00 0.00000000e+00 -1.15324205e-01 -8.86571713e-01 0.00000000e+00 -4.62591177e-01 9.22676742e+00
7.9899966717e+01 -4.84396422e-01 0.00000000e+00 8.74848619e-01 4.18050183e+01 0.00000000e+00 1.00000000e+00 0.00000000e+00 -1.16023691e-01 -8.74848619e-01 0.00000000e+00 -4.84396422e-01 9.19583512e+00
7.9999970436e+01 -5.03616751e-01 0.00000000e+00 8.63927177e-01 4.19070316e+01 0.00000000e+00 1.00000000e+00 0.00000000e+00 -1.21523201e-01 -8.63927177e-01 0.00000000e+00 -5.03616751e-01 9.15316699e+00
8.0099995852e+01 -5.03639788e-01 0.00000000e+00 8.63913748e-01 4.19070555e+01 0.00000000e+00 1.00000000e+00 0.00000000e+00 -1.21523201e-01 -8.63913748e-01 0.00000000e+00 -5.03639788e-01 9.15315825e+00
8.0200094223e+01 -5.49709759e-01 0.00000000e+00 8.35355721e-01 4.21152443e+01 0.00000000e+00 1.00000000e+00 0.00000000e+00 -1.25322239e-01 -8.35355721e-01 0.00000000e+00 -5.49709759e-01 9.06431638e+00
8.0300022364e+01 -5.76428814e-01 0.00000000e+00 8.17147369e-01 4.22234598e+01 0.00000000e+00 1.00000000e+00 0.00000000e+00 -1.20621769e-01 -8.17147369e-01 0.00000000e+00 -5.76428814e-01 9.00651893e+00
8.0399991751e+01 -5.96000008e-01 0.00000000e+00 8.02984427e-01 4.23260690e+01 0.00000000e+00 1.00000000e+00 0.00000000e+00 -1.20621282e-01 -8.02984427e-01 0.00000000e+00 -5.96000008e-01 8.95387644e+00
8.0500015020e+01 -6.18965079e-01 0.00000000e+00 7.85418507e-01 4.24257165e+01 0.00000000e+00 1.00000000e+00 0.00000000e+00 -1.25420832e-01 -7.85418507e-01 0.00000000e+00 -6.18965079e-01 8.90447117e+00
8.0600048542e+01 -6.40813698e-01 0.00000000e+00 7.67696428e-01 4.25242855e+01 0.00000000e+00 1.00000000e+00 0.00000000e+00 -1.27220397e-01 -7.67696428e-01 0.00000000e+00 -6.40813698e-01 8.84214482e+00
8.0699969769e+01 -6.63815519e-01 0.00000000e+00 7.47896354e-01 4.26285430e+01 0.00000000e+00 1.00000000e+00 0.00000000e+00 -1.25919939e-01 -7.47896354e-01 0.00000000e+00 -6.63815519e-01 8.77387127e+00
8.0799973011e+01 -6.82937448e-01 0.00000000e+00 7.30476860e-01 4.27220086e+01 0.00000000e+00 1.00000000e+00 0.00000000e+00 -1.29419520e-01 -7.30476860e-01 0.00000000e+00 -6.82937448e-01 8.70951074e+00
8.0899935484e+01 -7.06904265e-01 0.00000000e+00 7.07309240e-01 4.28195106e+01 0.00000000e+00 1.00000000e+00 0.00000000e+00 -1.31619109e-01 -7.07309240e-01 0.00000000e+00 -7.06904265e-01 8.64004412e+00
8.0999974012e+01 -7.24723365e-01 0.00000000e+00 6.89039944e-01 4.29100420e+01 0.00000000e+00 1.00000000e+00 0.00000000e+00 -1.28318710e-01 -6.89039944e-01 0.00000000e+00 -7.24723365e-01 8.56850673e+00
8.1100028276e+01 -7.24745734e-01 0.00000000e+00 6.89016416e-01 4.29100670e+01 0.00000000e+00 1.00000000e+00 0.00000000e+00 -1.28318710e-01 -6.89016416e-01 0.00000000e+00 -7.24745734e-01 8.56848838e+00
8.1200004816e+01 -7.58359527e-01 0.00000000e+00 6.51836504e-01 4.30822001e+01 0.00000000e+00 1.00000000e+00 0.00000000e+00 -1.23617950e-01 -6.51836504e-01 0.00000000e+00 -7.58359527e-01 8.42530656e+00
8.1300014496e+01 -7.76827446e-01 0.00000000e+00 6.29713521e-01 4.31649702e+01 0.00000000e+00 1.00000000e+00 0.00000000e+00 -1.31017607e-01 -6.29713521e-01 0.00000000e+00 -7.76827446e-01 8.34909476e+00
8.1399974346e+01 -7.95633113e-01 0.00000000e+00 6.05778796e-01 4.32469440e+01 0.00000000e+00 1.00000000e+00 0.00000000e+00 -1.30117275e-01 -6.05778796e-01 0.00000000e+00 -7.95633113e-01 8.27032389e+00
8.1500002861e+01 -8.04244641e-01 0.00000000e+00 5.94298374e-01 4.33202282e+01 0.00000000e+00 1.00000000e+00 0.00000000e+00 -1.27716932e-01 -5.94298374e-01 0.00000000e+00 -8.04244641e-01 8.19056606e+00
8.1600007296e+01 -8.21610340e-01 0.00000000e+00 5.70049515e-01 4.34004489e+01 0.00000000e+00 1.00000000e+00 0.00000000e+00 -1.31216604e-01 -5.70049515e-01 0.00000000e+00 -8.21610340e-01 8.10759118e+00
8.1699984789e+01 -8.32902223e-01 0.00000000e+00 5.53420172e-01 4.34707420e+01 0.00000000e+00 1.00000000e+00 0.00000000e+00 -1.38716301e-01 -5.53420172e-01 0.00000000e+00 -8.32902223e-01 8.02484430e+00
8.1800132990e+01 -8.46059038e-01 0.00000000e+00 5.33089209e-01 4.35457596e+01 0.00000000e+00 1.00000000e+00 0.00000000e+00 -1.36915976e-01 -5.33089209e-01 0.00000000e+00 -8.46059038e-01 7.94276023e+00
8.1900082111e+01 -8.59037986e-01 0.00000000e+00 5.11911847e-01 4.36174584e+01 0.00000000e+00 1.00000000e+00 0.00000000e+00 -1.34715682e-01 -5.11911847e-01 0.00000000e+00 -8.59037986e-01 7.85233389e+00
8.2000070095e+01 -8.71301807e-01 0.00000000e+00 4.90747554e-01 4.36893196e+01 0.00000000e+00 1.00000000e+00 0.00000000e+00 -1.32515378e-01 -4.90747554e-01 0.00000000e+00 -8.71301807e-01 7.76400437e+00
8.2100024223e+01 -8.71317463e-01 0.00000000e+00 4.90719756e-01 4.36893390e+01 0.00000000e+00 1.00000000e+00 0.00000000e+00 -1.32515378e-01 -4.90719756e-01 0.00000000e+00 -8.71317463e-01 7.76398087e+00
8.2200117111e+01 -8.93569967e-01 0.00000000e+00 4.48923951e-01 4.38178533e+01 0.00000000e+00 1.00000000e+00 0.00000000e+00 -1.57414849e-01 -4.48923951e-01 0.00000000e+00 -8.93569967e-01 7.58993015e+00
8.2300017357e+01 -8.95777693e-01 0.00000000e+00 4.44502334e-01 4.38735801e+01 0.00000000e+00 1.00000000e+00 0.00000000e+00 -1.53814577e-01 -4.44502334e-01 0.00000000e+00 -8.95777693e-01 7.50788984e+00
8.2400006771e+01 -9.05832146e-01 0.00000000e+00 4.23636783e-01 4.39389994e+01 0.00000000e+00 1.00000000e+00 0.00000000e+00 -1.56814305e-01 -4.23636783e-01 0.00000000e+00 -9.05832146e-01 7.41262970e+00
8.2500002384e+01 -9.14341768e-01 0.00000000e+00 4.04943368e-01 4.40013595e+01 0.00000000e+00 1.00000000e+00 0.00000000e+00 -1.67314030e-01 -4.04943368e-01 0.00000000e+00 -9.14341768e-01 7.32605685e+00
8.2599956036e+01 -9.19073319e-01 0.00000000e+00 3.94086583e-01 4.40565006e+01 0.00000000e+00 1.00000000e+00 0.00000000e+00 -1.65713784e-01 -3.94086583e-01 0.00000000e+00 -9.19073319e-01 7.23503828e+00
8.2700010538e+01 -9.27346965e-01 0.00000000e+00 3.74202628e-01 4.41136889e+01 0.00000000e+00 1.00000000e+00 0.00000000e+00 -1.70313548e-01 -3.74202628e-01 0.00000000e+00 -9.27346965e-01 7.14496705e+00
8.2800049782e+01 -9.32620190e-01 0.00000000e+00 3.60859503e-01 4.41649822e+01 0.00000000e+00 1.00000000e+00 0.00000000e+00 -1.75313331e-01 -3.60859503e-01 0.00000000e+00 -9.32620190e-01 7.05144994e+00
8.2900058508e+01 -9.36836329e-01 0.00000000e+00 3.49768055e-01 4.42196309e+01 0.00000000e+00 1.00000000e+00 0.00000000e+00 -1.77513080e-01 -3.49768055e-01 0.00000000e+00 -9.36836329e-01 6.96178110e+00
8.3000040770e+01 -9.43340791e-01 0.00000000e+00 3.31825485e-01 4.42682774e+01 0.00000000e+00 1.00000000e+00 0.00000000e+00 -1.81812891e-01 -3.31825485e-01 0.00000000e+00 -9.43340791e-01 6.86585763e+00
8.3100026369e+01 -9.43350129e-01 0.00000000e+00 3.31798936e-01 4.42682907e+01 0.00000000e+00 1.00000000e+00 0.00000000e+00 -1.81812891e-01 -3.31798936e-01 0.00000000e+00 -9.43350129e-01 6.86583425e+00
8.3200001717e+01 -9.53359551e-01 0.00000000e+00 3.01836985e-01 4.43642759e+01 0.00000000e+00 1.00000000e+00 0.00000000e+00 -1.96912498e-01 -3.01836985e-01 0.00000000e+00 -9.53359551e-01 6.67180234e+00
8.3300009489e+01 -9.58089059e-01 0.00000000e+00 2.86470512e-01 4.44140761e+01 0.00000000e+00 1.00000000e+00 0.00000000e+00 -1.74812299e-01 -2.86470512e-01 0.00000000e+00 -9.58089059e-01 6.56130075e+00
8.3399966478e+01 -9.64496283e-01 0.00000000e+00 2.64096420e-01 4.44618067e+01 0.00000000e+00 1.00000000e+00 0.00000000e+00 -1.82812112e-01 -2.64096420e-01 0.00000000e+00 -9.64496283e-01 6.46486262e+00
8.3499962091e+01 -9.67875987e-01 0.00000000e+00 2.51428070e-01 4.45050891e+01 0.00000000e+00 1.00000000e+00 0.00000000e+00 -1.88011931e-01 -2.51428070e-01 0.00000000e+00 -9.67875987e-01 6.36997423e+00
8.3620878220e+01 -9.71384001e-01 0.00000000e+00 2.37514466e-01 4.45475383e+01 0.00000000e+00 1.00000000e+00 0.00000000e+00 -1.85711760e-01 -2.37514466e-01 0.00000000e+00 -9.71384001e-01 6.26812356e+00
8.3700061560e+01 -9.76335391e-01 0.00000000e+00 2.16261887e-01 4.45947054e+01 0.00000000e+00 1.00000000e+00 0.00000000e+00 -1.95311570e-01 -2.16261887e-01 0.00000000e+00 -9.76335391e-01 6.16467187e+00
8.3800018311e+01 -9.77509868e-01 0.00000000e+00 2.10889683e-01 4.46276421e+01 0.00000000e+00 1.00000000e+00 0.00000000e+00 -2.02311437e-01 -2.10889683e-01 0.00000000e+00 -9.77509868e-01 6.07195582e+00
8.3900099277e+01 -9.82054270e-01 0.00000000e+00 1.88598542e-01 4.46674149e+01 0.00000000e+00 1.00000000e+00 0.00000000e+00 -2.09711297e-01 -1.88598542e-01 0.00000000e+00 -9.82054270e-01 5.96324140e+00
8.4000015736e+01 -9.85936886e-01 0.00000000e+00 1.67118093e-01 4.47012702e+01 0.00000000e+00 1.00000000e+00 0.00000000e+00 -2.06611191e-01 -1.67118093e-01 0.00000000e+00 -9.85936886e-01 5.85477801e+00
8.4099975348e+01 -9.85942430e-01 0.00000000e+00 1.67085381e-01 4.47012809e+01 0.00000000e+00 1.00000000e+00 0.00000000e+00 -2.06611191e-01 -1.67085381e-01 0.00000000e+00 -9.85942430e-01 5.85474819e+00
8.4200029135e+01 -9.90583891e-01 0.00000000e+00 1.36907101e-01 4.47605757e+01 0.00000000e+00 1.00000000e+00 0.00000000e+00 -2.03411000e-01 -1.36907101e-01 0.00000000e+00 -9.90583891e-01 5.64844360e+00
8.4300032854e+01 -9.92077237e-01 0.00000000e+00 1.25629442e-01 4.47892159e+01 0.00000000e+00 1.00000000e+00 0.00000000e+00 -2.06310900e-01 -1.25629442e-01 0.00000000e+00 -9.92077237e-01 5.54987212e+00
8.4400030851e+01 -9.94050548e-01 0.00000000e+00 1.08919730e-01 4.48174462e+01 0.00000000e+00 1.00000000e+00 0.00000000e+00 -2.10510809e-01 -1.08919730e-01 0.00000000e+00 -9.94050548e-01 5.44631430e+00
8.4550788879e+01 -9.96925509e-01 0.00000000e+00 7.83551490e-02 4.48457211e+01 0.00000000e+00 1.00000000e+00 0.00000000e+00 -2.04510744e-01 -7.83551490e-02 0.00000000e+00 -9.96925509e-01 5.32385092e+00
8.4600137949e+01 -9.98026877e-01 0.00000000e+00 6.27881546e-02 4.48700339e+01 0.00000000e+00 1.00000000e+00 0.00000000e+00 -2.12210670e-01 -6.27881546e-02 0.00000000e+00 -9.98026877e-01 5.22276685e+00
8.4700122595e+01 -9.98791682e-01 0.00000000e+00 4.91444400e-02 4.48890140e+01 0.00000000e+00 1.00000000e+00 0.00000000e+00 -2.10310631e-01 -4.91444400e-02 0.00000000e+00 -9.98791682e-01 5.12002498e+00
8.4800062895e+01 -9.99298039e-01 0.00000000e+00 3.74623679e-02 4.49126853e+01 0.00000000e+00 1.00000000e+00 0.00000000e+00 -2.09310555e-01 -3.74623679e-02 0.00000000e+00 -9.99298039e-01 5.01484598e+00
8.4900016308e+01 -9.99589535e-01 0.00000000e+00 2.86489361e-02 4.49290557e+01 0.00000000e+00 1.00000000e+00 0.00000000e+00 -2.02210526e-01 -2.86489361e-02 0.00000000e+00 -9.99589535e-01 4.90965244e+00
8.5000314713e+01 -9.99735111e-01 0.00000000e+00 2.30153698e-02 4.49464505e+01 0.00000000e+00 1.00000000e+00 0.00000000e+00 -2.11910485e-01 -2.30153698e-02 0.00000000e+00 -9.99735111e-01 4.80813251e+00
8.5100096464e+01 -9.99735111e-01 0.00000000e+00 2.30153698e-02 4.49464505e+01 0.00000000e+00 1.00000000e+00 0.00000000e+00 -2.11910485e-01 -2.30153698e-02 0.00000000e+00 -9.99735111e-01 4.80813251e+00
8.5200067759e+01 -9.99865744e-01 0.00000000e+00 1.63857771e-02 4.49866306e+01 0.00000000e+00 1.00000000e+00 0.00000000e+00 -2.19610354e-01 -1.63857771e-02 0.00000000e+00 -9.99865744e-01 4.60822741e+00
8.5300159693e+01 -9.99994153e-01 0.00000000e+00 3.41974110e-03 4.50014779e+01 0.00000000e+00 1.00000000e+00 0.00000000e+00 -2.20810332e-01 -3.41974110e-03 0.00000000e+00 -9.99994153e-01 4.50142349e+00
8.5400195599e+01 -9.99969152e-01 0.00000000e+00 7.85464027e-03 4.50194225e+01 0.00000000e+00 1.00000000e+00 0.00000000e+00 -2.23610272e-01 -7.85464027e-03 0.00000000e+00 -9.99969152e-01 4.40192667e+00
8.5525830746e+01 -9.99979751e-01 0.00000000e+00 6.36379647e-03 4.50377627e+01 0.00000000e+00 1.00000000e+00 0.00000000e+00 -2.31610210e-01 -6.36379647e-03 0.00000000e+00 -9.99979751e-01 4.30404729e+00
8.5600121260e+01 -9.99998005e-01 0.00000000e+00 1.99736080e-03 4.50574763e+01 0.00000000e+00 1.00000000e+00 0.00000000e+00 -2.29010143e-01 -1.99736080e-03 0.00000000e+00 -9.99998005e-01 4.20063475e+00
8.5700060368e+01 -9.99990578e-01 0.00000000e+00 -4.34099879e-03 4.50732699e+01 0.00000000e+00 1.00000000e+00 0.00000000e+00 -2.27010103e-01 4.34099879e-03 0.00000000e+00 -9.99990578e-01 4.09578013e+00
8.5800064802e+01 -9.99947122e-01 0.00000000e+00 -1.02836414e-02 4.50892985e+01 0.00000000e+00 1.00000000e+00 0.00000000e+00 -2.37910057e-01 1.02836414e-02 0.00000000e+00 -9.99947122e-01 3.99428686e+00
8.5900029898e+01 -9.99690063e-01 0.00000000e+00 -2.48953269e-02 4.50991589e+01 0.00000000e+00 1.00000000e+00 0.00000000e+00 -2.42010060e-01 2.48953269e-02 0.00000000e+00 -9.99690063e-01 3.88677841e+00
8.6000032187e+01 -9.99350059e-01 0.00000000e+00 -3.60480248e-02 4.51103513e+01 0.00000000e+00 1.00000000e+00 0.00000000e+00 -2.35510050e-01 3.60480248e-02 0.00000000e+00 -9.99350059e-01 3.77999995e+00
8.6100034714e+01 -9.99349396e-01 0.00000000e+00 -3.60663866e-02 4.51103538e+01 0.00000000e+00 1.00000000e+00 0.00000000e+00 -2.35510050e-01 3.60663866e-02 0.00000000e+00 -9.99349396e-01 3.77998258e+00
8.6200003624e+01 -9.97621762e-01 0.00000000e+00 -6.89261986e-02 4.51314600e+01 0.00000000e+00 1.00000000e+00 0.00000000e+00 -2.45810031e-01 6.89261986e-02 0.00000000e+00 -9.97621762e-01 3.56785206e+00
8.6300111294e+01 -9.96961318e-01 0.00000000e+00 -7.78982076e-02 4.51419750e+01 0.00000000e+00 1.00000000e+00 0.00000000e+00 -2.51110018e-01 7.78982076e-02 0.00000000e+00 -9.96961318e-01 3.46152581e+00
8.6400022745e+01 -9.95949193e-01 0.00000000e+00 -8.99177640e-02 4.51486637e+01 0.00000000e+00 1.00000000e+00 0.00000000e+00 -2.58510028e-01 8.99177640e-02 0.00000000e+00 -9.95949193e-01 3.35784899e+00
8.6499994516e+01 -9.95530249e-01 0.00000000e+00 -9.44432326e-02 4.51568135e+01 0.00000000e+00 1.00000000e+00 0.00000000e+00 -2.57310025e-01 9.44432326e-02 0.00000000e+00 -9.95530249e-01 3.25233532e+00
8.6600064039e+01 -9.93837984e-01 0.00000000e+00 -1.10842504e-01 4.51607400e+01 0.00000000e+00 1.00000000e+00 0.00000000e+00 -2.62810051e-01 1.10842504e-01 0.00000000e+00 -9.93837984e-01 3.14374317e+00
8.6699984550e+01 -9.91656261e-01 0.00000000e+00 -1.28910277e-01 4.51640264e+01 0.00000000e+00 1.00000000e+00 0.00000000e+00 -2.67410079e-01 1.28910277e-01 0.00000000e+00 -9.91656261e-01 3.03623587e+00
8.6800085068e+01 -9.90383129e-01 0.00000000e+00 -1.38351933e-01 4.51643890e+01 0.00000000e+00 1.00000000e+00 0.00000000e+00 -2.71610127e-01 1.38351933e-01 0.00000000e+00 -9.90383129e-01 2.92644080e+00
8.6900005102e+01 -9.88890883e-01 0.00000000e+00 -1.48643272e-01 4.51625567e+01 0.00000000e+00 1.00000000e+00 0.00000000e+00 -2.79910187e-01 1.48643272e-01 0.00000000e+00 -9.88890883e-01 2.81925235e+00
8.7000017166e+01 -9.87106131e-01 0.00000000e+00 -1.60067131e-01 4.51632678e+01 0.00000000e+00 1.00000000e+00 0.00000000e+00 -2.83910226e-01 1.60067131e-01 0.00000000e+00 -9.87106131e-01 2.70999910e+00
8.7099981785e+01 -9.87103037e-01 0.00000000e+00 -1.60086207e-01 4.51632681e+01 0.00000000e+00 1.00000000e+00 0.00000000e+00 -2.83910226e-01 1.60086207e-01 0.00000000e+00 -9.87103037e-01 2.70998065e+00
8.7200409174e+01 -9.81882701e-01 0.00000000e+00 -1.89489741e-01 4.51541703e+01 0.00000000e+00 1.00000000e+00 0.00000000e+00 -2.89510369e-01 1.89489741e-01 0.00000000e+00 -9.81882701e-01 2.49031981e+00
8.7300126791e+01 -9.79692381e-01 0.00000000e+00 -2.00506457e-01 4.51547896e+01 0.00000000e+00 1.00000000e+00 0.00000000e+00 -2.97110401e-01 2.00506457e-01 0.00000000e+00 -9.79692381e-01 2.38348581e+00
8.7438980341e+01 -9.79239660e-01 0.00000000e+00 -2.02705916e-01 4.51499273e+01 0.00000000e+00 1.00000000e+00 0.00000000e+00 -2.81210473e-01 2.02705916e-01 0.00000000e+00 -9.79239660e-01 2.28378281e+00
8.7500082493e+01 -9.74161951e-01 0.00000000e+00 -2.25850600e-01 4.51373955e+01 0.00000000e+00 1.00000000e+00 0.00000000e+00 -2.93910586e-01 2.25850600e-01 0.00000000e+00 -9.74161951e-01 2.17057855e+00
8.7599971771e+01 -9.72093444e-01 0.00000000e+00 -2.34593981e-01 4.51325416e+01 0.00000000e+00 1.00000000e+00 0.00000000e+00 -2.87710651e-01 2.34593981e-01 0.00000000e+00 -9.72093444e-01 2.06172507e+00
8.7699951887e+01 -9.71242649e-01 0.00000000e+00 -2.38091825e-01 4.51186715e+01 0.00000000e+00 1.00000000e+00 0.00000000e+00 -2.94210777e-01 2.38091825e-01 0.00000000e+00 -9.71242649e-01 1.96490816e+00
8.7800071478e+01 -9.65351583e-01 0.00000000e+00 -2.60952720e-01 4.51075005e+01 0.00000000e+00 1.00000000e+00 0.00000000e+00 -2.85710874e-01 2.60952720e-01 0.00000000e+00 -9.65351583e-01 1.84642425e+00
8.7899994612e+01 -9.64544692e-01 0.00000000e+00 -2.63919566e-01 4.50936855e+01 0.00000000e+00 1.00000000e+00 0.00000000e+00 -2.88410998e-01 2.63919566e-01 0.00000000e+00 -9.64544692e-01 1.74398049e+00
8.8000029802e+01 -9.60797507e-01 0.00000000e+00 -2.77251061e-01 4.50825616e+01 0.00000000e+00 1.00000000e+00 0.00000000e+00 -2.84111093e-01 2.77251061e-01 0.00000000e+00 -9.60797507e-01 1.63517089e+00
8.8100035191e+01 -9.60792221e-01 0.00000000e+00 -2.77269377e-01 4.50825597e+01 0.00000000e+00 1.00000000e+00 0.00000000e+00 -2.84111093e-01 2.77269377e-01 0.00000000e+00 -9.60792221e-01 1.63515278e+00
8.8200078011e+01 -9.54779627e-01 0.00000000e+00 -2.97314420e-01 4.50506864e+01 0.00000000e+00 1.00000000e+00 0.00000000e+00 -2.97011350e-01 2.97314420e-01 0.00000000e+00 -9.54779627e-01 1.42646615e+00
8.8300029755e+01 -9.50296904e-01 0.00000000e+00 -3.11345138e-01 4.50345197e+01 0.00000000e+00 1.00000000e+00 0.00000000e+00 -2.96811472e-01 3.11345138e-01 0.00000000e+00 -9.50296904e-01 1.31681228e+00
8.8400012255e+01 -9.47175235e-01 0.00000000e+00 -3.20716500e-01 4.50142654e+01 0.00000000e+00 1.00000000e+00 0.00000000e+00 -2.95311625e-01 3.20716500e-01 0.00000000e+00 -9.47175235e-01 1.21246533e+00
8.8500019789e+01 -9.41519444e-01 0.00000000e+00 -3.36958657e-01 4.49919986e+01 0.00000000e+00 1.00000000e+00 0.00000000e+00 -2.94111782e-01 3.36958657e-01 0.00000000e+00 -9.41519444e-01 1.10515198e+00
8.8600112438e+01 -9.38492335e-01 0.00000000e+00 -3.45300068e-01 4.49731972e+01 0.00000000e+00 1.00000000e+00 0.00000000e+00 -2.95011922e-01 3.45300068e-01 0.00000000e+00 -9.38492335e-01 9.99344486e-01
8.8700086832e+01 -9.31863182e-01 0.00000000e+00 -3.62809882e-01 4.49568536e+01 0.00000000e+00 1.00000000e+00 0.00000000e+00 -3.00012031e-01 3.62809882e-01 0.00000000e+00 -9.31863182e-01 8.87381000e-01
8.8799993038e+01 -9.30072668e-01 0.00000000e+00 -3.67375601e-01 4.49326624e+01 0.00000000e+00 1.00000000e+00 0.00000000e+00 -3.02012207e-01 3.67375601e-01 0.00000000e+00 -9.30072668e-01 7.88793392e-01
8.8900013208e+01 -9.23910070e-01 0.00000000e+00 -3.82609699e-01 4.49055558e+01 0.00000000e+00 1.00000000e+00 0.00000000e+00 -3.16812386e-01 3.82609699e-01 0.00000000e+00 -9.23910070e-01 6.83984307e-01
8.9000000715e+01 -9.20607603e-01 0.00000000e+00 -3.90488978e-01 4.48787563e+01 0.00000000e+00 1.00000000e+00 0.00000000e+00 -3.24112572e-01 3.90488978e-01 0.00000000e+00 -9.20607603e-01 5.85418482e-01
8.9100034475e+01 -9.20603026e-01 0.00000000e+00 -3.90499768e-01 4.48787538e+01 0.00000000e+00 1.00000000e+00 0.00000000e+00 -3.24112572e-01 3.90499768e-01 0.00000000e+00 -9.20603026e-01 5.85407568e-01
8.9200169086e+01 -9.10131781e-01 0.00000000e+00 -4.14318888e-01 4.48217297e+01 0.00000000e+00 1.00000000e+00 0.00000000e+00 -3.04312950e-01 4.14318888e-01 0.00000000e+00 -9.10131781e-01 3.71371010e-01
8.9306001902e+01 -9.04176378e-01 0.00000000e+00 -4.27159311e-01 4.47928845e+01 0.00000000e+00 1.00000000e+00 0.00000000e+00 -3.08713134e-01 4.27159311e-01 0.00000000e+00 -9.04176378e-01 2.64902749e-01
8.9400257349e+01 -9.02347078e-01 0.00000000e+00 -4.31010153e-01 4.47624631e+01 0.00000000e+00 1.00000000e+00 0.00000000e+00 -3.12613345e-01 4.31010153e-01 0.00000000e+00 -9.02347078e-01 1.74587710e-01
8.9500073910e+01 -8.94893563e-01 0.00000000e+00 -4.46279633e-01 4.47270588e+01 0.00000000e+00 1.00000000e+00 0.00000000e+00 -3.16713565e-01 4.46279633e-01 0.00000000e+00 -8.94893563e-01 6.76305563e-02
8.9600209475e+01 -8.87821864e-01 0.00000000e+00 -4.60187285e-01 4.46916024e+01 0.00000000e+00 1.00000000e+00 0.00000000e+00 -3.13513785e-01 4.60187285e-01 0.00000000e+00 -8.87821864e-01 -3.68376657e-02
8.9699994087e+01 -8.83822409e-01 0.00000000e+00 -4.67822563e-01 4.46587509e+01 0.00000000e+00 1.00000000e+00 0.00000000e+00 -3.21113998e-01 4.67822563e-01 0.00000000e+00 -8.83822409e-01 -1.34730291e-01
8.9799974918e+01 -8.77707671e-01 0.00000000e+00 -4.79196457e-01 4.46236483e+01 0.00000000e+00 1.00000000e+00 0.00000000e+00 -3.31614216e-01 4.79196457e-01 0.00000000e+00 -8.77707671e-01 -2.27832277e-01
8.9899951220e+01 -8.70552001e-01 0.00000000e+00 -4.92076431e-01 4.45864767e+01 0.00000000e+00 1.00000000e+00 0.00000000e+00 -3.32214443e-01 4.92076431e-01 0.00000000e+00 -8.70552001e-01 -3.30773611e-01
9.0000094175e+01 -8.64925742e-01 0.00000000e+00 -5.01899852e-01 4.45459641e+01 0.00000000e+00 1.00000000e+00 0.00000000e+00 -3.33914697e-01 5.01899852e-01 0.00000000e+00 -8.64925742e-01 -4.25829498e-01
9.0100015879e+01 -8.64919373e-01 0.00000000e+00 -5.01910827e-01 4.45459599e+01 0.00000000e+00 1.00000000e+00 0.00000000e+00 -3.33914697e-01 5.01910827e-01 0.00000000e+00 -8.64919373e-01 -4.25840888e-01
9.0200154305e+01 -8.45451312e-01 0.00000000e+00 -5.34052507e-01 4.44625062e+01 0.00000000e+00 1.00000000e+00 0.00000000e+00 -3.53415178e-01 5.34052507e-01 0.00000000e+00 -8.45451312e-01 -6.27897332e-01
9.0323062420e+01 -8.41532317e-01 0.00000000e+00 -5.40206774e-01 4.44163153e+01 0.00000000e+00 1.00000000e+00 0.00000000e+00 -3.55315474e-01 5.40206774e-01 0.00000000e+00 -8.41532317e-01 -7.21447946e-01
9.0399948597e+01 -8.27110617e-01 0.00000000e+00 -5.62039169e-01 4.43693187e+01 0.00000000e+00 1.00000000e+00 0.00000000e+00 -3.62915723e-01 5.62039169e-01 0.00000000e+00 -8.27110617e-01 -8.24056668e-01
9.0500026226e+01 -8.23323334e-01 0.00000000e+00 -5.67572628e-01 4.43217985e+01 0.00000000e+00 1.00000000e+00 0.00000000e+00 -3.57616026e-01 5.67572628e-01 0.00000000e+00 -8.23323334e-01 -9.17730788e-01
9.0600199223e+01 -8.13008500e-01 0.00000000e+00 -5.82251818e-01 4.42741385e+01 0.00000000e+00 1.00000000e+00 0.00000000e+00 -3.67616296e-01 5.82251818e-01 0.00000000e+00 -8.13008500e-01 -1.01095136e+00
9.0700111866e+01 -8.01458551e-01 0.00000000e+00 -5.98050325e-01 4.42224812e+01 0.00000000e+00 1.00000000e+00 0.00000000e+00 -3.68116585e-01 5.98050325e-01 0.00000000e+00 -8.01458551e-01 -1.11215604e+00
9.0799983501e+01 -7.90762631e-01 0.00000000e+00 -6.12122914e-01 4.41682232e+01 0.00000000e+00 1.00000000e+00 0.00000000e+00 -3.59816894e-01 6.12122914e-01 0.00000000e+00 -7.90762631e-01 -1.21044585e+00
9.0900033712e+01 -7.82544988e-01 0.00000000e+00 -6.22594042e-01 4.41159140e+01 0.00000000e+00 1.00000000e+00 0.00000000e+00 -3.63917201e-01 6.22594042e-01 0.00000000e+00 -7.82544988e-01 -1.30421156e+00
9.0999964237e+01 -7.78011934e-01 0.00000000e+00 -6.28249497e-01 4.40642407e+01 0.00000000e+00 1.00000000e+00 0.00000000e+00 -3.59917520e-01 6.28249497e-01 0.00000000e+00 -7.78011934e-01 -1.39685109e+00
9.1099972248e+01 -7.78005260e-01 0.00000000e+00 -6.28257762e-01 4.40642358e+01 0.00000000e+00 1.00000000e+00 0.00000000e+00 -3.59917520e-01 6.28257762e-01 0.00000000e+00 -7.78005260e-01 -1.39685999e+00
9.1200167894e+01 -7.56179592e-01 0.00000000e+00 -6.54364137e-01 4.39442547e+01 0.00000000e+00 1.00000000e+00 0.00000000e+00 -3.66118204e-01 6.54364137e-01 0.00000000e+00 -7.56179592e-01 -1.57794747e+00
9.1300080299e+01 -7.45430620e-01 0.00000000e+00 -6.66583221e-01 4.38829539e+01 0.00000000e+00 1.00000000e+00 0.00000000e+00 -3.61318552e-01 6.66583221e-01 0.00000000e+00 -7.45430620e-01 -1.67509235e+00
9.1400019407e+01 -7.35498868e-01 0.00000000e+00 -6.77525952e-01 4.38256402e+01 0.00000000e+00 1.00000000e+00 0.00000000e+00 -3.27218872e-01 6.77525952e-01 0.00000000e+00 -7.35498868e-01 -1.78057052e+00
9.1500057697e+01 -7.22015061e-01 0.00000000e+00 -6.91877338e-01 4.37616633e+01 0.00000000e+00 1.00000000e+00 0.00000000e+00 -3.35219222e-01 6.91877338e-01 0.00000000e+00 -7.22015061e-01 -1.87278383e+00
9.1600179434e+01 -7.14144435e-01 0.00000000e+00 -6.99998375e-01 4.36972118e+01 0.00000000e+00 1.00000000e+00 0.00000000e+00 -3.43119604e-01 6.99998375e-01 0.00000000e+00 -7.14144435e-01 -1.95594656e+00
9.1700104952e+01 -7.00285486e-01 0.00000000e+00 -7.13862898e-01 4.36315365e+01 0.00000000e+00 1.00000000e+00 0.00000000e+00 -3.44619957e-01 7.13862898e-01 0.00000000e+00 -7.00285486e-01 -2.04620269e+00
9.1800100565e+01 -6.92524768e-01 0.00000000e+00 -7.21394099e-01 4.35679704e+01 0.00000000e+00 1.00000000e+00 0.00000000e+00 -3.40520328e-01 7.21394099e-01 0.00000000e+00 -6.92524768e-01 -2.13359171e+00
9.1899984360e+01 -6.78229245e-01 0.00000000e+00 -7.34850387e-01 4.34956862e+01 0.00000000e+00 1.00000000e+00 0.00000000e+00 -3.45720722e-01 7.34850387e-01 0.00000000e+00 -6.78229245e-01 -2.22055155e+00
9.2000079870e+01 -6.71383737e-01 0.00000000e+00 -7.41109895e-01 4.34294961e+01 0.00000000e+00 1.00000000e+00 0.00000000e+00 -3.49521112e-01 7.41109895e-01 0.00000000e+00 -6.71383737e-01 -2.30343540e+00
9.2100065470e+01 -6.71375299e-01 0.00000000e+00 -7.41117540e-01 4.34294895e+01 0.00000000e+00 1.00000000e+00 0.00000000e+00 -3.49521112e-01 7.41117540e-01 0.00000000e+00 -6.71375299e-01 -2.30344400e+00
9.2200077772e+01 -6.43863070e-01 0.00000000e+00 -7.65140737e-01 4.32836635e+01 0.00000000e+00 1.00000000e+00 0.00000000e+00 -3.49221905e-01 7.65140737e-01 0.00000000e+00 -6.43863070e-01 -2.48002321e+00
9.2300023079e+01 -6.36107221e-01 0.00000000e+00 -7.71600676e-01 4.32123461e+01 0.00000000e+00 1.00000000e+00 0.00000000e+00 -3.48122322e-01 7.71600676e-01 0.00000000e+00 -6.36107221e-01 -2.55615547e+00
9.2400010824e+01 -6.29170247e-01 0.00000000e+00 -7.77267522e-01 4.31403107e+01 0.00000000e+00 1.00000000e+00 0.00000000e+00 -3.39122743e-01 7.77267522e-01 0.00000000e+00 -6.29170247e-01 -2.63663067e+00
9.2500080824e+01 -6.09294173e-01 0.00000000e+00 -7.92944267e-01 4.30565001e+01 0.00000000e+00 1.00000000e+00 0.00000000e+00 -3.41723178e-01 7.92944267e-01 0.00000000e+00 -6.09294173e-01 -2.71416115e+00
9.2600031137e+01 -5.95022425e-01 0.00000000e+00 -8.03709098e-01 4.29765459e+01 0.00000000e+00 1.00000000e+00 0.00000000e+00 -3.50623614e-01 8.03709098e-01 0.00000000e+00 -5.95022425e-01 -2.79436677e+00
9.2700131893e+01 -5.87718485e-01 0.00000000e+00 -8.09065499e-01 4.29004954e+01 0.00000000e+00 1.00000000e+00 0.00000000e+00 -3.47824057e-01 8.09065499e-01 0.00000000e+00 -5.87718485e-01 -2.86759066e+00
9.2799997091e+01 -5.71048301e-01 0.00000000e+00 -8.20916462e-01 4.28190415e+01 0.00000000e+00 1.00000000e+00 0.00000000e+00 -3.47924485e-01 8.20916462e-01 0.00000000e+00 -5.71048301e-01 -2.94641629e+00
9.2900084734e+01 -5.62703103e-01 0.00000000e+00 -8.26659070e-01 4.27411455e+01 0.00000000e+00 1.00000000e+00 0.00000000e+00 -3.44624932e-01 8.26659070e-01 0.00000000e+00 -5.62703103e-01 -3.02148402e+00
9.3000065327e+01 -5.51481100e-01 0.00000000e+00 -8.34187387e-01 4.26571741e+01 0.00000000e+00 1.00000000e+00 0.00000000e+00 -3.49325407e-01 8.34187387e-01 0.00000000e+00 -5.51481100e-01 -3.08830486e+00
9.3100047827e+01 -5.51463890e-01 0.00000000e+00 -8.34198764e-01 4.26571598e+01 0.00000000e+00 1.00000000e+00 0.00000000e+00 -3.49325407e-01 8.34198764e-01 0.00000000e+00 -5.51463890e-01 -3.08831845e+00
9.3200083733e+01 -5.25287763e-01 0.00000000e+00 -8.50924653e-01 4.24906067e+01 0.00000000e+00 1.00000000e+00 0.00000000e+00 -3.45926319e-01 8.50924653e-01 0.00000000e+00 -5.25287763e-01 -3.23154852e+00
9.3327067137e+01 -5.14142965e-01 0.00000000e+00 -8.57704501e-01 4.24072537e+01 0.00000000e+00 1.00000000e+00 0.00000000e+00 -3.41826782e-01 8.57704501e-01 0.00000000e+00 -5.14142965e-01 -3.29985982e+00
9.3400030851e+01 -5.02053505e-01 0.00000000e+00 -8.64836561e-01 4.23215398e+01 0.00000000e+00 1.00000000e+00 0.00000000e+00 -3.48127256e-01 8.64836561e-01 0.00000000e+00 -5.02053505e-01 -3.36855986e+00
9.3500059128e+01 -4.77261448e-01 0.00000000e+00 -8.78761350e-01 4.22266322e+01 0.00000000e+00 1.00000000e+00 0.00000000e+00 -3.54327722e-01 8.78761350e-01 0.00000000e+00 -4.77261448e-01 -3.43214857e+00
9.3600019455e+01 -4.69228538e-01 0.00000000e+00 -8.83076769e-01 4.21447739e+01 0.00000000e+00 1.00000000e+00 0.00000000e+00 -3.50128190e-01 8.83076769e-01 0.00000000e+00 -4.69228538e-01 -3.49892168e+00
9.3699972868e+01 -4.48425060e-01 0.00000000e+00 -8.93820432e-01 4.20520779e+01 0.00000000e+00 1.00000000e+00 0.00000000e+00 -3.50128658e-01 8.93820432e-01 0.00000000e+00 -4.48425060e-01 -3.56659257e+00
9.3800024033e+01 -4.38560316e-01 0.00000000e+00 -8.98701758e-01 4.19685286e+01 0.00000000e+00 1.00000000e+00 0.00000000e+00 -3.53429128e-01 8.98701758e-01 0.00000000e+00 -4.38560316e-01 -3.61772228e+00
9.3899992704e+01 -4.18626812e-01 0.00000000e+00 -9.08158352e-01 4.18730154e+01 0.00000000e+00 1.00000000e+00 0.00000000e+00 -3.56029615e-01 9.08158352e-01 0.00000000e+00 -4.18626812e-01 -3.68306534e+00
9.4000006676e+01 -4.08355440e-01 0.00000000e+00 -9.12823003e-01 4.17822721e+01 0.00000000e+00 1.00000000e+00 0.00000000e+00 -3.53530125e-01 9.12823003e-01 0.00000000e+00 -4.08355440e-01 -3.73967110e+00
9.4100068092e+01 -4.08341613e-01 0.00000000e+00 -9.12829188e-01 4.17822602e+01 0.00000000e+00 1.00000000e+00 0.00000000e+00 -3.53530125e-01 9.12829188e-01 0.00000000e+00 -4.08341613e-01 -3.73967924e+00
9.4200110674e+01 -3.85225472e-01 0.00000000e+00 -9.22822484e-01 4.15984759e+01 0.00000000e+00 1.00000000e+00 0.00000000e+00 -3.61431142e-01 9.22822484e-01 0.00000000e+00 -3.85225472e-01 -3.85380009e+00
9.4300020218e+01 -3.64159694e-01 0.00000000e+00 -9.31336522e-01 4.14992661e+01 0.00000000e+00 1.00000000e+00 0.00000000e+00 -3.59031647e-01 9.31336522e-01 0.00000000e+00 -3.64159694e-01 -3.90585164e+00
9.4400104046e+01 -3.52002711e-01 0.00000000e+00 -9.35998981e-01 4.14058161e+01 0.00000000e+00 1.00000000e+00 0.00000000e+00 -3.65032159e-01 9.35998981e-01 0.00000000e+00 -3.52002711e-01 -3.95829641e+00
9.4499968052e+01 -3.38484510e-01 0.00000000e+00 -9.40971964e-01 4.13145942e+01 0.00000000e+00 1.00000000e+00 0.00000000e+00 -3.62632646e-01 9.40971964e-01 0.00000000e+00 -3.38484510e-01 -4.01347583e+00
9.4600095749e+01 -3.28277577e-01 0.00000000e+00 -9.44581300e-01 4.12173934e+01 0.00000000e+00 1.00000000e+00 0.00000000e+00 -3.68133194e-01 9.44581300e-01 0.00000000e+00 -3.28277577e-01 -4.06097896e+00
9.4699989796e+01 -3.20738999e-01 0.00000000e+00 -9.47167617e-01 4.11233704e+01 0.00000000e+00 1.00000000e+00 0.00000000e+00 -3.54733732e-01 9.47167617e-01 0.00000000e+00 -3.20738999e-01 -4.10955413e+00
9.4800037146e+01 -2.97293544e-01 0.00000000e+00 -9.54786127e-01 4.10181692e+01 0.00000000e+00 1.00000000e+00 0.00000000e+00 -3.66834255e-01 9.54786127e-01 0.00000000e+00 -2.97293544e-01 -4.15397875e+00
9.4900072575e+01 -2.80579891e-01 0.00000000e+00 -9.59830675e-01 4.09161481e+01 0.00000000e+00 1.00000000e+00 0.00000000e+00 -3.57434786e-01 9.59830675e-01 0.00000000e+00 -2.80579891e-01 -4.21235667e+00
9.5000084877e+01 -2.68274620e-01 0.00000000e+00 -9.63342477e-01 4.08187632e+01 0.00000000e+00 1.00000000e+00 0.00000000e+00 -3.62635320e-01 9.63342477e-01 0.00000000e+00 -2.68274620e-01 -4.25075508e+00
9.5099989414e+01 -2.68259110e-01 0.00000000e+00 -9.63346796e-01 4.08187493e+01 0.00000000e+00 1.00000000e+00 0.00000000e+00 -3.62635320e-01 9.63346796e-01 0.00000000e+00 -2.68259110e-01 -4.25076176e+00
9.5200067997e+01 -2.41257792e-01 0.00000000e+00 -9.70461065e-01 4.06277257e+01 0.00000000e+00 1.00000000e+00 0.00000000e+00 -3.39336334e-01 9.70461065e-01 0.00000000e+00 -2.41257792e-01 -4.35159480e+00
9.5300079107e+01 -2.19325698e-01 0.00000000e+00 -9.75651699e-01 4.05200523e+01 0.00000000e+00 1.00000000e+00 0.00000000e+00 -3.43036870e-01 9.75651699e-01 0.00000000e+00 -2.19325698e-01 -4.39917674e+00
9.5400064945e+01 -2.11221951e-01 0.00000000e+00 -9.77438125e-01 4.04212799e+01 0.00000000e+00 1.00000000e+00 0.00000000e+00 -3.49337431e-01 9.77438125e-01 0.00000000e+00 -2.11221951e-01 -4.43571411e+00
9.5499980688e+01 -1.99403429e-01 0.00000000e+00 -9.79917483e-01 4.03210894e+01 0.00000000e+00 1.00000000e+00 0.00000000e+00 -3.41437978e-01 9.79917483e-01 0.00000000e+00 -1.99403429e-01 -4.46888250e+00
9.5600018263e+01 -1.86163126e-01 0.00000000e+00 -9.82518850e-01 4.02218753e+01 0.00000000e+00 1.00000000e+00 0.00000000e+00 -3.32338509e-01 9.82518850e-01 0.00000000e+00 -1.86163126e-01 -4.50590030e+00
9.5700033426e+01 -1.67914981e-01 0.00000000e+00 -9.85801481e-01 4.01136070e+01 0.00000000e+00 1.00000000e+00 0.00000000e+00 -3.37839074e-01 9.85801481e-01 0.00000000e+00 -1.67914981e-01 -4.53284291e+00
9.5800041676e+01 -1.54122060e-01 0.00000000e+00 -9.88051816e-01 4.00080925e+01 0.00000000e+00 1.00000000e+00 0.00000000e+00 -3.45639636e-01 9.88051816e-01 0.00000000e+00 -1.54122060e-01 -4.56944593e+00
9.5900030851e+01 -1.36524408e-01 0.00000000e+00 -9.90636707e-01 3.99017083e+01 0.00000000e+00 1.00000000e+00 0.00000000e+00 -3.39240185e-01 9.90636707e-01 0.00000000e+00 -1.36524408e-01 -4.60563147e+00
9.6000026226e+01 -1.26904613e-01 0.00000000e+00 -9.91914925e-01 3.98024421e+01 0.00000000e+00 1.00000000e+00 0.00000000e+00 -3.41240734e-01 9.91914925e-01 0.00000000e+00 -1.26904613e-01 -4.63678935e+00
9.6100100040e+01 -1.26889757e-01 0.00000000e+00 -9.91916826e-01 3.98024285e+01 0.00000000e+00 1.00000000e+00 0.00000000e+00 -3.41240734e-01 9.91916826e-01 0.00000000e+00 -1.26889757e-01 -4.63679364e+00
9.6200022936e+01 -9.57371282e-02 0.00000000e+00 -9.95406652e-01 3.95916879e+01 0.00000000e+00 1.00000000e+00 0.00000000e+00 -3.37641832e-01 9.95406652e-01 0.00000000e+00 -9.57371282e-02 -4.70043812e+00
9.6300092936e+01 -7.96950073e-02 0.00000000e+00 -9.96819294e-01 3.94820849e+01 0.00000000e+00 1.00000000e+00 0.00000000e+00 -3.29642411e-01 9.96819294e-01 0.00000000e+00 -7.96950073e-02 -4.71939450e+00
9.6400002241e+01 -6.20336739e-02 0.00000000e+00 -9.98074057e-01 3.93693953e+01 0.00000000e+00 1.00000000e+00 0.00000000e+00 -3.39943000e-01 9.98074057e-01 0.00000000e+00 -6.20336739e-02 -4.73208280e+00
9.6500072002e+01 -4.35479799e-02 0.00000000e+00 -9.99051337e-01 3.92594238e+01 0.00000000e+00 1.00000000e+00 0.00000000e+00 -3.38143561e-01 9.99051337e-01 0.00000000e+00 -4.35479799e-02 -4.75595779e+00
9.6600079536e+01 -2.38365952e-02 0.00000000e+00 -9.99715868e-01 3.91507565e+01 0.00000000e+00 1.00000000e+00 0.00000000e+00 -3.44844106e-01 9.99715868e-01 0.00000000e+00 -2.38365952e-02 -4.77644636e+00
9.6699990511e+01 -8.59774705e-03 0.00000000e+00 -9.99963039e-01 3.90448060e+01 0.00000000e+00 1.00000000e+00 0.00000000e+00 -3.28844657e-01 9.99963039e-01 0.00000000e+00 -8.59774705e-03 -4.80080283e+00
9.6800002337e+01 6.28720433e-04 0.00000000e+00 -9.99999802e-01 3.89406010e+01 0.00000000e+00 1.00000000e+00 0.00000000e+00 -3.36445233e-01 9.99999802e-01 0.00000000e+00 6.28720433e-04 -4.81750979e+00
9.6900069475e+01 -2.14235475e-03 0.00000000e+00 -9.99997705e-01 3.88391498e+01 0.00000000e+00 1.00000000e+00 0.00000000e+00 -3.42145861e-01 9.99997705e-01 0.00000000e+00 -2.14235475e-03 -4.82895766e+00
9.7000022411e+01 -1.50883565e-03 0.00000000e+00 -9.99998862e-01 3.87401391e+01 0.00000000e+00 1.00000000e+00 0.00000000e+00 -3.34446448e-01 9.99998862e-01 0.00000000e+00 -1.50883565e-03 -4.84811202e+00
9.7100044012e+01 -1.50796390e-03 0.00000000e+00 -9.99998863e-01 3.87401383e+01 0.00000000e+00 1.00000000e+00 0.00000000e+00 -3.34446448e-01 9.99998863e-01 0.00000000e+00 -1.50796390e-03 -4.84811217e+00
9.7200111628e+01 1.06122786e-02 0.00000000e+00 -9.99943688e-01 3.85305484e+01 0.00000000e+00 1.00000000e+00 0.00000000e+00 -3.39847635e-01 9.99943688e-01 0.00000000e+00 1.06122786e-02 -4.87441064e+00
9.7300086498e+01 1.03447050e-02 0.00000000e+00 -9.99946492e-01 3.84312236e+01 0.00000000e+00 1.00000000e+00 0.00000000e+00 -3.38448227e-01 9.99946492e-01 0.00000000e+00 1.03447050e-02 -4.89085416e+00
9.7399995804e+01 1.07573400e-02 0.00000000e+00 -9.99942138e-01 3.83307160e+01 0.00000000e+00 1.00000000e+00 0.00000000e+00 -3.38548822e-01 9.99942138e-01 0.00000000e+00 1.07573400e-02 -4.90577309e+00
9.7500066042e+01 1.04390441e-02 0.00000000e+00 -9.99945512e-01 3.82272395e+01 0.00000000e+00 1.00000000e+00 0.00000000e+00 -3.34449435e-01 9.99945512e-01 0.00000000e+00 1.04390441e-02 -4.92380183e+00
9.7600164175e+01 5.68791645e-03 0.00000000e+00 -9.99983824e-01 3.81290181e+01 0.00000000e+00 1.00000000e+00 0.00000000e+00 -3.35750041e-01 9.99983824e-01 0.00000000e+00 5.68791645e-03 -4.93617380e+00
9.7700089931e+01 -1.88796627e-03 0.00000000e+00 -9.99998218e-01 3.80327198e+01 0.00000000e+00 1.00000000e+00 0.00000000e+00 -3.36450648e-01 9.99998218e-01 0.00000000e+00 -1.88796627e-03 -4.95614440e+00
9.7800033808e+01 -2.08533169e-03 0.00000000e+00 -9.99997826e-01 3.79339761e+01 0.00000000e+00 1.00000000e+00 0.00000000e+00 -3.39551223e-01 9.99997826e-01 0.00000000e+00 -2.08533169e-03 -4.97836783e+00
9.7900046587e+01 -1.14545925e-02 0.00000000e+00 -9.99934394e-01 3.78406887e+01 0.00000000e+00 1.00000000e+00 0.00000000e+00 -3.36051817e-01 9.99934394e-01 0.00000000e+00 -1.14545925e-02 -4.99812367e+00
9.7999991894e+01 -1.70235515e-02 0.00000000e+00 -9.99855089e-01 3.77443539e+01 0.00000000e+00 1.00000000e+00 0.00000000e+00 -3.36952412e-01 9.99855089e-01 0.00000000e+00 -1.70235515e-02 -5.00702977e+00
9.8100114822e+01 -1.70318446e-02 0.00000000e+00 -9.99854948e-01 3.77443617e+01 0.00000000e+00 1.00000000e+00 0.00000000e+00 -3.36952412e-01 9.99854948e-01 0.00000000e+00 -1.70318446e-02 -5.00702824e+00
9.8200083256e+01 -2.15046136e-02 0.00000000e+00 -9.99768749e-01 3.75456052e+01 0.00000000e+00 1.00000000e+00 0.00000000e+00 -3.31853588e-01 9.99768749e-01 0.00000000e+00 -2.15046136e-02 -5.04189270e+00
9.8300081253e+01 -2.39972136e-02 0.00000000e+00 -9.99712025e-01 3.74431953e+01 0.00000000e+00 1.00000000e+00 0.00000000e+00 -3.30654195e-01 9.99712025e-01 0.00000000e+00 -2.39972136e-02 -5.05651714e+00
9.8399996042e+01 -3.32345894e-02 0.00000000e+00 -9.99447578e-01 3.73503599e+01 0.00000000e+00 1.00000000e+00 0.00000000e+00 -3.29154776e-01 9.99447578e-01 0.00000000e+00 -3.32345894e-02 -5.07741439e+00
9.8500011444e+01 -3.49805821e-02 0.00000000e+00 -9.99387992e-01 3.72475749e+01 0.00000000e+00 1.00000000e+00 0.00000000e+00 -3.24155374e-01 9.99387992e-01 0.00000000e+00 -3.49805821e-02 -5.09650239e+00
9.8600035191e+01 -3.72076705e-02 0.00000000e+00 -9.99307555e-01 3.71462549e+01 0.00000000e+00 1.00000000e+00 0.00000000e+00 -3.16455962e-01 9.99307555e-01 0.00000000e+00 -3.72076705e-02 -5.11982470e+00
9.8700026989e+01 -4.38104189e-02 0.00000000e+00 -9.99039863e-01 3.70477973e+01 0.00000000e+00 1.00000000e+00 0.00000000e+00 -3.24456561e-01 9.99039863e-01 0.00000000e+00 -4.38104189e-02 -5.13529882e+00
9.8799984455e+01 -4.40741020e-02 0.00000000e+00 -9.99028265e-01 3.69480547e+01 0.00000000e+00 1.00000000e+00 0.00000000e+00 -3.38857124e-01 9.99028265e-01 0.00000000e+00 -4.40741020e-02 -5.16105928e+00
9.8899999619e+01 -5.13044203e-02 0.00000000e+00 -9.98683061e-01 3.68479497e+01 0.00000000e+00 1.00000000e+00 0.00000000e+00 -3.43757729e-01 9.98683061e-01 0.00000000e+00 -5.13044203e-02 -5.17739104e+00
9.9000002146e+01 -5.97146006e-02 0.00000000e+00 -9.98215491e-01 3.67593862e+01 0.00000000e+00 1.00000000e+00 0.00000000e+00 -3.51258269e-01 9.98215491e-01 0.00000000e+00 -5.97146006e-02 -5.20050358e+00
9.9100121021e+01 -5.97279945e-02 0.00000000e+00 -9.98214690e-01 3.67593986e+01 0.00000000e+00 1.00000000e+00 0.00000000e+00 -3.51258269e-01 9.98214690e-01 0.00000000e+00 -5.97279945e-02 -5.20050057e+00
9.9199982166e+01 -6.05089305e-02 0.00000000e+00 -9.98167656e-01 3.65629279e+01 0.00000000e+00 1.00000000e+00 0.00000000e+00 -3.48859371e-01 9.98167656e-01 0.00000000e+00 -6.05089305e-02 -5.24692983e+00
9.9299992800e+01 -7.04456596e-02 0.00000000e+00 -9.97515618e-01 3.64702101e+01 0.00000000e+00 1.00000000e+00 0.00000000e+00 -3.47659939e-01 9.97515618e-01 0.00000000e+00 -7.04456596e-02 -5.26615812e+00
9.9400055170e+01 -7.72054605e-02 0.00000000e+00 -9.97015204e-01 3.63767311e+01 0.00000000e+00 1.00000000e+00 0.00000000e+00 -3.55160496e-01 9.97015204e-01 0.00000000e+00 -7.72054605e-02 -5.28500922e+00
9.9500053644e+01 -8.02529766e-02 0.00000000e+00 -9.96774528e-01 3.62800732e+01 0.00000000e+00 1.00000000e+00 0.00000000e+00 -3.50361045e-01 9.96774528e-01 0.00000000e+00 -8.02529766e-02 -5.30882302e+00
9.9600107193e+01 -7.80790231e-02 0.00000000e+00 -9.96947173e-01 3.61779398e+01 0.00000000e+00 1.00000000e+00 0.00000000e+00 -3.43561589e-01 9.96947173e-01 0.00000000e+00 -7.80790231e-02 -5.34457574e+00
9.9700125456e+01 -8.82065246e-02 0.00000000e+00 -9.96102208e-01 3.60877284e+01 0.00000000e+00 1.00000000e+00 0.00000000e+00 -3.45662131e-01 9.96102208e-01 0.00000000e+00 -8.82065246e-02 -5.37085393e+00
9.9800003052e+01 -8.70151998e-02 0.00000000e+00 -9.96206984e-01 3.59855693e+01 0.00000000e+00 1.00000000e+00 0.00000000e+00 -3.46262688e-01 9.96206984e-01 0.00000000e+00 -8.70151998e-02 -5.39290908e+00
9.9900011778e+01 -8.97269916e-02 0.00000000e+00 -9.95966399e-01 3.58904794e+01 0.00000000e+00 1.00000000e+00 0.00000000e+00 -3.48963224e-01 9.95966399e-01 0.00000000e+00 -8.97269916e-02 -5.40974623e+00
1.0000001049e+02 -9.66520897e-02 0.00000000e+00 -9.95318227e-01 3.57936326e+01 0.00000000e+00 1.00000000e+00 0.00000000e+00 -3.50163790e-01 9.95318227e-01 0.00000000e+00 -9.66520897e-02 -5.42973485e+00
1.0010015821e+02 -9.66622484e-02 0.00000000e+00 -9.95317241e-01 3.57936420e+01 0.00000000e+00 1.00000000e+00 0.00000000e+00 -3.50163790e-01 9.95317241e-01 0.00000000e+00 -9.66622484e-02 -5.42973221e+00
1.0019999552e+02 -1.05137735e-01 0.00000000e+00 -9.94457670e-01 3.56006828e+01 0.00000000e+00 1.00000000e+00 0.00000000e+00 -3.57764872e-01 9.94457670e-01 0.00000000e+00 -1.05137735e-01 -5.48121337e+00
1.0030008245e+02 -1.06848819e-01 0.00000000e+00 -9.94275279e-01 3.55037207e+01 0.00000000e+00 1.00000000e+00 0.00000000e+00 -3.29165389e-01 9.94275279e-01 0.00000000e+00 -1.06848819e-01 -5.52501471e+00
1.0040001082e+02 -1.16229675e-01 0.00000000e+00 -9.93222363e-01 3.54144605e+01 0.00000000e+00 1.00000000e+00 0.00000000e+00 -3.30065912e-01 9.93222363e-01 0.00000000e+00 -1.16229675e-01 -5.55046287e+00
1.0050000954e+02 -1.10688109e-01 0.00000000e+00 -9.93855192e-01 3.53106208e+01 0.00000000e+00 1.00000000e+00 0.00000000e+00 -3.31966435e-01 9.93855192e-01 0.00000000e+00 -1.10688109e-01 -5.58299017e+00
1.0060002017e+02 -1.15149851e-01 0.00000000e+00 -9.93348132e-01 3.52162640e+01 0.00000000e+00 1.00000000e+00 0.00000000e+00 -3.31366952e-01 9.93348132e-01 0.00000000e+00 -1.15149851e-01 -5.61766256e+00
1.0070000696e+02 -1.19941668e-01 0.00000000e+00 -9.92780941e-01 3.51213032e+01 0.00000000e+00 1.00000000e+00 0.00000000e+00 -3.37867482e-01 9.92780941e-01 0.00000000e+00 -1.19941668e-01 -5.64190997e+00
1.0080001783e+02 -1.15895996e-01 0.00000000e+00 -9.93261354e-01 3.50190978e+01 0.00000000e+00 1.00000000e+00 0.00000000e+00 -3.32268005e-01 9.93261354e-01 0.00000000e+00 -1.15895996e-01 -5.66462026e+00
1.0090004587e+02 -1.10821068e-01 0.00000000e+00 -9.93840375e-01 3.49211688e+01 0.00000000e+00 1.00000000e+00 0.00000000e+00 -3.49668501e-01 9.93840375e-01 0.00000000e+00 -1.10821068e-01 -5.68653184e+00
1.0100001574e+02 -9.27484075e-02 0.00000000e+00 -9.95689577e-01 3.48195936e+01 0.00000000e+00 1.00000000e+00 0.00000000e+00 -3.52668950e-01 9.95689577e-01 0.00000000e+00 -9.27484075e-02 -5.71019357e+00
1.0110008955e+02 -9.27216309e-02 0.00000000e+00 -9.95692070e-01 3.48195688e+01 0.00000000e+00 1.00000000e+00 0.00000000e+00 -3.52668950e-01 9.95692070e-01 0.00000000e+00 -9.27216309e-02 -5.71020042e+00
1.0120016456e+02 -5.62246723e-02 0.00000000e+00 -9.98418142e-01 3.46034602e+01 0.00000000e+00 1.00000000e+00 0.00000000e+00 -3.46069909e-01 9.98418142e-01 0.00000000e+00 -5.62246723e-02 -5.76058851e+00
1.0130004621e+02 -4.44321829e-02 0.00000000e+00 -9.99012403e-01 3.45020609e+01 0.00000000e+00 1.00000000e+00 0.00000000e+00 -3.45470389e-01 9.99012403e-01 0.00000000e+00 -4.44321829e-02 -5.77673564e+00
1.0140002394e+02 -3.62096085e-02 0.00000000e+00 -9.99344217e-01 3.43970841e+01 0.00000000e+00 1.00000000e+00 0.00000000e+00 -3.54670901e-01 9.99344217e-01 0.00000000e+00 -3.62096085e-02 -5.79650247e+00
1.0149999952e+02 -2.98298791e-02 0.00000000e+00 -9.99554990e-01 3.42953368e+01 0.00000000e+00 1.00000000e+00 0.00000000e+00 -3.49871401e-01 9.99554990e-01 0.00000000e+00 -2.98298791e-02 -5.81888778e+00
1.0160009623e+02 -1.78471617e-02 0.00000000e+00 -9.99840727e-01 3.41908967e+01 0.00000000e+00 1.00000000e+00 0.00000000e+00 -3.47671888e-01 9.99840727e-01 0.00000000e+00 -1.78471617e-02 -5.83760697e+00
1.0170002913e+02 -1.85665338e-02 0.00000000e+00 -9.99827627e-01 3.40930848e+01 0.00000000e+00 1.00000000e+00 0.00000000e+00 -3.52472406e-01 9.99827627e-01 0.00000000e+00 -1.85665338e-02 -5.85075138e+00
1.0180002666e+02 -2.04337586e-02 0.00000000e+00 -9.99791209e-01 3.39958969e+01 0.00000000e+00 1.00000000e+00 0.00000000e+00 -3.43172914e-01 9.99791209e-01 0.00000000e+00 -2.04337586e-02 -5.87553233e+00
1.0190000153e+02 -1.99140481e-02 0.00000000e+00 -9.99801696e-01 3.38964475e+01 0.00000000e+00 1.00000000e+00 0.00000000e+00 -3.52173433e-01 9.99801696e-01 0.00000000e+00 -1.99140481e-02 -5.88541362e+00
1.0200000167e+02 -1.25698760e-02 0.00000000e+00 -9.99920996e-01 3.37859078e+01 0.00000000e+00 1.00000000e+00 0.00000000e+00 -3.60273973e-01 9.99920996e-01 0.00000000e+00 -1.25698760e-02 -5.90068973e+00
1.0210009217e+02 -1.25608043e-02 0.00000000e+00 -9.99921110e-01 3.37858993e+01 0.00000000e+00 1.00000000e+00 0.00000000e+00 -3.60273973e-01 9.99921110e-01 0.00000000e+00 -1.25608043e-02 -5.90069137e+00
1.0220003343e+02 -2.15055244e-02 0.00000000e+00 -9.99768729e-01 3.35939979e+01 0.00000000e+00 1.00000000e+00 0.00000000e+00 -3.59075003e-01 9.99768729e-01 0.00000000e+00 -2.15055244e-02 -5.93565948e+00
1.0231635380e+02 -1.57290814e-02 0.00000000e+00 -9.99876290e-01 3.34907439e+01 0.00000000e+00 1.00000000e+00 0.00000000e+00 -3.47175499e-01 9.99876290e-01 0.00000000e+00 -1.57290814e-02 -5.96030835e+00
1.0240000153e+02 -7.74703172e-03 0.00000000e+00 -9.99969991e-01 3.33872711e+01 0.00000000e+00 1.00000000e+00 0.00000000e+00 -3.36875980e-01 9.99969991e-01 0.00000000e+00 -7.74703172e-03 -5.99058335e+00
1.0250014091e+02 3.40296454e-03 0.00000000e+00 -9.99994210e-01 3.32812506e+01 0.00000000e+00 1.00000000e+00 0.00000000e+00 -3.57476476e-01 9.99994210e-01 0.00000000e+00 3.40296454e-03 -5.99800231e+00
1.0260000753e+02 -1.00710060e-03 0.00000000e+00 -9.99999493e-01 3.31842966e+01 0.00000000e+00 1.00000000e+00 0.00000000e+00 -3.60476992e-01 9.99999493e-01 0.00000000e+00 -1.00710060e-03 -6.00972682e+00
1.0270002031e+02 -1.79831353e-03 0.00000000e+00 -9.99998383e-01 3.30842303e+01 0.00000000e+00 1.00000000e+00 0.00000000e+00 -3.66177509e-01 9.99998383e-01 0.00000000e+00 -1.79831353e-03 -6.02021482e+00
1.0280002952e+02 -5.02491660e-04 0.00000000e+00 -9.99999874e-01 3.29837398e+01 0.00000000e+00 1.00000000e+00 0.00000000e+00 -3.60678007e-01 9.99999874e-01 0.00000000e+00 -5.02491660e-04 -6.03945163e+00
1.0290000248e+02 3.28992580e-03 0.00000000e+00 -9.99994588e-01 3.28806521e+01 0.00000000e+00 1.00000000e+00 0.00000000e+00 -3.65978512e-01 9.99994588e-01 0.00000000e+00 3.28992580e-03 -6.05052456e+00
1.0299998832e+02 5.86997432e-03 0.00000000e+00 -9.99982772e-01 3.27756456e+01 0.00000000e+00 1.00000000e+00 0.00000000e+00 -3.69979032e-01 9.99982772e-01 0.00000000e+00 5.86997432e-03 -6.06313190e+00
1.0309998512e+02 5.87299917e-03 0.00000000e+00 -9.99982754e-01 3.27756428e+01 0.00000000e+00 1.00000000e+00 0.00000000e+00 -3.69979032e-01 9.99982754e-01 0.00000000e+00 5.87299917e-03 -6.06313239e+00
1.0319998837e+02 2.11695819e-02 0.00000000e+00 -9.99775899e-01 3.25643036e+01 0.00000000e+00 1.00000000e+00 0.00000000e+00 -3.71980019e-01 9.99775899e-01 0.00000000e+00 2.11695819e-02 -6.09341610e+00
1.0330003357e+02 1.90310591e-02 0.00000000e+00 -9.99818893e-01 3.24649520e+01 0.00000000e+00 1.00000000e+00 0.00000000e+00 -3.66280522e-01 9.99818893e-01 0.00000000e+00 1.90310591e-02 -6.11085868e+00
1.0340002322e+02 2.53850571e-02 0.00000000e+00 -9.99677748e-01 3.23613356e+01 0.00000000e+00 1.00000000e+00 0.00000000e+00 -3.66581006e-01 9.99677748e-01 0.00000000e+00 2.53850571e-02 -6.12872155e+00
1.0350000715e+02 2.77024625e-02 0.00000000e+00 -9.99616213e-01 3.22577975e+01 0.00000000e+00 1.00000000e+00 0.00000000e+00 -3.70881509e-01 9.99616213e-01 0.00000000e+00 2.77024625e-02 -6.14196612e+00
1.0361634564e+02 3.61175978e-02 0.00000000e+00 -9.99347547e-01 3.21538161e+01 0.00000000e+00 1.00000000e+00 0.00000000e+00 -3.19581963e-01 9.99347547e-01 0.00000000e+00 3.61175978e-02 -6.18237942e+00
1.0369999599e+02 3.87170233e-02 0.00000000e+00 -9.99250215e-01 3.20493056e+01 0.00000000e+00 1.00000000e+00 0.00000000e+00 -3.28582473e-01 9.99250215e-01 0.00000000e+00 3.87170233e-02 -6.18940428e+00
1.0379998922e+02 4.99139837e-02 0.00000000e+00 -9.98753520e-01 3.19407291e+01 0.00000000e+00 1.00000000e+00 0.00000000e+00 -3.30782955e-01 9.98753520e-01 0.00000000e+00 4.99139837e-02 -6.19976968e+00
1.0390009785e+02 4.22604800e-02 0.00000000e+00 -9.99106627e-01 3.18479009e+01 0.00000000e+00 1.00000000e+00 0.00000000e+00 -3.19683444e-01 9.99106627e-01 0.00000000e+00 4.22604800e-02 -6.21740841e+00
1.0400000000e+02 4.64789210e-02 0.00000000e+00 -9.98919271e-01 3.17431095e+01 0.00000000e+00 1.00000000e+00 0.00000000e+00 -3.26983943e-01 9.98919271e-01 0.00000000e+00 4.64789210e-02 -6.22101201e+00
1.0410013127e+02 6.29721274e-02 0.00000000e+00 -9.98015286e-01 3.16312673e+01 0.00000000e+00 1.00000000e+00 0.00000000e+00 -3.26984415e-01 9.98015286e-01 0.00000000e+00 6.29721274e-02 -6.23323433e+00
1.0420004749e+02 7.04466513e-02 0.00000000e+00 -9.97515548e-01 3.15272994e+01 0.00000000e+00 1.00000000e+00 0.00000000e+00 -3.29684888e-01 9.97515548e-01 0.00000000e+00 7.04466513e-02 -6.24250825e+00
1.0430000806e+02 8.38192688e-02 0.00000000e+00 -9.96480973e-01 3.14184915e+01 0.00000000e+00 1.00000000e+00 0.00000000e+00 -3.20185352e-01 9.96480973e-01 0.00000000e+00 8.38192688e-02 -6.25747076e+00
1.0441646814e+02 9.60073390e-02 0.00000000e+00 -9.95380626e-01 3.13064902e+01 0.00000000e+00 1.00000000e+00 0.00000000e+00 -3.23185840e-01 9.95380626e-01 0.00000000e+00 9.60073390e-02 -6.26740104e+00
1.0450011683e+02 1.14079839e-01 0.00000000e+00 -9.93471585e-01 3.11953356e+01 0.00000000e+00 1.00000000e+00 0.00000000e+00 -3.30586303e-01 9.93471585e-01 0.00000000e+00 1.14079839e-01 -6.26552957e+00
1.0460007787e+02 1.34822177e-01 0.00000000e+00 -9.90869810e-01 3.10751987e+01 0.00000000e+00 1.00000000e+00 0.00000000e+00 -3.61286815e-01 9.90869810e-01 0.00000000e+00 1.34822177e-01 -6.24149071e+00
1.0469997883e+02 1.51938368e-01 0.00000000e+00 -9.88389970e-01 3.09606071e+01 0.00000000e+00 1.00000000e+00 0.00000000e+00 -3.63187296e-01 9.88389970e-01 0.00000000e+00 1.51938368e-01 -6.23994508e+00
1.0480000901e+02 1.61927956e-01 0.00000000e+00 -9.86802583e-01 3.08522701e+01 0.00000000e+00 1.00000000e+00 0.00000000e+00 -3.62887775e-01 9.86802583e-01 0.00000000e+00 1.61927956e-01 -6.24242649e+00
1.0490001535e+02 1.73181234e-01 0.00000000e+00 -9.84889974e-01 3.07446190e+01 0.00000000e+00 1.00000000e+00 0.00000000e+00 -3.57088244e-01 9.84889974e-01 0.00000000e+00 1.73181234e-01 -6.24426755e+00
1.0500001383e+02 1.88544277e-01 0.00000000e+00 -9.82064690e-01 3.06352095e+01 0.00000000e+00 1.00000000e+00 0.00000000e+00 -3.52188704e-01 9.82064690e-01 0.00000000e+00 1.88544277e-01 -6.23984305e+00
1.0510001922e+02 1.88569267e-01 0.00000000e+00 -9.82059892e-01 3.06351852e+01 0.00000000e+00 1.00000000e+00 0.00000000e+00 -3.52188704e-01 9.82059892e-01 0.00000000e+00 1.88569267e-01 -6.23984275e+00
1.0520001936e+02 2.20510138e-01 0.00000000e+00 -9.75384683e-01 3.04231321e+01 0.00000000e+00 1.00000000e+00 0.00000000e+00 -3.01689555e-01 9.75384683e-01 0.00000000e+00 2.20510138e-01 -6.26225009e+00
1.0529999852e+02 2.23556255e-01 0.00000000e+00 -9.74691028e-01 3.03219824e+01 0.00000000e+00 1.00000000e+00 0.00000000e+00 -2.99690028e-01 9.74691028e-01 0.00000000e+00 2.23556255e-01 -6.26202152e+00
1.0540000701e+02 2.34814647e-01 0.00000000e+00 -9.72040164e-01 3.02164512e+01 0.00000000e+00 1.00000000e+00 0.00000000e+00 -3.00290486e-01 9.72040164e-01 0.00000000e+00 2.34814647e-01 -6.25364166e+00
1.0549999738e+02 2.39814207e-01 0.00000000e+00 -9.70818802e-01 3.01138432e+01 0.00000000e+00 1.00000000e+00 0.00000000e+00 -2.97090963e-01 9.70818802e-01 0.00000000e+00 2.39814207e-01 -6.24014054e+00
1.0560002804e+02 2.47087026e-01 0.00000000e+00 -9.68993293e-01 3.00116008e+01 0.00000000e+00 1.00000000e+00 0.00000000e+00 -3.03991422e-01 9.68993293e-01 0.00000000e+00 2.47087026e-01 -6.22957612e+00
1.0569999528e+02 2.51141282e-01 0.00000000e+00 -9.67950441e-01 2.99117505e+01 0.00000000e+00 1.00000000e+00 0.00000000e+00 -3.07091888e-01 9.67950441e-01 0.00000000e+00 2.51141282e-01 -6.21526197e+00
1.0580001998e+02 2.62968494e-01 0.00000000e+00 -9.64804421e-01 2.98050999e+01 0.00000000e+00 1.00000000e+00 0.00000000e+00 -2.94392340e-01 9.64804421e-01 0.00000000e+00 2.62968494e-01 -6.20897173e+00
1.0590002537e+02 2.69220682e-01 0.00000000e+00 -9.63078514e-01 2.97058038e+01 0.00000000e+00 1.00000000e+00 0.00000000e+00 -2.98192789e-01 9.63078514e-01 0.00000000e+00 2.69220682e-01 -6.19496553e+00
1.0600003028e+02 2.73311129e-01 0.00000000e+00 -9.61925687e-01 2.96056048e+01 0.00000000e+00 1.00000000e+00 0.00000000e+00 -2.89993250e-01 9.61925687e-01 0.00000000e+00 2.73311129e-01 -6.18408851e+00
1.0610004950e+02 2.73316271e-01 0.00000000e+00 -9.61924226e-01 2.96055997e+01 0.00000000e+00 1.00000000e+00 0.00000000e+00 -2.89993250e-01 9.61924226e-01 0.00000000e+00 2.73316271e-01 -6.18408800e+00
1.0620001578e+02 2.83261186e-01 0.00000000e+00 -9.59042804e-01 2.94070631e+01 0.00000000e+00 1.00000000e+00 0.00000000e+00 -2.95594152e-01 9.59042804e-01 0.00000000e+00 2.83261186e-01 -6.15728754e+00
1.0630000520e+02 2.91511134e-01 0.00000000e+00 -9.56567436e-01 2.92962761e+01 0.00000000e+00 1.00000000e+00 0.00000000e+00 -2.93494636e-01 9.56567436e-01 0.00000000e+00 2.91511134e-01 -6.14630362e+00
1.0640000534e+02 2.98245262e-01 0.00000000e+00 -9.54489268e-01 2.91869553e+01 0.00000000e+00 1.00000000e+00 0.00000000e+00 -2.88495123e-01 9.54489268e-01 0.00000000e+00 2.98245262e-01 -6.13153739e+00
1.0649999738e+02 3.03173410e-01 0.00000000e+00 -9.52935404e-01 2.90815493e+01 0.00000000e+00 1.00000000e+00 0.00000000e+00 -3.02295605e-01 9.52935404e-01 0.00000000e+00 3.03173410e-01 -6.10714906e+00
1.0659999895e+02 3.00893960e-01 0.00000000e+00 -9.53657604e-01 2.89805725e+01 0.00000000e+00 1.00000000e+00 0.00000000e+00 -3.12096096e-01 9.53657604e-01 0.00000000e+00 3.00893960e-01 -6.08667031e+00
1.0670008159e+02 3.12892789e-01 0.00000000e+00 -9.49788452e-01 2.88735239e+01 0.00000000e+00 1.00000000e+00 0.00000000e+00 -3.10596544e-01 9.49788452e-01 0.00000000e+00 3.12892789e-01 -6.07028868e+00
1.0680001068e+02 3.18380517e-01 0.00000000e+00 -9.47962998e-01 2.87703352e+01 0.00000000e+00 1.00000000e+00 0.00000000e+00 -3.09897006e-01 9.47962998e-01 0.00000000e+00 3.18380517e-01 -6.05043272e+00
1.0690002561e+02 3.25773852e-01 0.00000000e+00 -9.45447723e-01 2.86639806e+01 0.00000000e+00 1.00000000e+00 0.00000000e+00 -3.14097476e-01 9.45447723e-01 0.00000000e+00 3.25773852e-01 -6.02361705e+00
1.0700001192e+02 3.36675114e-01 0.00000000e+00 -9.41620872e-01 2.85527932e+01 0.00000000e+00 1.00000000e+00 0.00000000e+00 -3.12497937e-01 9.41620872e-01 0.00000000e+00 3.36675114e-01 -6.01443379e+00
1.0710002184e+02 3.36689363e-01 0.00000000e+00 -9.41615778e-01 2.85527789e+01 0.00000000e+00 1.00000000e+00 0.00000000e+00 -3.12497937e-01 9.41615778e-01 0.00000000e+00 3.36689363e-01 -6.01443141e+00
1.0719999361e+02 3.42517674e-01 0.00000000e+00 -9.39511385e-01 2.83491727e+01 0.00000000e+00 1.00000000e+00 0.00000000e+00 -3.16498864e-01 9.39511385e-01 0.00000000e+00 3.42517674e-01 -5.96757370e+00
1.0730000234e+02 3.40266249e-01 0.00000000e+00 -9.40329134e-01 2.82554087e+01 0.00000000e+00 1.00000000e+00 0.00000000e+00 -3.17899319e-01 9.40329134e-01 0.00000000e+00 3.40266249e-01 -5.93988089e+00
1.0740004063e+02 3.44540829e-01 0.00000000e+00 -9.38771334e-01 2.81526836e+01 0.00000000e+00 1.00000000e+00 0.00000000e+00 -3.11199776e-01 9.38771334e-01 0.00000000e+00 3.44540829e-01 -5.91472139e+00
1.0750003028e+02 3.56348593e-01 0.00000000e+00 -9.34353081e-01 2.80496565e+01 0.00000000e+00 1.00000000e+00 0.00000000e+00 -3.07700197e-01 9.34353081e-01 0.00000000e+00 3.56348593e-01 -5.89542828e+00
1.0760002327e+02 3.58792673e-01 0.00000000e+00 -9.33417279e-01 2.79502104e+01 0.00000000e+00 1.00000000e+00 0.00000000e+00 -3.06200649e-01 9.33417279e-01 0.00000000e+00 3.58792673e-01 -5.86837513e+00
1.0770000529e+02 3.68208658e-01 0.00000000e+00 -9.29743182e-01 2.78479314e+01 0.00000000e+00 1.00000000e+00 0.00000000e+00 -3.05101068e-01 9.29743182e-01 0.00000000e+00 3.68208658e-01 -5.85620684e+00
1.0779999924e+02 3.77175288e-01 0.00000000e+00 -9.26141891e-01 2.77448162e+01 0.00000000e+00 1.00000000e+00 0.00000000e+00 -3.15801501e-01 9.26141891e-01 0.00000000e+00 3.77175288e-01 -5.83137171e+00
1.0790000582e+02 3.81481785e-01 0.00000000e+00 -9.24376356e-01 2.76431669e+01 0.00000000e+00 1.00000000e+00 0.00000000e+00 -3.08501943e-01 9.24376356e-01 0.00000000e+00 3.81481785e-01 -5.81057437e+00
1.0800000978e+02 3.89806640e-01 0.00000000e+00 -9.20896728e-01 2.75419810e+01 0.00000000e+00 1.00000000e+00 0.00000000e+00 -3.12502369e-01 9.20896728e-01 0.00000000e+00 3.89806640e-01 -5.78338363e+00
1.0810003257e+02 3.89816790e-01 0.00000000e+00 -9.20892432e-01 2.75419707e+01 0.00000000e+00 1.00000000e+00 0.00000000e+00 -3.12502369e-01 9.20892432e-01 0.00000000e+00 3.89816790e-01 -5.78338130e+00
1.0820002651e+02 4.18893396e-01 0.00000000e+00 -9.08035419e-01 2.73329895e+01 0.00000000e+00 1.00000000e+00 0.00000000e+00 -3.11203189e-01 9.08035419e-01 0.00000000e+00 4.18893396e-01 -5.72766459e+00
1.0830009985e+02 4.32894607e-01 0.00000000e+00 -9.01444540e-01 2.72264594e+01 0.00000000e+00 1.00000000e+00 0.00000000e+00 -3.09103612e-01 9.01444540e-01 0.00000000e+00 4.32894607e-01 -5.69502443e+00
1.0840000677e+02 4.41934967e-01 0.00000000e+00 -8.97047092e-01 2.71289860e+01 0.00000000e+00 1.00000000e+00 0.00000000e+00 -3.10204022e-01 8.97047092e-01 0.00000000e+00 4.41934967e-01 -5.65393099e+00
1.0850010514e+02 4.59367300e-01 0.00000000e+00 -8.88246409e-01 2.70256318e+01 0.00000000e+00 1.00000000e+00 0.00000000e+00 -2.95204403e-01 8.88246409e-01 0.00000000e+00 4.59367300e-01 -5.62988202e+00
1.0860001349e+02 4.87014783e-01 0.00000000e+00 -8.73393727e-01 2.69126214e+01 0.00000000e+00 1.00000000e+00 0.00000000e+00 -2.98404788e-01 8.73393727e-01 0.00000000e+00 4.87014783e-01 -5.59098546e+00
1.0870008516e+02 5.10194588e-01 0.00000000e+00 -8.60059000e-01 2.68048661e+01 0.00000000e+00 1.00000000e+00 0.00000000e+00 -2.95305170e-01 8.60059000e-01 0.00000000e+00 5.10194588e-01 -5.54875786e+00
1.0880002451e+02 5.28715148e-01 0.00000000e+00 -8.48799324e-01 2.66990722e+01 0.00000000e+00 1.00000000e+00 0.00000000e+00 -2.89705569e-01 8.48799324e-01 0.00000000e+00 5.28715148e-01 -5.50287620e+00
1.0890000916e+02 5.49409794e-01 0.00000000e+00 -8.35553037e-01 2.65967441e+01 0.00000000e+00 1.00000000e+00 0.00000000e+00 -2.77905940e-01 8.35553037e-01 0.00000000e+00 5.49409794e-01 -5.45694329e+00
1.0900002670e+02 5.75511224e-01 0.00000000e+00 -8.17793881e-01 2.64886089e+01 0.00000000e+00 1.00000000e+00 0.00000000e+00 -2.80806310e-01 8.17793881e-01 0.00000000e+00 5.75511224e-01 -5.40448484e+00
1.0910002685e+02 5.75546316e-01 0.00000000e+00 -8.17769184e-01 2.64885718e+01 0.00000000e+00 1.00000000e+00 0.00000000e+00 -2.80806310e-01 8.17769184e-01 0.00000000e+00 5.75546316e-01 -5.40446754e+00
1.0920000482e+02 6.04938007e-01 0.00000000e+00 -7.96272571e-01 2.62971885e+01 0.00000000e+00 1.00000000e+00 0.00000000e+00 -2.95207049e-01 7.96272571e-01 0.00000000e+00 6.04938007e-01 -5.30009124e+00
1.0930002761e+02 6.19721669e-01 0.00000000e+00 -7.84821670e-01 2.62020344e+01 0.00000000e+00 1.00000000e+00 0.00000000e+00 -2.90307419e-01 7.84821670e-01 0.00000000e+00 6.19721669e-01 -5.23918231e+00
1.0940003347e+02 6.41971460e-01 0.00000000e+00 -7.66728534e-01 2.61000256e+01 0.00000000e+00 1.00000000e+00 0.00000000e+00 -2.79107783e-01 7.66728534e-01 0.00000000e+00 6.41971460e-01 -5.17305642e+00
1.0951168084e+02 6.63131695e-01 0.00000000e+00 -7.48502742e-01 2.59967889e+01 0.00000000e+00 1.00000000e+00 0.00000000e+00 -2.75008148e-01 7.48502742e-01 0.00000000e+00 6.63131695e-01 -5.11425705e+00
1.0960006595e+02 6.55746875e-01 0.00000000e+00 -7.54980818e-01 2.59147405e+01 0.00000000e+00 1.00000000e+00 0.00000000e+00 -2.80308563e-01 7.54980818e-01 0.00000000e+00 6.55746875e-01 -5.06099250e+00
1.0970002556e+02 6.49081109e-01 0.00000000e+00 -7.60719208e-01 2.58331693e+01 0.00000000e+00 1.00000000e+00 0.00000000e+00 -2.79208968e-01 7.60719208e-01 0.00000000e+00 6.49081109e-01 -5.01010052e+00
1.0980006480e+02 6.48927885e-01 0.00000000e+00 -7.60849919e-01 2.57415910e+01 0.00000000e+00 1.00000000e+00 0.00000000e+00 -2.77509382e-01 7.60849919e-01 0.00000000e+00 6.48927885e-01 -4.95773786e+00
1.0989996052e+02 6.58518135e-01 0.00000000e+00 -7.52564859e-01 2.56477462e+01 0.00000000e+00 1.00000000e+00 0.00000000e+00 -2.75509765e-01 7.52564859e-01 0.00000000e+00 6.58518135e-01 -4.89147431e+00
1.1000003195e+02 6.56889340e-01 0.00000000e+00 -7.53986999e-01 2.55664287e+01 0.00000000e+00 1.00000000e+00 0.00000000e+00 -2.53510140e-01 7.53986999e-01 0.00000000e+00 6.56889340e-01 -4.84050226e+00
1.1009995985e+02 6.56887163e-01 0.00000000e+00 -7.53988896e-01 2.55664310e+01 0.00000000e+00 1.00000000e+00 0.00000000e+00 -2.53510140e-01 7.53988896e-01 0.00000000e+00 6.56887163e-01 -4.84050368e+00
1.1020004201e+02 6.48259842e-01 0.00000000e+00 -7.61419186e-01 2.53906396e+01 0.00000000e+00 1.00000000e+00 0.00000000e+00 -2.45510964e-01 7.61419186e-01 0.00000000e+00 6.48259842e-01 -4.73985718e+00
1.1029999423e+02 6.53073691e-01 0.00000000e+00 -7.57294364e-01 2.52961934e+01 0.00000000e+00 1.00000000e+00 0.00000000e+00 -2.45211361e-01 7.57294364e-01 0.00000000e+00 6.53073691e-01 -4.67894563e+00
1.1040004897e+02 6.45078698e-01 0.00000000e+00 -7.64116139e-01 2.52166393e+01 0.00000000e+00 1.00000000e+00 0.00000000e+00 -2.45511751e-01 7.64116139e-01 0.00000000e+00 6.45078698e-01 -4.63182970e+00
1.1050000787e+02 6.49567757e-01 0.00000000e+00 -7.60303708e-01 2.51244459e+01 0.00000000e+00 1.00000000e+00 0.00000000e+00 -2.36912131e-01 7.60303708e-01 0.00000000e+00 6.49567757e-01 -4.58345439e+00
1.1060009718e+02 6.47540431e-01 0.00000000e+00 -7.62031096e-01 2.50359192e+01 0.00000000e+00 1.00000000e+00 0.00000000e+00 -2.39612528e-01 7.62031096e-01 0.00000000e+00 6.47540431e-01 -4.53163835e+00
1.1070007563e+02 6.43412187e-01 0.00000000e+00 -7.65519926e-01 2.49519195e+01 0.00000000e+00 1.00000000e+00 0.00000000e+00 -2.24712915e-01 7.65519926e-01 0.00000000e+00 6.43412187e-01 -4.48105852e+00
1.1080003262e+02 6.55095554e-01 0.00000000e+00 -7.55546038e-01 2.48532481e+01 0.00000000e+00 1.00000000e+00 0.00000000e+00 -2.28913286e-01 7.55546038e-01 0.00000000e+00 6.55095554e-01 -4.42476558e+00
1.1090001655e+02 6.67999106e-01 0.00000000e+00 -7.44162076e-01 2.47612756e+01 0.00000000e+00 1.00000000e+00 0.00000000e+00 -2.30213626e-01 7.44162076e-01 0.00000000e+00 6.67999106e-01 -4.36465080e+00
1.1099999952e+02 6.63936469e-01 0.00000000e+00 -7.47788984e-01 2.46768798e+01 0.00000000e+00 1.00000000e+00 0.00000000e+00 -2.43314012e-01 7.47788984e-01 0.00000000e+00 6.63936469e-01 -4.30926135e+00
1.1110004497e+02 6.63931433e-01 0.00000000e+00 -7.47793455e-01 2.46768853e+01 0.00000000e+00 1.00000000e+00 0.00000000e+00 -2.43314012e-01 7.47793455e-01 0.00000000e+00 6.63931433e-01 -4.30926470e+00
1.1120000100e+02 6.68875710e-01 0.00000000e+00 -7.43374256e-01 2.45064706e+01 0.00000000e+00 1.00000000e+00 0.00000000e+00 -2.29714718e-01 7.43374256e-01 0.00000000e+00 6.68875710e-01 -4.20401632e+00
1.1130002999e+02 6.62073416e-01 0.00000000e+00 -7.49438985e-01 2.44180498e+01 0.00000000e+00 1.00000000e+00 0.00000000e+00 -2.31015124e-01 7.49438985e-01 0.00000000e+00 6.62073416e-01 -4.15163516e+00
1.1141784096e+02 6.72937503e-01 0.00000000e+00 -7.39699343e-01 2.43193162e+01 0.00000000e+00 1.00000000e+00 0.00000000e+00 -2.36615493e-01 7.39699343e-01 0.00000000e+00 6.72937503e-01 -4.08902388e+00
1.1149995589e+02 6.68788045e-01 0.00000000e+00 -7.43453126e-01 2.42351201e+01 0.00000000e+00 1.00000000e+00 0.00000000e+00 -2.43715870e-01 7.43453126e-01 0.00000000e+00 6.68788045e-01 -4.03487446e+00
1.1160004568e+02 6.67947972e-01 0.00000000e+00 -7.44207973e-01 2.41505226e+01 0.00000000e+00 1.00000000e+00 0.00000000e+00 -2.28516229e-01 7.44207973e-01 0.00000000e+00 6.67947972e-01 -3.98407013e+00
1.1170005989e+02 6.71854605e-01 0.00000000e+00 -7.40683056e-01 2.40625050e+01 0.00000000e+00 1.00000000e+00 0.00000000e+00 -2.35116584e-01 7.40683056e-01 0.00000000e+00 6.71854605e-01 -3.91894384e+00
1.1180001163e+02 6.70315883e-01 0.00000000e+00 -7.42075883e-01 2.39783478e+01 0.00000000e+00 1.00000000e+00 0.00000000e+00 -2.32416942e-01 7.42075883e-01 0.00000000e+00 6.70315883e-01 -3.86677675e+00
1.1190000725e+02 6.56139382e-01 0.00000000e+00 -7.54639723e-01 2.39041489e+01 0.00000000e+00 1.00000000e+00 0.00000000e+00 -2.34617316e-01 7.54639723e-01 0.00000000e+00 6.56139382e-01 -3.81205759e+00
1.1200001001e+02 6.70434160e-01 0.00000000e+00 -7.41969027e-01 2.38020390e+01 0.00000000e+00 1.00000000e+00 0.00000000e+00 -2.31217671e-01 7.41969027e-01 0.00000000e+00 6.70434160e-01 -3.75590884e+00
1.1210000372e+02 6.70452518e-01 0.00000000e+00 -7.41952438e-01 2.38020189e+01 0.00000000e+00 1.00000000e+00 0.00000000e+00 -2.31217671e-01 7.41952438e-01 0.00000000e+00 6.70452518e-01 -3.75589634e+00
1.1220000505e+02 6.64935927e-01 0.00000000e+00 -7.46900403e-01 2.36403174e+01 0.00000000e+00 1.00000000e+00 0.00000000e+00 -2.10318359e-01 7.46900403e-01 0.00000000e+00 6.64935927e-01 -3.65093273e+00
1.1230002332e+02 6.66450159e-01 0.00000000e+00 -7.45549587e-01 2.35481482e+01 0.00000000e+00 1.00000000e+00 0.00000000e+00 -2.14218727e-01 7.45549587e-01 0.00000000e+00 6.66450159e-01 -3.59698707e+00
1.1240007997e+02 6.63240644e-01 0.00000000e+00 -7.48406205e-01 2.34646862e+01 0.00000000e+00 1.00000000e+00 0.00000000e+00 -2.12719078e-01 7.48406205e-01 0.00000000e+00 6.63240644e-01 -3.55007126e+00
1.1250001478e+02 6.59505652e-01 0.00000000e+00 -7.51699604e-01 2.33822915e+01 0.00000000e+00 1.00000000e+00 0.00000000e+00 -2.28819426e-01 7.51699604e-01 0.00000000e+00 6.59505652e-01 -3.49863916e+00
1.1260002303e+02 6.63995851e-01 0.00000000e+00 -7.47736257e-01 2.32941572e+01 0.00000000e+00 1.00000000e+00 0.00000000e+00 -2.07119761e-01 7.47736257e-01 0.00000000e+00 6.63995851e-01 -3.44061819e+00
1.1270000291e+02 6.62620389e-01 0.00000000e+00 -7.48955420e-01 2.32093878e+01 0.00000000e+00 1.00000000e+00 0.00000000e+00 -2.10220106e-01 7.48955420e-01 0.00000000e+00 6.62620389e-01 -3.39026538e+00
1.1280002308e+02 6.54587787e-01 0.00000000e+00 -7.55985998e-01 2.31349747e+01 0.00000000e+00 1.00000000e+00 0.00000000e+00 -2.10620437e-01 7.55985998e-01 0.00000000e+00 6.54587787e-01 -3.34253541e+00
1.1290010858e+02 6.66476986e-01 0.00000000e+00 -7.45525605e-01 2.30338062e+01 0.00000000e+00 1.00000000e+00 0.00000000e+00 -2.04920784e-01 7.45525605e-01 0.00000000e+00 6.66476986e-01 -3.28900329e+00
1.1300001407e+02 6.60128622e-01 0.00000000e+00 -7.51152582e-01 2.29592210e+01 0.00000000e+00 1.00000000e+00 0.00000000e+00 -2.02821106e-01 7.51152582e-01 0.00000000e+00 6.60128622e-01 -3.23694308e+00
1.1310006547e+02 6.60119668e-01 0.00000000e+00 -7.51160451e-01 2.29592307e+01 0.00000000e+00 1.00000000e+00 0.00000000e+00 -2.02821106e-01 7.51160451e-01 0.00000000e+00 6.60119668e-01 -3.23694897e+00
1.1319997382e+02 6.69358579e-01 0.00000000e+00 -7.42939495e-01 2.27798288e+01 0.00000000e+00 1.00000000e+00 0.00000000e+00 -1.97021766e-01 7.42939495e-01 0.00000000e+00 6.69358579e-01 -3.13156650e+00
1.1329998755e+02 6.64837651e-01 0.00000000e+00 -7.46987883e-01 2.27013000e+01 0.00000000e+00 1.00000000e+00 0.00000000e+00 -1.91222092e-01 7.46987883e-01 0.00000000e+00 6.64837651e-01 -3.07804505e+00
1.1340006876e+02 6.56697583e-01 0.00000000e+00 -7.54154019e-01 2.26206560e+01 0.00000000e+00 1.00000000e+00 0.00000000e+00 -1.84922436e-01 7.54154019e-01 0.00000000e+00 6.56697583e-01 -3.03399124e+00
1.1350004482e+02 6.64478303e-01 0.00000000e+00 -7.47307557e-01 2.25297897e+01 0.00000000e+00 1.00000000e+00 0.00000000e+00 -1.93722755e-01 7.47307557e-01 0.00000000e+00 6.64478303e-01 -2.97290711e+00
1.1359997988e+02 6.60197110e-01 0.00000000e+00 -7.51092388e-01 2.24512801e+01 0.00000000e+00 1.00000000e+00 0.00000000e+00 -1.96923072e-01 7.51092388e-01 0.00000000e+00 6.60197110e-01 -2.92725072e+00
1.1370001078e+02 6.61044951e-01 0.00000000e+00 -7.50346302e-01 2.23606471e+01 0.00000000e+00 1.00000000e+00 0.00000000e+00 -2.05123413e-01 7.50346302e-01 0.00000000e+00 6.61044951e-01 -2.87293144e+00
1.1380002832e+02 6.62035583e-01 0.00000000e+00 -7.49472406e-01 2.22714122e+01 0.00000000e+00 1.00000000e+00 0.00000000e+00 -2.00623748e-01 7.49472406e-01 0.00000000e+00 6.62035583e-01 -2.81922704e+00
1.1389999509e+02 6.55885254e-01 0.00000000e+00 -7.54860606e-01 2.21929417e+01 0.00000000e+00 1.00000000e+00 0.00000000e+00 -2.11924069e-01 7.54860606e-01 0.00000000e+00 6.55885254e-01 -2.76953436e+00
1.1399998212e+02 6.62492622e-01 0.00000000e+00 -7.49068438e-01 2.20977374e+01 0.00000000e+00 1.00000000e+00 0.00000000e+00 -2.05224398e-01 7.49068438e-01 0.00000000e+00 6.62492622e-01 -2.71622161e+00
1.1409998894e+02 6.62501087e-01 0.00000000e+00 -7.49060952e-01 2.20977282e+01 0.00000000e+00 1.00000000e+00 0.00000000e+00 -2.05224398e-01 7.49060952e-01 0.00000000e+00 6.62501087e-01 -2.71621600e+00
1.1420002031e+02 6.67523079e-01 0.00000000e+00 -7.44589107e-01 2.19218408e+01 0.00000000e+00 1.00000000e+00 0.00000000e+00 -1.90125034e-01 7.44589107e-01 0.00000000e+00 6.67523079e-01 -2.60582826e+00
1.1429996991e+02 6.65207125e-01 0.00000000e+00 -7.46658878e-01 2.18367276e+01 0.00000000e+00 1.00000000e+00 0.00000000e+00 -2.08725355e-01 7.46658878e-01 0.00000000e+00 6.65207125e-01 -2.55604139e+00
1.1440036893e+02 6.66569473e-01 0.00000000e+00 -7.45442914e-01 2.17502172e+01 0.00000000e+00 1.00000000e+00 0.00000000e+00 -2.07025670e-01 7.45442914e-01 0.00000000e+00 6.66569473e-01 -2.49835204e+00
1.1449994969e+02 6.63974283e-01 0.00000000e+00 -7.47755409e-01 2.16688580e+01 0.00000000e+00 1.00000000e+00 0.00000000e+00 -2.02225979e-01 7.47755409e-01 0.00000000e+00 6.63974283e-01 -2.44553445e+00
1.1460012865e+02 6.70817595e-01 0.00000000e+00 -7.41622380e-01 2.15801778e+01 0.00000000e+00 1.00000000e+00 0.00000000e+00 -1.98026276e-01 7.41622380e-01 0.00000000e+00 6.70817595e-01 -2.38698883e+00
1.1469991326e+02 6.73705020e-01 0.00000000e+00 -7.39000370e-01 2.14918824e+01 0.00000000e+00 1.00000000e+00 0.00000000e+00 -1.99426585e-01 7.39000370e-01 0.00000000e+00 6.73705020e-01 -2.33298968e+00
1.1479998899e+02 6.70357057e-01 0.00000000e+00 -7.42038689e-01 2.14090534e+01 0.00000000e+00 1.00000000e+00 0.00000000e+00 -1.97626897e-01 7.42038689e-01 0.00000000e+00 6.70357057e-01 -2.27526580e+00
1.1490002322e+02 6.63407588e-01 0.00000000e+00 -7.48258225e-01 2.13261521e+01 0.00000000e+00 1.00000000e+00 0.00000000e+00 -1.97627220e-01 7.48258225e-01 0.00000000e+00 6.63407588e-01 -2.22964033e+00
1.1500016451e+02 6.61517132e-01 0.00000000e+00 -7.49930053e-01 2.12372574e+01 0.00000000e+00 1.00000000e+00 0.00000000e+00 -1.97027545e-01 7.49930053e-01 0.00000000e+00 6.61517132e-01 -2.17584748e+00
1.1510034823e+02 6.61514766e-01 0.00000000e+00 -7.49932140e-01 2.12372599e+01 0.00000000e+00 1.00000000e+00 0.00000000e+00 -1.97027545e-01 7.49932140e-01 0.00000000e+00 6.61514766e-01 -2.17584905e+00
1.1520001483e+02 6.48062203e-01 0.00000000e+00 -7.61587409e-01 2.10712698e+01 0.00000000e+00 1.00000000e+00 0.00000000e+00 -1.98128183e-01 7.61587409e-01 0.00000000e+00 6.48062203e-01 -2.07658647e+00
1.1529998779e+02 6.29698658e-01 0.00000000e+00 -7.76839495e-01 2.09960432e+01 0.00000000e+00 1.00000000e+00 0.00000000e+00 -2.01828517e-01 7.76839495e-01 0.00000000e+00 6.29698658e-01 -2.03389475e+00
1.1540010381e+02 6.25170214e-01 0.00000000e+00 -7.80488439e-01 2.09056908e+01 0.00000000e+00 1.00000000e+00 0.00000000e+00 -1.97828847e-01 7.80488439e-01 0.00000000e+00 6.25170214e-01 -1.98926722e+00
1.1550008368e+02 6.14244057e-01 0.00000000e+00 -7.89116112e-01 2.08191111e+01 0.00000000e+00 1.00000000e+00 0.00000000e+00 -1.97129185e-01 7.89116112e-01 0.00000000e+00 6.14244057e-01 -1.94516151e+00
1.1561477923e+02 5.90323292e-01 0.00000000e+00 -8.07166904e-01 2.07484890e+01 0.00000000e+00 1.00000000e+00 0.00000000e+00 -1.84529517e-01 8.07166904e-01 0.00000000e+00 5.90323292e-01 -1.89758251e+00
1.1570009112e+02 5.68930013e-01 0.00000000e+00 -8.22385944e-01 2.06670285e+01 0.00000000e+00 1.00000000e+00 0.00000000e+00 -1.86329871e-01 8.22385944e-01 0.00000000e+00 5.68930013e-01 -1.85673605e+00
1.1580016351e+02 5.68492143e-01 0.00000000e+00 -8.22688692e-01 2.05632110e+01 0.00000000e+00 1.00000000e+00 0.00000000e+00 -1.86230222e-01 8.22688692e-01 0.00000000e+00 5.68492143e-01 -1.81932014e+00
1.1590008378e+02 5.44645411e-01 0.00000000e+00 -8.38666427e-01 2.04843574e+01 0.00000000e+00 1.00000000e+00 0.00000000e+00 -1.83530572e-01 8.38666427e-01 0.00000000e+00 5.44645411e-01 -1.78608467e+00
1.1600010681e+02 5.30439890e-01 0.00000000e+00 -8.47722551e-01 2.03969618e+01 0.00000000e+00 1.00000000e+00 0.00000000e+00 -1.94230913e-01 8.47722551e-01 0.00000000e+00 5.30439890e-01 -1.74654841e+00
1.1610013866e+02 5.30422413e-01 0.00000000e+00 -8.47733486e-01 2.03969801e+01 0.00000000e+00 1.00000000e+00 0.00000000e+00 -1.94230913e-01 8.47733486e-01 0.00000000e+00 5.30422413e-01 -1.74655575e+00
1.1620010543e+02 4.86575550e-01 0.00000000e+00 -8.73638503e-01 2.02232573e+01 0.00000000e+00 1.00000000e+00 0.00000000e+00 -1.92331637e-01 8.73638503e-01 0.00000000e+00 4.86575550e-01 -1.69975454e+00
1.1630018067e+02 4.68247918e-01 0.00000000e+00 -8.83597130e-01 2.01317818e+01 0.00000000e+00 1.00000000e+00 0.00000000e+00 -1.92731995e-01 8.83597130e-01 0.00000000e+00 4.68247918e-01 -1.67069613e+00
1.1640006685e+02 4.46324252e-01 0.00000000e+00 -8.94871310e-01 2.00445791e+01 0.00000000e+00 1.00000000e+00 0.00000000e+00 -1.97732352e-01 8.94871310e-01 0.00000000e+00 4.46324252e-01 -1.64291273e+00
1.1649999547e+02 4.26620363e-01 0.00000000e+00 -9.04430797e-01 1.99530187e+01 0.00000000e+00 1.00000000e+00 0.00000000e+00 -1.99332711e-01 9.04430797e-01 0.00000000e+00 4.26620363e-01 -1.62403662e+00
1.1659996271e+02 3.99816572e-01 0.00000000e+00 -9.16595172e-01 1.98693724e+01 0.00000000e+00 1.00000000e+00 0.00000000e+00 -1.89233067e-01 9.16595172e-01 0.00000000e+00 3.99816572e-01 -1.60211515e+00
1.1670004725e+02 3.76948409e-01 0.00000000e+00 -9.26234256e-01 1.97854415e+01 0.00000000e+00 1.00000000e+00 0.00000000e+00 -1.86033408e-01 9.26234256e-01 0.00000000e+00 3.76948409e-01 -1.58004820e+00
1.1680016589e+02 3.43580754e-01 0.00000000e+00 -9.39123136e-01 1.97041198e+01 0.00000000e+00 1.00000000e+00 0.00000000e+00 -1.91533770e-01 9.39123136e-01 0.00000000e+00 3.43580754e-01 -1.56539333e+00
1.1690006924e+02 3.18195296e-01 0.00000000e+00 -9.48025186e-01 1.96141500e+01 0.00000000e+00 1.00000000e+00 0.00000000e+00 -1.93934133e-01 9.48025186e-01 0.00000000e+00 3.18195296e-01 -1.55443882e+00
1.1700008988e+02 2.99267541e-01 0.00000000e+00 -9.54169240e-01 1.95183607e+01 0.00000000e+00 1.00000000e+00 0.00000000e+00 -1.95334490e-01 9.54169240e-01 0.00000000e+00 2.99267541e-01 -1.53931216e+00
1.1709999633e+02 2.99243972e-01 0.00000000e+00 -9.54176632e-01 1.95183841e+01 0.00000000e+00 1.00000000e+00 0.00000000e+00 -1.95334490e-01 9.54176632e-01 0.00000000e+00 2.99243972e-01 -1.53931514e+00
1.1720003366e+02 2.49810095e-01 0.00000000e+00 -9.68294850e-01 1.93442672e+01 0.00000000e+00 1.00000000e+00 0.00000000e+00 -1.72935178e-01 9.68294850e-01 0.00000000e+00 2.49810095e-01 -1.53572061e+00
1.1729997969e+02 2.29853189e-01 0.00000000e+00 -9.73225314e-01 1.92525847e+01 0.00000000e+00 1.00000000e+00 0.00000000e+00 -1.62435517e-01 9.73225314e-01 0.00000000e+00 2.29853189e-01 -1.53376622e+00
1.1739999199e+02 1.92499250e-01 0.00000000e+00 -9.81297120e-01 1.91691339e+01 0.00000000e+00 1.00000000e+00 0.00000000e+00 -1.68235883e-01 9.81297120e-01 0.00000000e+00 1.92499250e-01 -1.53115384e+00
1.1749996948e+02 1.58485594e-01 0.00000000e+00 -9.87361290e-01 1.90870283e+01 0.00000000e+00 1.00000000e+00 0.00000000e+00 -1.68136229e-01 9.87361290e-01 0.00000000e+00 1.58485594e-01 -1.53292467e+00
1.1760002613e+02 1.29291853e-01 0.00000000e+00 -9.91606584e-01 1.89968202e+01 0.00000000e+00 1.00000000e+00 0.00000000e+00 -1.74436583e-01 9.91606584e-01 0.00000000e+00 1.29291853e-01 -1.54338199e+00
1.1770009708e+02 9.97653999e-02 0.00000000e+00 -9.95010987e-01 1.89127403e+01 0.00000000e+00 1.00000000e+00 0.00000000e+00 -1.65936917e-01 9.95010987e-01 0.00000000e+00 9.97653999e-02 -1.54398399e+00
1.1780033827e+02 7.21355100e-02 0.00000000e+00 -9.97394841e-01 1.88233076e+01 0.00000000e+00 1.00000000e+00 0.00000000e+00 -1.63137258e-01 9.97394841e-01 0.00000000e+00 7.21355100e-02 -1.55225693e+00
1.1789998555e+02 4.84938422e-02 0.00000000e+00 -9.98823482e-01 1.87297513e+01 0.00000000e+00 1.00000000e+00 0.00000000e+00 -1.66037601e-01 9.98823482e-01 0.00000000e+00 4.84938422e-02 -1.56409712e+00
1.1800006604e+02 1.38024147e-02 0.00000000e+00 -9.99904742e-01 1.86468260e+01 0.00000000e+00 1.00000000e+00 0.00000000e+00 -1.57937936e-01 9.99904742e-01 0.00000000e+00 1.38024147e-02 -1.58122563e+00
1.1810003805e+02 1.37579964e-02 0.00000000e+00 -9.99905354e-01 1.86468678e+01 0.00000000e+00 1.00000000e+00 0.00000000e+00 -1.57937936e-01 9.99905354e-01 0.00000000e+00 1.37579964e-02 -1.58121872e+00
1.1820010090e+02 -5.50023600e-02 0.00000000e+00 -9.98486224e-01 1.84847017e+01 0.00000000e+00 1.00000000e+00 0.00000000e+00 -1.52138588e-01 9.98486224e-01 0.00000000e+00 -5.50023600e-02 -1.60494688e+00
1.1830383182e+02 -9.43051329e-02 0.00000000e+00 -9.95543340e-01 1.84067449e+01 0.00000000e+00 1.00000000e+00 0.00000000e+00 -1.46338915e-01 9.95543340e-01 0.00000000e+00 -9.43051329e-02 -1.62465250e+00
1.1840018773e+02 -1.32814404e-01 0.00000000e+00 -9.91140925e-01 1.83310754e+01 0.00000000e+00 1.00000000e+00 0.00000000e+00 -1.60139225e-01 9.91140925e-01 0.00000000e+00 -1.32814404e-01 -1.68129670e+00
1.1850002170e+02 -1.78125420e-01 0.00000000e+00 -9.84007792e-01 1.82605081e+01 0.00000000e+00 1.00000000e+00 0.00000000e+00 -1.63239538e-01 9.84007792e-01 0.00000000e+00 -1.78125420e-01 -1.70428267e+00
1.1860001731e+02 -2.24957121e-01 0.00000000e+00 -9.74368664e-01 1.81945965e+01 0.00000000e+00 1.00000000e+00 0.00000000e+00 -1.49439838e-01 9.74368664e-01 0.00000000e+00 -2.24957121e-01 -1.73032461e+00
1.1870016813e+02 -2.74672155e-01 0.00000000e+00 -9.61537939e-01 1.81274364e+01 0.00000000e+00 1.00000000e+00 0.00000000e+00 -1.43740144e-01 9.61537939e-01 0.00000000e+00 -2.74672155e-01 -1.75388650e+00
1.1880003357e+02 -3.16584909e-01 0.00000000e+00 -9.48564176e-01 1.80603075e+01 0.00000000e+00 1.00000000e+00 0.00000000e+00 -1.32540428e-01 9.48564176e-01 0.00000000e+00 -3.16584909e-01 -1.79412603e+00
1.1890000248e+02 -3.64476000e-01 0.00000000e+00 -9.31212782e-01 1.80007108e+01 0.00000000e+00 1.00000000e+00 0.00000000e+00 -1.31440698e-01 9.31212782e-01 0.00000000e+00 -3.64476000e-01 -1.83586226e+00
1.1899995637e+02 -4.00360473e-01 0.00000000e+00 -9.16357731e-01 1.79359895e+01 0.00000000e+00 1.00000000e+00 0.00000000e+00 -1.31840953e-01 9.16357731e-01 0.00000000e+00 -4.00360473e-01 -1.87415721e+00
1.1909999228e+02 -4.00403410e-01 0.00000000e+00 -9.16338971e-01 1.79360267e+01 0.00000000e+00 1.00000000e+00 0.00000000e+00 -1.31840953e-01 9.16338971e-01 0.00000000e+00 -4.00403410e-01 -1.87413234e+00
1.1920003080e+02 -4.83535360e-01 0.00000000e+00 -8.75324829e-01 1.78199059e+01 0.00000000e+00 1.00000000e+00 0.00000000e+00 -1.46141440e-01 8.75324829e-01 0.00000000e+00 -4.83535360e-01 -1.95665903e+00
1.1930009174e+02 -5.14964070e-01 0.00000000e+00 -8.57211763e-01 1.77576448e+01 0.00000000e+00 1.00000000e+00 0.00000000e+00 -1.43941668e-01 8.57211763e-01 0.00000000e+00 -5.14964070e-01 -1.99673840e+00
1.1941688228e+02 -5.36628097e-01 0.00000000e+00 -8.43818870e-01 1.76987544e+01 0.00000000e+00 1.00000000e+00 0.00000000e+00 -1.45141862e-01 8.43818870e-01 0.00000000e+00 -5.36628097e-01 -2.04057264e+00
1.1950000715e+02 -5.47483780e-01 0.00000000e+00 -8.36816295e-01 1.76259535e+01 0.00000000e+00 1.00000000e+00 0.00000000e+00 -1.43642068e-01 8.36816295e-01 0.00000000e+00 -5.47483780e-01 -2.10608777e+00
1.1960003781e+02 -5.68657531e-01 0.00000000e+00 -8.22574381e-01 1.75624872e+01 0.00000000e+00 1.00000000e+00 0.00000000e+00 -1.36942269e-01 8.22574381e-01 0.00000000e+00 -5.68657531e-01 -2.15822241e+00
1.1970002651e+02 -5.54369701e-01 0.00000000e+00 -8.32270530e-01 1.74632033e+01 0.00000000e+00 1.00000000e+00 0.00000000e+00 -1.46742464e-01 8.32270530e-01 0.00000000e+00 -5.54369701e-01 -2.32029755e+00
1.1980017495e+02 -5.68170905e-01 0.00000000e+00 -8.22910580e-01 1.74017083e+01 0.00000000e+00 1.00000000e+00 0.00000000e+00 -1.52742633e-01 8.22910580e-01 0.00000000e+00 -5.68170905e-01 -2.39887385e+00
1.1990005755e+02 -5.65630708e-01 0.00000000e+00 -8.24658658e-01 1.73229172e+01 0.00000000e+00 1.00000000e+00 0.00000000e+00 -1.48742816e-01 8.24658658e-01 0.00000000e+00 -5.65630708e-01 -2.47159094e+00
1.1999999499e+02 -5.80542645e-01 0.00000000e+00 -8.14229843e-01 1.72631854e+01 0.00000000e+00 1.00000000e+00 0.00000000e+00 -1.54742985e-01 8.14229843e-01 0.00000000e+00 -5.80542645e-01 -2.52840381e+00
1.2009997630e+02 -5.80565120e-01 0.00000000e+00 -8.14213818e-01 1.72632038e+01 0.00000000e+00 1.00000000e+00 0.00000000e+00 -1.54742985e-01 8.14213818e-01 0.00000000e+00 -5.80565120e-01 -2.52838496e+00
1.2020002842e+02 -5.58704810e-01 0.00000000e+00 -8.29366587e-01 1.71005552e+01 0.00000000e+00 1.00000000e+00 0.00000000e+00 -1.47243320e-01 8.29366587e-01 0.00000000e+00 -5.58704810e-01 -2.68128789e+00
1.2029999518e+02 -5.53541473e-01 0.00000000e+00 -8.32821612e-01 1.70219015e+01 0.00000000e+00 1.00000000e+00 0.00000000e+00 -1.53143494e-01 8.32821612e-01 0.00000000e+00 -5.53541473e-01 -2.74809909e+00
1.2039998865e+02 -5.50803241e-01 0.00000000e+00 -8.34635124e-01 1.69477876e+01 0.00000000e+00 1.00000000e+00 0.00000000e+00 -1.57043657e-01 8.34635124e-01 0.00000000e+00 -5.50803241e-01 -2.81900888e+00
1.2049999285e+02 -5.47419325e-01 0.00000000e+00 -8.36858460e-01 1.68756783e+01 0.00000000e+00 1.00000000e+00 0.00000000e+00 -1.46143811e-01 8.36858460e-01 0.00000000e+00 -5.47419325e-01 -2.89074460e+00
1.2060007763e+02 -5.40213446e-01 0.00000000e+00 -8.41528035e-01 1.67893422e+01 0.00000000e+00 1.00000000e+00 0.00000000e+00 -1.59143997e-01 8.41528035e-01 0.00000000e+00 -5.40213446e-01 -2.95168244e+00
1.2070002294e+02 -5.32994186e-01 0.00000000e+00 -8.46118903e-01 1.67080502e+01 0.00000000e+00 1.00000000e+00 0.00000000e+00 -1.46144166e-01 8.46118903e-01 0.00000000e+00 -5.32994186e-01 -3.01727329e+00
1.2080001187e+02 -5.28071385e-01 0.00000000e+00 -8.49199984e-01 1.66330783e+01 0.00000000e+00 1.00000000e+00 0.00000000e+00 -1.40144320e-01 8.49199984e-01 0.00000000e+00 -5.28071385e-01 -3.09010388e+00
1.2090002537e+02 -5.27702183e-01 0.00000000e+00 -8.49429459e-01 1.65561726e+01 0.00000000e+00 1.00000000e+00 0.00000000e+00 -1.33144493e-01 8.49429459e-01 0.00000000e+00 -5.27702183e-01 -3.14733253e+00
1.2100000334e+02 -5.28245052e-01 0.00000000e+00 -8.49091965e-01 1.64764829e+01 0.00000000e+00 1.00000000e+00 0.00000000e+00 -1.42544668e-01 8.49091965e-01 0.00000000e+00 -5.28245052e-01 -3.21110321e+00
1.2109997845e+02 -5.28245696e-01 0.00000000e+00 -8.49091565e-01 1.64764835e+01 0.00000000e+00 1.00000000e+00 0.00000000e+00 -1.42544668e-01 8.49091565e-01 0.00000000e+00 -5.28245696e-01 -3.21110273e+00
1.2120004487e+02 -5.36260634e-01 0.00000000e+00 -8.44052447e-01 1.63330533e+01 0.00000000e+00 1.00000000e+00 0.00000000e+00 -1.44644994e-01 8.44052447e-01 0.00000000e+00 -5.36260634e-01 -3.32606240e+00
1.2130010581e+02 -5.36270284e-01 0.00000000e+00 -8.44046316e-01 1.63330613e+01 0.00000000e+00 1.00000000e+00 0.00000000e+00 -1.44644994e-01 8.44046316e-01 0.00000000e+00 -5.36270284e-01 -3.32605501e+00
1.2140002966e+02 -5.20349775e-01 0.00000000e+00 -8.53953225e-01 1.61662345e+01 0.00000000e+00 1.00000000e+00 0.00000000e+00 -1.40545320e-01 8.53953225e-01 0.00000000e+00 -5.20349775e-01 -3.46012593e+00
1.2150001955e+02 -5.16817216e-01 0.00000000e+00 -8.56095769e-01 1.60968255e+01 0.00000000e+00 1.00000000e+00 0.00000000e+00 -1.37545453e-01 8.56095769e-01 0.00000000e+00 -5.16817216e-01 -3.52872909e+00
1.2160010862e+02 -5.20405217e-01 0.00000000e+00 -8.53919440e-01 1.60206761e+01 0.00000000e+00 1.00000000e+00 0.00000000e+00 -1.39445619e-01 8.53919440e-01 0.00000000e+00 -5.20405217e-01 -3.58805372e+00
1.2170024014e+02 -5.10481996e-01 0.00000000e+00 -8.59888441e-01 1.59320463e+01 0.00000000e+00 1.00000000e+00 0.00000000e+00 -1.44045783e-01 8.59888441e-01 0.00000000e+00 -5.10481996e-01 -3.66343488e+00
1.2180017567e+02 -5.19686317e-01 0.00000000e+00 -8.54357145e-01 1.58667849e+01 0.00000000e+00 1.00000000e+00 0.00000000e+00 -1.49845929e-01 8.54357145e-01 0.00000000e+00 -5.19686317e-01 -3.72064383e+00
1.2190002537e+02 -5.09251613e-01 0.00000000e+00 -8.60617682e-01 1.57864091e+01 0.00000000e+00 1.00000000e+00 0.00000000e+00 -1.46146072e-01 8.60617682e-01 0.00000000e+00 -5.09251613e-01 -3.78690832e+00
1.2199999833e+02 -5.14189487e-01 0.00000000e+00 -8.57676612e-01 1.56979555e+01 0.00000000e+00 1.00000000e+00 0.00000000e+00 -1.84246251e-01 8.57676612e-01 0.00000000e+00 -5.14189487e-01 -3.86980100e+00
1.2209997964e+02 -5.14195556e-01 0.00000000e+00 -8.57672974e-01 1.56979606e+01 0.00000000e+00 1.00000000e+00 0.00000000e+00 -1.84246251e-01 8.57672974e-01 0.00000000e+00 -5.14195556e-01 -3.86979656e+00
1.2220000410e+02 -5.10459685e-01 0.00000000e+00 -8.59901686e-01 1.55528780e+01 0.00000000e+00 1.00000000e+00 0.00000000e+00 -1.82446521e-01 8.59901686e-01 0.00000000e+00 -5.10459685e-01 -4.00617030e+00
1.2232714701e+02 -5.04362404e-01 0.00000000e+00 -8.63492076e-01 1.54741676e+01 0.00000000e+00 1.00000000e+00 0.00000000e+00 -1.79546660e-01 8.63492076e-01 0.00000000e+00 -5.04362404e-01 -4.07427129e+00
1.2239996600e+02 -4.80000407e-01 0.00000000e+00 -8.77268266e-01 1.53763119e+01 0.00000000e+00 1.00000000e+00 0.00000000e+00 -1.91046809e-01 8.77268266e-01 0.00000000e+00 -4.80000407e-01 -4.14856025e+00
1.2249998212e+02 -4.84445281e-01 0.00000000e+00 -8.74821564e-01 1.53059810e+01 0.00000000e+00 1.00000000e+00 0.00000000e+00 -1.82146948e-01 8.74821564e-01 0.00000000e+00 -4.84445281e-01 -4.20975215e+00
1.2260003352e+02 -4.99684018e-01 0.00000000e+00 -8.66207759e-01 1.52391756e+01 0.00000000e+00 1.00000000e+00 0.00000000e+00 -1.86347101e-01 8.66207759e-01 0.00000000e+00 -4.99684018e-01 -4.25825626e+00
1.2269998598e+02 -4.82839449e-01 0.00000000e+00 -8.75708894e-01 1.51513145e+01 0.00000000e+00 1.00000000e+00 0.00000000e+00 -1.95247237e-01 8.75708894e-01 0.00000000e+00 -4.82839449e-01 -4.32493717e+00
1.2280000257e+02 -4.82260560e-01 0.00000000e+00 -8.76027826e-01 1.50747742e+01 0.00000000e+00 1.00000000e+00 0.00000000e+00 -2.03947376e-01 8.76027826e-01 0.00000000e+00 -4.82260560e-01 -4.38894573e+00
1.2290005803e+02 -4.74641223e-01 0.00000000e+00 -8.80179362e-01 1.49894768e+01 0.00000000e+00 1.00000000e+00 0.00000000e+00 -2.09747523e-01 8.80179362e-01 0.00000000e+00 -4.74641223e-01 -4.45079867e+00
1.2300011873e+02 -4.90059059e-01 0.00000000e+00 -8.71689233e-01 1.49131991e+01 0.00000000e+00 1.00000000e+00 0.00000000e+00 -2.46947688e-01 8.71689233e-01 0.00000000e+00 -4.90059059e-01 -4.50420475e+00
1.2309996414e+02 -4.90118948e-01 0.00000000e+00 -8.71655561e-01 1.49132497e+01 0.00000000e+00 1.00000000e+00 0.00000000e+00 -2.46947688e-01 8.71655561e-01 0.00000000e+00 -4.90118948e-01 -4.50416300e+00
1.2319998240e+02 -4.74439103e-01 0.00000000e+00 -8.80288326e-01 1.47432364e+01 0.00000000e+00 1.00000000e+00 0.00000000e+00 -2.24347973e-01 8.80288326e-01 0.00000000e+00 -4.74439103e-01 -4.62893609e+00
1.2329999661e+02 -4.62662957e-01 0.00000000e+00 -8.86534256e-01 1.46528817e+01 0.00000000e+00 1.00000000e+00 0.00000000e+00 -2.30948111e-01 8.86534256e-01 0.00000000e+00 -4.62662957e-01 -4.70165644e+00
1.2340010548e+02 -4.42876353e-01 0.00000000e+00 -8.96582699e-01 1.45554116e+01 0.00000000e+00 1.00000000e+00 0.00000000e+00 -2.51348261e-01 8.96582699e-01 0.00000000e+00 -4.42876353e-01 -4.75769443e+00
1.2350001526e+02 -4.45478606e-01 0.00000000e+00 -8.95292585e-01 1.44775119e+01 0.00000000e+00 1.00000000e+00 0.00000000e+00 -2.41448406e-01 8.95292585e-01 0.00000000e+00 -4.45478606e-01 -4.80533389e+00
1.2359997201e+02 -4.43746286e-01 0.00000000e+00 -8.96152461e-01 1.43965990e+01 0.00000000e+00 1.00000000e+00 0.00000000e+00 -2.39648538e-01 8.96152461e-01 0.00000000e+00 -4.43746286e-01 -4.87346053e+00
1.2370002413e+02 -4.41217821e-01 0.00000000e+00 -8.97400042e-01 1.43129815e+01 0.00000000e+00 1.00000000e+00 0.00000000e+00 -2.48148684e-01 8.97400042e-01 0.00000000e+00 -4.41217821e-01 -4.92310549e+00
1.2380006170e+02 -4.42468475e-01 0.00000000e+00 -8.96784059e-01 1.42329082e+01 0.00000000e+00 1.00000000e+00 0.00000000e+00 -2.42848819e-01 8.96784059e-01 0.00000000e+00 -4.42468475e-01 -4.98397767e+00
1.2390003276e+02 -4.27948889e-01 0.00000000e+00 -9.03802937e-01 1.41472594e+01 0.00000000e+00 1.00000000e+00 0.00000000e+00 -2.37148941e-01 9.03802937e-01 0.00000000e+00 -4.27948889e-01 -5.04606343e+00
1.2399999428e+02 -4.18880405e-01 0.00000000e+00 -9.08041412e-01 1.40393746e+01 0.00000000e+00 1.00000000e+00 0.00000000e+00 -2.65549119e-01 9.08041412e-01 0.00000000e+00 -4.18880405e-01 -5.10638365e+00
1.2410001993e+02 -4.18868948e-01 0.00000000e+00 -9.08046697e-01 1.40393647e+01 0.00000000e+00 1.00000000e+00 0.00000000e+00 -2.65549119e-01 9.08046697e-01 0.00000000e+00 -4.18868948e-01 -5.10639055e+00
1.2420002294e+02 -4.35029786e-01 0.00000000e+00 -9.00416062e-01 1.38836108e+01 0.00000000e+00 1.00000000e+00 0.00000000e+00 -2.80249406e-01 9.00416062e-01 0.00000000e+00 -4.35029786e-01 -5.20086484e+00
1.2431027484e+02 -4.10086517e-01 0.00000000e+00 -9.12046626e-01 1.37826688e+01 0.00000000e+00 1.00000000e+00 0.00000000e+00 -2.87849535e-01 9.12046626e-01 0.00000000e+00 -4.10086517e-01 -5.27083992e+00
1.2440001273e+02 -4.19718779e-01 0.00000000e+00 -9.07654200e-01 1.37045590e+01 0.00000000e+00 1.00000000e+00 0.00000000e+00 -2.80349678e-01 9.07654200e-01 0.00000000e+00 -4.19718779e-01 -5.31683192e+00
1.2450011635e+02 -4.09589668e-01 0.00000000e+00 -9.12269864e-01 1.36121075e+01 0.00000000e+00 1.00000000e+00 0.00000000e+00 -2.92749818e-01 9.12269864e-01 0.00000000e+00 -4.09589668e-01 -5.36908764e+00
1.2460009646e+02 -4.07008581e-01 0.00000000e+00 -9.13424335e-01 1.35217330e+01 0.00000000e+00 1.00000000e+00 0.00000000e+00 -2.90649960e-01 9.13424335e-01 0.00000000e+00 -4.07008581e-01 -5.42317469e+00
1.2470012689e+02 -4.04014558e-01 0.00000000e+00 -9.14752555e-01 1.34308673e+01 0.00000000e+00 1.00000000e+00 0.00000000e+00 -2.97150104e-01 9.14752555e-01 0.00000000e+00 -4.04014558e-01 -5.47552730e+00
1.2480002904e+02 -3.96832289e-01 0.00000000e+00 -9.17891134e-01 1.33375949e+01 0.00000000e+00 1.00000000e+00 0.00000000e+00 -2.93850242e-01 9.17891134e-01 0.00000000e+00 -3.96832289e-01 -5.53162966e+00
1.2490003490e+02 -4.04315456e-01 0.00000000e+00 -9.14619600e-01 1.32702117e+01 0.00000000e+00 1.00000000e+00 0.00000000e+00 -2.30850313e-01 9.14619600e-01 0.00000000e+00 -4.04315456e-01 -5.63118521e+00
1.2500003099e+02 -3.80173385e-01 0.00000000e+00 -9.24915238e-01 1.31696533e+01 0.00000000e+00 1.00000000e+00 0.00000000e+00 -2.58050448e-01 9.24915238e-01 0.00000000e+00 -3.80173385e-01 -5.67765197e+00
1.2510000205e+02 -3.80137500e-01 0.00000000e+00 -9.24929987e-01 1.31696221e+01 0.00000000e+00 1.00000000e+00 0.00000000e+00 -2.58050448e-01 9.24929987e-01 0.00000000e+00 -3.80137500e-01 -5.67767188e+00
1.2520003676e+02 -3.71011247e-01 0.00000000e+00 -9.28628373e-01 1.29823390e+01 0.00000000e+00 1.00000000e+00 0.00000000e+00 -2.64750737e-01 9.28628373e-01 0.00000000e+00 -3.71011247e-01 -5.76882184e+00
1.2530003095e+02 -3.63819814e-01 0.00000000e+00 -9.31469346e-01 1.28927563e+01 0.00000000e+00 1.00000000e+00 0.00000000e+00 -2.64050865e-01 9.31469346e-01 0.00000000e+00 -3.63819814e-01 -5.81625917e+00
1.2540009427e+02 -3.44898436e-01 0.00000000e+00 -9.38640010e-01 1.27894687e+01 0.00000000e+00 1.00000000e+00 0.00000000e+00 -2.66251007e-01 9.38640010e-01 0.00000000e+00 -3.44898436e-01 -5.86177824e+00
1.2550007725e+02 -3.17662404e-01 0.00000000e+00 -9.48203880e-01 1.26794096e+01 0.00000000e+00 1.00000000e+00 0.00000000e+00 -2.51751139e-01 9.48203880e-01 0.00000000e+00 -3.17662404e-01 -5.91934315e+00
1.2560007501e+02 -2.90826749e-01 0.00000000e+00 -9.56775732e-01 1.25729584e+01 0.00000000e+00 1.00000000e+00 0.00000000e+00 -2.34651262e-01 9.56775732e-01 0.00000000e+00 -2.90826749e-01 -5.97586704e+00
1.2570006609e+02 -2.73345186e-01 0.00000000e+00 -9.61916010e-01 1.24798669e+01 0.00000000e+00 1.00000000e+00 0.00000000e+00 -2.38851378e-01 9.61916010e-01 0.00000000e+00 -2.73345186e-01 -6.02360605e+00
1.2579998922e+02 -2.44311338e-01 0.00000000e+00 -9.69696844e-01 1.23780133e+01 0.00000000e+00 1.00000000e+00 0.00000000e+00 -2.44551492e-01 9.69696844e-01 0.00000000e+00 -2.44311338e-01 -6.07238659e+00
1.2589998150e+02 -2.29132763e-01 0.00000000e+00 -9.73395180e-01 1.22785679e+01 0.00000000e+00 1.00000000e+00 0.00000000e+00 -2.52451637e-01 9.73395180e-01 0.00000000e+00 -2.29132763e-01 -6.09849868e+00
1.2600004148e+02 -2.09395605e-01 0.00000000e+00 -9.77831008e-01 1.21758528e+01 0.00000000e+00 1.00000000e+00 0.00000000e+00 -2.43651765e-01 9.77831008e-01 0.00000000e+00 -2.09395605e-01 -6.14255343e+00
1.2610006189e+02 -2.09367693e-01 0.00000000e+00 -9.77836985e-01 1.21758275e+01 0.00000000e+00 1.00000000e+00 0.00000000e+00 -2.43651765e-01 9.77836985e-01 0.00000000e+00 -2.09367693e-01 -6.14256375e+00
1.2620001268e+02 -1.70316275e-01 0.00000000e+00 -9.85389449e-01 1.19682436e+01 0.00000000e+00 1.00000000e+00 0.00000000e+00 -1.78251993e-01 9.85389449e-01 0.00000000e+00 -1.70316275e-01 -6.26676685e+00
1.2634929729e+02 -1.46122319e-01 0.00000000e+00 -9.89266530e-01 1.18620865e+01 0.00000000e+00 1.00000000e+00 0.00000000e+00 -1.72752122e-01 9.89266530e-01 0.00000000e+00 -1.46122319e-01 -6.30233426e+00
1.2639990282e+02 -1.21548416e-01 0.00000000e+00 -9.92585504e-01 1.17554230e+01 0.00000000e+00 1.00000000e+00 0.00000000e+00 -1.76552254e-01 9.92585504e-01 0.00000000e+00 -1.21548416e-01 -6.33525695e+00
1.2649999547e+02 -1.01382999e-01 0.00000000e+00 -9.94847469e-01 1.16444024e+01 0.00000000e+00 1.00000000e+00 0.00000000e+00 -1.87252405e-01 9.94847469e-01 0.00000000e+00 -1.01382999e-01 -6.35878384e+00
1.2660003972e+02 -8.58469778e-02 0.00000000e+00 -9.96308334e-01 1.15385043e+01 0.00000000e+00 1.00000000e+00 0.00000000e+00 -1.85752555e-01 9.96308334e-01 0.00000000e+00 -8.58469778e-02 -6.38001088e+00
1.2670007014e+02 -6.25155569e-02 0.00000000e+00 -9.98043990e-01 1.14279058e+01 0.00000000e+00 1.00000000e+00 0.00000000e+00 -1.91852704e-01 9.98043990e-01 0.00000000e+00 -6.25155569e-02 -6.39610684e+00
1.2680003142e+02 -3.95229180e-02 0.00000000e+00 -9.99218664e-01 1.13175361e+01 0.00000000e+00 1.00000000e+00 0.00000000e+00 -1.91652840e-01 9.99218664e-01 0.00000000e+00 -3.95229180e-02 -6.42176148e+00
1.2690008736e+02 -2.11874464e-02 0.00000000e+00 -9.99775521e-01 1.12105016e+01 0.00000000e+00 1.00000000e+00 0.00000000e+00 -1.96952989e-01 9.99775521e-01 0.00000000e+00 -2.11874464e-02 -6.43553336e+00
1.2700001502e+02 -1.25240115e-03 0.00000000e+00 -9.99999216e-01 1.11046843e+01 0.00000000e+00 1.00000000e+00 0.00000000e+00 -1.87553115e-01 9.99999216e-01 0.00000000e+00 -1.25240115e-03 -6.46826192e+00
1.2710008645e+02 1.72201626e-02 0.00000000e+00 -9.99851722e-01 1.09940461e+01 0.00000000e+00 1.00000000e+00 0.00000000e+00 -1.97253275e-01 9.99851722e-01 0.00000000e+00 1.72201626e-02 -6.47228368e+00
1.2720015955e+02 4.81517325e-02 0.00000000e+00 -9.98840033e-01 1.08753593e+01 0.00000000e+00 1.00000000e+00 0.00000000e+00 -1.93853410e-01 9.98840033e-01 0.00000000e+00 4.81517325e-02 -6.49405804e+00
1.2730015874e+02 6.30974723e-02 0.00000000e+00 -9.98007369e-01 1.07634893e+01 0.00000000e+00 1.00000000e+00 0.00000000e+00 -2.00053576e-01 9.98007369e-01 0.00000000e+00 6.30974723e-02 -6.49636835e+00
1.2743811989e+02 8.85991901e-02 0.00000000e+00 -9.96067359e-01 1.06485653e+01 0.00000000e+00 1.00000000e+00 0.00000000e+00 -1.91453714e-01 9.96067359e-01 0.00000000e+00 8.85991901e-02 -6.51373824e+00
1.2749998426e+02 1.08059575e-01 0.00000000e+00 -9.94144420e-01 1.05316465e+01 0.00000000e+00 1.00000000e+00 0.00000000e+00 -1.94553879e-01 9.94144420e-01 0.00000000e+00 1.08059575e-01 -6.51327801e+00
1.2760001278e+02 1.06535090e-01 0.00000000e+00 -9.94308943e-01 1.04336199e+01 0.00000000e+00 1.00000000e+00 0.00000000e+00 -1.89054034e-01 9.94308943e-01 0.00000000e+00 1.06535090e-01 -6.52392075e+00
1.2769995832e+02 1.24765057e-01 0.00000000e+00 -9.92186313e-01 1.03174719e+01 0.00000000e+00 1.00000000e+00 0.00000000e+00 -1.83254190e-01 9.92186313e-01 0.00000000e+00 1.24765057e-01 -6.52850066e+00
1.2780008721e+02 1.40794227e-01 0.00000000e+00 -9.90038881e-01 1.02060564e+01 0.00000000e+00 1.00000000e+00 0.00000000e+00 -1.95454351e-01 9.90038881e-01 0.00000000e+00 1.40794227e-01 -6.52174554e+00
1.2790006185e+02 1.37013907e-01 0.00000000e+00 -9.90569124e-01 1.01098953e+01 0.00000000e+00 1.00000000e+00 0.00000000e+00 -1.74754494e-01 9.90569124e-01 0.00000000e+00 1.37013907e-01 -6.54003657e+00
1.2800022030e+02 1.38561123e-01 0.00000000e+00 -9.90353884e-01 1.00064080e+01 0.00000000e+00 1.00000000e+00 0.00000000e+00 -1.82354653e-01 9.90353884e-01 0.00000000e+00 1.38561123e-01 -6.54266569e+00
1.2809999895e+02 1.37791271e-01 0.00000000e+00 -9.90461289e-01 9.90585610e+00 0.00000000e+00 1.00000000e+00 0.00000000e+00 -1.96154824e-01 9.90461289e-01 0.00000000e+00 1.37791271e-01 -6.52939258e+00
1.2819996619e+02 1.38251216e-01 0.00000000e+00 -9.90397194e-01 9.80298603e+00 0.00000000e+00 1.00000000e+00 0.00000000e+00 -1.87354974e-01 9.90397194e-01 0.00000000e+00 1.38251216e-01 -6.53791508e+00
1.2830006242e+02 1.40168940e-01 0.00000000e+00 -9.90127602e-01 9.70117123e+00 0.00000000e+00 1.00000000e+00 0.00000000e+00 -1.77755118e-01 9.90127602e-01 0.00000000e+00 1.40168940e-01 -6.54808095e+00
1.2840011954e+02 1.39150328e-01 0.00000000e+00 -9.90271269e-01 9.60157321e+00 0.00000000e+00 1.00000000e+00 0.00000000e+00 -1.73255259e-01 9.90271269e-01 0.00000000e+00 1.39150328e-01 -6.56053384e+00
1.2850010681e+02 1.36677206e-01 0.00000000e+00 -9.90615638e-01 9.49802406e+00 0.00000000e+00 1.00000000e+00 0.00000000e+00 -1.74555413e-01 9.90615638e-01 0.00000000e+00 1.36677206e-01 -6.56522601e+00
1.2860010982e+02 1.40827514e-01 0.00000000e+00 -9.90034147e-01 9.39638498e+00 0.00000000e+00 1.00000000e+00 0.00000000e+00 -1.88455561e-01 9.90034147e-01 0.00000000e+00 1.40827514e-01 -6.56341474e+00
1.2870019841e+02 1.37686975e-01 0.00000000e+00 -9.90475793e-01 9.29118425e+00 0.00000000e+00 1.00000000e+00 0.00000000e+00 -1.90355717e-01 9.90475793e-01 0.00000000e+00 1.37686975e-01 -6.56561494e+00
1.2880007839e+02 1.35366449e-01 0.00000000e+00 -9.90795602e-01 9.19471314e+00 0.00000000e+00 1.00000000e+00 0.00000000e+00 -1.82655862e-01 9.90795602e-01 0.00000000e+00 1.35366449e-01 -6.56544949e+00
1.2890019584e+02 1.37037978e-01 0.00000000e+00 -9.90565794e-01 9.08622781e+00 0.00000000e+00 1.00000000e+00 0.00000000e+00 -1.78356011e-01 9.90565794e-01 0.00000000e+00 1.37037978e-01 -6.56920736e+00
1.2900015092e+02 1.36359540e-01 0.00000000e+00 -9.90659415e-01 8.98242461e+00 0.00000000e+00 1.00000000e+00 0.00000000e+00 -1.85256157e-01 9.90659415e-01 0.00000000e+00 1.36359540e-01 -6.57201186e+00
1.2910000277e+02 1.39122717e-01 0.00000000e+00 -9.90275148e-01 8.87992110e+00 0.00000000e+00 1.00000000e+00 0.00000000e+00 -1.80656287e-01 9.90275148e-01 0.00000000e+00 1.39122717e-01 -6.58234103e+00
1.2920010853e+02 1.42936877e-01 0.00000000e+00 -9.89731807e-01 8.77257788e+00 0.00000000e+00 1.00000000e+00 0.00000000e+00 -1.87456439e-01 9.89731807e-01 0.00000000e+00 1.42936877e-01 -6.57366457e+00
1.2929999638e+02 1.37196651e-01 0.00000000e+00 -9.90543830e-01 8.67647606e+00 0.00000000e+00 1.00000000e+00 0.00000000e+00 -1.87056580e-01 9.90543830e-01 0.00000000e+00 1.37196651e-01 -6.57344831e+00
1.2939997745e+02 1.35786598e-01 0.00000000e+00 -9.90738109e-01 8.57923149e+00 0.00000000e+00 1.00000000e+00 0.00000000e+00 -1.80256702e-01 9.90738109e-01 0.00000000e+00 1.35786598e-01 -6.58430077e+00
1.2949996662e+02 1.29126935e-01 0.00000000e+00 -9.91628073e-01 8.48273398e+00 0.00000000e+00 1.00000000e+00 0.00000000e+00 -1.97156843e-01 9.91628073e-01 0.00000000e+00 1.29126935e-01 -6.57978453e+00
1.2959996867e+02 1.53340992e-01 0.00000000e+00 -9.88173335e-01 8.36699425e+00 0.00000000e+00 1.00000000e+00 0.00000000e+00 -1.93656953e-01 9.88173335e-01 0.00000000e+00 1.53340992e-01 -6.59644542e+00
1.2970002699e+02 1.75820639e-01 0.00000000e+00 -9.84422218e-01 8.24686796e+00 0.00000000e+00 1.00000000e+00 0.00000000e+00 -1.90157087e-01 9.84422218e-01 0.00000000e+00 1.75820639e-01 -6.58932166e+00
1.2980007792e+02 1.81813133e-01 0.00000000e+00 -9.83333100e-01 8.14301013e+00 0.00000000e+00 1.00000000e+00 0.00000000e+00 -1.96557225e-01 9.83333100e-01 0.00000000e+00 1.81813133e-01 -6.57650494e+00
1.2990002251e+02 1.87603600e-01 0.00000000e+00 -9.82244821e-01 8.03872736e+00 0.00000000e+00 1.00000000e+00 0.00000000e+00 -1.91657353e-01 9.82244821e-01 0.00000000e+00 1.87603600e-01 -6.57343814e+00
1.3000009489e+02 1.98667492e-01 0.00000000e+00 -9.80066951e-01 7.92878051e+00 0.00000000e+00 1.00000000e+00 0.00000000e+00 -1.95157485e-01 9.80066951e-01 0.00000000e+00 1.98667492e-01 -6.56609243e+00
1.3010004926e+02 2.05877769e-01 0.00000000e+00 -9.78577715e-01 7.81834603e+00 0.00000000e+00 1.00000000e+00 0.00000000e+00 -1.85457608e-01 9.78577715e-01 0.00000000e+00 2.05877769e-01 -6.57206194e+00
1.3020008659e+02 2.04037272e-01 0.00000000e+00 -9.78963121e-01 7.71238345e+00 0.00000000e+00 1.00000000e+00 0.00000000e+00 -1.91457750e-01 9.78963121e-01 0.00000000e+00 2.04037272e-01 -6.56005257e+00
1.3032624435e+02 2.05533076e-01 0.00000000e+00 -9.78650170e-01 7.60814777e+00 0.00000000e+00 1.00000000e+00 0.00000000e+00 -1.77957865e-01 9.78650170e-01 0.00000000e+00 2.05533076e-01 -6.57163061e+00
1.3040007019e+02 2.05127248e-01 0.00000000e+00 -9.78735312e-01 7.50581108e+00 0.00000000e+00 1.00000000e+00 0.00000000e+00 -1.93458003e-01 9.78735312e-01 0.00000000e+00 2.05127248e-01 -6.55511158e+00
1.3050000262e+02 2.00655217e-01 0.00000000e+00 -9.79661923e-01 7.40641543e+00 0.00000000e+00 1.00000000e+00 0.00000000e+00 -1.82458128e-01 9.79661923e-01 0.00000000e+00 2.00655217e-01 -6.55088998e+00
1.3060008264e+02 2.06989049e-01 0.00000000e+00 -9.78343260e-01 7.29924260e+00 0.00000000e+00 1.00000000e+00 0.00000000e+00 -1.82358254e-01 9.78343260e-01 0.00000000e+00 2.06989049e-01 -6.54205288e+00
1.3070014811e+02 2.06336437e-01 0.00000000e+00 -9.78481106e-01 7.19583741e+00 0.00000000e+00 1.00000000e+00 0.00000000e+00 -1.73058365e-01 9.78481106e-01 0.00000000e+00 2.06336437e-01 -6.55084295e+00
1.3080016637e+02 2.15610296e-01 0.00000000e+00 -9.76479493e-01 7.08386174e+00 0.00000000e+00 1.00000000e+00 0.00000000e+00 -1.71058482e-01 9.76479493e-01 0.00000000e+00 2.15610296e-01 -6.54914246e+00
1.3090013433e+02 2.08802111e-01 0.00000000e+00 -9.77957913e-01 6.98457486e+00 0.00000000e+00 1.00000000e+00 0.00000000e+00 -1.54758595e-01 9.77957913e-01 0.00000000e+00 2.08802111e-01 -6.55702132e+00
1.3100002837e+02 2.09571550e-01 0.00000000e+00 -9.77793314e-01 6.88892045e+00 0.00000000e+00 1.00000000e+00 0.00000000e+00 -1.43858708e-01 9.77793314e-01 0.00000000e+00 2.09571550e-01 -6.54579001e+00
1.3110011578e+02 2.10855789e-01 0.00000000e+00 -9.77517180e-01 6.78093770e+00 0.00000000e+00 1.00000000e+00 0.00000000e+00 -1.45858823e-01 9.77517180e-01 0.00000000e+00 2.10855789e-01 -6.54578371e+00
1.3120008254e+02 2.10093861e-01 0.00000000e+00 -9.77681221e-01 6.68128217e+00 0.00000000e+00 1.00000000e+00 0.00000000e+00 -1.48858938e-01 9.77681221e-01 0.00000000e+00 2.10093861e-01 -6.53507765e+00
1.3130015779e+02 2.25680139e-01 0.00000000e+00 -9.74201455e-01 6.56912442e+00 0.00000000e+00 1.00000000e+00 0.00000000e+00 -1.52359044e-01 9.74201455e-01 0.00000000e+00 2.25680139e-01 -6.53154216e+00
1.3140017080e+02 2.22059268e-01 0.00000000e+00 -9.75033169e-01 6.47016371e+00 0.00000000e+00 1.00000000e+00 0.00000000e+00 -1.47559157e-01 9.75033169e-01 0.00000000e+00 2.22059268e-01 -6.52298419e+00
1.3152427411e+02 2.27271667e-01 0.00000000e+00 -9.73831397e-01 6.36908734e+00 0.00000000e+00 1.00000000e+00 0.00000000e+00 -1.36759254e-01 9.73831397e-01 0.00000000e+00 2.27271667e-01 -6.52316949e+00
1.3159997869e+02 2.43222164e-01 0.00000000e+00 -9.69970607e-01 6.26201167e+00 0.00000000e+00 1.00000000e+00 0.00000000e+00 -1.39659343e-01 9.69970607e-01 0.00000000e+00 2.43222164e-01 -6.52519369e+00
1.3170006728e+02 2.64563667e-01 0.00000000e+00 -9.64368221e-01 6.15456041e+00 0.00000000e+00 1.00000000e+00 0.00000000e+00 -1.32859423e-01 9.64368221e-01 0.00000000e+00 2.64563667e-01 -6.53239818e+00
1.3180001354e+02 2.81679299e-01 0.00000000e+00 -9.59508610e-01 6.04467368e+00 0.00000000e+00 1.00000000e+00 0.00000000e+00 -1.40059531e-01 9.59508610e-01 0.00000000e+00 2.81679299e-01 -6.51008749e+00
1.3190013599e+02 3.02225698e-01 0.00000000e+00 -9.53236397e-01 5.93172668e+00 0.00000000e+00 1.00000000e+00 0.00000000e+00 -1.38659634e-01 9.53236397e-01 0.00000000e+00 3.02225698e-01 -6.49277353e+00
1.3200015473e+02 3.15922426e-01 0.00000000e+00 -9.48785024e-01 5.83027430e+00 0.00000000e+00 1.00000000e+00 0.00000000e+00 -1.39759732e-01 9.48785024e-01 0.00000000e+00 3.15922426e-01 -6.47297416e+00
1.3210007453e+02 3.15943808e-01 0.00000000e+00 -9.48777904e-01 5.83025301e+00 0.00000000e+00 1.00000000e+00 0.00000000e+00 -1.39759732e-01 9.48777904e-01 0.00000000e+00 3.15943808e-01 -6.47297107e+00
1.3220011187e+02 3.48625799e-01 0.00000000e+00 -9.37261998e-01 5.61445825e+00 0.00000000e+00 1.00000000e+00 0.00000000e+00 -1.46159933e-01 9.37261998e-01 0.00000000e+00 3.48625799e-01 -6.43081647e+00
1.3230015874e+02 3.65051180e-01 0.00000000e+00 -9.30987452e-01 5.51443858e+00 0.00000000e+00 1.00000000e+00 0.00000000e+00 -1.39860027e-01 9.30987452e-01 0.00000000e+00 3.65051180e-01 -6.40454933e+00
1.3240014887e+02 3.71905363e-01 0.00000000e+00 -9.28270651e-01 5.41984453e+00 0.00000000e+00 1.00000000e+00 0.00000000e+00 -1.26460124e-01 9.28270651e-01 0.00000000e+00 3.71905363e-01 -6.38297099e+00
1.3250001025e+02 3.95150983e-01 0.00000000e+00 -9.18616188e-01 5.30913243e+00 0.00000000e+00 1.00000000e+00 0.00000000e+00 -1.26360221e-01 9.18616188e-01 0.00000000e+00 3.95150983e-01 -6.35336428e+00
1.3260010600e+02 4.08942757e-01 0.00000000e+00 -9.12560037e-01 5.21085136e+00 0.00000000e+00 1.00000000e+00 0.00000000e+00 -1.24060313e-01 9.12560037e-01 0.00000000e+00 4.08942757e-01 -6.32767139e+00
1.3269998121e+02 4.10271121e-01 0.00000000e+00 -9.11963600e-01 5.11190788e+00 0.00000000e+00 1.00000000e+00 0.00000000e+00 -1.29360420e-01 9.11963600e-01 0.00000000e+00 4.10271121e-01 -6.30111449e+00
1.3279999709e+02 4.04823093e-01 0.00000000e+00 -9.14395026e-01 5.01983333e+00 0.00000000e+00 1.00000000e+00 0.00000000e+00 -1.30860524e-01 9.14395026e-01 0.00000000e+00 4.04823093e-01 -6.27198529e+00
1.3290002847e+02 4.10328095e-01 0.00000000e+00 -9.11937966e-01 4.92104070e+00 0.00000000e+00 1.00000000e+00 0.00000000e+00 -1.22360617e-01 9.11937966e-01 0.00000000e+00 4.10328095e-01 -6.25239102e+00
1.3300000525e+02 4.11787718e-01 0.00000000e+00 -9.11279801e-01 4.82155338e+00 0.00000000e+00 1.00000000e+00 0.00000000e+00 -1.13260720e-01 9.11279801e-01 0.00000000e+00 4.11787718e-01 -6.22261980e+00
1.3310019541e+02 4.11789531e-01 0.00000000e+00 -9.11278982e-01 4.82155154e+00 0.00000000e+00 1.00000000e+00 0.00000000e+00 -1.13260720e-01 9.11278982e-01 0.00000000e+00 4.11789531e-01 -6.22261934e+00
1.3320015454e+02 4.26592457e-01 0.00000000e+00 -9.04443960e-01 4.61441172e+00 0.00000000e+00 1.00000000e+00 0.00000000e+00 -1.24260931e-01 9.04443960e-01 0.00000000e+00 4.26592457e-01 -6.14399326e+00
1.3330011129e+02 4.28355957e-01 0.00000000e+00 -9.03610078e-01 4.51566156e+00 0.00000000e+00 1.00000000e+00 0.00000000e+00 -1.25361024e-01 9.03610078e-01 0.00000000e+00 4.28355957e-01 -6.11972277e+00
1.3340022421e+02 4.30530516e-01 0.00000000e+00 -9.02576022e-01 4.41556961e+00 0.00000000e+00 1.00000000e+00 0.00000000e+00 -1.18361117e-01 9.02576022e-01 0.00000000e+00 4.30530516e-01 -6.09443076e+00
1.3350001073e+02 4.49249905e-01 0.00000000e+00 -8.93406135e-01 4.30447894e+00 0.00000000e+00 1.00000000e+00 0.00000000e+00 -1.22661202e-01 8.93406135e-01 0.00000000e+00 4.49249905e-01 -6.06862167e+00
1.3360009956e+02 4.49592928e-01 0.00000000e+00 -8.93233564e-01 4.20865704e+00 0.00000000e+00 1.00000000e+00 0.00000000e+00 -1.18361292e-01 8.93233564e-01 0.00000000e+00 4.49592928e-01 -6.04068217e+00
1.3370006251e+02 4.37285766e-01 0.00000000e+00 -8.99322611e-01 4.12117295e+00 0.00000000e+00 1.00000000e+00 0.00000000e+00 -1.18961390e-01 8.99322611e-01 0.00000000e+00 4.37285766e-01 -6.00915397e+00
1.3380017257e+02 4.39945636e-01 0.00000000e+00 -8.98024408e-01 4.02372562e+00 0.00000000e+00 1.00000000e+00 0.00000000e+00 -1.19661479e-01 8.98024408e-01 0.00000000e+00 4.39945636e-01 -5.97581274e+00
1.3390004039e+02 4.46094510e-01 0.00000000e+00 -8.94985859e-01 3.92026175e+00 0.00000000e+00 1.00000000e+00 0.00000000e+00 -1.23561567e-01 8.94985859e-01 0.00000000e+00 4.46094510e-01 -5.94514963e+00
1.3400011611e+02 4.50694515e-01 0.00000000e+00 -8.92678248e-01 3.82206305e+00 0.00000000e+00 1.00000000e+00 0.00000000e+00 -1.16761648e-01 8.92678248e-01 0.00000000e+00 4.50694515e-01 -5.91824406e+00
1.3410036397e+02 4.48529995e-01 0.00000000e+00 -8.93767779e-01 3.72921960e+00 0.00000000e+00 1.00000000e+00 0.00000000e+00 -1.15661728e-01 8.93767779e-01 0.00000000e+00 4.48529995e-01 -5.89509211e+00
1.3420028901e+02 4.52092614e-01 0.00000000e+00 -8.91971002e-01 3.62574749e+00 0.00000000e+00 1.00000000e+00 0.00000000e+00 -1.08361820e-01 8.91971002e-01 0.00000000e+00 4.52092614e-01 -5.85411465e+00
1.3431248164e+02 4.56736814e-01 0.00000000e+00 -8.89601867e-01 3.52984575e+00 0.00000000e+00 1.00000000e+00 0.00000000e+00 -1.05761903e-01 8.89601867e-01 0.00000000e+00 4.56736814e-01 -5.81687063e+00
1.3439998150e+02 4.63186982e-01 0.00000000e+00 -8.86260582e-01 3.42891985e+00 0.00000000e+00 1.00000000e+00 0.00000000e+00 -9.88619811e-02 8.86260582e-01 0.00000000e+00 4.63186982e-01 -5.78610642e+00
1.3450005746e+02 4.58572287e-01 0.00000000e+00 -8.88657109e-01 3.33869604e+00 0.00000000e+00 1.00000000e+00 0.00000000e+00 -1.38562075e-01 8.88657109e-01 0.00000000e+00 4.58572287e-01 -5.73552624e+00
1.3460000730e+02 4.70057430e-01 0.00000000e+00 -8.82635832e-01 3.23587151e+00 0.00000000e+00 1.00000000e+00 0.00000000e+00 -1.39162142e-01 8.82635832e-01 0.00000000e+00 4.70057430e-01 -5.71118894e+00
1.3470021081e+02 4.84260427e-01 0.00000000e+00 -8.74923905e-01 3.12742223e+00 0.00000000e+00 1.00000000e+00 0.00000000e+00 -1.40962222e-01 8.74923905e-01 0.00000000e+00 4.84260427e-01 -5.66877641e+00
1.3480015039e+02 4.87999469e-01 0.00000000e+00 -8.72843926e-01 3.03339273e+00 0.00000000e+00 1.00000000e+00 0.00000000e+00 -1.38162295e-01 8.72843926e-01 0.00000000e+00 4.87999469e-01 -5.63507783e+00
1.3490014839e+02 4.94472359e-01 0.00000000e+00 -8.69193354e-01 2.93273777e+00 0.00000000e+00 1.00000000e+00 0.00000000e+00 -1.39762375e-01 8.69193354e-01 0.00000000e+00 4.94472359e-01 -5.58883289e+00
1.3500002432e+02 4.96351945e-01 0.00000000e+00 -8.68121389e-01 2.83779430e+00 0.00000000e+00 1.00000000e+00 0.00000000e+00 -1.48162451e-01 8.68121389e-01 0.00000000e+00 4.96351945e-01 -5.54960247e+00
1.3510000443e+02 4.96354389e-01 0.00000000e+00 -8.68119992e-01 2.83779176e+00 0.00000000e+00 1.00000000e+00 0.00000000e+00 -1.48162451e-01 8.68119992e-01 0.00000000e+00 4.96354389e-01 -5.54960157e+00
1.3520002198e+02 5.20045732e-01 0.00000000e+00 -8.54138418e-01 2.63775561e+00 0.00000000e+00 1.00000000e+00 0.00000000e+00 -1.39562593e-01 8.54138418e-01 0.00000000e+00 5.20045732e-01 -5.46034732e+00
1.3530001187e+02 5.53319293e-01 0.00000000e+00 -8.32969243e-01 2.53111002e+00 0.00000000e+00 1.00000000e+00 0.00000000e+00 -1.26562656e-01 8.32969243e-01 0.00000000e+00 5.53319293e-01 -5.40657589e+00
1.3542647266e+02 5.81290825e-01 0.00000000e+00 -8.13695875e-01 2.42678048e+00 0.00000000e+00 1.00000000e+00 0.00000000e+00 -1.25662716e-01 8.13695875e-01 0.00000000e+00 5.81290825e-01 -5.35424747e+00
1.3550002980e+02 6.14625762e-01 0.00000000e+00 -7.88818846e-01 2.31882846e+00 0.00000000e+00 1.00000000e+00 0.00000000e+00 -1.27162781e-01 7.88818846e-01 0.00000000e+00 6.14625762e-01 -5.28959305e+00
1.3560013008e+02 6.32830901e-01 0.00000000e+00 -7.74290030e-01 2.22685477e+00 0.00000000e+00 1.00000000e+00 0.00000000e+00 -1.10462841e-01 7.74290030e-01 0.00000000e+00 6.32830901e-01 -5.23790052e+00
1.3569996190e+02 6.60821606e-01 0.00000000e+00 -7.50543007e-01 2.12368597e+00 0.00000000e+00 1.00000000e+00 0.00000000e+00 -1.08662906e-01 7.50543007e-01 0.00000000e+00 6.60821606e-01 -5.16710933e+00
1.3579999614e+02 6.92052925e-01 0.00000000e+00 -7.21846762e-01 2.01734201e+00 0.00000000e+00 1.00000000e+00 0.00000000e+00 -1.12762976e-01 7.21846762e-01 0.00000000e+00 6.92052925e-01 -5.08663066e+00
1.3590006709e+02 7.20622036e-01 0.00000000e+00 -6.93328120e-01 1.91784571e+00 0.00000000e+00 1.00000000e+00 0.00000000e+00 -1.06163041e-01 6.93328120e-01 0.00000000e+00 7.20622036e-01 -5.00767599e+00
1.3600008750e+02 7.44017189e-01 0.00000000e+00 -6.68160477e-01 1.82261234e+00 0.00000000e+00 1.00000000e+00 0.00000000e+00 -1.00663101e-01 6.68160477e-01 0.00000000e+00 7.44017189e-01 -4.93598153e+00
1.3609999228e+02 7.44046899e-01 0.00000000e+00 -6.68127392e-01 1.82257884e+00 0.00000000e+00 1.00000000e+00 0.00000000e+00 -1.00663101e-01 6.68127392e-01 0.00000000e+00 7.44046899e-01 -4.93595543e+00
1.3620006752e+02 7.66723533e-01 0.00000000e+00 -6.41977433e-01 1.65563715e+00 0.00000000e+00 1.00000000e+00 0.00000000e+00 -1.01063238e-01 6.41977433e-01 0.00000000e+00 7.66723533e-01 -4.78511719e+00
1.3630016780e+02 7.77795090e-01 0.00000000e+00 -6.28517937e-01 1.57366562e+00 0.00000000e+00 1.00000000e+00 0.00000000e+00 -1.03263310e-01 6.28517937e-01 0.00000000e+00 7.77795090e-01 -4.69918092e+00
1.3639997768e+02 7.93269463e-01 0.00000000e+00 -6.08870725e-01 1.48931869e+00 0.00000000e+00 1.00000000e+00 0.00000000e+00 -9.44633704e-02 6.08870725e-01 0.00000000e+00 7.93269463e-01 -4.62077049e+00
1.3650002098e+02 7.97519721e-01 0.00000000e+00 -6.03292876e-01 1.41579644e+00 0.00000000e+00 1.00000000e+00 0.00000000e+00 -1.00363440e-01 6.03292876e-01 0.00000000e+00 7.97519721e-01 -4.54027183e+00
1.3660005999e+02 8.11580731e-01 0.00000000e+00 -5.84240291e-01 1.33867732e+00 0.00000000e+00 1.00000000e+00 0.00000000e+00 -8.67634917e-02 5.84240291e-01 0.00000000e+00 8.11580731e-01 -4.47051688e+00
1.3670016074e+02 8.24586089e-01 0.00000000e+00 -5.65736495e-01 1.25687695e+00 0.00000000e+00 1.00000000e+00 0.00000000e+00 -9.74635511e-02 5.65736495e-01 0.00000000e+00 8.24586089e-01 -4.38780656e+00
1.3679997587e+02 8.39698655e-01 0.00000000e+00 -5.43052638e-01 1.17826925e+00 0.00000000e+00 1.00000000e+00 0.00000000e+00 -8.75636086e-02 5.43052638e-01 0.00000000e+00 8.39698655e-01 -4.30123949e+00
1.3690007234e+02 8.39863093e-01 0.00000000e+00 -5.42798291e-01 1.11633404e+00 0.00000000e+00 1.00000000e+00 0.00000000e+00 -9.02636641e-02 5.42798291e-01 0.00000000e+00 8.39863093e-01 -4.23363213e+00
1.3700001049e+02 8.56791502e-01 0.00000000e+00 -5.15662992e-01 1.03269306e+00 0.00000000e+00 1.00000000e+00 0.00000000e+00 -9.56637229e-02 5.15662992e-01 0.00000000e+00 8.56791502e-01 -4.13886535e+00
1.3710003281e+02 8.56814727e-01 0.00000000e+00 -5.15624402e-01 1.03266472e+00 0.00000000e+00 1.00000000e+00 0.00000000e+00 -9.56637229e-02 5.15624402e-01 0.00000000e+00 8.56814727e-01 -4.13883299e+00
1.3720007992e+02 8.70409626e-01 0.00000000e+00 -4.92328226e-01 8.96708416e-01 0.00000000e+00 1.00000000e+00 0.00000000e+00 -8.90638343e-02 4.92328226e-01 0.00000000e+00 8.70409626e-01 -3.97029300e+00
1.3729999018e+02 8.84328397e-01 0.00000000e+00 -4.66865383e-01 8.25154487e-01 0.00000000e+00 1.00000000e+00 0.00000000e+00 -8.53638853e-02 4.66865383e-01 0.00000000e+00 8.84328397e-01 -3.87708277e+00
1.3740005922e+02 8.96860058e-01 0.00000000e+00 -4.42314410e-01 7.60453005e-01 0.00000000e+00 1.00000000e+00 0.00000000e+00 -7.81639346e-02 4.42314410e-01 0.00000000e+00 8.96860058e-01 -3.78365813e+00
1.3750001240e+02 9.09269904e-01 0.00000000e+00 -4.16206969e-01 6.96637551e-01 0.00000000e+00 1.00000000e+00 0.00000000e+00 -7.94639808e-02 4.16206969e-01 0.00000000e+00 9.09269904e-01 -3.68964451e+00
1.3760006762e+02 9.21631570e-01 0.00000000e+00 -3.88066036e-01 6.36247794e-01 0.00000000e+00 1.00000000e+00 0.00000000e+00 -8.22640319e-02 3.88066036e-01 0.00000000e+00 9.21631570e-01 -3.58324416e+00
1.3770008206e+02 9.36315547e-01 0.00000000e+00 -3.51159789e-01 5.74577862e-01 0.00000000e+00 1.00000000e+00 0.00000000e+00 -8.31640744e-02 3.51159789e-01 0.00000000e+00 9.36315547e-01 -3.47802023e+00
1.3780012369e+02 9.52470844e-01 0.00000000e+00 -3.04629763e-01 5.18310747e-01 0.00000000e+00 1.00000000e+00 0.00000000e+00 -7.48641164e-02 3.04629763e-01 0.00000000e+00 9.52470844e-01 -3.36231869e+00
1.3790023875e+02 9.64090574e-01 0.00000000e+00 -2.65573654e-01 4.66724112e-01 0.00000000e+00 1.00000000e+00 0.00000000e+00 -7.42641579e-02 2.65573654e-01 0.00000000e+00 9.64090574e-01 -3.25514091e+00
1.3800000072e+02 9.72663063e-01 0.00000000e+00 -2.32220942e-01 4.16482604e-01 0.00000000e+00 1.00000000e+00 0.00000000e+00 -7.20641965e-02 2.32220942e-01 0.00000000e+00 9.72663063e-01 -3.15105823e+00
1.3809999847e+02 9.72676287e-01 0.00000000e+00 -2.32165544e-01 4.16460840e-01 0.00000000e+00 1.00000000e+00 0.00000000e+00 -7.20641965e-02 2.32165544e-01 0.00000000e+00 9.72676287e-01 -3.15100838e+00
1.3820006704e+02 9.87372798e-01 0.00000000e+00 -1.58413880e-01 3.52579751e-01 0.00000000e+00 1.00000000e+00 0.00000000e+00 -5.29642702e-02 1.58413880e-01 0.00000000e+00 9.87372798e-01 -2.92890372e+00
1.3829996729e+02 9.91750148e-01 0.00000000e+00 -1.28185971e-01 3.19431946e-01 0.00000000e+00 1.00000000e+00 0.00000000e+00 -5.97643086e-02 1.28185971e-01 0.00000000e+00 9.91750148e-01 -2.81785288e+00
1.3839996123e+02 9.94356002e-01 0.00000000e+00 -1.06094967e-01 2.91191460e-01 0.00000000e+00 1.00000000e+00 0.00000000e+00 -6.23643477e-02 1.06094967e-01 0.00000000e+00 9.94356002e-01 -2.70578992e+00
1.3849999523e+02 9.97128808e-01 0.00000000e+00 -7.57241098e-02 2.61758152e-01 0.00000000e+00 1.00000000e+00 0.00000000e+00 -5.77643843e-02 7.57241098e-02 0.00000000e+00 9.97128808e-01 -2.59269807e+00
1.3859998751e+02 9.98849488e-01 0.00000000e+00 -4.79551868e-02 2.40441412e-01 0.00000000e+00 1.00000000e+00 0.00000000e+00 -5.75644186e-02 4.79551868e-02 0.00000000e+00 9.98849488e-01 -2.48117122e+00
1.3870001626e+02 9.99696866e-01 0.00000000e+00 -2.46206575e-02 2.10884841e-01 0.00000000e+00 1.00000000e+00 0.00000000e+00 -5.53644555e-02 2.46206575e-02 0.00000000e+00 9.99696866e-01 -2.37146896e+00
1.3880000067e+02 9.99946070e-01 0.00000000e+00 -1.03854296e-02 1.94922009e-01 0.00000000e+00 1.00000000e+00 0.00000000e+00 -6.32644874e-02 1.03854296e-02 0.00000000e+00 9.99946070e-01 -2.26128970e+00
1.3890010929e+02 9.99982149e-01 0.00000000e+00 5.97507644e-03 1.81680646e-01 0.00000000e+00 1.00000000e+00 0.00000000e+00 -3.82645187e-02 -5.97507644e-03 0.00000000e+00 9.99982149e-01 -2.15801631e+00
1.3900011373e+02 9.99994951e-01 0.00000000e+00 -3.17776830e-03 1.66453205e-01 0.00000000e+00 1.00000000e+00 0.00000000e+00 -5.29645503e-02 3.17776830e-03 0.00000000e+00 9.99994951e-01 -2.06867264e+00
1.3910003018e+02 9.99994910e-01 0.00000000e+00 -3.19045646e-03 1.66455380e-01 0.00000000e+00 1.00000000e+00 0.00000000e+00 -5.29645503e-02 3.19045646e-03 0.00000000e+00 9.99994910e-01 -2.06868456e+00
1.3920002484e+02 9.99966542e-01 0.00000000e+00 -8.18016906e-03 1.38452309e-01 0.00000000e+00 1.00000000e+00 0.00000000e+00 -5.59646124e-02 8.18016906e-03 0.00000000e+00 9.99966542e-01 -1.87491757e+00
1.3929998755e+02 9.99963635e-01 0.00000000e+00 8.52807449e-03 1.19235609e-01 0.00000000e+00 1.00000000e+00 0.00000000e+00 -5.10646388e-02 -8.52807449e-03 0.00000000e+00 9.99963635e-01 -1.76183891e+00
1.3940010309e+02 9.99742719e-01 0.00000000e+00 2.26825192e-02 1.00073754e-01 0.00000000e+00 1.00000000e+00 0.00000000e+00 -5.24646633e-02 -2.26825192e-02 0.00000000e+00 9.99742719e-01 -1.65962041e+00
1.3949999881e+02 9.99057415e-01 0.00000000e+00 4.34083017e-02 8.63681139e-02 0.00000000e+00 1.00000000e+00 0.00000000e+00 -5.97646884e-02 -4.34083017e-02 0.00000000e+00 9.99057415e-01 -1.54533599e+00
1.3962357807e+02 9.98004081e-01 0.00000000e+00 6.31494523e-02 8.05291329e-02 0.00000000e+00 1.00000000e+00 0.00000000e+00 -5.19647070e-02 -6.31494523e-02 0.00000000e+00 9.98004081e-01 -1.43957273e+00
1.3970000029e+02 9.96219650e-01 0.00000000e+00 8.68700679e-02 7.06246401e-02 0.00000000e+00 1.00000000e+00 0.00000000e+00 -4.71647269e-02 -8.68700679e-02 0.00000000e+00 9.96219650e-01 -1.33155303e+00
1.3980011940e+02 9.92681831e-01 0.00000000e+00 1.20759189e-01 6.24323365e-02 0.00000000e+00 1.00000000e+00 0.00000000e+00 -4.83647437e-02 -1.20759189e-01 0.00000000e+00 9.92681831e-01 -1.21056227e+00
1.3990009022e+02 9.89277500e-01 0.00000000e+00 1.46048031e-01 6.47104882e-02 0.00000000e+00 1.00000000e+00 0.00000000e+00 -4.37647577e-02 -1.46048031e-01 0.00000000e+00 9.89277500e-01 -1.10444121e+00
1.4000008202e+02 9.83171798e-01 0.00000000e+00 1.82683378e-01 6.56761505e-02 0.00000000e+00 1.00000000e+00 0.00000000e+00 -5.55647710e-02 -1.82683378e-01 0.00000000e+00 9.83171798e-01 -9.80011653e-01
1.4010002828e+02 9.83161906e-01 0.00000000e+00 1.82736604e-01 6.56764811e-02 0.00000000e+00 1.00000000e+00 0.00000000e+00 -5.55647710e-02 -1.82736604e-01 0.00000000e+00 9.83161906e-01 -9.79959953e-01
1.4020013189e+02 9.76505803e-01 0.00000000e+00 2.15491104e-01 8.98545777e-02 0.00000000e+00 1.00000000e+00 0.00000000e+00 -1.59647933e-02 -2.15491104e-01 0.00000000e+00 9.76505803e-01 -7.65570364e-01
1.4030006576e+02 9.70752029e-01 0.00000000e+00 2.40084355e-01 9.80006820e-02 0.00000000e+00 1.00000000e+00 0.00000000e+00 -1.31648027e-02 -2.40084355e-01 0.00000000e+00 9.70752029e-01 -6.44606621e-01
1.4040002799e+02 9.72335720e-01 0.00000000e+00 2.33587772e-01 1.01776773e-01 0.00000000e+00 1.00000000e+00 0.00000000e+00 -1.47648139e-02 -2.33587772e-01 0.00000000e+00 9.72335720e-01 -5.46399633e-01
1.4050007677e+02 9.69606608e-01 0.00000000e+00 2.44669216e-01 1.13298454e-01 0.00000000e+00 1.00000000e+00 0.00000000e+00 -8.96481927e-03 -2.44669216e-01 0.00000000e+00 9.69606608e-01 -4.35907296e-01
1.4060010648e+02 9.68239765e-01 0.00000000e+00 2.50023514e-01 1.20217048e-01 0.00000000e+00 1.00000000e+00 0.00000000e+00 -1.15648267e-02 -2.50023514e-01 0.00000000e+00 9.68239765e-01 -3.28380303e-01
1.4070004511e+02 9.68496289e-01 0.00000000e+00 2.49027987e-01 1.25073349e-01 0.00000000e+00 1.00000000e+00 0.00000000e+00 -6.46483136e-03 -2.49027987e-01 0.00000000e+00 9.68496289e-01 -2.33280733e-01
1.4080000401e+02 9.72225204e-01 0.00000000e+00 2.34047329e-01 1.24588795e-01 0.00000000e+00 1.00000000e+00 0.00000000e+00 -1.20648341e-02 -2.34047329e-01 0.00000000e+00 9.72225204e-01 -1.41277980e-01
1.4089997673e+02 9.73463729e-01 0.00000000e+00 2.28841362e-01 1.32127257e-01 0.00000000e+00 1.00000000e+00 0.00000000e+00 -7.96483480e-03 -2.28841362e-01 0.00000000e+00 9.73463729e-01 -6.12912052e-02
1.4100000143e+02 9.74242535e-01 0.00000000e+00 2.25502733e-01 1.32635777e-01 0.00000000e+00 1.00000000e+00 0.00000000e+00 -1.26483684e-03 -2.25502733e-01 0.00000000e+00 9.74242535e-01 1.74798732e-03
1.4110010934e+02 9.74243883e-01 0.00000000e+00 2.25496911e-01 1.32635491e-01 0.00000000e+00 1.00000000e+00 0.00000000e+00 -1.26483684e-03 -2.25496911e-01 0.00000000e+00 9.74243883e-01 1.74228704e-03
1.4120001101e+02 9.74260383e-01 0.00000000e+00 2.25425610e-01 1.35118214e-01 0.00000000e+00 1.00000000e+00 0.00000000e+00 -1.59648360e-02 -2.25425610e-01 0.00000000e+00 9.74260383e-01 7.03173627e-02
1.4130003858e+02 9.73188502e-01 0.00000000e+00 2.30008997e-01 1.35098932e-01 0.00000000e+00 1.00000000e+00 0.00000000e+00 -1.12648354e-02 -2.30008997e-01 0.00000000e+00 9.73188502e-01 7.44210400e-02
1.4140012503e+02 9.74012715e-01 0.00000000e+00 2.26493333e-01 1.36042277e-01 0.00000000e+00 1.00000000e+00 0.00000000e+00 -1.45648348e-02 -2.26493333e-01 0.00000000e+00 9.74012715e-01 6.88604740e-02
1.4150001907e+02 9.71836752e-01 0.00000000e+00 2.35655102e-01 1.35169605e-01 0.00000000e+00 1.00000000e+00 0.00000000e+00 -2.63648355e-02 -2.35655102e-01 0.00000000e+00 9.71836752e-01 8.21531250e-02
1.4160010552e+02 9.75849247e-01 0.00000000e+00 2.18445069e-01 1.36234716e-01 0.00000000e+00 1.00000000e+00 0.00000000e+00 -3.55648353e-02 -2.18445069e-01 0.00000000e+00 9.75849247e-01 7.78267994e-02
1.4170006704e+02 9.78845028e-01 0.00000000e+00 2.04603056e-01 1.35029917e-01 0.00000000e+00 1.00000000e+00 0.00000000e+00 -4.48648348e-02 -2.04603056e-01 0.00000000e+00 9.78845028e-01 7.07654033e-02
1.4179999995e+02 9.83734888e-01 0.00000000e+00 1.79626475e-01 1.38754977e-01 0.00000000e+00 1.00000000e+00 0.00000000e+00 -3.24648349e-02 -1.79626475e-01 0.00000000e+00 9.83734888e-01 6.04582916e-02
1.4189998937e+02 9.83784327e-01 0.00000000e+00 1.79355508e-01 1.37248443e-01 0.00000000e+00 1.00000000e+00 0.00000000e+00 -2.06648356e-02 -1.79355508e-01 0.00000000e+00 9.83784327e-01 6.99634428e-02
1.4200000739e+02 9.65245295e-01 0.00000000e+00 2.61345598e-01 1.25106253e-01 0.00000000e+00 1.00000000e+00 0.00000000e+00 6.23516240e-03 -2.61345598e-01 0.00000000e+00 9.65245295e-01 1.39236591e-01
1.4209998465e+02 9.65214819e-01 0.00000000e+00 2.61458130e-01 1.25115941e-01 0.00000000e+00 1.00000000e+00 0.00000000e+00 6.23516240e-03 -2.61458130e-01 0.00000000e+00 9.65214819e-01 1.39347508e-01
1.4220010448e+02 9.72216630e-01 0.00000000e+00 2.34082945e-01 1.35815665e-01 0.00000000e+00 1.00000000e+00 0.00000000e+00 -2.60648355e-02 -2.34082945e-01 0.00000000e+00 9.72216630e-01 1.28252309e-01
1.4230007935e+02 9.76279080e-01 0.00000000e+00 2.16515953e-01 1.45771984e-01 0.00000000e+00 1.00000000e+00 0.00000000e+00 1.38351676e-02 -2.16515953e-01 0.00000000e+00 9.76279080e-01 1.13490471e-01
1.4240008903e+02 9.76178531e-01 0.00000000e+00 2.16968836e-01 1.45126293e-01 0.00000000e+00 1.00000000e+00 0.00000000e+00 1.42351659e-02 -2.16968836e-01 0.00000000e+00 9.76178531e-01 1.12249966e-01
1.4250000095e+02 9.73524174e-01 0.00000000e+00 2.28584082e-01 1.47674487e-01 0.00000000e+00 1.00000000e+00 0.00000000e+00 2.60351685e-02 -2.28584082e-01 0.00000000e+00 9.73524174e-01 1.19400406e-01
1.4260007429e+02 9.74931894e-01 0.00000000e+00 2.22503490e-01 1.63428285e-01 0.00000000e+00 1.00000000e+00 0.00000000e+00 6.95351679e-02 -2.22503490e-01 0.00000000e+00 9.74931894e-01 5.52103088e-02
1.4270003533e+02 9.72663683e-01 0.00000000e+00 2.32218344e-01 1.67663862e-01 0.00000000e+00 1.00000000e+00 0.00000000e+00 7.80351711e-02 -2.32218344e-01 0.00000000e+00 9.72663683e-01 6.23769403e-02
1.4280000854e+02 9.74511301e-01 0.00000000e+00 2.24338417e-01 1.69147142e-01 0.00000000e+00 1.00000000e+00 0.00000000e+00 6.94351703e-02 -2.24338417e-01 0.00000000e+00 9.74511301e-01 5.82108282e-02
1.4290009713e+02 9.74595218e-01 0.00000000e+00 2.23973574e-01 1.69111100e-01 0.00000000e+00 1.00000000e+00 0.00000000e+00 7.55351688e-02 -2.23973574e-01 0.00000000e+00 9.74595218e-01 5.68851921e-02
1.4300001478e+02 9.74141665e-01 0.00000000e+00 2.25938080e-01 1.70311192e-01 0.00000000e+00 1.00000000e+00 0.00000000e+00 7.85351721e-02 -2.25938080e-01 0.00000000e+00 9.74141665e-01 5.95622380e-02
1.4310013247e+02 9.74141061e-01 0.00000000e+00 2.25940685e-01 1.70311321e-01 0.00000000e+00 1.00000000e+00 0.00000000e+00 7.85351721e-02 -2.25940685e-01 0.00000000e+00 9.74141061e-01 5.95647886e-02
1.4320023847e+02 9.73864380e-01 0.00000000e+00 2.27130292e-01 1.71266804e-01 0.00000000e+00 1.00000000e+00 0.00000000e+00 7.91351718e-02 -2.27130292e-01 0.00000000e+00 9.73864380e-01 6.14638226e-02
1.4329995918e+02 9.73065590e-01 0.00000000e+00 2.30528429e-01 1.72360261e-01 0.00000000e+00 1.00000000e+00 0.00000000e+00 7.86351715e-02 -2.30528429e-01 0.00000000e+00 9.73065590e-01 6.54067952e-02
1.4341679668e+02 9.72803943e-01 0.00000000e+00 2.31630067e-01 1.73140093e-01 0.00000000e+00 1.00000000e+00 0.00000000e+00 8.53351703e-02 -2.31630067e-01 0.00000000e+00 9.72803943e-01 6.10547479e-02
1.4350001884e+02 9.74107147e-01 0.00000000e+00 2.26086856e-01 1.72017114e-01 0.00000000e+00 1.00000000e+00 0.00000000e+00 8.24351715e-02 -2.26086856e-01 0.00000000e+00 9.74107147e-01 5.83654327e-02
1.4360008025e+02 9.74292302e-01 0.00000000e+00 2.25287617e-01 1.72158864e-01 0.00000000e+00 1.00000000e+00 0.00000000e+00 8.40351704e-02 -2.25287617e-01 0.00000000e+00 9.74292302e-01 5.81151017e-02
1.4370045066e+02 9.73463552e-01 0.00000000e+00 2.28842112e-01 1.71011821e-01 0.00000000e+00 1.00000000e+00 0.00000000e+00 8.14351711e-02 -2.28842112e-01 0.00000000e+00 9.73463552e-01 6.05782699e-02
1.4380006075e+02 9.73336575e-01 0.00000000e+00 2.29381586e-01 1.69357313e-01 0.00000000e+00 1.00000000e+00 0.00000000e+00 8.24351708e-02 -2.29381586e-01 0.00000000e+00 9.73336575e-01 6.01234331e-02
1.4390005541e+02 9.74585182e-01 0.00000000e+00 2.24017237e-01 1.69050549e-01 0.00000000e+00 1.00000000e+00 0.00000000e+00 7.80351706e-02 -2.24017237e-01 0.00000000e+00 9.74585182e-01 6.01685958e-02
1.4400004601e+02 9.74980276e-01 0.00000000e+00 2.22291390e-01 1.67702753e-01 0.00000000e+00 1.00000000e+00 0.00000000e+00 7.89351696e-02 -2.22291390e-01 0.00000000e+00 9.74980276e-01 5.53018315e-02
1.4410010600e+02 9.74980870e-01 0.00000000e+00 2.22288785e-01 1.67702634e-01 0.00000000e+00 1.00000000e+00 0.00000000e+00 7.89351696e-02 -2.22288785e-01 0.00000000e+00 9.74980870e-01 5.52992827e-02
1.4419997048e+02 9.73893089e-01 0.00000000e+00 2.27007161e-01 1.68640188e-01 0.00000000e+00 1.00000000e+00 0.00000000e+00 8.47351701e-02 -2.27007161e-01 0.00000000e+00 9.73893089e-01 6.28304595e-02
1.4429998302e+02 9.74051642e-01 0.00000000e+00 2.26325869e-01 1.70437621e-01 0.00000000e+00 1.00000000e+00 0.00000000e+00 7.91351712e-02 -2.26325869e-01 0.00000000e+00 9.74051642e-01 6.03350849e-02
1.4440000558e+02 9.73394545e-01 0.00000000e+00 2.29135462e-01 1.70912307e-01 0.00000000e+00 1.00000000e+00 0.00000000e+00 7.81351711e-02 -2.29135462e-01 0.00000000e+00 9.73394545e-01 6.15697730e-02
1.4449999261e+02 9.74099893e-01 0.00000000e+00 2.26118107e-01 1.37804882e-01 0.00000000e+00 1.00000000e+00 0.00000000e+00 -1.16483529e-03 -2.26118107e-01 0.00000000e+00 9.74099893e-01 7.04140146e-02
1.4459998703e+02 9.74645318e-01 0.00000000e+00 2.23755456e-01 1.37374949e-01 0.00000000e+00 1.00000000e+00 0.00000000e+00 -2.06483444e-03 -2.23755456e-01 0.00000000e+00 9.74645318e-01 7.06567737e-02
1.4470009136e+02 9.74619980e-01 0.00000000e+00 2.23865795e-01 1.37748773e-01 0.00000000e+00 1.00000000e+00 0.00000000e+00 -6.46483591e-03 -2.23865795e-01 0.00000000e+00 9.74619980e-01 7.07778796e-02
1.4480002189e+02 9.73892707e-01 0.00000000e+00 2.27008802e-01 1.36386148e-01 0.00000000e+00 1.00000000e+00 0.00000000e+00 -7.64835937e-04 -2.27008802e-01 0.00000000e+00 9.73892707e-01 7.12290760e-02
1.4490005732e+02 9.74285767e-01 0.00000000e+00 2.25315876e-01 1.36478731e-01 0.00000000e+00 1.00000000e+00 0.00000000e+00 -4.26483450e-03 -2.25315876e-01 0.00000000e+00 9.74285767e-01 7.28495375e-02
1.4500002646e+02 9.74473333e-01 0.00000000e+00 2.24503280e-01 1.36240507e-01 0.00000000e+00 1.00000000e+00 0.00000000e+00 -3.06483503e-03 -2.24503280e-01 0.00000000e+00 9.74473333e-01 7.14260902e-02
1.4510036230e+02 9.74473611e-01 0.00000000e+00 2.24502073e-01 1.36240449e-01 0.00000000e+00 1.00000000e+00 0.00000000e+00 -3.06483503e-03 -2.24502073e-01 0.00000000e+00 9.74473611e-01 7.14249084e-02
1.4520003176e+02 9.74766116e-01 0.00000000e+00 2.23228627e-01 1.35347416e-01 0.00000000e+00 1.00000000e+00 0.00000000e+00 -4.36483598e-03 -2.23228627e-01 0.00000000e+00 9.74766116e-01 6.97314982e-02
1.4530005860e+02 9.74279245e-01 0.00000000e+00 2.25344074e-01 1.36403255e-01 0.00000000e+00 1.00000000e+00 0.00000000e+00 -4.46483527e-03 -2.25344074e-01 0.00000000e+00 9.74279245e-01 7.30111828e-02
1.4540007854e+02 9.74875595e-01 0.00000000e+00 2.22750024e-01 1.34630915e-01 0.00000000e+00 1.00000000e+00 0.00000000e+00 -6.76483602e-03 -2.22750024e-01 0.00000000e+00 9.74875595e-01 7.10856731e-02
1.4549999952e+02 9.74499146e-01 0.00000000e+00 2.24391210e-01 1.35799892e-01 0.00000000e+00 1.00000000e+00 0.00000000e+00 -8.96483488e-03 -2.24391210e-01 0.00000000e+00 9.74499146e-01 7.17127129e-02
1.4560009837e+02 9.74906091e-01 0.00000000e+00 2.22616515e-01 1.35992749e-01 0.00000000e+00 1.00000000e+00 0.00000000e+00 -1.34648346e-02 -2.22616515e-01 0.00000000e+00 9.74906091e-01 7.44796917e-02
1.4570004463e+02 9.74986952e-01 0.00000000e+00 2.22262104e-01 1.36994220e-01 0.00000000e+00 1.00000000e+00 0.00000000e+00 -1.33648354e-02 -2.22262104e-01 0.00000000e+00 9.74986952e-01 7.15212171e-02
1.4580004930e+02 9.74829182e-01 0.00000000e+00 2.22953058e-01 1.35907677e-01 0.00000000e+00 1.00000000e+00 0.00000000e+00 -1.47648353e-02 -2.22953058e-01 0.00000000e+00 9.74829182e-01 7.36459619e-02
1.4590002680e+02 9.74853418e-01 0.00000000e+00 2.22847064e-01 1.36565654e-01 0.00000000e+00 1.00000000e+00 0.00000000e+00 -1.62648350e-02 -2.22847064e-01 0.00000000e+00 9.74853418e-01 7.23836826e-02
1.4600002980e+02 9.74035988e-01 0.00000000e+00 2.26393231e-01 1.37223657e-01 0.00000000e+00 1.00000000e+00 0.00000000e+00 -1.50648347e-02 -2.26393231e-01 0.00000000e+00 9.74035988e-01 7.51380232e-02
1.4610002708e+02 9.74034876e-01 0.00000000e+00 2.26398013e-01 1.37223896e-01 0.00000000e+00 1.00000000e+00 0.00000000e+00 -1.50648347e-02 -2.26398013e-01 0.00000000e+00 9.74034876e-01 7.51427062e-02
1.4620001292e+02 9.74711424e-01 0.00000000e+00 2.23467313e-01 1.36121282e-01 0.00000000e+00 1.00000000e+00 0.00000000e+00 -1.33648357e-02 -2.23467313e-01 0.00000000e+00 9.74711424e-01 7.10658704e-02
1.4630005717e+02 9.74266071e-01 0.00000000e+00 2.25401025e-01 1.34691571e-01 0.00000000e+00 1.00000000e+00 0.00000000e+00 -1.84648336e-02 -2.25401025e-01 0.00000000e+00 9.74266071e-01 7.51003951e-02
1.4640006757e+02 9.74187680e-01 0.00000000e+00 2.25739593e-01 1.37303841e-01 0.00000000e+00 1.00000000e+00 0.00000000e+00 -1.56648357e-02 -2.25739593e-01 0.00000000e+00 9.74187680e-01 7.72185734e-02
1.4649999309e+02 9.74381140e-01 0.00000000e+00 2.24903079e-01 1.35396877e-01 0.00000000e+00 1.00000000e+00 0.00000000e+00 -1.82648360e-02 -2.24903079e-01 0.00000000e+00 9.74381140e-01 7.56537358e-02
1.4660001874e+02 9.74978131e-01 0.00000000e+00 2.22300796e-01 1.35136643e-01 0.00000000e+00 1.00000000e+00 0.00000000e+00 -1.62648361e-02 -2.22300796e-01 0.00000000e+00 9.74978131e-01 7.19737129e-02
1.4670007443e+02 9.73997065e-01 0.00000000e+00 2.26560628e-01 1.35192656e-01 0.00000000e+00 1.00000000e+00 0.00000000e+00 -1.33648351e-02 -2.26560628e-01 0.00000000e+00 9.73997065e-01 7.61001704e-02
1.4680009127e+02 9.73927370e-01 0.00000000e+00 2.26860040e-01 1.35489299e-01 0.00000000e+00 1.00000000e+00 0.00000000e+00 -1.73648359e-02 -2.26860040e-01 0.00000000e+00 9.73927370e-01 7.60202496e-02
1.4690002894e+02 9.75261608e-01 0.00000000e+00 2.21053830e-01 1.35608838e-01 0.00000000e+00 1.00000000e+00 0.00000000e+00 -1.28648346e-02 -2.21053830e-01 0.00000000e+00 9.75261608e-01 6.98303699e-02
1.4700000310e+02 9.75166874e-01 0.00000000e+00 2.21471370e-01 1.36201562e-01 0.00000000e+00 1.00000000e+00 0.00000000e+00 -1.77648357e-02 -2.21471370e-01 0.00000000e+00 9.75166874e-01 7.26681136e-02
1.4710001445e+02 9.75166752e-01 0.00000000e+00 2.21471909e-01 1.36201586e-01 0.00000000e+00 1.00000000e+00 0.00000000e+00 -1.77648357e-02 -2.21471909e-01 0.00000000e+00 9.75166752e-01 7.26686407e-02
1.4720001197e+02 9.75690717e-01 0.00000000e+00 2.19152060e-01 1.34481746e-01 0.00000000e+00 1.00000000e+00 0.00000000e+00 -2.00648365e-02 -2.19152060e-01 0.00000000e+00 9.75690717e-01 6.93054862e-02
1.4730003381e+02 9.74750086e-01 0.00000000e+00 2.23298613e-01 1.36009538e-01 0.00000000e+00 1.00000000e+00 0.00000000e+00 -1.57648355e-02 -2.23298613e-01 0.00000000e+00 9.74750086e-01 7.23580924e-02
1.4740016961e+02 9.74691077e-01 0.00000000e+00 2.23556041e-01 1.34488406e-01 0.00000000e+00 1.00000000e+00 0.00000000e+00 -1.95648352e-02 -2.23556041e-01 0.00000000e+00 9.74691077e-01 7.28106503e-02
1.4750002027e+02 9.74821013e-01 0.00000000e+00 2.22988774e-01 1.34540054e-01 0.00000000e+00 1.00000000e+00 0.00000000e+00 -1.45648344e-02 -2.22988774e-01 0.00000000e+00 9.74821013e-01 7.21515047e-02
1.4759995031e+02 9.75768848e-01 0.00000000e+00 2.18803921e-01 1.34034621e-01 0.00000000e+00 1.00000000e+00 0.00000000e+00 -1.40648350e-02 -2.18803921e-01 0.00000000e+00 9.75768848e-01 7.11577217e-02
1.4770002055e+02 9.75737920e-01 0.00000000e+00 2.18941800e-01 1.34284712e-01 0.00000000e+00 1.00000000e+00 0.00000000e+00 -1.81648349e-02 -2.18941800e-01 0.00000000e+00 9.75737920e-01 7.25011754e-02
1.4780004215e+02 9.74735979e-01 0.00000000e+00 2.23360183e-01 1.33325908e-01 0.00000000e+00 1.00000000e+00 0.00000000e+00 -1.33648365e-02 -2.23360183e-01 0.00000000e+00 9.74735979e-01 7.34028395e-02
1.4790007257e+02 9.74645850e-01 0.00000000e+00 2.23753141e-01 1.36409607e-01 0.00000000e+00 1.00000000e+00 0.00000000e+00 -1.51648353e-02 -2.23753141e-01 0.00000000e+00 9.74645850e-01 7.41647069e-02
1.4800007081e+02 9.74274270e-01 0.00000000e+00 2.25365583e-01 1.33434246e-01 0.00000000e+00 1.00000000e+00 0.00000000e+00 -1.54648365e-02 -2.25365583e-01 0.00000000e+00 9.74274270e-01 7.70600621e-02
1.4810032010e+02 9.74273785e-01 0.00000000e+00 2.25367680e-01 1.33434348e-01 0.00000000e+00 1.00000000e+00 0.00000000e+00 -1.54648365e-02 -2.25367680e-01 0.00000000e+00 9.74273785e-01 7.70621150e-02
1.4820013428e+02 9.75692055e-01 0.00000000e+00 2.19146102e-01 1.34795899e-01 0.00000000e+00 1.00000000e+00 0.00000000e+00 -1.48648357e-02 -2.19146102e-01 0.00000000e+00 9.75692055e-01 7.08694426e-02
1.4830011225e+02 9.75673281e-01 0.00000000e+00 2.19229671e-01 1.34745287e-01 0.00000000e+00 1.00000000e+00 0.00000000e+00 -1.08648366e-02 -2.19229671e-01 0.00000000e+00 9.75673281e-01 7.05322076e-02
1.4840018201e+02 9.75227673e-01 0.00000000e+00 2.21203495e-01 1.33303074e-01 0.00000000e+00 1.00000000e+00 0.00000000e+00 -9.76483628e-03 -2.21203495e-01 0.00000000e+00 9.75227673e-01 7.06929766e-02
1.4850019979e+02 9.74949011e-01 0.00000000e+00 2.22428472e-01 1.32784743e-01 0.00000000e+00 1.00000000e+00 0.00000000e+00 -1.11648357e-02 -2.22428472e-01 0.00000000e+00 9.74949011e-01 7.10042766e-02
1.4860007167e+02 9.75682520e-01 0.00000000e+00 2.19188551e-01 1.35890820e-01 0.00000000e+00 1.00000000e+00 0.00000000e+00 -1.06648361e-02 -2.19188551e-01 0.00000000e+00 9.75682520e-01 6.80921413e-02
1.4870002246e+02 9.73512408e-01 0.00000000e+00 2.28634188e-01 1.36656438e-01 0.00000000e+00 1.00000000e+00 0.00000000e+00 -9.86483582e-03 -2.28634188e-01 0.00000000e+00 9.73512408e-01 7.27894176e-02
1.4880003643e+02 9.75737851e-01 0.00000000e+00 2.18942106e-01 1.35289907e-01 0.00000000e+00 1.00000000e+00 0.00000000e+00 -1.12648355e-02 -2.18942106e-01 0.00000000e+00 9.75737851e-01 6.81788463e-02
1.4890003824e+02 9.75069415e-01 0.00000000e+00 2.21900060e-01 1.35416306e-01 0.00000000e+00 1.00000000e+00 0.00000000e+00 -1.07648349e-02 -2.21900060e-01 0.00000000e+00 9.75069415e-01 7.04084068e-02
1.4900012016e+02 9.74075585e-01 0.00000000e+00 2.26222799e-01 1.36135236e-01 0.00000000e+00 1.00000000e+00 0.00000000e+00 -9.06483564e-03 -2.26222799e-01 0.00000000e+00 9.74075585e-01 7.29310262e-02
1.4909996819e+02 9.74074375e-01 0.00000000e+00 2.26228009e-01 1.36135496e-01 0.00000000e+00 1.00000000e+00 0.00000000e+00 -9.06483564e-03 -2.26228009e-01 0.00000000e+00 9.74074375e-01 7.29361277e-02
1.4920004654e+02 9.74723321e-01 0.00000000e+00 2.23415413e-01 1.35659953e-01 0.00000000e+00 1.00000000e+00 0.00000000e+00 -1.24648353e-02 -2.23415413e-01 0.00000000e+00 9.74723321e-01 7.19322256e-02
1.4930001807e+02 9.75623064e-01 0.00000000e+00 2.19453039e-01 1.32735436e-01 0.00000000e+00 1.00000000e+00 0.00000000e+00 -1.15648367e-02 -2.19453039e-01 0.00000000e+00 9.75623064e-01 7.02960369e-02
1.4940002942e+02 9.74916961e-01 0.00000000e+00 2.22568909e-01 1.35717283e-01 0.00000000e+00 1.00000000e+00 0.00000000e+00 -1.26648344e-02 -2.22568909e-01 0.00000000e+00 9.74916961e-01 7.44337699e-02
1.4950001621e+02 9.75555953e-01 0.00000000e+00 2.19751184e-01 1.37432919e-01 0.00000000e+00 1.00000000e+00 0.00000000e+00 -1.31648338e-02 -2.19751184e-01 0.00000000e+00 9.75555953e-01 7.11988981e-02
1.4960003519e+02 9.75291043e-01 0.00000000e+00 2.20923927e-01 1.36213538e-01 0.00000000e+00 1.00000000e+00 0.00000000e+00 -7.86483529e-03 -2.20923927e-01 0.00000000e+00 9.75291043e-01 7.21611828e-02
1.4970005822e+02 9.74774638e-01 0.00000000e+00 2.23191411e-01 1.36600671e-01 0.00000000e+00 1.00000000e+00 0.00000000e+00 -1.01648358e-02 -2.23191411e-01 0.00000000e+00 9.74774638e-01 7.29722455e-02
1.4980001974e+02 9.74681814e-01 0.00000000e+00 2.23596425e-01 1.35800644e-01 0.00000000e+00 1.00000000e+00 0.00000000e+00 -8.46483504e-03 -2.23596425e-01 0.00000000e+00 9.74681814e-01 7.44638796e-02
1.4990007162e+02 9.75854012e-01 0.00000000e+00 2.18423781e-01 1.34053387e-01 0.00000000e+00 1.00000000e+00 0.00000000e+00 -1.00648354e-02 -2.18423781e-01 0.00000000e+00 9.75854012e-01 7.14386746e-02
1.5000001669e+02 9.75652825e-01 0.00000000e+00 2.19320691e-01 1.34307700e-01 0.00000000e+00 1.00000000e+00 0.00000000e+00 -1.03648360e-02 -2.19320691e-01 0.00000000e+00 9.75652825e-01 7.04064065e-02
1.5009999156e+02 9.75652584e-01 0.00000000e+00 2.19321763e-01 1.34307746e-01 0.00000000e+00 1.00000000e+00 0.00000000e+00 -1.03648360e-02 -2.19321763e-01 0.00000000e+00 9.75652584e-01 7.04074550e-02
1.5019996738e+02 9.73868326e-01 0.00000000e+00 2.27113372e-01 1.34657285e-01 0.00000000e+00 1.00000000e+00 0.00000000e+00 -1.18648348e-02 -2.27113372e-01 0.00000000e+00 9.73868326e-01 7.75200371e-02
1.5031903601e+02 9.75171557e-01 0.00000000e+00 2.21450748e-01 1.35812020e-01 0.00000000e+00 1.00000000e+00 0.00000000e+00 -8.46483559e-03 -2.21450748e-01 0.00000000e+00 9.75171557e-01 7.07019404e-02
1.5039997911e+02 9.75031862e-01 0.00000000e+00 2.22065009e-01 1.36902083e-01 0.00000000e+00 1.00000000e+00 0.00000000e+00 -1.15648354e-02 -2.22065009e-01 0.00000000e+00 9.75031862e-01 7.29085375e-02
1.5050006127e+02 9.75681630e-01 0.00000000e+00 2.19192511e-01 1.36566071e-01 0.00000000e+00 1.00000000e+00 0.00000000e+00 -1.12648355e-02 -2.19192511e-01 0.00000000e+00 9.75681630e-01 6.98297183e-02
1.5059998465e+02 9.75129139e-01 0.00000000e+00 2.21637455e-01 1.36076392e-01 0.00000000e+00 1.00000000e+00 0.00000000e+00 -1.37648349e-02 -2.21637455e-01 0.00000000e+00 9.75129139e-01 7.08488438e-02
1.5070001364e+02 9.76048260e-01 0.00000000e+00 2.17554116e-01 1.35945640e-01 0.00000000e+00 1.00000000e+00 0.00000000e+00 -8.26483532e-03 -2.17554116e-01 0.00000000e+00 9.76048260e-01 6.61764591e-02
1.5080006361e+02 9.75804617e-01 0.00000000e+00 2.18644344e-01 1.35475421e-01 0.00000000e+00 1.00000000e+00 0.00000000e+00 -1.00648341e-02 -2.18644344e-01 0.00000000e+00 9.75804617e-01 6.85133518e-02
1.5090049481e+02 9.75162000e-01 0.00000000e+00 2.21492829e-01 1.37787673e-01 0.00000000e+00 1.00000000e+00 0.00000000e+00 -1.17648342e-02 -2.21492829e-01 0.00000000e+00 9.75162000e-01 7.06622531e-02
1.5099994755e+02 9.75127349e-01 0.00000000e+00 2.21645330e-01 1.35226676e-01 0.00000000e+00 1.00000000e+00 0.00000000e+00 -1.33648359e-02 -2.21645330e-01 0.00000000e+00 9.75127349e-01 7.20245800e-02
1.5110004735e+02 9.75127309e-01 0.00000000e+00 2.21645508e-01 1.35226684e-01 0.00000000e+00 1.00000000e+00 0.00000000e+00 -1.33648359e-02 -2.21645508e-01 0.00000000e+00 9.75127309e-01 7.20247539e-02
1.5120007229e+02 9.75525375e-01 0.00000000e+00 2.19886884e-01 1.34297086e-01 0.00000000e+00 1.00000000e+00 0.00000000e+00 -1.06648352e-02 -2.19886884e-01 0.00000000e+00 9.75525375e-01 6.96566100e-02
1.5130012894e+02 9.75294550e-01 0.00000000e+00 2.20908443e-01 1.36738623e-01 0.00000000e+00 1.00000000e+00 0.00000000e+00 -1.20648362e-02 -2.20908443e-01 0.00000000e+00 9.75294550e-01 7.11316722e-02
1.5142718816e+02 9.75128379e-01 0.00000000e+00 2.21640800e-01 1.35199511e-01 0.00000000e+00 1.00000000e+00 0.00000000e+00 -1.81648363e-02 -2.21640800e-01 0.00000000e+00 9.75128379e-01 7.25845077e-02
1.5149999404e+02 9.75004752e-01 0.00000000e+00 2.22184009e-01 1.35110262e-01 0.00000000e+00 1.00000000e+00 0.00000000e+00 -2.59648357e-02 -2.22184009e-01 0.00000000e+00 9.75004752e-01 7.38081339e-02
1.5160011768e+02 9.75362528e-01 0.00000000e+00 2.20608112e-01 1.34084267e-01 0.00000000e+00 1.00000000e+00 0.00000000e+00 -2.08648365e-02 -2.20608112e-01 0.00000000e+00 9.75362528e-01 7.27791936e-02
1.5169997096e+02 9.75768336e-01 0.00000000e+00 2.18806205e-01 1.35512820e-01 0.00000000e+00 1.00000000e+00 0.00000000e+00 -2.38648342e-02 -2.18806205e-01 0.00000000e+00 9.75768336e-01 6.97867971e-02
1.5180001998e+02 9.75048460e-01 0.00000000e+00 2.21992120e-01 1.33755443e-01 0.00000000e+00 1.00000000e+00 0.00000000e+00 -2.58648351e-02 -2.21992120e-01 0.00000000e+00 9.75048460e-01 7.49091132e-02
1.5190008211e+02 9.75903150e-01 0.00000000e+00 2.18204129e-01 1.34826203e-01 0.00000000e+00 1.00000000e+00 0.00000000e+00 -2.02648364e-02 -2.18204129e-01 0.00000000e+00 9.75903150e-01 6.94259569e-02
1.5199998283e+02 9.75012887e-01 0.00000000e+00 2.22148306e-01 1.35619383e-01 0.00000000e+00 1.00000000e+00 0.00000000e+00 -2.18648359e-02 -2.22148306e-01 0.00000000e+00 9.75012887e-01 7.33694612e-02
1.5210001874e+02 9.75011510e-01 0.00000000e+00 2.22154351e-01 1.35619659e-01 0.00000000e+00 1.00000000e+00 0.00000000e+00 -2.18648359e-02 -2.22154351e-01 0.00000000e+00 9.75011510e-01 7.33753762e-02
1.5220008826e+02 9.75225165e-01 0.00000000e+00 2.21214551e-01 1.35062485e-01 0.00000000e+00 1.00000000e+00 0.00000000e+00 -2.04648358e-02 -2.21214551e-01 0.00000000e+00 9.75225165e-01 7.15143271e-02
1.5230011296e+02 9.75401309e-01 0.00000000e+00 2.20436581e-01 1.32504413e-01 0.00000000e+00 1.00000000e+00 0.00000000e+00 -2.06648359e-02 -2.20436581e-01 0.00000000e+00 9.75401309e-01 7.39268790e-02
1.5240004921e+02 9.76145071e-01 0.00000000e+00 2.17119324e-01 1.37114620e-01 0.00000000e+00 1.00000000e+00 0.00000000e+00 -1.98648347e-02 -2.17119324e-01 0.00000000e+00 9.76145071e-01 7.00554718e-02
1.5250004268e+02 9.75434137e-01 0.00000000e+00 2.20291272e-01 1.34286599e-01 0.00000000e+00 1.00000000e+00 0.00000000e+00 -1.67648355e-02 -2.20291272e-01 0.00000000e+00 9.75434137e-01 7.22598608e-02
1.5260007048e+02 9.75534354e-01 0.00000000e+00 2.19847048e-01 1.35019790e-01 0.00000000e+00 1.00000000e+00 0.00000000e+00 -2.00648361e-02 -2.19847048e-01 0.00000000e+00 9.75534354e-01 7.00662811e-02
1.5270033002e+02 9.75910256e-01 0.00000000e+00 2.18172345e-01 1.34029738e-01 0.00000000e+00 1.00000000e+00 0.00000000e+00 -1.75648366e-02 -2.18172345e-01 0.00000000e+00 9.75910256e-01 7.01811665e-02
1.5280007958e+02 9.76112175e-01 0.00000000e+00 2.17267169e-01 1.34934875e-01 0.00000000e+00 1.00000000e+00 0.00000000e+00 -1.90648358e-02 -2.17267169e-01 0.00000000e+00 9.76112175e-01 7.02218923e-02
1.5290009356e+02 9.75202655e-01 0.00000000e+00 2.21313763e-01 1.34835570e-01 0.00000000e+00 1.00000000e+00 0.00000000e+00 -1.63648363e-02 -2.21313763e-01 0.00000000e+00 9.75202655e-01 7.18611286e-02
1.5300007915e+02 9.75755917e-01 0.00000000e+00 2.18861577e-01 1.35415770e-01 0.00000000e+00 1.00000000e+00 0.00000000e+00 -1.58648357e-02 -2.18861577e-01 0.00000000e+00 9.75755917e-01 6.99941053e-02
1.5310001111e+02 9.75756592e-01 0.00000000e+00 2.18858567e-01 1.35415642e-01 0.00000000e+00 1.00000000e+00 0.00000000e+00 -1.58648357e-02 -2.18858567e-01 0.00000000e+00 9.75756592e-01 6.99911618e-02
1.5320022416e+02 9.75692460e-01 0.00000000e+00 2.19144297e-01 1.35525357e-01 0.00000000e+00 1.00000000e+00 0.00000000e+00 -2.20648347e-02 -2.19144297e-01 0.00000000e+00 9.75692460e-01 7.06167654e-02
1.5330017638e+02 9.75326000e-01 0.00000000e+00 2.20769549e-01 1.34040250e-01 0.00000000e+00 1.00000000e+00 0.00000000e+00 -1.84648341e-02 -2.20769549e-01 0.00000000e+00 9.75326000e-01 7.03312738e-02
1.5340025401e+02 9.75624519e-01 0.00000000e+00 2.19446574e-01 1.33572146e-01 0.00000000e+00 1.00000000e+00 0.00000000e+00 -1.46648350e-02 -2.19446574e-01 0.00000000e+00 9.75624519e-01 7.04176658e-02
1.5350009298e+02 9.75002242e-01 0.00000000e+00 2.22195024e-01 1.34136063e-01 0.00000000e+00 1.00000000e+00 0.00000000e+00 -1.65648352e-02 -2.22195024e-01 0.00000000e+00 9.75002242e-01 7.42586337e-02
1.5359998679e+02 9.74950672e-01 0.00000000e+00 2.22421192e-01 1.33169543e-01 0.00000000e+00 1.00000000e+00 0.00000000e+00 -1.13648351e-02 -2.22421192e-01 0.00000000e+00 9.74950672e-01 7.36837988e-02
1.5370002866e+02 9.74819775e-01 0.00000000e+00 2.22994183e-01 1.34529051e-01 0.00000000e+00 1.00000000e+00 0.00000000e+00 -1.66648351e-02 -2.22994183e-01 0.00000000e+00 9.74819775e-01 7.45087618e-02
1.5379998207e+02 9.75570077e-01 0.00000000e+00 2.19688473e-01 1.35230979e-01 0.00000000e+00 1.00000000e+00 0.00000000e+00 -1.73648358e-02 -2.19688473e-01 0.00000000e+00 9.75570077e-01 7.28966181e-02
1.5390011215e+02 9.75789904e-01 0.00000000e+00 2.18710000e-01 1.32718740e-01 0.00000000e+00 1.00000000e+00 0.00000000e+00 -1.61648367e-02 -2.18710000e-01 0.00000000e+00 9.75789904e-01 7.06024145e-02
1.5400000525e+02 9.75401357e-01 0.00000000e+00 2.20436371e-01 1.34008447e-01 0.00000000e+00 1.00000000e+00 0.00000000e+00 -1.87648347e-02 -2.20436371e-01 0.00000000e+00 9.75401357e-01 7.05648918e-02
1.5410008454e+02 9.75400835e-01 0.00000000e+00 2.20438679e-01 1.34008549e-01 0.00000000e+00 1.00000000e+00 0.00000000e+00 -1.87648347e-02 -2.20438679e-01 0.00000000e+00 9.75400835e-01 7.05671489e-02
1.5420006919e+02 9.75498321e-01 0.00000000e+00 2.20006875e-01 1.33580483e-01 0.00000000e+00 1.00000000e+00 0.00000000e+00 -1.18648351e-02 -2.20006875e-01 0.00000000e+00 9.75498321e-01 7.31678377e-02
1.5430010390e+02 9.75296798e-01 0.00000000e+00 2.20898519e-01 1.32246243e-01 0.00000000e+00 1.00000000e+00 0.00000000e+00 -1.26648370e-02 -2.20898519e-01 0.00000000e+00 9.75296798e-01 7.43839416e-02
1.5440010977e+02 9.75398250e-01 0.00000000e+00 2.20450116e-01 1.35499757e-01 0.00000000e+00 1.00000000e+00 0.00000000e+00 -1.15648355e-02 -2.20450116e-01 0.00000000e+00 9.75398250e-01 7.16121599e-02
1.5450007224e+02 9.75208708e-01 0.00000000e+00 2.21287088e-01 1.35604290e-01 0.00000000e+00 1.00000000e+00 0.00000000e+00 -1.30648352e-02 -2.21287088e-01 0.00000000e+00 9.75208708e-01 7.17413780e-02
1.5460002279e+02 9.75451651e-01 0.00000000e+00 2.20213707e-01 1.34988435e-01 0.00000000e+00 1.00000000e+00 0.00000000e+00 -1.42648370e-02 -2.20213707e-01 0.00000000e+00 9.75451651e-01 7.00115678e-02
1.5470006847e+02 9.75784421e-01 0.00000000e+00 2.18734461e-01 1.34987755e-01 0.00000000e+00 1.00000000e+00 0.00000000e+00 -1.23648346e-02 -2.18734461e-01 0.00000000e+00 9.75784421e-01 6.93428996e-02
1.5480000782e+02 9.75995952e-01 0.00000000e+00 2.17788663e-01 1.35822725e-01 0.00000000e+00 1.00000000e+00 0.00000000e+00 -1.22648354e-02 -2.17788663e-01 0.00000000e+00 9.75995952e-01 6.84436552e-02
1.5489997458e+02 9.75717672e-01 0.00000000e+00 2.19032015e-01 1.34993646e-01 0.00000000e+00 1.00000000e+00 0.00000000e+00 -1.03648365e-02 -2.19032015e-01 0.00000000e+00 9.75717672e-01 6.99723976e-02
1.5499996495e+02 9.75939260e-01 0.00000000e+00 2.18042567e-01 1.35045940e-01 0.00000000e+00 1.00000000e+00 0.00000000e+00 -1.05648353e-02 -2.18042567e-01 0.00000000e+00 9.75939260e-01 6.72017012e-02
1.5510002732e+02 9.75939600e-01 0.00000000e+00 2.18041042e-01 1.35045876e-01 0.00000000e+00 1.00000000e+00 0.00000000e+00 -1.05648353e-02 -2.18041042e-01 0.00000000e+00 9.75939600e-01 6.72002103e-02
1.5520006800e+02 9.75638105e-01 0.00000000e+00 2.19386161e-01 1.33894235e-01 0.00000000e+00 1.00000000e+00 0.00000000e+00 -9.66483531e-03 -2.19386161e-01 0.00000000e+00 9.75638105e-01 7.09804556e-02
1.5530017471e+02 9.75543146e-01 0.00000000e+00 2.19808030e-01 1.35027691e-01 0.00000000e+00 1.00000000e+00 0.00000000e+00 -8.36483576e-03 -2.19808030e-01 0.00000000e+00 9.75543146e-01 7.01125730e-02
1.5541018701e+02 9.75589705e-01 0.00000000e+00 2.19601292e-01 1.36268571e-01 0.00000000e+00 1.00000000e+00 0.00000000e+00 -1.49648365e-02 -2.19601292e-01 0.00000000e+00 9.75589705e-01 7.11029041e-02
1.5550006771e+02 9.75315316e-01 0.00000000e+00 2.20816746e-01 1.36779347e-01 0.00000000e+00 1.00000000e+00 0.00000000e+00 -1.50648349e-02 -2.20816746e-01 0.00000000e+00 9.75315316e-01 7.27300014e-02
1.5560006309e+02 9.75508523e-01 0.00000000e+00 2.19961635e-01 1.36112975e-01 0.00000000e+00 1.00000000e+00 0.00000000e+00 -1.58648355e-02 -2.19961635e-01 0.00000000e+00 9.75508523e-01 7.05101708e-02
1.5570008039e+02 9.75514962e-01 0.00000000e+00 2.19933076e-01 1.36817896e-01 0.00000000e+00 1.00000000e+00 0.00000000e+00 -1.34648346e-02 -2.19933076e-01 0.00000000e+00 9.75514962e-01 7.08007421e-02
1.5580003047e+02 9.75391378e-01 0.00000000e+00 2.20480519e-01 1.36139776e-01 0.00000000e+00 1.00000000e+00 0.00000000e+00 -1.45648358e-02 -2.20480519e-01 0.00000000e+00 9.75391378e-01 7.12456399e-02
1.5590007973e+02 9.76015374e-01 0.00000000e+00 2.17701606e-01 1.35393202e-01 0.00000000e+00 1.00000000e+00 0.00000000e+00 -1.40648344e-02 -2.17701606e-01 0.00000000e+00 9.76015374e-01 6.95496500e-02
1.5600019598e+02 9.76110063e-01 0.00000000e+00 2.17276654e-01 1.36007317e-01 0.00000000e+00 1.00000000e+00 0.00000000e+00 -1.21648362e-02 -2.17276654e-01 0.00000000e+00 9.76110063e-01 6.98816956e-02
1.5610005832e+02 9.76110169e-01 0.00000000e+00 2.17276178e-01 1.36007297e-01 0.00000000e+00 1.00000000e+00 0.00000000e+00 -1.21648362e-02 -2.17276178e-01 0.00000000e+00 9.76110169e-01 6.98812300e-02
1.5620009995e+02 9.75306378e-01 0.00000000e+00 2.20856216e-01 1.35560608e-01 0.00000000e+00 1.00000000e+00 0.00000000e+00 -1.03648360e-02 -2.20856216e-01 0.00000000e+00 9.75306378e-01 6.98947367e-02
