0.0000000000e+00 -9.79243687e-01 0.00000000e+00 -2.02686459e-01 3.52936874e-08 0.00000000e+00 1.00000000e+00 0.00000000e+00 -8.88571219e-03 2.02686459e-01 0.00000000e+00 -9.79243687e-01 1.68108495e-03
9.9986791611e-02 -9.79243687e-01 0.00000000e+00 -2.02686459e-01 3.52936874e-08 0.00000000e+00 1.00000000e+00 0.00000000e+00 -8.88571219e-03 2.02686459e-01 0.00000000e+00 -9.79243687e-01 1.68108495e-03
1.9978499413e-01 -9.80350300e-01 0.00000000e+00 -1.97264517e-01 -6.22762193e-04 0.00000000e+00 1.00000000e+00 0.00000000e+00 -3.08571137e-03 1.97264517e-01 0.00000000e+00 -9.80350300e-01 -2.78319407e-04
2.9982638359e-01 -9.78736003e-01 0.00000000e+00 -2.05123955e-01 -2.76979631e-04 0.00000000e+00 1.00000000e+00 0.00000000e+00 -4.48571129e-03 2.05123955e-01 0.00000000e+00 -9.78736003e-01 4.49413172e-03
3.9984726906e-01 -9.79029450e-01 0.00000000e+00 -2.03718768e-01 -8.96318544e-04 0.00000000e+00 1.00000000e+00 0.00000000e+00 -6.28571199e-03 2.03718768e-01 0.00000000e+00 -9.79029450e-01 3.31969151e-03
5.2207088470e-01 -9.79287906e-01 0.00000000e+00 -2.02472709e-01 -1.40377915e-03 0.00000000e+00 1.00000000e+00 0.00000000e+00 -2.68571293e-03 2.02472709e-01 0.00000000e+00 -9.79287906e-01 2.64754755e-03
5.9979200363e-01 -9.79444572e-01 0.00000000e+00 -2.01713484e-01 1.92184318e-04 0.00000000e+00 1.00000000e+00 0.00000000e+00 -1.10857123e-02 2.01713484e-01 0.00000000e+00 -9.79444572e-01 1.39343018e-03
6.9995713234e-01 -9.78868943e-01 0.00000000e+00 -2.04488613e-01 1.00452076e-03 0.00000000e+00 1.00000000e+00 0.00000000e+00 -7.08571212e-03 2.04488613e-01 0.00000000e+00 -9.78868943e-01 2.77747763e-03
7.9983401299e-01 -9.79878587e-01 0.00000000e+00 -1.99594474e-01 6.08671486e-04 0.00000000e+00 1.00000000e+00 0.00000000e+00 -4.68571246e-03 1.99594474e-01 0.00000000e+00 -9.79878587e-01 -1.17410583e-03
8.9986681938e-01 -9.79440779e-01 0.00000000e+00 -2.01731900e-01 8.36929029e-04 0.00000000e+00 1.00000000e+00 0.00000000e+00 -2.98571264e-03 2.01731900e-01 0.00000000e+00 -9.79440779e-01 9.31521599e-04
9.9983263016e-01 -9.79121512e-01 0.00000000e+00 -2.03275833e-01 -1.05759708e-03 0.00000000e+00 1.00000000e+00 0.00000000e+00 -7.85711990e-04 2.03275833e-01 0.00000000e+00 -9.79121512e-01 3.82368092e-03
1.0999145508e+00 -9.79121110e-01 0.00000000e+00 -2.03277772e-01 -1.05758779e-03 0.00000000e+00 1.00000000e+00 0.00000000e+00 -7.85711990e-04 2.03277772e-01 0.00000000e+00 -9.79121110e-01 3.82557190e-03
1.1998641491e+00 -9.80182899e-01 0.00000000e+00 -1.98094634e-01 -1.23555918e-03 0.00000000e+00 1.00000000e+00 0.00000000e+00 3.14287783e-04 1.98094634e-01 0.00000000e+00 -9.80182899e-01 6.76754383e-04
1.3070595264e+00 -9.79384190e-01 0.00000000e+00 -2.02006455e-01 -2.21127380e-03 0.00000000e+00 1.00000000e+00 0.00000000e+00 2.81428757e-03 2.02006455e-01 0.00000000e+00 -9.79384190e-01 5.29115100e-03
1.3997964859e+00 -9.79583023e-01 0.00000000e+00 -2.01040046e-01 -5.04035175e-04 0.00000000e+00 1.00000000e+00 0.00000000e+00 -2.28571108e-03 2.01040046e-01 0.00000000e+00 -9.79583023e-01 1.96331638e-03
1.4999980927e+00 -9.79975998e-01 0.00000000e+00 -1.99115651e-01 -1.89661138e-03 0.00000000e+00 1.00000000e+00 0.00000000e+00 1.31428827e-03 1.99115651e-01 0.00000000e+00 -9.79975998e-01 2.29993807e-03
1.5998067856e+00 -9.79932072e-01 0.00000000e+00 -1.99331719e-01 -1.52655553e-03 0.00000000e+00 1.00000000e+00 0.00000000e+00 -5.48571270e-03 1.99331719e-01 0.00000000e+00 -9.79932072e-01 7.73007658e-04
1.6998193264e+00 -9.79460827e-01 0.00000000e+00 -2.01634542e-01 -1.03984257e-04 0.00000000e+00 1.00000000e+00 0.00000000e+00 -5.58571231e-03 2.01634542e-01 0.00000000e+00 -9.79460827e-01 2.73880217e-03
1.7998435497e+00 -9.80245042e-01 0.00000000e+00 -1.97786899e-01 -2.06623426e-03 0.00000000e+00 1.00000000e+00 0.00000000e+00 -2.68571299e-03 1.97786899e-01 0.00000000e+00 -9.80245042e-01 5.99757850e-04
1.8998064995e+00 -9.79943937e-01 0.00000000e+00 -1.99273381e-01 5.14226985e-05 0.00000000e+00 1.00000000e+00 0.00000000e+00 -2.08571206e-03 1.99273381e-01 0.00000000e+00 -9.79943937e-01 3.74985528e-03
1.9998295307e+00 -9.79200092e-01 0.00000000e+00 -2.02896971e-01 1.50499172e-03 0.00000000e+00 1.00000000e+00 0.00000000e+00 -7.78571073e-03 2.02896971e-01 0.00000000e+00 -9.79200092e-01 3.85821440e-03
2.0997624397e+00 -9.79199091e-01 0.00000000e+00 -2.02901801e-01 1.50501305e-03 0.00000000e+00 1.00000000e+00 0.00000000e+00 -7.78571073e-03 2.02901801e-01 0.00000000e+00 -9.79199091e-01 3.86292557e-03
2.1998414993e+00 -9.79583874e-01 0.00000000e+00 -2.01035900e-01 8.21578967e-04 0.00000000e+00 1.00000000e+00 0.00000000e+00 -1.08571126e-03 2.01035900e-01 0.00000000e+00 -9.79583874e-01 5.84362828e-03
2.2998490334e+00 -9.79406328e-01 0.00000000e+00 -2.01899097e-01 7.18778296e-04 0.00000000e+00 1.00000000e+00 0.00000000e+00 -3.78571206e-03 2.01899097e-01 0.00000000e+00 -9.79406328e-01 6.34152079e-03
2.4400892258e+00 -9.79616031e-01 0.00000000e+00 -2.00879148e-01 -8.20972469e-04 0.00000000e+00 1.00000000e+00 0.00000000e+00 4.41428697e-03 2.00879148e-01 0.00000000e+00 -9.79616031e-01 5.78923058e-03
2.4997549057e+00 -9.79880924e-01 0.00000000e+00 -1.99583000e-01 4.63133755e-04 0.00000000e+00 1.00000000e+00 0.00000000e+00 -8.57133233e-05 1.99583000e-01 0.00000000e+00 -9.79880924e-01 2.57177654e-03
2.5997917652e+00 -9.79914567e-01 0.00000000e+00 -1.99417756e-01 -1.35972106e-03 0.00000000e+00 1.00000000e+00 0.00000000e+00 -2.48571117e-03 1.99417756e-01 0.00000000e+00 -9.79914567e-01 3.44525992e-03
2.6998496056e+00 -9.78824770e-01 0.00000000e+00 -2.04699950e-01 4.61289519e-04 0.00000000e+00 1.00000000e+00 0.00000000e+00 5.14288090e-04 2.04699950e-01 0.00000000e+00 -9.78824770e-01 8.61080447e-03
2.7998518944e+00 -9.79333846e-01 0.00000000e+00 -2.02250383e-01 -6.92057939e-05 0.00000000e+00 1.00000000e+00 0.00000000e+00 4.14288858e-04 2.02250383e-01 0.00000000e+00 -9.79333846e-01 7.73288002e-03
2.8998291492e+00 -9.80067927e-01 0.00000000e+00 -1.98662675e-01 7.72621682e-04 0.00000000e+00 1.00000000e+00 0.00000000e+00 1.42874833e-05 1.98662675e-01 0.00000000e+00 -9.80067927e-01 4.26906517e-03
2.9998345375e+00 -9.79686151e-01 0.00000000e+00 -2.00536893e-01 1.04694972e-03 0.00000000e+00 1.00000000e+00 0.00000000e+00 6.61428844e-03 2.00536893e-01 0.00000000e+00 -9.79686151e-01 8.74311987e-03
3.0999174118e+00 -9.79685650e-01 0.00000000e+00 -2.00539341e-01 1.04695477e-03 0.00000000e+00 1.00000000e+00 0.00000000e+00 6.61428844e-03 2.00539341e-01 0.00000000e+00 -9.79685650e-01 8.74550640e-03
3.1997816563e+00 -9.79123315e-01 0.00000000e+00 -2.03267149e-01 4.77887612e-04 0.00000000e+00 1.00000000e+00 0.00000000e+00 2.11428738e-03 2.03267149e-01 0.00000000e+00 -9.79123315e-01 8.90971230e-03
3.3201222420e+00 -9.78990201e-01 0.00000000e+00 -2.03907299e-01 1.04967294e-03 0.00000000e+00 1.00000000e+00 0.00000000e+00 6.41428723e-03 2.03907299e-01 0.00000000e+00 -9.78990201e-01 1.12422910e-02
3.3997936249e+00 -9.80003687e-01 0.00000000e+00 -1.98979331e-01 -1.60938890e-03 0.00000000e+00 1.00000000e+00 0.00000000e+00 4.41428714e-03 1.98979331e-01 0.00000000e+00 -9.80003687e-01 5.60412427e-03
3.4999485016e+00 -9.80333821e-01 0.00000000e+00 -1.97346392e-01 -2.22384182e-03 0.00000000e+00 1.00000000e+00 0.00000000e+00 8.51428787e-03 1.97346392e-01 0.00000000e+00 -9.80333821e-01 5.38304447e-03
3.5997865200e+00 -9.80187805e-01 0.00000000e+00 -1.98070360e-01 -2.24016574e-03 0.00000000e+00 1.00000000e+00 0.00000000e+00 7.81428805e-03 1.98070360e-01 0.00000000e+00 -9.80187805e-01 4.06449527e-03
3.6999020576e+00 -9.80097783e-01 0.00000000e+00 -1.98515326e-01 -3.26905929e-03 0.00000000e+00 1.00000000e+00 0.00000000e+00 8.61428754e-03 1.98515326e-01 0.00000000e+00 -9.80097783e-01 6.25610060e-03
3.7998452187e+00 -9.80292294e-01 0.00000000e+00 -1.97552572e-01 -3.94324215e-03 0.00000000e+00 1.00000000e+00 0.00000000e+00 1.39142874e-02 1.97552572e-01 0.00000000e+00 -9.80292294e-01 8.56034654e-03
3.8997902870e+00 -9.78962269e-01 0.00000000e+00 -2.04041358e-01 -7.83105505e-04 0.00000000e+00 1.00000000e+00 0.00000000e+00 6.81428833e-03 2.04041358e-01 0.00000000e+00 -9.78962269e-01 1.06993578e-02
3.9998869896e+00 -9.79928662e-01 0.00000000e+00 -1.99348484e-01 -2.36328379e-03 0.00000000e+00 1.00000000e+00 0.00000000e+00 6.61428733e-03 1.99348484e-01 0.00000000e+00 -9.79928662e-01 5.44004080e-03
4.0997886658e+00 -9.79929924e-01 0.00000000e+00 -1.99342280e-01 -2.36328923e-03 0.00000000e+00 1.00000000e+00 0.00000000e+00 6.61428733e-03 1.99342280e-01 0.00000000e+00 -9.79929924e-01 5.43399434e-03
4.1999106407e+00 -9.79587306e-01 0.00000000e+00 -2.01019179e-01 -2.41976799e-03 0.00000000e+00 1.00000000e+00 0.00000000e+00 6.11428742e-03 2.01019179e-01 0.00000000e+00 -9.79587306e-01 6.60893959e-03
4.2997932434e+00 -9.79499146e-01 0.00000000e+00 -2.01448313e-01 -1.76673650e-03 0.00000000e+00 1.00000000e+00 0.00000000e+00 6.71428847e-03 2.01448313e-01 0.00000000e+00 -9.79499146e-01 9.81808462e-03
4.3998670578e+00 -9.79343177e-01 0.00000000e+00 -2.02205198e-01 -4.20688916e-03 0.00000000e+00 1.00000000e+00 0.00000000e+00 1.48142880e-02 2.02205198e-01 0.00000000e+00 -9.79343177e-01 1.04990565e-02
4.4998915195e+00 -9.79173813e-01 0.00000000e+00 -2.03023753e-01 -2.69883071e-03 0.00000000e+00 1.00000000e+00 0.00000000e+00 5.71428803e-03 2.03023753e-01 0.00000000e+00 -9.79173813e-01 1.03280190e-02
4.5998864174e+00 -9.79284908e-01 0.00000000e+00 -2.02487208e-01 -1.22298628e-03 0.00000000e+00 1.00000000e+00 0.00000000e+00 7.71428800e-03 2.02487208e-01 0.00000000e+00 -9.79284908e-01 7.22151613e-03
4.6999399662e+00 -9.79316442e-01 0.00000000e+00 -2.02334639e-01 -3.10017438e-03 0.00000000e+00 1.00000000e+00 0.00000000e+00 2.81428759e-03 2.02334639e-01 0.00000000e+00 -9.79316442e-01 7.83268658e-03
4.7998490334e+00 -9.80485386e-01 0.00000000e+00 -1.96591982e-01 -4.48370615e-03 0.00000000e+00 1.00000000e+00 0.00000000e+00 8.31428766e-03 1.96591982e-01 0.00000000e+00 -9.80485386e-01 3.72728681e-03
4.8998510838e+00 -9.80346834e-01 0.00000000e+00 -1.97281740e-01 -3.03056965e-03 0.00000000e+00 1.00000000e+00 0.00000000e+00 5.61428648e-03 1.97281740e-01 0.00000000e+00 -9.80346834e-01 3.96910913e-03
5.0000042915e+00 -9.79851845e-01 0.00000000e+00 -1.99725718e-01 -2.39818852e-03 0.00000000e+00 1.00000000e+00 0.00000000e+00 -8.57123607e-05 1.99725718e-01 0.00000000e+00 -9.79851845e-01 4.63290123e-03
5.0998556614e+00 -9.79851218e-01 0.00000000e+00 -1.99728792e-01 -2.39818466e-03 0.00000000e+00 1.00000000e+00 0.00000000e+00 -8.57123607e-05 1.99728792e-01 0.00000000e+00 -9.79851218e-01 4.63589717e-03
5.1998460293e+00 -9.79567903e-01 0.00000000e+00 -2.01113706e-01 -1.39057966e-03 0.00000000e+00 1.00000000e+00 0.00000000e+00 1.14287524e-04 2.01113706e-01 0.00000000e+00 -9.79567903e-01 4.86994921e-03
5.3213171959e+00 -9.79322874e-01 0.00000000e+00 -2.02303508e-01 -2.22280494e-03 0.00000000e+00 1.00000000e+00 0.00000000e+00 3.21428783e-03 2.02303508e-01 0.00000000e+00 -9.79322874e-01 7.77839019e-03
5.3997938633e+00 -9.79911505e-01 0.00000000e+00 -1.99432799e-01 -3.36326610e-03 0.00000000e+00 1.00000000e+00 0.00000000e+00 4.01428904e-03 1.99432799e-01 0.00000000e+00 -9.79911505e-01 4.29497507e-03
5.4998545647e+00 -9.79014020e-01 0.00000000e+00 -2.03792906e-01 -2.49979802e-03 0.00000000e+00 1.00000000e+00 0.00000000e+00 3.31428764e-03 2.03792906e-01 0.00000000e+00 -9.79014020e-01 8.92096138e-03
5.5999362469e+00 -9.79691096e-01 0.00000000e+00 -2.00512735e-01 -2.44274790e-03 0.00000000e+00 1.00000000e+00 0.00000000e+00 2.21428723e-03 2.00512735e-01 0.00000000e+00 -9.79691096e-01 5.14701445e-03
5.6999053955e+00 -9.79629346e-01 0.00000000e+00 -2.00814204e-01 -1.72729955e-03 0.00000000e+00 1.00000000e+00 0.00000000e+00 3.01428822e-03 2.00814204e-01 0.00000000e+00 -9.79629346e-01 5.35631186e-03
5.7998263836e+00 -9.79163619e-01 0.00000000e+00 -2.03072909e-01 -1.94727404e-03 0.00000000e+00 1.00000000e+00 0.00000000e+00 5.81428817e-03 2.03072909e-01 0.00000000e+00 -9.79163619e-01 7.28993927e-03
5.8997855186e+00 -9.80172036e-01 0.00000000e+00 -1.98148377e-01 -1.42931761e-03 0.00000000e+00 1.00000000e+00 0.00000000e+00 7.21428906e-03 1.98148377e-01 0.00000000e+00 -9.80172036e-01 4.59606146e-03
5.9997990131e+00 -9.80258974e-01 0.00000000e+00 -1.97717839e-01 -2.29266072e-03 0.00000000e+00 1.00000000e+00 0.00000000e+00 5.61428818e-03 1.97717839e-01 0.00000000e+00 -9.80258974e-01 3.37359871e-03
6.0997972488e+00 -9.80259099e-01 0.00000000e+00 -1.97717221e-01 -2.29266027e-03 0.00000000e+00 1.00000000e+00 0.00000000e+00 5.61428818e-03 1.97717221e-01 0.00000000e+00 -9.80259099e-01 3.37299667e-03
6.1998736858e+00 -9.80211179e-01 0.00000000e+00 -1.97954654e-01 -1.77901166e-03 0.00000000e+00 1.00000000e+00 0.00000000e+00 5.51428785e-03 1.97954654e-01 0.00000000e+00 -9.80211179e-01 3.18546592e-03
6.2999100685e+00 -9.79212076e-01 0.00000000e+00 -2.02839123e-01 -2.80211280e-03 0.00000000e+00 1.00000000e+00 0.00000000e+00 5.31428674e-03 2.02839123e-01 0.00000000e+00 -9.79212076e-01 7.82182988e-03
6.3997874260e+00 -9.79426900e-01 0.00000000e+00 -2.01799273e-01 -2.40940093e-03 0.00000000e+00 1.00000000e+00 0.00000000e+00 5.81428765e-03 2.01799273e-01 0.00000000e+00 -9.79426900e-01 7.75888621e-03
6.4997632504e+00 -9.79248882e-01 0.00000000e+00 -2.02661360e-01 -2.35998167e-03 0.00000000e+00 1.00000000e+00 0.00000000e+00 6.91428824e-03 2.02661360e-01 0.00000000e+00 -9.79248882e-01 7.91429144e-03
6.6223521233e+00 -9.79248640e-01 0.00000000e+00 -2.02662532e-01 -2.35997677e-03 0.00000000e+00 1.00000000e+00 0.00000000e+00 6.91428824e-03 2.02662532e-01 0.00000000e+00 -9.79248640e-01 7.91543408e-03
6.6998994350e+00 -9.80098793e-01 0.00000000e+00 -1.98510344e-01 -4.90188180e-03 0.00000000e+00 1.00000000e+00 0.00000000e+00 9.11428746e-03 1.98510344e-01 0.00000000e+00 -9.80098793e-01 6.87776933e-03
6.7998127937e+00 -9.80224374e-01 0.00000000e+00 -1.97889304e-01 -2.25734330e-03 0.00000000e+00 1.00000000e+00 0.00000000e+00 4.81428803e-03 1.97889304e-01 0.00000000e+00 -9.80224374e-01 3.26532749e-03
6.8998782635e+00 -9.79758995e-01 0.00000000e+00 -2.00180699e-01 -2.72986052e-03 0.00000000e+00 1.00000000e+00 0.00000000e+00 1.25142873e-02 2.00180699e-01 0.00000000e+00 -9.79758995e-01 7.18593320e-03
6.9998233318e+00 -9.79406593e-01 0.00000000e+00 -2.01897808e-01 -1.84211751e-03 0.00000000e+00 1.00000000e+00 0.00000000e+00 6.71428803e-03 2.01897808e-01 0.00000000e+00 -9.79406593e-01 6.94503262e-03
7.0997800827e+00 -9.79406099e-01 0.00000000e+00 -2.01900207e-01 -1.84210931e-03 0.00000000e+00 1.00000000e+00 0.00000000e+00 6.71428803e-03 2.01900207e-01 0.00000000e+00 -9.79406099e-01 6.94737161e-03
7.1999056339e+00 -9.79062337e-01 0.00000000e+00 -2.03560654e-01 -1.98144804e-03 0.00000000e+00 1.00000000e+00 0.00000000e+00 3.01428763e-03 2.03560654e-01 0.00000000e+00 -9.79062337e-01 7.68404520e-03
7.3103425503e+00 -9.79238149e-01 0.00000000e+00 -2.02713215e-01 -2.52701568e-03 0.00000000e+00 1.00000000e+00 0.00000000e+00 4.21428793e-03 2.02713215e-01 0.00000000e+00 -9.79238149e-01 8.07722757e-03
7.3997583389e+00 -9.79620938e-01 0.00000000e+00 -2.00855214e-01 -2.13144562e-03 0.00000000e+00 1.00000000e+00 0.00000000e+00 4.21428820e-03 2.00855214e-01 0.00000000e+00 -9.79620938e-01 4.65528277e-03
7.4999191761e+00 -9.80554475e-01 0.00000000e+00 -1.96247091e-01 -3.10488337e-03 0.00000000e+00 1.00000000e+00 0.00000000e+00 7.21428784e-03 1.96247091e-01 0.00000000e+00 -9.80554475e-01 2.31113701e-03
7.5998682976e+00 -9.79873506e-01 0.00000000e+00 -1.99619420e-01 -2.90218503e-03 0.00000000e+00 1.00000000e+00 0.00000000e+00 2.14287224e-04 1.99619420e-01 0.00000000e+00 -9.79873506e-01 4.22453911e-03
7.6998984814e+00 -9.79413721e-01 0.00000000e+00 -2.01863231e-01 -2.00864594e-03 0.00000000e+00 1.00000000e+00 0.00000000e+00 2.41428893e-03 2.01863231e-01 0.00000000e+00 -9.79413721e-01 7.00280536e-03
7.7997736931e+00 -9.79752005e-01 0.00000000e+00 -2.00214907e-01 -2.43626004e-03 0.00000000e+00 1.00000000e+00 0.00000000e+00 4.51428860e-03 2.00214907e-01 0.00000000e+00 -9.79752005e-01 4.08597660e-03
7.8998293877e+00 -9.79342079e-01 0.00000000e+00 -2.02210517e-01 -2.17847081e-03 0.00000000e+00 1.00000000e+00 0.00000000e+00 4.41428795e-03 2.02210517e-01 0.00000000e+00 -9.79342079e-01 6.84263005e-03
7.9998426437e+00 -9.79498124e-01 0.00000000e+00 -2.01453281e-01 -2.38889123e-03 0.00000000e+00 1.00000000e+00 0.00000000e+00 2.51428731e-03 2.01453281e-01 0.00000000e+00 -9.79498124e-01 5.46396087e-03
8.0998952389e+00 -9.79498321e-01 0.00000000e+00 -2.01452327e-01 -2.38889407e-03 0.00000000e+00 1.00000000e+00 0.00000000e+00 2.51428731e-03 2.01452327e-01 0.00000000e+00 -9.79498321e-01 5.46303082e-03
8.1997582912e+00 -9.80179353e-01 0.00000000e+00 -1.98112181e-01 -3.50154190e-03 0.00000000e+00 1.00000000e+00 0.00000000e+00 2.41428753e-03 1.98112181e-01 0.00000000e+00 -9.80179353e-01 2.69104608e-03
8.2998456955e+00 -9.79440671e-01 0.00000000e+00 -2.01732427e-01 -2.33966131e-03 0.00000000e+00 1.00000000e+00 0.00000000e+00 4.21428843e-03 2.01732427e-01 0.00000000e+00 -9.79440671e-01 2.64845795e-03
8.3998005390e+00 -9.79050246e-01 0.00000000e+00 -2.03618802e-01 -7.12560793e-04 0.00000000e+00 1.00000000e+00 0.00000000e+00 -5.85712037e-04 2.03618802e-01 0.00000000e+00 -9.79050246e-01 5.08850692e-03
8.5203166008e+00 -9.78662800e-01 0.00000000e+00 -2.05472927e-01 -2.07419866e-03 0.00000000e+00 1.00000000e+00 0.00000000e+00 1.61428731e-03 2.05472927e-01 0.00000000e+00 -9.78662800e-01 6.64156980e-03
8.5997266769e+00 -9.80254525e-01 0.00000000e+00 -1.97739895e-01 -1.62001060e-03 0.00000000e+00 1.00000000e+00 0.00000000e+00 5.01428811e-03 1.97739895e-01 0.00000000e+00 -9.80254525e-01 1.89061309e-03
8.6997513771e+00 -9.80162480e-01 0.00000000e+00 -1.98195644e-01 -5.49551983e-04 0.00000000e+00 1.00000000e+00 0.00000000e+00 4.14287814e-04 1.98195644e-01 0.00000000e+00 -9.80162480e-01 -9.57021909e-04
8.7998385429e+00 -9.79642886e-01 0.00000000e+00 -2.00748142e-01 -1.53085715e-03 0.00000000e+00 1.00000000e+00 0.00000000e+00 6.14288312e-04 2.00748142e-01 0.00000000e+00 -9.79642886e-01 2.14119655e-03
8.8998646736e+00 -9.79645725e-01 0.00000000e+00 -2.00734285e-01 -1.38550589e-03 0.00000000e+00 1.00000000e+00 0.00000000e+00 -9.85711744e-04 2.00734285e-01 0.00000000e+00 -9.79645725e-01 1.00831913e-03
8.9998629093e+00 -9.79425767e-01 0.00000000e+00 -2.01804774e-01 -1.03719612e-03 0.00000000e+00 1.00000000e+00 0.00000000e+00 2.41428869e-03 2.01804774e-01 0.00000000e+00 -9.79425767e-01 1.80729189e-03
9.0998461246e+00 -9.79425475e-01 0.00000000e+00 -2.01806190e-01 -1.03719141e-03 0.00000000e+00 1.00000000e+00 0.00000000e+00 2.41428869e-03 2.01806190e-01 0.00000000e+00 -9.79425475e-01 1.80867225e-03
9.1998801231e+00 -9.78719935e-01 0.00000000e+00 -2.05200606e-01 -1.65287583e-03 0.00000000e+00 1.00000000e+00 0.00000000e+00 4.91428707e-03 2.05200606e-01 0.00000000e+00 -9.78719935e-01 7.52504826e-03
9.2998371124e+00 -9.79212286e-01 0.00000000e+00 -2.02838112e-01 -2.65797906e-03 0.00000000e+00 1.00000000e+00 0.00000000e+00 -6.85712620e-04 2.02838112e-01 0.00000000e+00 -9.79212286e-01 4.51105888e-03
9.3997750282e+00 -9.79451565e-01 0.00000000e+00 -2.01679528e-01 -1.81463089e-03 0.00000000e+00 1.00000000e+00 0.00000000e+00 -2.98571262e-03 2.01679528e-01 0.00000000e+00 -9.79451565e-01 3.48202534e-03
9.4999215603e+00 -9.79006204e-01 0.00000000e+00 -2.03830450e-01 -1.72490401e-04 0.00000000e+00 1.00000000e+00 0.00000000e+00 6.14288543e-04 2.03830450e-01 0.00000000e+00 -9.79006204e-01 5.91701376e-03
9.5998709202e+00 -9.79851501e-01 0.00000000e+00 -1.99727406e-01 -4.73531856e-04 0.00000000e+00 1.00000000e+00 0.00000000e+00 -3.88571229e-03 1.99727406e-01 0.00000000e+00 -9.79851501e-01 5.19266263e-03
9.6998274326e+00 -9.79972542e-01 0.00000000e+00 -1.99132663e-01 -1.46473564e-03 0.00000000e+00 1.00000000e+00 0.00000000e+00 1.14288555e-04 1.99132663e-01 0.00000000e+00 -9.79972542e-01 1.05143208e-02
9.7997417450e+00 -9.79472945e-01 0.00000000e+00 -2.01575668e-01 -8.11716884e-04 0.00000000e+00 1.00000000e+00 0.00000000e+00 -3.28571294e-03 2.01575668e-01 0.00000000e+00 -9.79472945e-01 1.70971039e-02
9.8998644352e+00 -9.79953321e-01 0.00000000e+00 -1.99227229e-01 -9.36836323e-05 0.00000000e+00 1.00000000e+00 0.00000000e+00 6.14288425e-04 1.99227229e-01 0.00000000e+00 -9.79953321e-01 2.15701283e-02
9.9997572899e+00 -9.80910049e-01 0.00000000e+00 -1.94462015e-01 3.22720501e-04 0.00000000e+00 1.00000000e+00 0.00000000e+00 -2.18571165e-03 1.94462015e-01 0.00000000e+00 -9.80910049e-01 2.62161888e-02
1.0099772930e+01 -9.80911399e-01 0.00000000e+00 -1.94455206e-01 3.22747582e-04 0.00000000e+00 1.00000000e+00 0.00000000e+00 -2.18571165e-03 1.94455206e-01 0.00000000e+00 -9.80911399e-01 2.62095598e-02
1.0199814558e+01 -9.79118530e-01 0.00000000e+00 -2.03290198e-01 -1.90687230e-04 0.00000000e+00 1.00000000e+00 0.00000000e+00 1.41428912e-03 2.03290198e-01 0.00000000e+00 -9.79118530e-01 6.03359279e-02
1.0299791574e+01 -9.77712595e-01 0.00000000e+00 -2.09947806e-01 3.05311811e-03 0.00000000e+00 1.00000000e+00 0.00000000e+00 1.41428931e-03 2.09947806e-01 0.00000000e+00 -9.77712595e-01 8.23689376e-02
1.0440383911e+01 -9.74471858e-01 0.00000000e+00 -2.24509683e-01 -7.77750829e-04 0.00000000e+00 1.00000000e+00 0.00000000e+00 1.86142885e-02 2.24509683e-01 0.00000000e+00 -9.74471858e-01 1.14618325e-01
1.0500064850e+01 -9.72317879e-01 0.00000000e+00 -2.33662025e-01 8.40215321e-04 0.00000000e+00 1.00000000e+00 0.00000000e+00 1.93142904e-02 2.33662025e-01 0.00000000e+00 -9.72317879e-01 1.39025463e-01
1.0599756479e+01 -9.71189908e-01 0.00000000e+00 -2.38306868e-01 4.32708562e-03 0.00000000e+00 1.00000000e+00 0.00000000e+00 1.68142906e-02 2.38306868e-01 0.00000000e+00 -9.71189908e-01 1.60756153e-01
1.0699781895e+01 -9.69439607e-01 0.00000000e+00 -2.45330080e-01 5.93877360e-03 0.00000000e+00 1.00000000e+00 0.00000000e+00 1.65142903e-02 2.45330080e-01 0.00000000e+00 -9.69439607e-01 1.87310445e-01
1.0799873114e+01 -9.68109205e-01 0.00000000e+00 -2.50528575e-01 8.08639667e-03 0.00000000e+00 1.00000000e+00 0.00000000e+00 1.80142909e-02 2.50528575e-01 0.00000000e+00 -9.68109205e-01 2.14527251e-01
1.0899979830e+01 -9.63867128e-01 0.00000000e+00 -2.66383483e-01 1.24986770e-02 0.00000000e+00 1.00000000e+00 0.00000000e+00 1.83142926e-02 2.66383483e-01 0.00000000e+00 -9.63867128e-01 2.53507759e-01
1.0999856710e+01 -9.60959555e-01 0.00000000e+00 -2.76688873e-01 1.70951890e-02 0.00000000e+00 1.00000000e+00 0.00000000e+00 1.82142939e-02 2.76688873e-01 0.00000000e+00 -9.60959555e-01 2.84203545e-01
1.1099800348e+01 -9.60955138e-01 0.00000000e+00 -2.76704215e-01 1.70964159e-02 0.00000000e+00 1.00000000e+00 0.00000000e+00 1.82142939e-02 2.76704215e-01 0.00000000e+00 -9.60955138e-01 2.84218742e-01
1.1199848890e+01 -9.51649576e-01 0.00000000e+00 -3.07185750e-01 2.79842947e-02 0.00000000e+00 1.00000000e+00 0.00000000e+00 2.16142972e-02 3.07185750e-01 0.00000000e+00 -9.51649576e-01 3.57459123e-01
1.1305388451e+01 -9.47202523e-01 0.00000000e+00 -3.20635901e-01 3.61135230e-02 0.00000000e+00 1.00000000e+00 0.00000000e+00 1.75142979e-02 3.20635901e-01 0.00000000e+00 -9.47202523e-01 3.99251611e-01
1.1399849176e+01 -9.43675806e-01 0.00000000e+00 -3.30871537e-01 4.65862150e-02 0.00000000e+00 1.00000000e+00 0.00000000e+00 2.31430163e-03 3.30871537e-01 0.00000000e+00 -9.43675806e-01 4.37301907e-01
1.1499855280e+01 -9.38083752e-01 0.00000000e+00 -3.46408536e-01 5.53546186e-02 0.00000000e+00 1.00000000e+00 0.00000000e+00 4.14304909e-04 3.46408536e-01 0.00000000e+00 -9.38083752e-01 4.79591048e-01
1.1599845886e+01 -9.32842654e-01 0.00000000e+00 -3.60284031e-01 6.57830691e-02 0.00000000e+00 1.00000000e+00 0.00000000e+00 -1.85692700e-04 3.60284031e-01 0.00000000e+00 -9.32842654e-01 5.24308594e-01
1.1699778080e+01 -9.26877105e-01 0.00000000e+00 -3.75364932e-01 7.83701317e-02 0.00000000e+00 1.00000000e+00 0.00000000e+00 -6.38568902e-03 3.75364932e-01 0.00000000e+00 -9.26877105e-01 5.69367099e-01
1.1799846649e+01 -9.18032415e-01 0.00000000e+00 -3.96505340e-01 9.00898699e-02 0.00000000e+00 1.00000000e+00 0.00000000e+00 1.41431203e-03 3.96505340e-01 0.00000000e+00 -9.18032415e-01 6.23944107e-01
1.1899853706e+01 -9.11916195e-01 0.00000000e+00 -4.10376477e-01 1.02967080e-01 0.00000000e+00 1.00000000e+00 0.00000000e+00 -2.85682988e-04 4.10376477e-01 0.00000000e+00 -9.11916195e-01 6.72927605e-01
1.1999860287e+01 -9.05168193e-01 0.00000000e+00 -4.25053577e-01 1.18115578e-01 0.00000000e+00 1.00000000e+00 0.00000000e+00 -1.98567726e-03 4.25053577e-01 0.00000000e+00 -9.05168193e-01 7.20575117e-01
1.2099775553e+01 -9.05159696e-01 0.00000000e+00 -4.25071670e-01 1.18120102e-01 0.00000000e+00 1.00000000e+00 0.00000000e+00 -1.98567726e-03 4.25071670e-01 0.00000000e+00 -9.05159696e-01 7.20593663e-01
1.2199793816e+01 -8.88831755e-01 0.00000000e+00 -4.58233686e-01 1.57015191e-01 0.00000000e+00 1.00000000e+00 0.00000000e+00 -5.85667750e-04 4.58233686e-01 0.00000000e+00 -8.88831755e-01 8.25488789e-01
1.2299944878e+01 -8.74106837e-01 0.00000000e+00 -4.85733710e-01 1.82746538e-01 0.00000000e+00 1.00000000e+00 0.00000000e+00 -7.18566074e-03 4.85733710e-01 0.00000000e+00 -8.74106837e-01 8.90104530e-01
1.2399836779e+01 -8.61232918e-01 0.00000000e+00 -5.08210449e-01 2.06782595e-01 0.00000000e+00 1.00000000e+00 0.00000000e+00 -3.78565524e-03 5.08210449e-01 0.00000000e+00 -8.61232918e-01 9.54296975e-01
1.2499771357e+01 -8.51509110e-01 0.00000000e+00 -5.24339809e-01 2.29389016e-01 0.00000000e+00 1.00000000e+00 0.00000000e+00 -1.88564580e-03 5.24339809e-01 0.00000000e+00 -8.51509110e-01 1.01342984e+00
1.2599841833e+01 -8.35959161e-01 0.00000000e+00 -5.48791656e-01 2.61383203e-01 0.00000000e+00 1.00000000e+00 0.00000000e+00 1.31436153e-03 5.48791656e-01 0.00000000e+00 -8.35959161e-01 1.07578422e+00
1.2699872971e+01 -8.23670426e-01 0.00000000e+00 -5.67068805e-01 2.91861943e-01 0.00000000e+00 1.00000000e+00 0.00000000e+00 1.51437025e-03 5.67068805e-01 0.00000000e+00 -8.23670426e-01 1.13387133e+00
1.2799844742e+01 -8.05303681e-01 0.00000000e+00 -5.92862531e-01 3.24286411e-01 0.00000000e+00 1.00000000e+00 0.00000000e+00 3.14378370e-04 5.92862531e-01 0.00000000e+00 -8.05303681e-01 1.20042423e+00
1.2899938345e+01 -7.91240350e-01 0.00000000e+00 -6.11505281e-01 3.58374767e-01 0.00000000e+00 1.00000000e+00 0.00000000e+00 -1.98561127e-03 6.11505281e-01 0.00000000e+00 -7.91240350e-01 1.26351907e+00
1.2999867201e+01 -7.77266712e-01 0.00000000e+00 -6.29171247e-01 3.94213851e-01 0.00000000e+00 1.00000000e+00 0.00000000e+00 -4.98560070e-03 6.29171247e-01 0.00000000e+00 -7.77266712e-01 1.32353514e+00
1.3099905968e+01 -7.77249198e-01 0.00000000e+00 -6.29192883e-01 3.94226144e-01 0.00000000e+00 1.00000000e+00 0.00000000e+00 -4.98560070e-03 6.29192883e-01 0.00000000e+00 -7.77249198e-01 1.32355871e+00
1.3199948311e+01 -7.39565408e-01 0.00000000e+00 -6.73084696e-01 4.75435880e-01 0.00000000e+00 1.00000000e+00 0.00000000e+00 1.91442314e-03 6.73084696e-01 0.00000000e+00 -7.39565408e-01 1.45958340e+00
1.3299890995e+01 -7.39515971e-01 0.00000000e+00 -6.73139012e-01 4.75471858e-01 0.00000000e+00 1.00000000e+00 0.00000000e+00 1.91442314e-03 6.73139012e-01 0.00000000e+00 -7.39515971e-01 1.45964362e+00
1.3399876118e+01 -7.04001383e-01 0.00000000e+00 -7.10198601e-01 5.66967227e-01 0.00000000e+00 1.00000000e+00 0.00000000e+00 -4.48554928e-03 7.10198601e-01 0.00000000e+00 -7.04001383e-01 1.58314415e+00
1.3500246048e+01 -6.80518101e-01 0.00000000e+00 -7.32731270e-01 6.21207643e-01 0.00000000e+00 1.00000000e+00 0.00000000e+00 -5.58553542e-03 7.32731270e-01 0.00000000e+00 -6.80518101e-01 1.64848328e+00
1.3599845648e+01 -6.53705512e-01 0.00000000e+00 -7.56749036e-01 6.77341939e-01 0.00000000e+00 1.00000000e+00 0.00000000e+00 -1.18855212e-02 7.56749036e-01 0.00000000e+00 -6.53705512e-01 1.72147122e+00
1.3699913979e+01 -6.30881811e-01 0.00000000e+00 -7.75878947e-01 7.34290490e-01 0.00000000e+00 1.00000000e+00 0.00000000e+00 -1.46855026e-02 7.75878947e-01 0.00000000e+00 -6.30881811e-01 1.78391573e+00
1.3799927711e+01 -6.04856714e-01 0.00000000e+00 -7.96334324e-01 7.97096516e-01 0.00000000e+00 1.00000000e+00 0.00000000e+00 -2.98854870e-02 7.96334324e-01 0.00000000e+00 -6.04856714e-01 1.84304062e+00
1.3900019407e+01 -5.85612554e-01 0.00000000e+00 -8.10591103e-01 8.59768289e-01 0.00000000e+00 1.00000000e+00 0.00000000e+00 -2.83854678e-02 8.10591103e-01 0.00000000e+00 -5.85612554e-01 1.89887140e+00
1.3999873161e+01 -5.54665499e-01 0.00000000e+00 -8.32073424e-01 9.30584249e-01 0.00000000e+00 1.00000000e+00 0.00000000e+00 -2.30854496e-02 8.32073424e-01 0.00000000e+00 -5.54665499e-01 1.96224404e+00
1.4099815607e+01 -5.54620794e-01 0.00000000e+00 -8.32103224e-01 9.30620445e-01 0.00000000e+00 1.00000000e+00 0.00000000e+00 -2.30854496e-02 8.32103224e-01 0.00000000e+00 -5.54620794e-01 1.96228041e+00
1.4199860811e+01 -4.90209657e-01 0.00000000e+00 -8.71604551e-01 1.07894497e+00 0.00000000e+00 1.00000000e+00 0.00000000e+00 -2.65854087e-02 8.71604551e-01 0.00000000e+00 -4.90209657e-01 2.08639479e+00
1.4299832582e+01 -4.58710869e-01 0.00000000e+00 -8.88585583e-01 1.15663245e+00 0.00000000e+00 1.00000000e+00 0.00000000e+00 -2.53853867e-02 8.88585583e-01 0.00000000e+00 -4.58710869e-01 2.14398783e+00
1.4399883270e+01 -4.31750356e-01 0.00000000e+00 -9.01993143e-01 1.23159166e+00 0.00000000e+00 1.00000000e+00 0.00000000e+00 -2.54853650e-02 9.01993143e-01 0.00000000e+00 -4.31750356e-01 2.20174623e+00
1.4499801874e+01 -3.97607253e-01 0.00000000e+00 -9.17555705e-01 1.31479910e+00 0.00000000e+00 1.00000000e+00 0.00000000e+00 -1.95853381e-02 9.17555705e-01 0.00000000e+00 -3.97607253e-01 2.25707416e+00
1.4599923611e+01 -3.62641243e-01 0.00000000e+00 -9.31928822e-01 1.40451283e+00 0.00000000e+00 1.00000000e+00 0.00000000e+00 -1.07853131e-02 9.31928822e-01 0.00000000e+00 -3.62641243e-01 2.31113593e+00
1.4699843645e+01 -3.28684411e-01 0.00000000e+00 -9.44439812e-01 1.49696010e+00 0.00000000e+00 1.00000000e+00 0.00000000e+00 -1.85852887e-02 9.44439812e-01 0.00000000e+00 -3.28684411e-01 2.35970935e+00
1.4799852371e+01 -2.91483974e-01 0.00000000e+00 -9.56575712e-01 1.59200796e+00 0.00000000e+00 1.00000000e+00 0.00000000e+00 -2.03852614e-02 9.56575712e-01 0.00000000e+00 -2.91483974e-01 2.40889589e+00
1.4899919510e+01 -2.51193750e-01 0.00000000e+00 -9.67936826e-01 1.69036998e+00 0.00000000e+00 1.00000000e+00 0.00000000e+00 -2.12852322e-02 9.67936826e-01 0.00000000e+00 -2.51193750e-01 2.45371796e+00
1.4999861002e+01 -2.11181989e-01 0.00000000e+00 -9.77446759e-01 1.79492625e+00 0.00000000e+00 1.00000000e+00 0.00000000e+00 -2.32852032e-02 9.77446759e-01 0.00000000e+00 -2.11181989e-01 2.49297434e+00
1.5099787474e+01 -2.11132024e-01 0.00000000e+00 -9.77457553e-01 1.79497097e+00 0.00000000e+00 1.00000000e+00 0.00000000e+00 -2.32852032e-02 9.77457553e-01 0.00000000e+00 -2.11132024e-01 2.49299391e+00
1.5199835539e+01 -1.29863762e-01 0.00000000e+00 -9.91531847e-01 2.01003821e+00 0.00000000e+00 1.00000000e+00 0.00000000e+00 -1.86851427e-02 9.91531847e-01 0.00000000e+00 -1.29863762e-01 2.56541650e+00
1.5320440769e+01 -8.95717570e-02 0.00000000e+00 -9.95980371e-01 2.12102726e+00 0.00000000e+00 1.00000000e+00 0.00000000e+00 -1.50851105e-02 9.95980371e-01 0.00000000e+00 -8.95717570e-02 2.59417302e+00
1.5399903297e+01 -4.39227582e-02 0.00000000e+00 -9.99034930e-01 2.24012050e+00 0.00000000e+00 1.00000000e+00 0.00000000e+00 -9.18507881e-03 9.99034930e-01 0.00000000e+00 -4.39227582e-02 2.61617213e+00
1.5499761581e+01 5.90181671e-03 0.00000000e+00 -9.99982584e-01 2.36305679e+00 0.00000000e+00 1.00000000e+00 0.00000000e+00 -1.61850443e-02 9.99982584e-01 0.00000000e+00 5.90181671e-03 2.64165457e+00
1.5599950552e+01 4.93061536e-02 0.00000000e+00 -9.98783712e-01 2.48422204e+00 0.00000000e+00 1.00000000e+00 0.00000000e+00 -1.24850096e-02 9.98783712e-01 0.00000000e+00 4.93061536e-02 2.65211421e+00
1.5699943781e+01 8.16047075e-02 0.00000000e+00 -9.96664774e-01 2.59988589e+00 0.00000000e+00 1.00000000e+00 0.00000000e+00 -1.01849724e-02 9.96664774e-01 0.00000000e+00 8.16047075e-02 2.65884734e+00
1.5799793482e+01 1.11716361e-01 0.00000000e+00 -9.93740134e-01 2.72024626e+00 0.00000000e+00 1.00000000e+00 0.00000000e+00 -1.09849339e-02 9.93740134e-01 0.00000000e+00 1.11716361e-01 2.66521356e+00
1.5899785757e+01 1.50139623e-01 0.00000000e+00 -9.88664803e-01 2.84408435e+00 0.00000000e+00 1.00000000e+00 0.00000000e+00 -1.32848920e-02 9.88664803e-01 0.00000000e+00 1.50139623e-01 2.67303661e+00
1.6000072718e+01 1.85927213e-01 0.00000000e+00 -9.82563520e-01 2.96583116e+00 0.00000000e+00 1.00000000e+00 0.00000000e+00 5.15145471e-04 9.82563520e-01 0.00000000e+00 1.85927213e-01 2.66409873e+00
1.6099867821e+01 1.85982163e-01 0.00000000e+00 -9.82553121e-01 2.96588457e+00 0.00000000e+00 1.00000000e+00 0.00000000e+00 5.15145471e-04 9.82553121e-01 0.00000000e+00 1.85982163e-01 2.66409942e+00
1.6199871302e+01 2.60881546e-01 0.00000000e+00 -9.65370819e-01 3.21554432e+00 0.00000000e+00 1.00000000e+00 0.00000000e+00 -8.98477311e-03 9.65370819e-01 0.00000000e+00 2.60881546e-01 2.64921274e+00
1.6299783468e+01 2.94459875e-01 0.00000000e+00 -9.55663844e-01 3.33205275e+00 0.00000000e+00 1.00000000e+00 0.00000000e+00 -6.58473518e-03 9.55663844e-01 0.00000000e+00 2.94459875e-01 2.63052065e+00
1.6399789333e+01 3.27904727e-01 0.00000000e+00 -9.44710797e-01 3.45290630e+00 0.00000000e+00 1.00000000e+00 0.00000000e+00 -1.68469306e-03 9.44710797e-01 0.00000000e+00 3.27904727e-01 2.61219551e+00
1.6499975681e+01 3.57540078e-01 0.00000000e+00 -9.33897796e-01 3.56539301e+00 0.00000000e+00 1.00000000e+00 0.00000000e+00 -5.78465422e-03 9.33897796e-01 0.00000000e+00 3.57540078e-01 2.58816383e+00
1.6599819899e+01 3.92655496e-01 0.00000000e+00 -9.19685632e-01 3.68609417e+00 0.00000000e+00 1.00000000e+00 0.00000000e+00 -5.48461403e-03 9.19685632e-01 0.00000000e+00 3.92655496e-01 2.56092914e+00
1.6699832201e+01 4.30649374e-01 0.00000000e+00 -9.02519316e-01 3.80598006e+00 0.00000000e+00 1.00000000e+00 0.00000000e+00 -2.28457444e-03 9.02519316e-01 0.00000000e+00 4.30649374e-01 2.52705824e+00
1.6800018311e+01 4.53735575e-01 0.00000000e+00 -8.91136369e-01 3.91463783e+00 0.00000000e+00 1.00000000e+00 0.00000000e+00 -7.48453449e-03 8.91136369e-01 0.00000000e+00 4.53735575e-01 2.49044374e+00
1.6899788618e+01 4.92110320e-01 0.00000000e+00 -8.70532844e-01 4.03200616e+00 0.00000000e+00 1.00000000e+00 0.00000000e+00 2.15505665e-04 8.70532844e-01 0.00000000e+00 4.92110320e-01 2.45322682e+00
1.6999783754e+01 5.00870211e-01 0.00000000e+00 -8.65522404e-01 4.13345846e+00 0.00000000e+00 1.00000000e+00 0.00000000e+00 4.81555137e-03 8.65522404e-01 0.00000000e+00 5.00870211e-01 2.41578355e+00
1.7099805593e+01 5.00888498e-01 0.00000000e+00 -8.65511821e-01 4.13347758e+00 0.00000000e+00 1.00000000e+00 0.00000000e+00 4.81555137e-03 8.65511821e-01 0.00000000e+00 5.00888498e-01 2.41577711e+00
1.7199824572e+01 5.15506645e-01 0.00000000e+00 -8.56885581e-01 4.33789120e+00 0.00000000e+00 1.00000000e+00 0.00000000e+00 6.51565298e-03 8.56885581e-01 0.00000000e+00 5.15506645e-01 2.34559490e+00
1.7299940825e+01 5.00855004e-01 0.00000000e+00 -8.65531204e-01 4.42483073e+00 0.00000000e+00 1.00000000e+00 0.00000000e+00 1.02157114e-02 8.65531204e-01 0.00000000e+00 5.00855004e-01 2.31011742e+00
1.7409543753e+01 4.85189898e-01 0.00000000e+00 -8.74408808e-01 4.51544754e+00 0.00000000e+00 1.00000000e+00 0.00000000e+00 -1.24842267e-02 8.74408808e-01 0.00000000e+00 4.85189898e-01 2.28028117e+00
1.7499846697e+01 4.60017346e-01 0.00000000e+00 -8.87909929e-01 4.60120596e+00 0.00000000e+00 1.00000000e+00 0.00000000e+00 -7.98415885e-03 8.87909929e-01 0.00000000e+00 4.60017346e-01 2.25508622e+00
1.7599853992e+01 4.35145975e-01 0.00000000e+00 -9.00359917e-01 4.68265865e+00 0.00000000e+00 1.00000000e+00 0.00000000e+00 -3.58408860e-03 9.00359917e-01 0.00000000e+00 4.35145975e-01 2.23439063e+00
1.7699841499e+01 3.89422965e-01 0.00000000e+00 -9.21059040e-01 4.75875703e+00 0.00000000e+00 1.00000000e+00 0.00000000e+00 6.71599353e-03 9.21059040e-01 0.00000000e+00 3.89422965e-01 2.22261724e+00
1.7799828291e+01 3.40549780e-01 0.00000000e+00 -9.40226487e-01 4.83363558e+00 0.00000000e+00 1.00000000e+00 0.00000000e+00 -8.83918299e-04 9.40226487e-01 0.00000000e+00 3.40549780e-01 2.21308260e+00
1.7899804354e+01 2.86300016e-01 0.00000000e+00 -9.58140021e-01 4.90632837e+00 0.00000000e+00 1.00000000e+00 0.00000000e+00 1.91617359e-03 9.58140021e-01 0.00000000e+00 2.86300016e-01 2.20801092e+00
1.7999864578e+01 2.33294435e-01 0.00000000e+00 -9.72406143e-01 4.98173130e+00 0.00000000e+00 1.00000000e+00 0.00000000e+00 9.91627086e-03 9.72406143e-01 0.00000000e+00 2.33294435e-01 2.20746168e+00
1.8099790096e+01 2.33224734e-01 0.00000000e+00 -9.72422862e-01 4.98166289e+00 0.00000000e+00 1.00000000e+00 0.00000000e+00 9.91627086e-03 9.72422862e-01 0.00000000e+00 2.33224734e-01 2.20746412e+00
1.8199803591e+01 1.59977343e-01 0.00000000e+00 -9.87120687e-01 5.15479248e+00 0.00000000e+00 1.00000000e+00 0.00000000e+00 5.11646847e-03 9.87120687e-01 0.00000000e+00 1.59977343e-01 2.21117955e+00
1.8299790621e+01 1.41370008e-01 0.00000000e+00 -9.89956828e-01 5.25063581e+00 0.00000000e+00 1.00000000e+00 0.00000000e+00 9.41656592e-03 9.89956828e-01 0.00000000e+00 1.41370008e-01 2.22531776e+00
1.8417690516e+01 1.23764969e-01 0.00000000e+00 -9.92311560e-01 5.34438200e+00 0.00000000e+00 1.00000000e+00 0.00000000e+00 8.11665968e-03 9.92311560e-01 0.00000000e+00 1.23764969e-01 2.23417526e+00
1.8499768019e+01 1.20751890e-01 0.00000000e+00 -9.92682719e-01 5.44681284e+00 0.00000000e+00 1.00000000e+00 0.00000000e+00 1.12167511e-02 9.92682719e-01 0.00000000e+00 1.20751890e-01 2.23504734e+00
1.8599859476e+01 1.15128087e-01 0.00000000e+00 -9.93350655e-01 5.54606291e+00 0.00000000e+00 1.00000000e+00 0.00000000e+00 1.24168448e-02 9.93350655e-01 0.00000000e+00 1.15128087e-01 2.24254378e+00
1.8699816942e+01 1.09121305e-01 0.00000000e+00 -9.94028441e-01 5.64579252e+00 0.00000000e+00 1.00000000e+00 0.00000000e+00 2.71169427e-02 9.94028441e-01 0.00000000e+00 1.09121305e-01 2.25676725e+00
1.8799794674e+01 1.05370796e-01 0.00000000e+00 -9.94433002e-01 5.74363020e+00 0.00000000e+00 1.00000000e+00 0.00000000e+00 2.65170370e-02 9.94433002e-01 0.00000000e+00 1.05370796e-01 2.26670554e+00
1.8899833202e+01 9.81790917e-02 0.00000000e+00 -9.95168763e-01 5.83723648e+00 0.00000000e+00 1.00000000e+00 0.00000000e+00 3.03171325e-02 9.95168763e-01 0.00000000e+00 9.81790917e-02 2.27554029e+00
1.8999868631e+01 9.83833034e-02 0.00000000e+00 -9.95148595e-01 5.94040606e+00 0.00000000e+00 1.00000000e+00 0.00000000e+00 3.03172315e-02 9.95148595e-01 0.00000000e+00 9.83833034e-02 2.28364625e+00
1.9099796295e+01 9.83836249e-02 0.00000000e+00 -9.95148563e-01 5.94040636e+00 0.00000000e+00 1.00000000e+00 0.00000000e+00 3.03172315e-02 9.95148563e-01 0.00000000e+00 9.83836249e-02 2.28364628e+00
1.9199789762e+01 9.75945614e-02 0.00000000e+00 -9.95226256e-01 6.14012934e+00 0.00000000e+00 1.00000000e+00 0.00000000e+00 3.15174305e-02 9.95226256e-01 0.00000000e+00 9.75945614e-02 2.30893512e+00
1.9299826384e+01 9.56733095e-02 0.00000000e+00 -9.95412788e-01 6.24392938e+00 0.00000000e+00 1.00000000e+00 0.00000000e+00 2.62175373e-02 9.95412788e-01 0.00000000e+00 9.56733095e-02 2.31637201e+00
1.9399872065e+01 9.12116884e-02 0.00000000e+00 -9.95831526e-01 6.34209995e+00 0.00000000e+00 1.00000000e+00 0.00000000e+00 2.73176421e-02 9.95831526e-01 0.00000000e+00 9.12116884e-02 2.32435534e+00
1.9500252485e+01 9.08957811e-02 0.00000000e+00 -9.95860410e-01 6.44144841e+00 0.00000000e+00 1.00000000e+00 0.00000000e+00 3.15177458e-02 9.95860410e-01 0.00000000e+00 9.08957811e-02 2.33389339e+00
1.9599874258e+01 8.23163790e-02 0.00000000e+00 -9.96606248e-01 6.54219116e+00 0.00000000e+00 1.00000000e+00 0.00000000e+00 2.98178627e-02 9.96606248e-01 0.00000000e+00 8.23163790e-02 2.34633886e+00
1.9699911594e+01 8.23402722e-02 0.00000000e+00 -9.96604274e-01 6.64094474e+00 0.00000000e+00 1.00000000e+00 0.00000000e+00 3.90179700e-02 9.96604274e-01 0.00000000e+00 8.23402722e-02 2.35775701e+00
1.9799926043e+01 7.85021667e-02 0.00000000e+00 -9.96913943e-01 6.73546675e+00 0.00000000e+00 1.00000000e+00 0.00000000e+00 3.90180794e-02 9.96913943e-01 0.00000000e+00 7.85021667e-02 2.37528551e+00
1.9899855852e+01 7.22732486e-02 0.00000000e+00 -9.97384869e-01 6.83304534e+00 0.00000000e+00 1.00000000e+00 0.00000000e+00 4.14181913e-02 9.97384869e-01 0.00000000e+00 7.22732486e-02 2.37840739e+00
1.9999992371e+01 7.57035153e-02 0.00000000e+00 -9.97130372e-01 6.93438931e+00 0.00000000e+00 1.00000000e+00 0.00000000e+00 3.93183014e-02 9.97130372e-01 0.00000000e+00 7.57035153e-02 2.38909813e+00
2.0099873066e+01 7.57079412e-02 0.00000000e+00 -9.97130035e-01 6.93439352e+00 0.00000000e+00 1.00000000e+00 0.00000000e+00 3.93183014e-02 9.97130035e-01 0.00000000e+00 7.57079412e-02 2.38909865e+00
2.0199952126e+01 6.84125220e-02 0.00000000e+00 -9.97657119e-01 7.07755147e+00 0.00000000e+00 1.00000000e+00 0.00000000e+00 3.26184748e-02 9.97657119e-01 0.00000000e+00 6.84125220e-02 2.40131085e+00
2.0299987078e+01 6.59096015e-02 0.00000000e+00 -9.97825598e-01 7.11539289e+00 0.00000000e+00 1.00000000e+00 0.00000000e+00 3.52185227e-02 9.97825598e-01 0.00000000e+00 6.59096015e-02 2.40841973e+00
2.0400144815e+01 6.49988169e-02 0.00000000e+00 -9.97885341e-01 7.13113544e+00 0.00000000e+00 1.00000000e+00 0.00000000e+00 3.81185424e-02 9.97885341e-01 0.00000000e+00 6.49988169e-02 2.41197588e+00
2.0500148058e+01 6.43835788e-02 0.00000000e+00 -9.97925225e-01 7.13330152e+00 0.00000000e+00 1.00000000e+00 0.00000000e+00 4.32185457e-02 9.97925225e-01 0.00000000e+00 6.43835788e-02 2.41368304e+00
2.0599804163e+01 6.60590504e-02 0.00000000e+00 -9.97815715e-01 7.12933761e+00 0.00000000e+00 1.00000000e+00 0.00000000e+00 4.48185397e-02 9.97815715e-01 0.00000000e+00 6.60590504e-02 2.41522417e+00
2.0699843884e+01 6.34087804e-02 0.00000000e+00 -9.97987638e-01 7.12562677e+00 0.00000000e+00 1.00000000e+00 0.00000000e+00 4.42185369e-02 9.97987638e-01 0.00000000e+00 6.34087804e-02 2.41296414e+00
2.0799935818e+01 6.82447528e-02 0.00000000e+00 -9.97668609e-01 7.13067216e+00 0.00000000e+00 1.00000000e+00 0.00000000e+00 4.46185378e-02 9.97668609e-01 0.00000000e+00 6.82447528e-02 2.41345891e+00
2.0899858475e+01 6.65477132e-02 0.00000000e+00 -9.97783244e-01 7.13384533e+00 0.00000000e+00 1.00000000e+00 0.00000000e+00 3.90185440e-02 9.97783244e-01 0.00000000e+00 6.65477132e-02 2.41170505e+00
2.0999796629e+01 6.56326500e-02 0.00000000e+00 -9.97843853e-01 7.13355319e+00 0.00000000e+00 1.00000000e+00 0.00000000e+00 3.95185447e-02 9.97843853e-01 0.00000000e+00 6.56326500e-02 2.41343315e+00
2.1099843740e+01 6.56312761e-02 0.00000000e+00 -9.97843944e-01 7.13355189e+00 0.00000000e+00 1.00000000e+00 0.00000000e+00 3.95185447e-02 9.97843944e-01 0.00000000e+00 6.56312761e-02 2.41343297e+00
2.1199802399e+01 6.39388817e-02 0.00000000e+00 -9.97953816e-01 7.12918437e+00 0.00000000e+00 1.00000000e+00 0.00000000e+00 4.30185423e-02 9.97953816e-01 0.00000000e+00 6.39388817e-02 2.41342779e+00
2.1302690744e+01 6.51370708e-02 0.00000000e+00 -9.97876326e-01 7.13013757e+00 0.00000000e+00 1.00000000e+00 0.00000000e+00 4.37185423e-02 9.97876326e-01 0.00000000e+00 6.51370708e-02 2.41531671e+00
2.1399944544e+01 6.80150292e-02 0.00000000e+00 -9.97684297e-01 7.13376371e+00 0.00000000e+00 1.00000000e+00 0.00000000e+00 4.36185438e-02 9.97684297e-01 0.00000000e+00 6.80150292e-02 2.41534429e+00
2.1499943256e+01 6.74068242e-02 0.00000000e+00 -9.97725574e-01 7.12825003e+00 0.00000000e+00 1.00000000e+00 0.00000000e+00 4.12185374e-02 9.97725574e-01 0.00000000e+00 6.74068242e-02 2.41186074e+00
2.1599812508e+01 6.51261810e-02 0.00000000e+00 -9.97877037e-01 7.12926016e+00 0.00000000e+00 1.00000000e+00 0.00000000e+00 3.73185393e-02 9.97877037e-01 0.00000000e+00 6.51261810e-02 2.41257845e+00
2.1699854136e+01 6.61802356e-02 0.00000000e+00 -9.97807685e-01 7.12789400e+00 0.00000000e+00 1.00000000e+00 0.00000000e+00 3.78185366e-02 9.97807685e-01 0.00000000e+00 6.61802356e-02 2.41095581e+00
2.1799842596e+01 6.75110015e-02 0.00000000e+00 -9.97718530e-01 7.12952653e+00 0.00000000e+00 1.00000000e+00 0.00000000e+00 3.94185372e-02 9.97718530e-01 0.00000000e+00 6.75110015e-02 2.41241923e+00
2.1899935722e+01 6.49449056e-02 0.00000000e+00 -9.97888851e-01 7.12768543e+00 0.00000000e+00 1.00000000e+00 0.00000000e+00 3.54185379e-02 9.97888851e-01 0.00000000e+00 6.49449056e-02 2.40953145e+00
2.1999748707e+01 6.57921648e-02 0.00000000e+00 -9.97833348e-01 7.12809784e+00 0.00000000e+00 1.00000000e+00 0.00000000e+00 4.09185378e-02 9.97833348e-01 0.00000000e+00 6.57921648e-02 2.41326654e+00
2.2099985123e+01 6.57932409e-02 0.00000000e+00 -9.97833277e-01 7.12809886e+00 0.00000000e+00 1.00000000e+00 0.00000000e+00 4.09185378e-02 9.97833277e-01 0.00000000e+00 6.57932409e-02 2.41326668e+00
2.2199893713e+01 6.74819773e-02 0.00000000e+00 -9.97720493e-01 7.12965694e+00 0.00000000e+00 1.00000000e+00 0.00000000e+00 4.21185386e-02 9.97720493e-01 0.00000000e+00 6.74819773e-02 2.41507530e+00
2.2299984455e+01 6.63451303e-02 0.00000000e+00 -9.97796735e-01 7.12863561e+00 0.00000000e+00 1.00000000e+00 0.00000000e+00 4.14185379e-02 9.97796735e-01 0.00000000e+00 6.63451303e-02 2.41353363e+00
2.2399826288e+01 6.80053811e-02 0.00000000e+00 -9.97684954e-01 7.12946692e+00 0.00000000e+00 1.00000000e+00 0.00000000e+00 4.06185363e-02 9.97684954e-01 0.00000000e+00 6.80053811e-02 2.41207644e+00
2.2500160456e+01 6.52191245e-02 0.00000000e+00 -9.97870967e-01 7.12772991e+00 0.00000000e+00 1.00000000e+00 0.00000000e+00 4.50185386e-02 9.97870967e-01 0.00000000e+00 6.52191245e-02 2.41365853e+00
2.2607611179e+01 6.29044689e-02 0.00000000e+00 -9.98019553e-01 7.12700943e+00 0.00000000e+00 1.00000000e+00 0.00000000e+00 3.99185382e-02 9.98019553e-01 0.00000000e+00 6.29044689e-02 2.41144177e+00
2.2699778080e+01 6.68886244e-02 0.00000000e+00 -9.97760448e-01 7.12945898e+00 0.00000000e+00 1.00000000e+00 0.00000000e+00 3.71185386e-02 9.97760448e-01 0.00000000e+00 6.68886244e-02 2.41212180e+00
2.2800031424e+01 6.39141945e-02 0.00000000e+00 -9.97955398e-01 7.12774732e+00 0.00000000e+00 1.00000000e+00 0.00000000e+00 4.24185397e-02 9.97955398e-01 0.00000000e+00 6.39141945e-02 2.41230526e+00
2.2899795532e+01 6.75247421e-02 0.00000000e+00 -9.97717600e-01 7.13127368e+00 0.00000000e+00 1.00000000e+00 0.00000000e+00 4.08185393e-02 9.97717600e-01 0.00000000e+00 6.75247421e-02 2.41199109e+00
2.2999886036e+01 6.43085167e-02 0.00000000e+00 -9.97930065e-01 7.13097491e+00 0.00000000e+00 1.00000000e+00 0.00000000e+00 3.91185432e-02 9.97930065e-01 0.00000000e+00 6.43085167e-02 2.41250209e+00
2.3100001097e+01 6.43041450e-02 0.00000000e+00 -9.97930347e-01 7.13097076e+00 0.00000000e+00 1.00000000e+00 0.00000000e+00 3.91185432e-02 9.97930347e-01 0.00000000e+00 6.43041450e-02 2.41250152e+00
2.3199851513e+01 6.45372574e-02 0.00000000e+00 -9.97915298e-01 7.13901753e+00 0.00000000e+00 1.00000000e+00 0.00000000e+00 4.03185524e-02 9.97915298e-01 0.00000000e+00 6.45372574e-02 2.41307713e+00
2.3299979448e+01 6.49530508e-02 0.00000000e+00 -9.97888321e-01 7.14671008e+00 0.00000000e+00 1.00000000e+00 0.00000000e+00 3.45185591e-02 9.97888321e-01 0.00000000e+00 6.49530508e-02 2.41288033e+00
2.3399852514e+01 6.44755871e-02 0.00000000e+00 -9.97919285e-01 7.15315115e+00 0.00000000e+00 1.00000000e+00 0.00000000e+00 3.78185679e-02 9.97919285e-01 0.00000000e+00 6.44755871e-02 2.41617672e+00
2.3499850750e+01 6.63009157e-02 0.00000000e+00 -9.97799674e-01 7.16328197e+00 0.00000000e+00 1.00000000e+00 0.00000000e+00 4.10185791e-02 9.97799674e-01 0.00000000e+00 6.63009157e-02 2.41864333e+00
2.3599910259e+01 6.48440257e-02 0.00000000e+00 -9.97895412e-01 7.17274620e+00 0.00000000e+00 1.00000000e+00 0.00000000e+00 4.17185913e-02 9.97895412e-01 0.00000000e+00 6.48440257e-02 2.41818593e+00
2.3699841499e+01 6.67818790e-02 0.00000000e+00 -9.97767599e-01 7.18973414e+00 0.00000000e+00 1.00000000e+00 0.00000000e+00 3.68186094e-02 9.97767599e-01 0.00000000e+00 6.67818790e-02 2.41777572e+00
2.3799967766e+01 6.54431259e-02 0.00000000e+00 -9.97856301e-01 7.20548295e+00 0.00000000e+00 1.00000000e+00 0.00000000e+00 3.78186297e-02 9.97856301e-01 0.00000000e+00 6.54431259e-02 2.42172804e+00
2.3899869680e+01 6.23658467e-02 0.00000000e+00 -9.98053356e-01 7.22235146e+00 0.00000000e+00 1.00000000e+00 0.00000000e+00 3.56186524e-02 9.98053356e-01 0.00000000e+00 6.23658467e-02 2.42120140e+00
2.3999769688e+01 6.27655401e-02 0.00000000e+00 -9.98028300e-01 7.24420017e+00 0.00000000e+00 1.00000000e+00 0.00000000e+00 3.57186787e-02 9.98028300e-01 0.00000000e+00 6.27655401e-02 2.42418428e+00
2.4099857569e+01 6.27661331e-02 0.00000000e+00 -9.98028262e-01 7.24420073e+00 0.00000000e+00 1.00000000e+00 0.00000000e+00 3.57186787e-02 9.98028262e-01 0.00000000e+00 6.27661331e-02 2.42418436e+00
2.4199784040e+01 6.59142854e-02 0.00000000e+00 -9.97825289e-01 7.29518591e+00 0.00000000e+00 1.00000000e+00 0.00000000e+00 3.14187360e-02 9.97825289e-01 0.00000000e+00 6.59142854e-02 2.43157547e+00
2.4299960852e+01 6.34786538e-02 0.00000000e+00 -9.97983197e-01 7.32031990e+00 0.00000000e+00 1.00000000e+00 0.00000000e+00 3.57187693e-02 9.97983197e-01 0.00000000e+00 6.34786538e-02 2.43703701e+00
2.4399837017e+01 6.18608182e-02 0.00000000e+00 -9.98084786e-01 7.34847003e+00 0.00000000e+00 1.00000000e+00 0.00000000e+00 4.01188071e-02 9.98084786e-01 0.00000000e+00 6.18608182e-02 2.44441704e+00
2.4528908253e+01 6.29753411e-02 0.00000000e+00 -9.98015083e-01 7.37797329e+00 0.00000000e+00 1.00000000e+00 0.00000000e+00 4.05188397e-02 9.98015083e-01 0.00000000e+00 6.29753411e-02 2.44870145e+00
2.4599753618e+01 6.62878852e-02 0.00000000e+00 -9.97800539e-01 7.40897708e+00 0.00000000e+00 1.00000000e+00 0.00000000e+00 3.57188746e-02 9.97800539e-01 0.00000000e+00 6.62878852e-02 2.45057179e+00
2.4699966192e+01 6.41676673e-02 0.00000000e+00 -9.97939132e-01 7.43473542e+00 0.00000000e+00 1.00000000e+00 0.00000000e+00 4.16189085e-02 9.97939132e-01 0.00000000e+00 6.41676673e-02 2.45606782e+00
2.4799816370e+01 6.03640715e-02 0.00000000e+00 -9.98176427e-01 7.46393313e+00 0.00000000e+00 1.00000000e+00 0.00000000e+00 4.25189481e-02 9.98176427e-01 0.00000000e+00 6.03640715e-02 2.45959246e+00
2.4899843216e+01 5.64686699e-02 0.00000000e+00 -9.98404372e-01 7.49268206e+00 0.00000000e+00 1.00000000e+00 0.00000000e+00 4.10189881e-02 9.98404372e-01 0.00000000e+00 5.64686699e-02 2.46418918e+00
2.4999745131e+01 5.78024513e-02 0.00000000e+00 -9.98328041e-01 7.52840686e+00 0.00000000e+00 1.00000000e+00 0.00000000e+00 3.90190312e-02 9.98328041e-01 0.00000000e+00 5.78024513e-02 2.46758221e+00
2.5099864006e+01 5.78044813e-02 0.00000000e+00 -9.98327923e-01 7.52840878e+00 0.00000000e+00 1.00000000e+00 0.00000000e+00 3.90190312e-02 9.98327923e-01 0.00000000e+00 5.78044813e-02 2.46758249e+00
2.5199845076e+01 5.14807910e-02 0.00000000e+00 -9.98673985e-01 7.59926048e+00 0.00000000e+00 1.00000000e+00 0.00000000e+00 4.74191272e-02 9.98673985e-01 0.00000000e+00 5.14807910e-02 2.47764699e+00
2.5307851076e+01 5.48075295e-02 0.00000000e+00 -9.98496938e-01 7.64104739e+00 0.00000000e+00 1.00000000e+00 0.00000000e+00 4.92191762e-02 9.98496938e-01 0.00000000e+00 5.48075295e-02 2.48417456e+00
2.5400021315e+01 5.38082600e-02 0.00000000e+00 -9.98551286e-01 7.68322822e+00 0.00000000e+00 1.00000000e+00 0.00000000e+00 3.31192288e-02 9.98551286e-01 0.00000000e+00 5.38082600e-02 2.48751995e+00
2.5499852896e+01 5.20157547e-02 0.00000000e+00 -9.98646264e-01 7.72668332e+00 0.00000000e+00 1.00000000e+00 0.00000000e+00 4.68192882e-02 9.98646264e-01 0.00000000e+00 5.20157547e-02 2.49705657e+00
2.5599793196e+01 4.83094825e-02 0.00000000e+00 -9.98832415e-01 7.76845147e+00 0.00000000e+00 1.00000000e+00 0.00000000e+00 4.42193442e-02 9.98832415e-01 0.00000000e+00 4.83094825e-02 2.49974446e+00
2.5699769497e+01 4.72579584e-02 0.00000000e+00 -9.98882719e-01 7.81152478e+00 0.00000000e+00 1.00000000e+00 0.00000000e+00 3.21194001e-02 9.98882719e-01 0.00000000e+00 4.72579584e-02 2.50068874e+00
2.5799753666e+01 4.73016375e-02 0.00000000e+00 -9.98880651e-01 7.85677905e+00 0.00000000e+00 1.00000000e+00 0.00000000e+00 3.96194594e-02 9.98880651e-01 0.00000000e+00 4.73016375e-02 2.50727689e+00
2.5899819136e+01 4.16683453e-02 0.00000000e+00 -9.99131497e-01 7.90300874e+00 0.00000000e+00 1.00000000e+00 0.00000000e+00 3.74195267e-02 9.99131497e-01 0.00000000e+00 4.16683453e-02 2.51447295e+00
2.5999806404e+01 4.14748281e-02 0.00000000e+00 -9.99139549e-01 7.95357396e+00 0.00000000e+00 1.00000000e+00 0.00000000e+00 3.46195945e-02 9.99139549e-01 0.00000000e+00 4.14748281e-02 2.52705293e+00
2.6099752665e+01 4.14745768e-02 0.00000000e+00 -9.99139560e-01 7.95357372e+00 0.00000000e+00 1.00000000e+00 0.00000000e+00 3.46195945e-02 9.99139560e-01 0.00000000e+00 4.14745768e-02 2.52705289e+00
2.6199777126e+01 3.92015702e-02 0.00000000e+00 -9.99231323e-01 8.05782739e+00 0.00000000e+00 1.00000000e+00 0.00000000e+00 4.19197353e-02 9.99231323e-01 0.00000000e+00 3.92015702e-02 2.54235925e+00
2.6299768209e+01 3.77812056e-02 0.00000000e+00 -9.99286035e-01 8.11451760e+00 0.00000000e+00 1.00000000e+00 0.00000000e+00 3.98198106e-02 9.99286035e-01 0.00000000e+00 3.77812056e-02 2.54279374e+00
2.6417745590e+01 3.20761142e-02 0.00000000e+00 -9.99485429e-01 8.16515852e+00 0.00000000e+00 1.00000000e+00 0.00000000e+00 4.79198883e-02 9.99485429e-01 0.00000000e+00 3.20761142e-02 2.55440231e+00
2.6499835730e+01 3.01227259e-02 0.00000000e+00 -9.99546208e-01 8.22350775e+00 0.00000000e+00 1.00000000e+00 0.00000000e+00 4.51199683e-02 9.99546208e-01 0.00000000e+00 3.01227259e-02 2.56321810e+00
2.6599821329e+01 3.00536180e-02 0.00000000e+00 -9.99548288e-01 8.28466725e+00 0.00000000e+00 1.00000000e+00 0.00000000e+00 2.65200502e-02 9.99548288e-01 0.00000000e+00 3.00536180e-02 2.56568946e+00
2.6699825048e+01 2.73849407e-02 0.00000000e+00 -9.99624962e-01 8.34412193e+00 0.00000000e+00 1.00000000e+00 0.00000000e+00 4.15201373e-02 9.99624962e-01 0.00000000e+00 2.73849407e-02 2.58502183e+00
2.6799849749e+01 2.40165043e-02 0.00000000e+00 -9.99711562e-01 8.40286052e+00 0.00000000e+00 1.00000000e+00 0.00000000e+00 4.32202240e-02 9.99711562e-01 0.00000000e+00 2.40165043e-02 2.59181793e+00
2.6899801016e+01 2.23547377e-02 0.00000000e+00 -9.99750102e-01 8.46447646e+00 0.00000000e+00 1.00000000e+00 0.00000000e+00 5.15203135e-02 9.99750102e-01 0.00000000e+00 2.23547377e-02 2.60813205e+00
2.6999855995e+01 2.00697661e-02 0.00000000e+00 -9.99798582e-01 8.52661244e+00 0.00000000e+00 1.00000000e+00 0.00000000e+00 5.39204041e-02 9.99798582e-01 0.00000000e+00 2.00697661e-02 2.61578502e+00
2.7099743128e+01 2.00664488e-02 0.00000000e+00 -9.99798649e-01 8.52660932e+00 0.00000000e+00 1.00000000e+00 0.00000000e+00 5.39204041e-02 9.99798649e-01 0.00000000e+00 2.00664488e-02 2.61578445e+00
2.7199903011e+01 2.20167480e-02 0.00000000e+00 -9.99757602e-01 8.66350184e+00 0.00000000e+00 1.00000000e+00 0.00000000e+00 5.54205952e-02 9.99757602e-01 0.00000000e+00 2.20167480e-02 2.63882457e+00
2.7319774151e+01 3.20890724e-02 0.00000000e+00 -9.99485013e-01 8.73414944e+00 0.00000000e+00 1.00000000e+00 0.00000000e+00 5.08206840e-02 9.99485013e-01 0.00000000e+00 3.20890724e-02 2.64950010e+00
2.7399765015e+01 4.74401317e-02 0.00000000e+00 -9.98874083e-01 8.81262868e+00 0.00000000e+00 1.00000000e+00 0.00000000e+00 5.42207763e-02 9.98874083e-01 0.00000000e+00 4.74401317e-02 2.65982878e+00
2.7499861956e+01 6.38035606e-02 0.00000000e+00 -9.97962477e-01 8.88990997e+00 0.00000000e+00 1.00000000e+00 0.00000000e+00 4.97208654e-02 9.97962477e-01 0.00000000e+00 6.38035606e-02 2.66528480e+00
2.7599810123e+01 9.14029463e-02 0.00000000e+00 -9.95813989e-01 8.97739808e+00 0.00000000e+00 1.00000000e+00 0.00000000e+00 5.63209545e-02 9.95813989e-01 0.00000000e+00 9.14029463e-02 2.67308027e+00
2.7699827909e+01 1.18081480e-01 0.00000000e+00 -9.93003909e-01 9.06927723e+00 0.00000000e+00 1.00000000e+00 0.00000000e+00 5.47210505e-02 9.93003909e-01 0.00000000e+00 1.18081480e-01 2.67691495e+00
2.7799768686e+01 1.38045657e-01 0.00000000e+00 -9.90425866e-01 9.15482892e+00 0.00000000e+00 1.00000000e+00 0.00000000e+00 4.75211446e-02 9.90425866e-01 0.00000000e+00 1.38045657e-01 2.67597550e+00
2.7899901152e+01 1.45838286e-01 0.00000000e+00 -9.89308442e-01 9.23876235e+00 0.00000000e+00 1.00000000e+00 0.00000000e+00 4.81212588e-02 9.89308442e-01 0.00000000e+00 1.45838286e-01 2.68403367e+00
2.7999856472e+01 1.55783784e-01 0.00000000e+00 -9.87791179e-01 9.32532657e+00 0.00000000e+00 1.00000000e+00 0.00000000e+00 5.09213727e-02 9.87791179e-01 0.00000000e+00 1.55783784e-01 2.68679444e+00
2.8099840641e+01 1.55796611e-01 0.00000000e+00 -9.87789156e-01 9.32533896e+00 0.00000000e+00 1.00000000e+00 0.00000000e+00 5.09213727e-02 9.87789156e-01 0.00000000e+00 1.55796611e-01 2.68679497e+00
2.8199871540e+01 1.50082467e-01 0.00000000e+00 -9.88673482e-01 9.48759326e+00 0.00000000e+00 1.00000000e+00 0.00000000e+00 4.92216255e-02 9.88673482e-01 0.00000000e+00 1.50082467e-01 2.69365499e+00
2.8299777031e+01 1.57766045e-01 0.00000000e+00 -9.87476519e-01 9.58011422e+00 0.00000000e+00 1.00000000e+00 0.00000000e+00 4.67217532e-02 9.87476519e-01 0.00000000e+00 1.57766045e-01 2.69503931e+00
2.8399985313e+01 1.57117908e-01 0.00000000e+00 -9.87579851e-01 9.66719857e+00 0.00000000e+00 1.00000000e+00 0.00000000e+00 4.51218894e-02 9.87579851e-01 0.00000000e+00 1.57117908e-01 2.69800998e+00
2.8499784231e+01 1.58087855e-01 0.00000000e+00 -9.87425050e-01 9.75664885e+00 0.00000000e+00 1.00000000e+00 0.00000000e+00 5.22220249e-02 9.87425050e-01 0.00000000e+00 1.58087855e-01 2.69795232e+00
2.8599850416e+01 1.56784393e-01 0.00000000e+00 -9.87632854e-01 9.84391290e+00 0.00000000e+00 1.00000000e+00 0.00000000e+00 5.22221632e-02 9.87632854e-01 0.00000000e+00 1.56784393e-01 2.70209476e+00
2.8699727297e+01 1.49253902e-01 0.00000000e+00 -9.88798904e-01 9.93132338e+00 0.00000000e+00 1.00000000e+00 0.00000000e+00 5.61223127e-02 9.88798904e-01 0.00000000e+00 1.49253902e-01 2.70789073e+00
2.8799951553e+01 1.53664381e-01 0.00000000e+00 -9.88123099e-01 1.00303389e+01 0.00000000e+00 1.00000000e+00 0.00000000e+00 5.40224616e-02 9.88123099e-01 0.00000000e+00 1.53664381e-01 2.70234506e+00
2.8899905682e+01 1.53262350e-01 0.00000000e+00 -9.88185535e-01 1.01267570e+01 0.00000000e+00 1.00000000e+00 0.00000000e+00 5.06226160e-02 9.88185535e-01 0.00000000e+00 1.53262350e-01 2.70449827e+00
2.8999853849e+01 1.54174720e-01 0.00000000e+00 -9.88043600e-01 1.02226587e+01 0.00000000e+00 1.00000000e+00 0.00000000e+00 5.82227725e-02 9.88043600e-01 0.00000000e+00 1.54174720e-01 2.71024175e+00
2.9099795818e+01 1.54175826e-01 0.00000000e+00 -9.88043428e-01 1.02226598e+01 0.00000000e+00 1.00000000e+00 0.00000000e+00 5.82227725e-02 9.88043428e-01 0.00000000e+00 1.54175826e-01 2.71024180e+00
2.9199925184e+01 1.57126820e-01 0.00000000e+00 -9.87578433e-01 1.04173088e+01 0.00000000e+00 1.00000000e+00 0.00000000e+00 5.30230892e-02 9.87578433e-01 0.00000000e+00 1.57126820e-01 2.72381018e+00
2.9311849833e+01 1.54853081e-01 0.00000000e+00 -9.87937510e-01 1.05142433e+01 0.00000000e+00 1.00000000e+00 0.00000000e+00 5.55232530e-02 9.87937510e-01 0.00000000e+00 1.54853081e-01 2.72174401e+00
2.9399803877e+01 1.54438600e-01 0.00000000e+00 -9.88002388e-01 1.06142889e+01 0.00000000e+00 1.00000000e+00 0.00000000e+00 6.62234223e-02 9.88002388e-01 0.00000000e+00 1.54438600e-01 2.73081576e+00
2.9499817610e+01 1.58273274e-01 0.00000000e+00 -9.87395347e-01 1.07161699e+01 0.00000000e+00 1.00000000e+00 0.00000000e+00 6.03235902e-02 9.87395347e-01 0.00000000e+00 1.58273274e-01 2.73610044e+00
2.9599876642e+01 1.59841297e-01 0.00000000e+00 -9.87142725e-01 1.08207357e+01 0.00000000e+00 1.00000000e+00 0.00000000e+00 6.30237659e-02 9.87142725e-01 0.00000000e+00 1.59841297e-01 2.73856623e+00
2.9699703455e+01 1.59357921e-01 0.00000000e+00 -9.87220873e-01 1.09250286e+01 0.00000000e+00 1.00000000e+00 0.00000000e+00 5.64239459e-02 9.87220873e-01 0.00000000e+00 1.59357921e-01 2.73880312e+00
2.9799877644e+01 1.62545048e-01 0.00000000e+00 -9.86701124e-01 1.10297144e+01 0.00000000e+00 1.00000000e+00 0.00000000e+00 6.58241267e-02 9.86701124e-01 0.00000000e+00 1.62545048e-01 2.74938146e+00
2.9899846554e+01 1.53461883e-01 0.00000000e+00 -9.88154568e-01 1.11271455e+01 0.00000000e+00 1.00000000e+00 0.00000000e+00 5.53243113e-02 9.88154568e-01 0.00000000e+00 1.53461883e-01 2.74507232e+00
2.9999822378e+01 1.59564772e-01 0.00000000e+00 -9.87187461e-01 1.12339179e+01 0.00000000e+00 1.00000000e+00 0.00000000e+00 6.37244913e-02 9.87187461e-01 0.00000000e+00 1.59564772e-01 2.75070194e+00
3.0099806547e+01 1.59572785e-01 0.00000000e+00 -9.87186166e-01 1.12339257e+01 0.00000000e+00 1.00000000e+00 0.00000000e+00 6.37244913e-02 9.87186166e-01 0.00000000e+00 1.59572785e-01 2.75070225e+00
3.0199795485e+01 1.62682110e-01 0.00000000e+00 -9.86678535e-01 1.14403988e+01 0.00000000e+00 1.00000000e+00 0.00000000e+00 6.33248587e-02 9.86678535e-01 0.00000000e+00 1.62682110e-01 2.75779072e+00
3.0299768925e+01 1.62687106e-01 0.00000000e+00 -9.86677711e-01 1.14404037e+01 0.00000000e+00 1.00000000e+00 0.00000000e+00 6.33248587e-02 9.86677711e-01 0.00000000e+00 1.62687106e-01 2.75779089e+00
3.0399765968e+01 1.61527852e-01 0.00000000e+00 -9.86868154e-01 1.16445413e+01 0.00000000e+00 1.00000000e+00 0.00000000e+00 6.28252351e-02 9.86868154e-01 0.00000000e+00 1.61527852e-01 2.76289758e+00
3.0499726295e+01 1.58919762e-01 0.00000000e+00 -9.87291502e-01 1.17483933e+01 0.00000000e+00 1.00000000e+00 0.00000000e+00 7.00254319e-02 9.87291502e-01 0.00000000e+00 1.58919762e-01 2.76328849e+00
3.0599848270e+01 1.63813903e-01 0.00000000e+00 -9.86491260e-01 1.18536630e+01 0.00000000e+00 1.00000000e+00 0.00000000e+00 7.42256206e-02 9.86491260e-01 0.00000000e+00 1.63813903e-01 2.76873321e+00
3.0699745655e+01 1.60947934e-01 0.00000000e+00 -9.86962898e-01 1.19559567e+01 0.00000000e+00 1.00000000e+00 0.00000000e+00 7.02258177e-02 9.86962898e-01 0.00000000e+00 1.60947934e-01 2.76614591e+00
3.0799779892e+01 1.63902295e-01 0.00000000e+00 -9.86476577e-01 1.20596915e+01 0.00000000e+00 1.00000000e+00 0.00000000e+00 6.16260087e-02 9.86476577e-01 0.00000000e+00 1.63902295e-01 2.76450120e+00
3.0899753571e+01 1.65293775e-01 0.00000000e+00 -9.86244375e-01 1.21644714e+01 0.00000000e+00 1.00000000e+00 0.00000000e+00 5.61262097e-02 9.86244375e-01 0.00000000e+00 1.65293775e-01 2.77044011e+00
3.0999824286e+01 1.64281037e-01 0.00000000e+00 -9.86413575e-01 1.22670149e+01 0.00000000e+00 1.00000000e+00 0.00000000e+00 5.68264070e-02 9.86413575e-01 0.00000000e+00 1.64281037e-01 2.76547393e+00
3.1099829197e+01 1.64279815e-01 0.00000000e+00 -9.86413779e-01 1.22670137e+01 0.00000000e+00 1.00000000e+00 0.00000000e+00 5.68264070e-02 9.86413779e-01 0.00000000e+00 1.64279815e-01 2.76547389e+00
3.1199826002e+01 1.66468262e-01 0.00000000e+00 -9.86046813e-01 1.24764057e+01 0.00000000e+00 1.00000000e+00 0.00000000e+00 4.33268128e-02 9.86046813e-01 0.00000000e+00 1.66468262e-01 2.76661143e+00
3.1299748421e+01 1.62965802e-01 0.00000000e+00 -9.86631718e-01 1.25757770e+01 0.00000000e+00 1.00000000e+00 0.00000000e+00 4.81270184e-02 9.86631718e-01 0.00000000e+00 1.62965802e-01 2.76878161e+00
3.1399788141e+01 1.68979168e-01 0.00000000e+00 -9.85619623e-01 1.26822100e+01 0.00000000e+00 1.00000000e+00 0.00000000e+00 4.09272211e-02 9.85619623e-01 0.00000000e+00 1.68979168e-01 2.77546741e+00
3.1500009775e+01 1.63411670e-01 0.00000000e+00 -9.86557969e-01 1.27819982e+01 0.00000000e+00 1.00000000e+00 0.00000000e+00 5.09274316e-02 9.86557969e-01 0.00000000e+00 1.63411670e-01 2.77539214e+00
3.1599806547e+01 1.66363313e-01 0.00000000e+00 -9.86064525e-01 1.28864516e+01 0.00000000e+00 1.00000000e+00 0.00000000e+00 5.42276386e-02 9.86064525e-01 0.00000000e+00 1.66363313e-01 2.77555991e+00
3.1699842930e+01 1.69929623e-01 0.00000000e+00 -9.85456201e-01 1.29927899e+01 0.00000000e+00 1.00000000e+00 0.00000000e+00 5.29278510e-02 9.85456201e-01 0.00000000e+00 1.69929623e-01 2.78188769e+00
3.1799777508e+01 1.70310317e-01 0.00000000e+00 -9.85390479e-01 1.30969395e+01 0.00000000e+00 1.00000000e+00 0.00000000e+00 5.83280655e-02 9.85390479e-01 0.00000000e+00 1.70310317e-01 2.78622050e+00
3.1899849176e+01 1.71714037e-01 0.00000000e+00 -9.85146837e-01 1.31998015e+01 0.00000000e+00 1.00000000e+00 0.00000000e+00 5.92282786e-02 9.85146837e-01 0.00000000e+00 1.71714037e-01 2.79308708e+00
3.1999916315e+01 1.72515925e-01 0.00000000e+00 -9.85006729e-01 1.33043824e+01 0.00000000e+00 1.00000000e+00 0.00000000e+00 4.66284947e-02 9.85006729e-01 0.00000000e+00 1.72515925e-01 2.79375456e+00
3.2099787235e+01 1.72517084e-01 0.00000000e+00 -9.85006526e-01 1.33043835e+01 0.00000000e+00 1.00000000e+00 0.00000000e+00 4.66284947e-02 9.85006526e-01 0.00000000e+00 1.72517084e-01 2.79375459e+00
3.2199918509e+01 1.70609353e-01 0.00000000e+00 -9.85338748e-01 1.35033368e+01 0.00000000e+00 1.00000000e+00 0.00000000e+00 6.02289218e-02 9.85338748e-01 0.00000000e+00 1.70609353e-01 2.79858996e+00
3.2299933672e+01 1.71363938e-01 0.00000000e+00 -9.85207796e-01 1.36046965e+01 0.00000000e+00 1.00000000e+00 0.00000000e+00 6.07291392e-02 9.85207796e-01 0.00000000e+00 1.71363938e-01 2.79918794e+00
3.2399795055e+01 1.66716164e-01 0.00000000e+00 -9.86004929e-01 1.37037587e+01 0.00000000e+00 1.00000000e+00 0.00000000e+00 6.45293630e-02 9.86004929e-01 0.00000000e+00 1.66716164e-01 2.79591228e+00
3.2499909401e+01 1.69499415e-01 0.00000000e+00 -9.85530288e-01 1.38069978e+01 0.00000000e+00 1.00000000e+00 0.00000000e+00 7.02295815e-02 9.85530288e-01 0.00000000e+00 1.69499415e-01 2.80348537e+00
3.2599828482e+01 1.69645148e-01 0.00000000e+00 -9.85505212e-01 1.39064695e+01 0.00000000e+00 1.00000000e+00 0.00000000e+00 7.03297994e-02 9.85505212e-01 0.00000000e+00 1.69645148e-01 2.79989029e+00
3.2699840307e+01 1.67631488e-01 0.00000000e+00 -9.85849727e-01 1.40088612e+01 0.00000000e+00 1.00000000e+00 0.00000000e+00 6.33300286e-02 9.85849727e-01 0.00000000e+00 1.67631488e-01 2.79833892e+00
3.2799860954e+01 1.71384221e-01 0.00000000e+00 -9.85204268e-01 1.41108194e+01 0.00000000e+00 1.00000000e+00 0.00000000e+00 6.49302495e-02 9.85204268e-01 0.00000000e+00 1.71384221e-01 2.80661173e+00
3.2899780273e+01 1.71712006e-01 0.00000000e+00 -9.85147191e-01 1.42134089e+01 0.00000000e+00 1.00000000e+00 0.00000000e+00 6.88304781e-02 9.85147191e-01 0.00000000e+00 1.71712006e-01 2.80425601e+00
3.2999894381e+01 1.75019495e-01 0.00000000e+00 -9.84564968e-01 1.43199199e+01 0.00000000e+00 1.00000000e+00 0.00000000e+00 6.77307115e-02 9.84564968e-01 0.00000000e+00 1.75019495e-01 2.80793891e+00
3.3099929810e+01 1.75024777e-01 0.00000000e+00 -9.84564029e-01 1.43199250e+01 0.00000000e+00 1.00000000e+00 0.00000000e+00 6.77307115e-02 9.84564029e-01 0.00000000e+00 1.75024777e-01 2.80793903e+00
3.3199780703e+01 1.78134206e-01 0.00000000e+00 -9.84006201e-01 1.45262696e+01 0.00000000e+00 1.00000000e+00 0.00000000e+00 8.29311777e-02 9.84006201e-01 0.00000000e+00 1.78134206e-01 2.81857846e+00
3.3327942371e+01 1.78936880e-01 0.00000000e+00 -9.83860556e-01 1.46240957e+01 0.00000000e+00 1.00000000e+00 0.00000000e+00 9.34314031e-02 9.83860556e-01 0.00000000e+00 1.78936880e-01 2.82528963e+00
3.3399782658e+01 1.81172230e-01 0.00000000e+00 -9.83451383e-01 1.47293417e+01 0.00000000e+00 1.00000000e+00 0.00000000e+00 8.86316421e-02 9.83451383e-01 0.00000000e+00 1.81172230e-01 2.82671587e+00
3.3499794960e+01 1.85558978e-01 0.00000000e+00 -9.82633129e-01 1.48327095e+01 0.00000000e+00 1.00000000e+00 0.00000000e+00 8.64318716e-02 9.82633129e-01 0.00000000e+00 1.85558978e-01 2.82162802e+00
3.3599782467e+01 1.82882040e-01 0.00000000e+00 -9.83134863e-01 1.49301842e+01 0.00000000e+00 1.00000000e+00 0.00000000e+00 9.76321064e-02 9.83134863e-01 0.00000000e+00 1.82882040e-01 2.82098011e+00
3.3699989796e+01 1.85249924e-01 0.00000000e+00 -9.82691440e-01 1.50360876e+01 0.00000000e+00 1.00000000e+00 0.00000000e+00 9.23323511e-02 9.82691440e-01 0.00000000e+00 1.85249924e-01 2.81708222e+00
3.3799854279e+01 1.89458549e-01 0.00000000e+00 -9.81888720e-01 1.51404884e+01 0.00000000e+00 1.00000000e+00 0.00000000e+00 9.65325904e-02 9.81888720e-01 0.00000000e+00 1.89458549e-01 2.81978398e+00
3.3899901628e+01 1.93355465e-01 0.00000000e+00 -9.81128770e-01 1.52434517e+01 0.00000000e+00 1.00000000e+00 0.00000000e+00 9.79328286e-02 9.81128770e-01 0.00000000e+00 1.93355465e-01 2.82217540e+00
3.3999862194e+01 1.97103135e-01 0.00000000e+00 -9.80382759e-01 1.53494373e+01 0.00000000e+00 1.00000000e+00 0.00000000e+00 9.43330749e-02 9.80382759e-01 0.00000000e+00 1.97103135e-01 2.81836159e+00
3.4099713802e+01 1.97108112e-01 0.00000000e+00 -9.80381758e-01 1.53494422e+01 0.00000000e+00 1.00000000e+00 0.00000000e+00 9.43330749e-02 9.80381758e-01 0.00000000e+00 1.97108112e-01 2.81836159e+00
3.4199769735e+01 1.97704334e-01 0.00000000e+00 -9.80261698e-01 1.55491677e+01 0.00000000e+00 1.00000000e+00 0.00000000e+00 9.47335582e-02 9.80261698e-01 0.00000000e+00 1.97704334e-01 2.81434476e+00
3.4299716711e+01 2.02082977e-01 0.00000000e+00 -9.79368404e-01 1.56530326e+01 0.00000000e+00 1.00000000e+00 0.00000000e+00 9.71338053e-02 9.79368404e-01 0.00000000e+00 2.02082977e-01 2.81342547e+00
3.4442914963e+01 2.02127514e-01 0.00000000e+00 -9.79359213e-01 1.57547466e+01 0.00000000e+00 1.00000000e+00 0.00000000e+00 9.88340559e-02 9.79359213e-01 0.00000000e+00 2.02127514e-01 2.81106987e+00
3.4499796629e+01 2.03420153e-01 0.00000000e+00 -9.79091539e-01 1.58569196e+01 0.00000000e+00 1.00000000e+00 0.00000000e+00 1.03434306e-01 9.79091539e-01 0.00000000e+00 2.03420153e-01 2.81059151e+00
3.4599765778e+01 2.06645413e-01 0.00000000e+00 -9.78415900e-01 1.59584830e+01 0.00000000e+00 1.00000000e+00 0.00000000e+00 1.10734553e-01 9.78415900e-01 0.00000000e+00 2.06645413e-01 2.81120630e+00
3.4699766159e+01 2.05989867e-01 0.00000000e+00 -9.78554125e-01 1.60572167e+01 0.00000000e+00 1.00000000e+00 0.00000000e+00 1.08434805e-01 9.78554125e-01 0.00000000e+00 2.05989867e-01 2.81342697e+00
3.4799820662e+01 2.15462379e-01 0.00000000e+00 -9.76512142e-01 1.61644879e+01 0.00000000e+00 1.00000000e+00 0.00000000e+00 1.10435052e-01 9.76512142e-01 0.00000000e+00 2.15462379e-01 2.80876802e+00
3.4899911880e+01 2.09556617e-01 0.00000000e+00 -9.77796515e-01 1.62598969e+01 0.00000000e+00 1.00000000e+00 0.00000000e+00 1.05335307e-01 9.77796515e-01 0.00000000e+00 2.09556617e-01 2.79848075e+00
3.4999845028e+01 2.17616972e-01 0.00000000e+00 -9.76034248e-01 1.63686271e+01 0.00000000e+00 1.00000000e+00 0.00000000e+00 9.81355668e-02 9.76034248e-01 0.00000000e+00 2.17616972e-01 2.79799682e+00
3.5099833488e+01 2.17628816e-01 0.00000000e+00 -9.76031607e-01 1.63686386e+01 0.00000000e+00 1.00000000e+00 0.00000000e+00 9.81355668e-02 9.76031607e-01 0.00000000e+00 2.17628816e-01 2.79799659e+00
3.5199761629e+01 2.18752963e-01 0.00000000e+00 -9.75780273e-01 1.65705850e+01 0.00000000e+00 1.00000000e+00 0.00000000e+00 1.02336086e-01 9.75780273e-01 0.00000000e+00 2.18752963e-01 2.78739209e+00
3.5319941759e+01 2.19265059e-01 0.00000000e+00 -9.75665329e-01 1.66727057e+01 0.00000000e+00 1.00000000e+00 0.00000000e+00 1.08436351e-01 9.75665329e-01 0.00000000e+00 2.19265059e-01 2.78493269e+00
3.5399783611e+01 2.24434806e-01 0.00000000e+00 -9.74489106e-01 1.67778952e+01 0.00000000e+00 1.00000000e+00 0.00000000e+00 8.96366101e-02 9.74489106e-01 0.00000000e+00 2.24434806e-01 2.77181218e+00
3.5499879122e+01 2.27132522e-01 0.00000000e+00 -9.73863860e-01 1.68806910e+01 0.00000000e+00 1.00000000e+00 0.00000000e+00 9.52368753e-02 9.73863860e-01 0.00000000e+00 2.27132522e-01 2.76889255e+00
3.5599838495e+01 2.39009277e-01 0.00000000e+00 -9.71017284e-01 1.69896492e+01 0.00000000e+00 1.00000000e+00 0.00000000e+00 9.62371327e-02 9.71017284e-01 0.00000000e+00 2.39009277e-01 2.76313982e+00
3.5699724674e+01 2.39138360e-01 0.00000000e+00 -9.70985502e-01 1.70915955e+01 0.00000000e+00 1.00000000e+00 0.00000000e+00 1.04837405e-01 9.70985502e-01 0.00000000e+00 2.39138360e-01 2.75925828e+00
3.5799906015e+01 2.36046717e-01 0.00000000e+00 -9.71741708e-01 1.71901192e+01 0.00000000e+00 1.00000000e+00 0.00000000e+00 1.04537678e-01 9.71741708e-01 0.00000000e+00 2.36046717e-01 2.75213136e+00
3.5899770260e+01 2.36738874e-01 0.00000000e+00 -9.71573315e-01 1.72907173e+01 0.00000000e+00 1.00000000e+00 0.00000000e+00 1.01837944e-01 9.71573315e-01 0.00000000e+00 2.36738874e-01 2.74299368e+00
3.5999766111e+01 2.41674455e-01 0.00000000e+00 -9.70357387e-01 1.73951954e+01 0.00000000e+00 1.00000000e+00 0.00000000e+00 1.03038214e-01 9.70357387e-01 0.00000000e+00 2.41674455e-01 2.73549873e+00
3.6099741936e+01 2.41681413e-01 0.00000000e+00 -9.70355654e-01 1.73952022e+01 0.00000000e+00 1.00000000e+00 0.00000000e+00 1.03038214e-01 9.70355654e-01 0.00000000e+00 2.41681413e-01 2.73549842e+00
3.6199778795e+01 2.42156678e-01 0.00000000e+00 -9.70237158e-01 1.76001795e+01 0.00000000e+00 1.00000000e+00 0.00000000e+00 9.99387752e-02 9.70237158e-01 0.00000000e+00 2.42156678e-01 2.72093660e+00
3.6299836397e+01 2.39427135e-01 0.00000000e+00 -9.70914336e-01 1.77007453e+01 0.00000000e+00 1.00000000e+00 0.00000000e+00 9.99390587e-02 9.70914336e-01 0.00000000e+00 2.39427135e-01 2.71210117e+00
3.6399846077e+01 2.45654247e-01 0.00000000e+00 -9.69357515e-01 1.78046923e+01 0.00000000e+00 1.00000000e+00 0.00000000e+00 1.03939330e-01 9.69357515e-01 0.00000000e+00 2.45654247e-01 2.70630238e+00
3.6499792814e+01 2.47162703e-01 0.00000000e+00 -9.68973993e-01 1.79043255e+01 0.00000000e+00 1.00000000e+00 0.00000000e+00 1.02939603e-01 9.68973993e-01 0.00000000e+00 2.47162703e-01 2.69662565e+00
3.6599733829e+01 2.48353643e-01 0.00000000e+00 -9.68669432e-01 1.80050858e+01 0.00000000e+00 1.00000000e+00 0.00000000e+00 1.00439883e-01 9.68669432e-01 0.00000000e+00 2.48353643e-01 2.69288956e+00
3.6699877739e+01 2.50772674e-01 0.00000000e+00 -9.68046004e-01 1.81088069e+01 0.00000000e+00 1.00000000e+00 0.00000000e+00 1.01840169e-01 9.68046004e-01 0.00000000e+00 2.50772674e-01 2.68348449e+00
3.6799851656e+01 2.55172244e-01 0.00000000e+00 -9.66895613e-01 1.82132938e+01 0.00000000e+00 1.00000000e+00 0.00000000e+00 1.10040453e-01 9.66895613e-01 0.00000000e+00 2.55172244e-01 2.67946060e+00
3.6899759769e+01 2.58022711e-01 0.00000000e+00 -9.66138852e-01 1.83140999e+01 0.00000000e+00 1.00000000e+00 0.00000000e+00 1.08140734e-01 9.66138852e-01 0.00000000e+00 2.58022711e-01 2.67397266e+00
3.6999793530e+01 2.57484328e-01 0.00000000e+00 -9.66282475e-01 1.84165750e+01 0.00000000e+00 1.00000000e+00 0.00000000e+00 1.17141029e-01 9.66282475e-01 0.00000000e+00 2.57484328e-01 2.66824766e+00
3.7099791288e+01 2.57483598e-01 0.00000000e+00 -9.66282669e-01 1.84165743e+01 0.00000000e+00 1.00000000e+00 0.00000000e+00 1.17141029e-01 9.66282669e-01 0.00000000e+00 2.57483598e-01 2.66824770e+00
3.7199815750e+01 2.51857198e-01 0.00000000e+00 -9.67764409e-01 1.86188764e+01 0.00000000e+00 1.00000000e+00 0.00000000e+00 1.11541629e-01 9.67764409e-01 0.00000000e+00 2.51857198e-01 2.64788368e+00
3.7324086905e+01 2.51163116e-01 0.00000000e+00 -9.67944776e-01 1.87187374e+01 0.00000000e+00 1.00000000e+00 0.00000000e+00 1.06241924e-01 9.67944776e-01 0.00000000e+00 2.51163116e-01 2.64693836e+00
3.7399721861e+01 2.49401365e-01 0.00000000e+00 -9.68400206e-01 1.88235642e+01 0.00000000e+00 1.00000000e+00 0.00000000e+00 1.05542237e-01 9.68400206e-01 0.00000000e+00 2.49401365e-01 2.64293611e+00
3.7499730587e+01 2.52152287e-01 0.00000000e+00 -9.67687565e-01 1.89246836e+01 0.00000000e+00 1.00000000e+00 0.00000000e+00 1.08642529e-01 9.67687565e-01 0.00000000e+00 2.52152287e-01 2.63718903e+00
3.7599744797e+01 2.45230687e-01 0.00000000e+00 -9.69464754e-01 1.90252234e+01 0.00000000e+00 1.00000000e+00 0.00000000e+00 1.16442849e-01 9.69464754e-01 0.00000000e+00 2.45230687e-01 2.63464131e+00
3.7699789762e+01 2.41369481e-01 0.00000000e+00 -9.70433292e-01 1.91279725e+01 0.00000000e+00 1.00000000e+00 0.00000000e+00 1.11443167e-01 9.70433292e-01 0.00000000e+00 2.41369481e-01 2.62988301e+00
3.7799743652e+01 2.36083405e-01 0.00000000e+00 -9.71732795e-01 1.92285867e+01 0.00000000e+00 1.00000000e+00 0.00000000e+00 1.24243483e-01 9.71732795e-01 0.00000000e+00 2.36083405e-01 2.62048172e+00
3.7899716616e+01 2.33431861e-01 0.00000000e+00 -9.72373162e-01 1.93289000e+01 0.00000000e+00 1.00000000e+00 0.00000000e+00 1.27043795e-01 9.72373162e-01 0.00000000e+00 2.33431861e-01 2.61663641e+00
3.7999757290e+01 2.24200185e-01 0.00000000e+00 -9.74543112e-01 1.94269061e+01 0.00000000e+00 1.00000000e+00 0.00000000e+00 1.26344121e-01 9.74543112e-01 0.00000000e+00 2.24200185e-01 2.61560234e+00
3.8099832058e+01 2.24189118e-01 0.00000000e+00 -9.74545658e-01 1.94268953e+01 0.00000000e+00 1.00000000e+00 0.00000000e+00 1.26344121e-01 9.74545658e-01 0.00000000e+00 2.24189118e-01 2.61560263e+00
3.8199771643e+01 1.96660588e-01 0.00000000e+00 -9.80471628e-01 1.96171774e+01 0.00000000e+00 1.00000000e+00 0.00000000e+00 1.20644785e-01 9.80471628e-01 0.00000000e+00 1.96660588e-01 2.60325685e+00
3.8299759388e+01 1.96623850e-01 0.00000000e+00 -9.80478996e-01 1.96171416e+01 0.00000000e+00 1.00000000e+00 0.00000000e+00 1.20644785e-01 9.80478996e-01 0.00000000e+00 1.96623850e-01 2.60325679e+00
3.8399737597e+01 1.75310456e-01 0.00000000e+00 -9.84513202e-01 1.98093238e+01 0.00000000e+00 1.00000000e+00 0.00000000e+00 1.30845448e-01 9.84513202e-01 0.00000000e+00 1.75310456e-01 2.60351736e+00
3.8499729156e+01 1.66660743e-01 0.00000000e+00 -9.86014298e-01 1.99032456e+01 0.00000000e+00 1.00000000e+00 0.00000000e+00 1.35345769e-01 9.86014298e-01 0.00000000e+00 1.66660743e-01 2.60284130e+00
3.8599821091e+01 1.48037858e-01 0.00000000e+00 -9.88981695e-01 1.99955886e+01 0.00000000e+00 1.00000000e+00 0.00000000e+00 1.43246118e-01 9.88981695e-01 0.00000000e+00 1.48037858e-01 2.60850652e+00
3.8699806452e+01 1.35252157e-01 0.00000000e+00 -9.90811210e-01 2.00904077e+01 0.00000000e+00 1.00000000e+00 0.00000000e+00 1.38546458e-01 9.90811210e-01 0.00000000e+00 1.35252157e-01 2.61055332e+00
3.8799731016e+01 1.21806580e-01 0.00000000e+00 -9.92553856e-01 2.01843428e+01 0.00000000e+00 1.00000000e+00 0.00000000e+00 1.39246802e-01 9.92553856e-01 0.00000000e+00 1.21806580e-01 2.61929250e+00
3.8899724722e+01 1.02643733e-01 0.00000000e+00 -9.94718183e-01 2.02765859e+01 0.00000000e+00 1.00000000e+00 0.00000000e+00 1.41147159e-01 9.94718183e-01 0.00000000e+00 1.02643733e-01 2.62755267e+00
3.8999745607e+01 9.00176978e-02 0.00000000e+00 -9.95940166e-01 2.03730602e+01 0.00000000e+00 1.00000000e+00 0.00000000e+00 1.40847513e-01 9.95940166e-01 0.00000000e+00 9.00176978e-02 2.64279274e+00
3.9099762917e+01 8.99981385e-02 0.00000000e+00 -9.95941934e-01 2.03730416e+01 0.00000000e+00 1.00000000e+00 0.00000000e+00 1.40847513e-01 9.95941934e-01 0.00000000e+00 8.99981385e-02 2.64279069e+00
3.9199780941e+01 5.50203776e-02 0.00000000e+00 -9.98485232e-01 2.05567928e+01 0.00000000e+00 1.00000000e+00 0.00000000e+00 1.41648224e-01 9.98485232e-01 0.00000000e+00 5.50203776e-02 2.66229809e+00
3.9299707174e+01 3.81868322e-02 0.00000000e+00 -9.99270617e-01 2.06467832e+01 0.00000000e+00 1.00000000e+00 0.00000000e+00 1.45748576e-01 9.99270617e-01 0.00000000e+00 3.81868322e-02 2.67904903e+00
3.9399764299e+01 1.79901413e-02 0.00000000e+00 -9.99838164e-01 2.07374092e+01 0.00000000e+00 1.00000000e+00 0.00000000e+00 1.31348942e-01 9.99838164e-01 0.00000000e+00 1.79901413e-02 2.69576183e+00
3.9499715567e+01 -1.93920140e-03 0.00000000e+00 -9.99998120e-01 2.08267808e+01 0.00000000e+00 1.00000000e+00 0.00000000e+00 1.29949305e-01 9.99998120e-01 0.00000000e+00 -1.93920140e-03 2.71417428e+00
3.9599741220e+01 -1.42412611e-02 0.00000000e+00 -9.99898588e-01 2.09204131e+01 0.00000000e+00 1.00000000e+00 0.00000000e+00 1.34349662e-01 9.99898588e-01 0.00000000e+00 -1.42412611e-02 2.73875347e+00
3.9699768066e+01 -3.28309046e-02 0.00000000e+00 -9.99460921e-01 2.10094730e+01 0.00000000e+00 1.00000000e+00 0.00000000e+00 1.46950030e-01 9.99460921e-01 0.00000000e+00 -3.28309046e-02 2.77813626e+00
3.9799739122e+01 -5.22577500e-02 0.00000000e+00 -9.98633630e-01 2.10967678e+01 0.00000000e+00 1.00000000e+00 0.00000000e+00 1.39650389e-01 9.98633630e-01 0.00000000e+00 -5.22577500e-02 2.79244209e+00
3.9899741650e+01 -7.60388711e-02 0.00000000e+00 -9.97104854e-01 2.11782747e+01 0.00000000e+00 1.00000000e+00 0.00000000e+00 1.36950748e-01 9.97104854e-01 0.00000000e+00 -7.60388711e-02 2.82187748e+00
3.9999738216e+01 -9.75973068e-02 0.00000000e+00 -9.95225987e-01 2.12626770e+01 0.00000000e+00 1.00000000e+00 0.00000000e+00 1.26951113e-01 9.95225987e-01 0.00000000e+00 -9.75973068e-02 2.84876856e+00
4.0099788427e+01 -9.76280616e-02 0.00000000e+00 -9.95222971e-01 2.12626488e+01 0.00000000e+00 1.00000000e+00 0.00000000e+00 1.26951113e-01 9.95222971e-01 0.00000000e+00 -9.76280616e-02 2.84875991e+00
4.0199779749e+01 -1.37119663e-01 0.00000000e+00 -9.90554490e-01 2.14363353e+01 0.00000000e+00 1.00000000e+00 0.00000000e+00 1.34451851e-01 9.90554490e-01 0.00000000e+00 -1.37119663e-01 2.90982630e+00
4.0299761295e+01 -1.60065721e-01 0.00000000e+00 -9.87106360e-01 2.15211922e+01 0.00000000e+00 1.00000000e+00 0.00000000e+00 1.33552226e-01 9.87106360e-01 0.00000000e+00 -1.60065721e-01 2.93838226e+00
4.0399738550e+01 -1.79737327e-01 0.00000000e+00 -9.83714640e-01 2.16091143e+01 0.00000000e+00 1.00000000e+00 0.00000000e+00 1.51452604e-01 9.83714640e-01 0.00000000e+00 -1.79737327e-01 2.96748981e+00
4.0529275179e+01 -1.97639029e-01 0.00000000e+00 -9.80274867e-01 2.16918660e+01 0.00000000e+00 1.00000000e+00 0.00000000e+00 1.45452960e-01 9.80274867e-01 0.00000000e+00 -1.97639029e-01 3.00447912e+00
4.0599819422e+01 -2.24193644e-01 0.00000000e+00 -9.74544617e-01 2.17686652e+01 0.00000000e+00 1.00000000e+00 0.00000000e+00 1.45453329e-01 9.74544617e-01 0.00000000e+00 -2.24193644e-01 3.04415198e+00
4.0699863195e+01 -2.34146870e-01 0.00000000e+00 -9.72201236e-01 2.18575747e+01 0.00000000e+00 1.00000000e+00 0.00000000e+00 1.41653687e-01 9.72201236e-01 0.00000000e+00 -2.34146870e-01 3.08318066e+00
4.0799741983e+01 -2.60615224e-01 0.00000000e+00 -9.65442751e-01 2.19321254e+01 0.00000000e+00 1.00000000e+00 0.00000000e+00 1.44954048e-01 9.65442751e-01 0.00000000e+00 -2.60615224e-01 3.11813268e+00
4.0899808645e+01 -2.78199710e-01 0.00000000e+00 -9.60523254e-01 2.20148490e+01 0.00000000e+00 1.00000000e+00 0.00000000e+00 1.41754413e-01 9.60523254e-01 0.00000000e+00 -2.78199710e-01 3.15783544e+00
4.0999784470e+01 -2.95233911e-01 0.00000000e+00 -9.55425004e-01 2.20930200e+01 0.00000000e+00 1.00000000e+00 0.00000000e+00 1.43354764e-01 9.55425004e-01 0.00000000e+00 -2.95233911e-01 3.20635051e+00
4.1099841833e+01 -2.95257853e-01 0.00000000e+00 -9.55417605e-01 2.20929990e+01 0.00000000e+00 1.00000000e+00 0.00000000e+00 1.43354764e-01 9.55417605e-01 0.00000000e+00 -2.95257853e-01 3.20633905e+00
4.1199795723e+01 -3.31762648e-01 0.00000000e+00 -9.43362892e-01 2.22571708e+01 0.00000000e+00 1.00000000e+00 0.00000000e+00 1.34955506e-01 9.43362892e-01 0.00000000e+00 -3.31762648e-01 3.30035565e+00
4.1299784422e+01 -3.47568504e-01 0.00000000e+00 -9.37654592e-01 2.23365511e+01 0.00000000e+00 1.00000000e+00 0.00000000e+00 1.17255867e-01 9.37654592e-01 0.00000000e+00 -3.47568504e-01 3.35357062e+00
4.1399752140e+01 -3.67826823e-01 0.00000000e+00 -9.29894310e-01 2.24114286e+01 0.00000000e+00 1.00000000e+00 0.00000000e+00 1.17056226e-01 9.29894310e-01 0.00000000e+00 -3.67826823e-01 3.40449253e+00
4.1499715805e+01 -3.88076167e-01 0.00000000e+00 -9.21627305e-01 2.24846819e+01 0.00000000e+00 1.00000000e+00 0.00000000e+00 1.18156581e-01 9.21627305e-01 0.00000000e+00 -3.88076167e-01 3.45718966e+00
4.1599744081e+01 -4.02153081e-01 0.00000000e+00 -9.15572444e-01 2.25608980e+01 0.00000000e+00 1.00000000e+00 0.00000000e+00 1.15256926e-01 9.15572444e-01 0.00000000e+00 -4.02153081e-01 3.50644730e+00
4.1699732780e+01 -4.25958996e-01 0.00000000e+00 -9.04742468e-01 2.26288516e+01 0.00000000e+00 1.00000000e+00 0.00000000e+00 1.13857280e-01 9.04742468e-01 0.00000000e+00 -4.25958996e-01 3.56218764e+00
4.1799764156e+01 -4.32940123e-01 0.00000000e+00 -9.01422681e-01 2.27105689e+01 0.00000000e+00 1.00000000e+00 0.00000000e+00 1.16257627e-01 9.01422681e-01 0.00000000e+00 -4.32940123e-01 3.61772567e+00
4.1899860620e+01 -4.57256882e-01 0.00000000e+00 -8.89334663e-01 2.27795747e+01 0.00000000e+00 1.00000000e+00 0.00000000e+00 1.20257986e-01 8.89334663e-01 0.00000000e+00 -4.57256882e-01 3.66767858e+00
4.1999828577e+01 -4.57340013e-01 0.00000000e+00 -8.89291917e-01 2.28601491e+01 0.00000000e+00 1.00000000e+00 0.00000000e+00 1.28358311e-01 8.89291917e-01 0.00000000e+00 -4.57340013e-01 3.72550362e+00
4.2099752903e+01 -4.57340073e-01 0.00000000e+00 -8.89291886e-01 2.28601491e+01 0.00000000e+00 1.00000000e+00 0.00000000e+00 1.28358311e-01 8.89291886e-01 0.00000000e+00 -4.57340073e-01 3.72550358e+00
4.2199793816e+01 -4.47647681e-01 0.00000000e+00 -8.94210016e-01 2.30227456e+01 0.00000000e+00 1.00000000e+00 0.00000000e+00 1.23958943e-01 8.94210016e-01 0.00000000e+00 -4.47647681e-01 3.85172286e+00
4.2299910069e+01 -4.55292430e-01 0.00000000e+00 -8.90341959e-01 2.30918550e+01 0.00000000e+00 1.00000000e+00 0.00000000e+00 1.19759255e-01 8.90341959e-01 0.00000000e+00 -4.55292430e-01 3.90909239e+00
4.2399837494e+01 -4.55302511e-01 0.00000000e+00 -8.90336803e-01 2.30918466e+01 0.00000000e+00 1.00000000e+00 0.00000000e+00 1.19759255e-01 8.90336803e-01 0.00000000e+00 -4.55302511e-01 3.90908565e+00
4.2499704361e+01 -4.45778441e-01 0.00000000e+00 -8.95143330e-01 2.32526395e+01 0.00000000e+00 1.00000000e+00 0.00000000e+00 1.08759890e-01 8.95143330e-01 0.00000000e+00 -4.45778441e-01 4.03497277e+00
4.2599726915e+01 -4.45287680e-01 0.00000000e+00 -8.95387559e-01 2.33330200e+01 0.00000000e+00 1.00000000e+00 0.00000000e+00 1.10860225e-01 8.95387559e-01 0.00000000e+00 -4.45287680e-01 4.10305065e+00
4.2699825287e+01 -4.46982695e-01 0.00000000e+00 -8.94542604e-01 2.34178312e+01 0.00000000e+00 1.00000000e+00 0.00000000e+00 1.03960579e-01 8.94542604e-01 0.00000000e+00 -4.46982695e-01 4.15365473e+00
4.2799791574e+01 -4.47577215e-01 0.00000000e+00 -8.94245289e-01 2.34936914e+01 0.00000000e+00 1.00000000e+00 0.00000000e+00 9.71609052e-02 8.94245289e-01 0.00000000e+00 -4.47577215e-01 4.21893140e+00
4.2899929047e+01 -4.40851825e-01 0.00000000e+00 -8.97579895e-01 2.35738669e+01 0.00000000e+00 1.00000000e+00 0.00000000e+00 9.85612244e-02 8.97579895e-01 0.00000000e+00 -4.40851825e-01 4.28883128e+00
4.2999820471e+01 -4.49103438e-01 0.00000000e+00 -8.93479771e-01 2.36561656e+01 0.00000000e+00 1.00000000e+00 0.00000000e+00 9.26615985e-02 8.93479771e-01 0.00000000e+00 -4.49103438e-01 4.34223112e+00
4.3099796295e+01 -4.49117847e-01 0.00000000e+00 -8.93472529e-01 2.36561535e+01 0.00000000e+00 1.00000000e+00 0.00000000e+00 9.26615985e-02 8.93472529e-01 0.00000000e+00 -4.49117847e-01 4.34222161e+00
4.3199801445e+01 -4.43791657e-01 0.00000000e+00 -8.96129994e-01 2.38260579e+01 0.00000000e+00 1.00000000e+00 0.00000000e+00 8.74623033e-02 8.96129994e-01 0.00000000e+00 -4.43791657e-01 4.46747642e+00
4.3320248604e+01 -4.53639963e-01 0.00000000e+00 -8.91185045e-01 2.39042525e+01 0.00000000e+00 1.00000000e+00 0.00000000e+00 9.04626685e-02 8.91185045e-01 0.00000000e+00 -4.53639963e-01 4.51563715e+00
4.3399797916e+01 -4.46459182e-01 0.00000000e+00 -8.94804000e-01 2.39925653e+01 0.00000000e+00 1.00000000e+00 0.00000000e+00 8.92630219e-02 8.94804000e-01 0.00000000e+00 -4.46459182e-01 4.58059775e+00
4.3499820232e+01 -4.51899113e-01 0.00000000e+00 -8.92069051e-01 2.40676297e+01 0.00000000e+00 1.00000000e+00 0.00000000e+00 8.80633710e-02 8.92069051e-01 0.00000000e+00 -4.51899113e-01 4.63923807e+00
4.3599827766e+01 -4.48748963e-01 0.00000000e+00 -8.93657858e-01 2.41517802e+01 0.00000000e+00 1.00000000e+00 0.00000000e+00 8.00637269e-02 8.93657858e-01 0.00000000e+00 -4.48748963e-01 4.70492938e+00
4.3699907780e+01 -4.50883966e-01 0.00000000e+00 -8.92582573e-01 2.42318768e+01 0.00000000e+00 1.00000000e+00 0.00000000e+00 8.68640866e-02 8.92582573e-01 0.00000000e+00 -4.50883966e-01 4.76593330e+00
4.3799793720e+01 -4.46335805e-01 0.00000000e+00 -8.94865548e-01 2.43133859e+01 0.00000000e+00 1.00000000e+00 0.00000000e+00 7.38644303e-02 8.94865548e-01 0.00000000e+00 -4.46335805e-01 4.82940868e+00
4.3899769306e+01 -4.46513042e-01 0.00000000e+00 -8.94777125e-01 2.43879597e+01 0.00000000e+00 1.00000000e+00 0.00000000e+00 8.22647648e-02 8.94777125e-01 0.00000000e+00 -4.46513042e-01 4.89109781e+00
4.3999760151e+01 -4.39193338e-01 0.00000000e+00 -8.98392571e-01 2.44714071e+01 0.00000000e+00 1.00000000e+00 0.00000000e+00 6.71651052e-02 8.98392571e-01 0.00000000e+00 -4.39193338e-01 4.95017545e+00
4.4099835157e+01 -4.39183550e-01 0.00000000e+00 -8.98397356e-01 2.44714154e+01 0.00000000e+00 1.00000000e+00 0.00000000e+00 6.71651052e-02 8.98397356e-01 0.00000000e+00 -4.39183550e-01 4.95018178e+00
4.4200169563e+01 -4.26551481e-01 0.00000000e+00 -9.04463285e-01 2.46414201e+01 0.00000000e+00 1.00000000e+00 0.00000000e+00 7.61658210e-02 9.04463285e-01 0.00000000e+00 -4.26551481e-01 5.08253909e+00
4.4299715519e+01 -4.24099959e-01 0.00000000e+00 -9.05615384e-01 2.47228770e+01 0.00000000e+00 1.00000000e+00 0.00000000e+00 6.72661749e-02 9.05615384e-01 0.00000000e+00 -4.24099959e-01 5.13919342e+00
4.4399764538e+01 -4.27610295e-01 0.00000000e+00 -9.03963182e-01 2.48004258e+01 0.00000000e+00 1.00000000e+00 0.00000000e+00 6.30665371e-02 9.03963182e-01 0.00000000e+00 -4.27610295e-01 5.19750407e+00
4.4499775887e+01 -4.24186460e-01 0.00000000e+00 -9.05574871e-01 2.48812707e+01 0.00000000e+00 1.00000000e+00 0.00000000e+00 6.44668963e-02 9.05574871e-01 0.00000000e+00 -4.24186460e-01 5.26359299e+00
4.4599848986e+01 -4.15070471e-01 0.00000000e+00 -9.09789264e-01 2.49696955e+01 0.00000000e+00 1.00000000e+00 0.00000000e+00 6.05672624e-02 9.09789264e-01 0.00000000e+00 -4.15070471e-01 5.32833114e+00
4.4699764967e+01 -3.99183299e-01 0.00000000e+00 -9.16871144e-01 2.50623086e+01 0.00000000e+00 1.00000000e+00 0.00000000e+00 5.67676179e-02 9.16871144e-01 0.00000000e+00 -3.99183299e-01 5.38965349e+00
4.4799788475e+01 -3.92627965e-01 0.00000000e+00 -9.19697386e-01 2.51517757e+01 0.00000000e+00 1.00000000e+00 0.00000000e+00 5.73679989e-02 9.19697386e-01 0.00000000e+00 -3.92627965e-01 5.44875791e+00
4.4899995804e+01 -3.90882855e-01 0.00000000e+00 -9.20440435e-01 2.52394511e+01 0.00000000e+00 1.00000000e+00 0.00000000e+00 6.12683910e-02 9.20440435e-01 0.00000000e+00 -3.90882855e-01 5.50727321e+00
4.5000017405e+01 -3.89619149e-01 0.00000000e+00 -9.20976069e-01 2.53267936e+01 0.00000000e+00 1.00000000e+00 0.00000000e+00 5.84687802e-02 9.20976069e-01 0.00000000e+00 -3.89619149e-01 5.55956337e+00
4.5099988699e+01 -3.89617480e-01 0.00000000e+00 -9.20976774e-01 2.53267950e+01 0.00000000e+00 1.00000000e+00 0.00000000e+00 5.84687802e-02 9.20976774e-01 0.00000000e+00 -3.89617480e-01 5.55956435e+00
4.5199769974e+01 -3.81591212e-01 0.00000000e+00 -9.24331189e-01 2.55097140e+01 0.00000000e+00 1.00000000e+00 0.00000000e+00 4.25695904e-02 9.24331189e-01 0.00000000e+00 -3.81591212e-01 5.68078874e+00
4.5327282906e+01 -3.80274286e-01 0.00000000e+00 -9.24873757e-01 2.55897252e+01 0.00000000e+00 1.00000000e+00 0.00000000e+00 3.38699663e-02 9.24873757e-01 0.00000000e+00 -3.80274286e-01 5.74911908e+00
4.5399859905e+01 -3.81255973e-01 0.00000000e+00 -9.24469515e-01 2.56776357e+01 0.00000000e+00 1.00000000e+00 0.00000000e+00 3.32703720e-02 9.24469515e-01 0.00000000e+00 -3.81255973e-01 5.79853129e+00
4.5499933481e+01 -3.72015161e-01 0.00000000e+00 -9.28226653e-01 2.57688892e+01 0.00000000e+00 1.00000000e+00 0.00000000e+00 2.58707592e-02 9.28226653e-01 0.00000000e+00 -3.72015161e-01 5.85704224e+00
4.5599769592e+01 -3.75508475e-01 0.00000000e+00 -9.26818960e-01 2.58524842e+01 0.00000000e+00 1.00000000e+00 0.00000000e+00 3.32711668e-02 9.26818960e-01 0.00000000e+00 -3.75508475e-01 5.91352855e+00
4.5699928999e+01 -3.76508829e-01 0.00000000e+00 -9.26413030e-01 2.59390567e+01 0.00000000e+00 1.00000000e+00 0.00000000e+00 2.52715736e-02 9.26413030e-01 0.00000000e+00 -3.76508829e-01 5.96534467e+00
4.5799836397e+01 -3.71045767e-01 0.00000000e+00 -9.28614580e-01 2.60251591e+01 0.00000000e+00 1.00000000e+00 0.00000000e+00 3.25719589e-02 9.28614580e-01 0.00000000e+00 -3.71045767e-01 6.02270264e+00
4.5899828434e+01 -3.67466269e-01 0.00000000e+00 -9.30036849e-01 2.61137675e+01 0.00000000e+00 1.00000000e+00 0.00000000e+00 3.60723608e-02 9.30036849e-01 0.00000000e+00 -3.67466269e-01 6.07756540e+00
4.5999769688e+01 -3.60572640e-01 0.00000000e+00 -9.32731136e-01 2.62007424e+01 0.00000000e+00 1.00000000e+00 0.00000000e+00 4.87727429e-02 9.32731136e-01 0.00000000e+00 -3.60572640e-01 6.13016734e+00
4.6099802971e+01 -3.60563394e-01 0.00000000e+00 -9.32734710e-01 2.62007504e+01 0.00000000e+00 1.00000000e+00 0.00000000e+00 4.87727429e-02 9.32734710e-01 0.00000000e+00 -3.60563394e-01 6.13017244e+00
4.6199735165e+01 -3.52179149e-01 0.00000000e+00 -9.35932608e-01 2.63821211e+01 0.00000000e+00 1.00000000e+00 0.00000000e+00 5.14735735e-02 9.35932608e-01 0.00000000e+00 -3.52179149e-01 6.24689394e+00
4.6299731255e+01 -3.56783141e-01 0.00000000e+00 -9.34187235e-01 2.64625969e+01 0.00000000e+00 1.00000000e+00 0.00000000e+00 4.81739762e-02 9.34187235e-01 0.00000000e+00 -3.56783141e-01 6.29591781e+00
4.6399723053e+01 -3.44863433e-01 0.00000000e+00 -9.38652871e-01 2.65572104e+01 0.00000000e+00 1.00000000e+00 0.00000000e+00 3.79743819e-02 9.38652871e-01 0.00000000e+00 -3.44863433e-01 6.35421085e+00
4.6499753237e+01 -3.49682672e-01 0.00000000e+00 -9.36868203e-01 2.66410796e+01 0.00000000e+00 1.00000000e+00 0.00000000e+00 4.95748053e-02 9.36868203e-01 0.00000000e+00 -3.49682672e-01 6.40557743e+00
4.6600363970e+01 -3.49689096e-01 0.00000000e+00 -9.36865805e-01 2.66410740e+01 0.00000000e+00 1.00000000e+00 0.00000000e+00 4.95748053e-02 9.36865805e-01 0.00000000e+00 -3.49689096e-01 6.40557397e+00
4.6699763060e+01 -3.43589688e-01 0.00000000e+00 -9.39119868e-01 2.68227041e+01 0.00000000e+00 1.00000000e+00 0.00000000e+00 4.57756492e-02 9.39119868e-01 0.00000000e+00 -3.43589688e-01 6.50480770e+00
4.6799807787e+01 -3.42066392e-01 0.00000000e+00 -9.39675786e-01 2.69110838e+01 0.00000000e+00 1.00000000e+00 0.00000000e+00 4.97760772e-02 9.39675786e-01 0.00000000e+00 -3.42066392e-01 6.56323784e+00
4.6899791002e+01 -3.36333510e-01 0.00000000e+00 -9.41742943e-01 2.70015199e+01 0.00000000e+00 1.00000000e+00 0.00000000e+00 4.80764914e-02 9.41742943e-01 0.00000000e+00 -3.36333510e-01 6.61542777e+00
4.6999898195e+01 -3.33899035e-01 0.00000000e+00 -9.42608845e-01 2.70916333e+01 0.00000000e+00 1.00000000e+00 0.00000000e+00 5.66769126e-02 9.42608845e-01 0.00000000e+00 -3.33899035e-01 6.65924969e+00
4.7099788189e+01 -3.33895700e-01 0.00000000e+00 -9.42610026e-01 2.70916362e+01 0.00000000e+00 1.00000000e+00 0.00000000e+00 5.66769126e-02 9.42610026e-01 0.00000000e+00 -3.33895700e-01 6.65925143e+00
4.7199786186e+01 -3.31021931e-01 0.00000000e+00 -9.43623061e-01 2.72680401e+01 0.00000000e+00 1.00000000e+00 0.00000000e+00 6.07777598e-02 9.43623061e-01 0.00000000e+00 -3.31021931e-01 6.75484619e+00
4.7320407391e+01 -3.27642074e-01 0.00000000e+00 -9.44801922e-01 2.73613372e+01 0.00000000e+00 1.00000000e+00 0.00000000e+00 6.29782029e-02 9.44801922e-01 0.00000000e+00 -3.27642074e-01 6.80837284e+00
4.7399798632e+01 -3.27621979e-01 0.00000000e+00 -9.44808890e-01 2.74482751e+01 0.00000000e+00 1.00000000e+00 0.00000000e+00 6.82786321e-02 9.44808890e-01 0.00000000e+00 -3.27621979e-01 6.85753013e+00
4.7499756575e+01 -3.24861858e-01 0.00000000e+00 -9.45761478e-01 2.75324583e+01 0.00000000e+00 1.00000000e+00 0.00000000e+00 6.52790387e-02 9.45761478e-01 0.00000000e+00 -3.24861858e-01 6.90633095e+00
4.7599760532e+01 -3.17157906e-01 0.00000000e+00 -9.48372745e-01 2.76277371e+01 0.00000000e+00 1.00000000e+00 0.00000000e+00 7.15794709e-02 9.48372745e-01 0.00000000e+00 -3.17157906e-01 6.95105939e+00
4.7699795008e+01 -3.17892888e-01 0.00000000e+00 -9.48126633e-01 2.77133518e+01 0.00000000e+00 1.00000000e+00 0.00000000e+00 7.28799016e-02 9.48126633e-01 0.00000000e+00 -3.17892888e-01 6.99973319e+00
4.7799738407e+01 -3.18599430e-01 0.00000000e+00 -9.47889447e-01 2.78030959e+01 0.00000000e+00 1.00000000e+00 0.00000000e+00 7.66803528e-02 9.47889447e-01 0.00000000e+00 -3.18599430e-01 7.04998301e+00
4.7899757147e+01 -3.16681289e-01 0.00000000e+00 -9.48532003e-01 2.78934958e+01 0.00000000e+00 1.00000000e+00 0.00000000e+00 8.70808005e-02 9.48532003e-01 0.00000000e+00 -3.16681289e-01 7.10227635e+00
4.7999731541e+01 -3.07124614e-01 0.00000000e+00 -9.51669308e-01 2.79852154e+01 0.00000000e+00 1.00000000e+00 0.00000000e+00 8.10812351e-02 9.51669308e-01 0.00000000e+00 -3.07124614e-01 7.16944936e+00
4.8099845171e+01 -3.07112463e-01 0.00000000e+00 -9.51673229e-01 2.79852260e+01 0.00000000e+00 1.00000000e+00 0.00000000e+00 8.10812351e-02 9.51673229e-01 0.00000000e+00 -3.07112463e-01 7.16945533e+00
4.8199800730e+01 -3.11178748e-01 0.00000000e+00 -9.50351402e-01 2.81631926e+01 0.00000000e+00 1.00000000e+00 0.00000000e+00 7.77821473e-02 9.50351402e-01 0.00000000e+00 -3.11178748e-01 7.26116827e+00
4.8299884558e+01 -3.07063355e-01 0.00000000e+00 -9.51689075e-01 2.82548102e+01 0.00000000e+00 1.00000000e+00 0.00000000e+00 8.72825955e-02 9.51689075e-01 0.00000000e+00 -3.07063355e-01 7.31209454e+00
4.8399885654e+01 -3.05197608e-01 0.00000000e+00 -9.52289042e-01 2.83475982e+01 0.00000000e+00 1.00000000e+00 0.00000000e+00 9.21830619e-02 9.52289042e-01 0.00000000e+00 -3.05197608e-01 7.36530964e+00
4.8520455837e+01 -2.94701030e-01 0.00000000e+00 -9.55589506e-01 2.84468262e+01 0.00000000e+00 1.00000000e+00 0.00000000e+00 8.65835169e-02 9.55589506e-01 0.00000000e+00 -2.94701030e-01 7.41456579e+00
4.8599795580e+01 -2.92184165e-01 0.00000000e+00 -9.56362072e-01 2.85372337e+01 0.00000000e+00 1.00000000e+00 0.00000000e+00 8.92839644e-02 9.56362072e-01 0.00000000e+00 -2.92184165e-01 7.45802288e+00
4.8699787378e+01 -2.88198784e-01 0.00000000e+00 -9.57570603e-01 2.86308139e+01 0.00000000e+00 1.00000000e+00 0.00000000e+00 9.08844228e-02 9.57570603e-01 0.00000000e+00 -2.88198784e-01 7.50358747e+00
4.8799921751e+01 -2.83076309e-01 0.00000000e+00 -9.59097390e-01 2.87274507e+01 0.00000000e+00 1.00000000e+00 0.00000000e+00 8.63848942e-02 9.59097390e-01 0.00000000e+00 -2.83076309e-01 7.55082997e+00
4.8900318384e+01 -2.81169456e-01 0.00000000e+00 -9.59658135e-01 2.88191380e+01 0.00000000e+00 1.00000000e+00 0.00000000e+00 9.19853581e-02 9.59658135e-01 0.00000000e+00 -2.81169456e-01 7.59731874e+00
4.8999840021e+01 -2.69770864e-01 0.00000000e+00 -9.62924546e-01 2.89203200e+01 0.00000000e+00 1.00000000e+00 0.00000000e+00 6.52858384e-02 9.62924546e-01 0.00000000e+00 -2.69770864e-01 7.66042176e+00
4.9099955797e+01 -2.69758555e-01 0.00000000e+00 -9.62927994e-01 2.89203308e+01 0.00000000e+00 1.00000000e+00 0.00000000e+00 6.52858384e-02 9.62927994e-01 0.00000000e+00 -2.69758555e-01 7.66042732e+00
4.9199842453e+01 -2.74654777e-01 0.00000000e+00 -9.61542903e-01 2.90972267e+01 0.00000000e+00 1.00000000e+00 0.00000000e+00 7.05867771e-02 9.61542903e-01 0.00000000e+00 -2.74654777e-01 7.74716243e+00
4.9299843550e+01 -2.74712721e-01 0.00000000e+00 -9.61526350e-01 2.91894801e+01 0.00000000e+00 1.00000000e+00 0.00000000e+00 7.84872396e-02 9.61526350e-01 0.00000000e+00 -2.74712721e-01 7.77516802e+00
4.9399779558e+01 -2.71114348e-01 0.00000000e+00 -9.62547147e-01 2.92839317e+01 0.00000000e+00 1.00000000e+00 0.00000000e+00 8.47877156e-02 9.62547147e-01 0.00000000e+00 -2.71114348e-01 7.82155256e+00
4.9499786377e+01 -2.65847704e-01 0.00000000e+00 -9.64015040e-01 2.93802674e+01 0.00000000e+00 1.00000000e+00 0.00000000e+00 7.88881819e-02 9.64015040e-01 0.00000000e+00 -2.65847704e-01 7.85724402e+00
4.9599746227e+01 -2.57314365e-01 0.00000000e+00 -9.66327749e-01 2.94801584e+01 0.00000000e+00 1.00000000e+00 0.00000000e+00 7.41886547e-02 9.66327749e-01 0.00000000e+00 -2.57314365e-01 7.89453173e+00
4.9699761629e+01 -2.57624842e-01 0.00000000e+00 -9.66245021e-01 2.95712722e+01 0.00000000e+00 1.00000000e+00 0.00000000e+00 8.66891354e-02 9.66245021e-01 0.00000000e+00 -2.57624842e-01 7.94005138e+00
4.9799754381e+01 -2.56894209e-01 0.00000000e+00 -9.66439530e-01 2.96635073e+01 0.00000000e+00 1.00000000e+00 0.00000000e+00 8.88896182e-02 9.66439530e-01 0.00000000e+00 -2.56894209e-01 7.98216096e+00
4.9899787426e+01 -2.48536966e-01 0.00000000e+00 -9.68622412e-01 2.97589743e+01 0.00000000e+00 1.00000000e+00 0.00000000e+00 9.58900831e-02 9.68622412e-01 0.00000000e+00 -2.48536966e-01 8.02659985e+00
4.9999773026e+01 -2.46970876e-01 0.00000000e+00 -9.69022903e-01 2.98517957e+01 0.00000000e+00 1.00000000e+00 0.00000000e+00 8.97905586e-02 9.69022903e-01 0.00000000e+00 -2.46970876e-01 8.06410902e+00
5.0099856615e+01 -2.46968570e-01 0.00000000e+00 -9.69023491e-01 2.98517978e+01 0.00000000e+00 1.00000000e+00 0.00000000e+00 8.97905586e-02 9.69023491e-01 0.00000000e+00 -2.46968570e-01 8.06411001e+00
5.0199844360e+01 -2.42858297e-01 0.00000000e+00 -9.70061775e-01 3.00425835e+01 0.00000000e+00 1.00000000e+00 0.00000000e+00 6.72915742e-02 9.70061775e-01 0.00000000e+00 -2.42858297e-01 8.16920872e+00
5.0299746275e+01 -2.44631404e-01 0.00000000e+00 -9.69616149e-01 3.01301050e+01 0.00000000e+00 1.00000000e+00 0.00000000e+00 7.93920565e-02 9.69616149e-01 0.00000000e+00 -2.44631404e-01 8.21359527e+00
5.0440533876e+01 -2.39004850e-01 0.00000000e+00 -9.71018373e-01 3.02237447e+01 0.00000000e+00 1.00000000e+00 0.00000000e+00 7.39925285e-02 9.71018373e-01 0.00000000e+00 -2.39004850e-01 8.25587543e+00
5.0499723434e+01 -2.30460152e-01 0.00000000e+00 -9.73081763e-01 3.03225962e+01 0.00000000e+00 1.00000000e+00 0.00000000e+00 7.42930160e-02 9.73081763e-01 0.00000000e+00 -2.30460152e-01 8.29760961e+00
5.0599718094e+01 -2.28017218e-01 0.00000000e+00 -9.73657100e-01 3.04148230e+01 0.00000000e+00 1.00000000e+00 0.00000000e+00 6.88934941e-02 9.73657100e-01 0.00000000e+00 -2.28017218e-01 8.33502140e+00
5.0699760675e+01 -2.30474567e-01 0.00000000e+00 -9.73078349e-01 3.05044491e+01 0.00000000e+00 1.00000000e+00 0.00000000e+00 7.11939776e-02 9.73078349e-01 0.00000000e+00 -2.30474567e-01 8.36456720e+00
5.0799755812e+01 -2.21475250e-01 0.00000000e+00 -9.75165993e-01 3.06034266e+01 0.00000000e+00 1.00000000e+00 0.00000000e+00 7.58944770e-02 9.75165993e-01 0.00000000e+00 -2.21475250e-01 8.41359787e+00
5.0899874926e+01 -2.24328506e-01 0.00000000e+00 -9.74513582e-01 3.06908696e+01 0.00000000e+00 1.00000000e+00 0.00000000e+00 7.25949636e-02 9.74513582e-01 0.00000000e+00 -2.24328506e-01 8.45196432e+00
5.0999864340e+01 -2.26008009e-01 0.00000000e+00 -9.74125444e-01 3.07810252e+01 0.00000000e+00 1.00000000e+00 0.00000000e+00 7.55954578e-02 9.74125444e-01 0.00000000e+00 -2.26008009e-01 8.48925090e+00
5.1099900007e+01 -2.26012093e-01 0.00000000e+00 -9.74124496e-01 3.07810215e+01 0.00000000e+00 1.00000000e+00 0.00000000e+00 7.55954578e-02 9.74124496e-01 0.00000000e+00 -2.26012093e-01 8.48924924e+00
5.1199767351e+01 -2.05360462e-01 0.00000000e+00 -9.78686406e-01 3.09842339e+01 0.00000000e+00 1.00000000e+00 0.00000000e+00 7.77964542e-02 9.78686406e-01 0.00000000e+00 -2.05360462e-01 8.56658665e+00
5.1299809217e+01 -2.02274045e-01 0.00000000e+00 -9.79328959e-01 3.10798834e+01 0.00000000e+00 1.00000000e+00 0.00000000e+00 7.08969559e-02 9.79328959e-01 0.00000000e+00 -2.02274045e-01 8.60122526e+00
5.1399716854e+01 -1.91050495e-01 0.00000000e+00 -9.81580210e-01 3.11797128e+01 0.00000000e+00 1.00000000e+00 0.00000000e+00 6.96974508e-02 9.81580210e-01 0.00000000e+00 -1.91050495e-01 8.64633717e+00
5.1499856472e+01 -1.87454274e-01 0.00000000e+00 -9.82273330e-01 3.12795300e+01 0.00000000e+00 1.00000000e+00 0.00000000e+00 6.80979682e-02 9.82273330e-01 0.00000000e+00 -1.87454274e-01 8.67748093e+00
5.1599826813e+01 -1.90296410e-01 0.00000000e+00 -9.81726681e-01 3.13714616e+01 0.00000000e+00 1.00000000e+00 0.00000000e+00 7.03984999e-02 9.81726681e-01 0.00000000e+00 -1.90296410e-01 8.72420748e+00
5.1699875355e+01 -1.85191817e-01 0.00000000e+00 -9.82702392e-01 3.14710133e+01 0.00000000e+00 1.00000000e+00 0.00000000e+00 7.14990215e-02 9.82702392e-01 0.00000000e+00 -1.85191817e-01 8.76282239e+00
5.1799840450e+01 -1.83766247e-01 0.00000000e+00 -9.82969972e-01 3.15649471e+01 0.00000000e+00 1.00000000e+00 0.00000000e+00 7.81995393e-02 9.82969972e-01 0.00000000e+00 -1.83766247e-01 8.80501590e+00
5.1899756908e+01 -1.83104624e-01 0.00000000e+00 -9.83093432e-01 3.16589169e+01 0.00000000e+00 1.00000000e+00 0.00000000e+00 7.55000440e-02 9.83093432e-01 0.00000000e+00 -1.83104624e-01 8.83202210e+00
5.1999698877e+01 -1.72197114e-01 0.00000000e+00 -9.85062513e-01 3.17640516e+01 0.00000000e+00 1.00000000e+00 0.00000000e+00 6.78005532e-02 9.85062513e-01 0.00000000e+00 -1.72197114e-01 8.85797153e+00
5.2099806547e+01 -1.72185276e-01 0.00000000e+00 -9.85064582e-01 3.17640623e+01 0.00000000e+00 1.00000000e+00 0.00000000e+00 6.78005532e-02 9.85064582e-01 0.00000000e+00 -1.72185276e-01 8.85797571e+00
5.2199710846e+01 -1.67076295e-01 0.00000000e+00 -9.85943970e-01 3.19513784e+01 0.00000000e+00 1.00000000e+00 0.00000000e+00 6.81015802e-02 9.85943970e-01 0.00000000e+00 -1.67076295e-01 8.93714151e+00
5.2299797058e+01 -1.64507209e-01 0.00000000e+00 -9.86375881e-01 3.20467922e+01 0.00000000e+00 1.00000000e+00 0.00000000e+00 6.45021045e-02 9.86375881e-01 0.00000000e+00 -1.64507209e-01 8.97892850e+00
5.2399857044e+01 -1.65829077e-01 0.00000000e+00 -9.86154510e-01 3.21399567e+01 0.00000000e+00 1.00000000e+00 0.00000000e+00 6.17026131e-02 9.86154510e-01 0.00000000e+00 -1.65829077e-01 8.99649777e+00
5.2499864340e+01 -1.64928307e-01 0.00000000e+00 -9.86305558e-01 3.22367701e+01 0.00000000e+00 1.00000000e+00 0.00000000e+00 6.03031421e-02 9.86305558e-01 0.00000000e+00 -1.64928307e-01 9.02632783e+00
5.2599862099e+01 -1.63757802e-01 0.00000000e+00 -9.86500574e-01 3.23340157e+01 0.00000000e+00 1.00000000e+00 0.00000000e+00 6.02036832e-02 9.86500574e-01 0.00000000e+00 -1.63757802e-01 9.06209435e+00
5.2699893713e+01 -1.63730628e-01 0.00000000e+00 -9.86505084e-01 3.24275012e+01 0.00000000e+00 1.00000000e+00 0.00000000e+00 6.88042129e-02 9.86505084e-01 0.00000000e+00 -1.63730628e-01 9.09958922e+00
5.2799808741e+01 -1.57994143e-01 0.00000000e+00 -9.87440049e-01 3.25269107e+01 0.00000000e+00 1.00000000e+00 0.00000000e+00 7.17047579e-02 9.87440049e-01 0.00000000e+00 -1.57994143e-01 9.14570426e+00
5.2899746418e+01 -1.51944836e-01 0.00000000e+00 -9.88388975e-01 3.26264541e+01 0.00000000e+00 1.00000000e+00 0.00000000e+00 7.46052989e-02 9.88388975e-01 0.00000000e+00 -1.51944836e-01 9.18790287e+00
5.2999784231e+01 -1.54441377e-01 0.00000000e+00 -9.88001954e-01 3.27186092e+01 0.00000000e+00 1.00000000e+00 0.00000000e+00 6.71058388e-02 9.88001954e-01 0.00000000e+00 -1.54441377e-01 9.22310729e+00
5.3099849701e+01 -1.54444836e-01 0.00000000e+00 -9.88001413e-01 3.27186061e+01 0.00000000e+00 1.00000000e+00 0.00000000e+00 6.71058388e-02 9.88001413e-01 0.00000000e+00 -1.54444836e-01 9.22310613e+00
5.3199763536e+01 -1.35898269e-01 0.00000000e+00 -9.90722797e-01 3.29256935e+01 0.00000000e+00 1.00000000e+00 0.00000000e+00 5.20069088e-02 9.90722797e-01 0.00000000e+00 -1.35898269e-01 9.28691646e+00
5.3320774078e+01 -1.31285521e-01 0.00000000e+00 -9.91344598e-01 3.30276416e+01 0.00000000e+00 1.00000000e+00 0.00000000e+00 4.93074584e-02 9.91344598e-01 0.00000000e+00 -1.31285521e-01 9.31663197e+00
5.3399749756e+01 -1.32529154e-01 0.00000000e+00 -9.91179108e-01 3.31225727e+01 0.00000000e+00 1.00000000e+00 0.00000000e+00 6.21080111e-02 9.91179108e-01 0.00000000e+00 -1.32529154e-01 9.35059481e+00
5.3499754429e+01 -1.35402782e-01 0.00000000e+00 -9.90790637e-01 3.32132902e+01 0.00000000e+00 1.00000000e+00 0.00000000e+00 6.67085533e-02 9.90790637e-01 0.00000000e+00 -1.35402782e-01 9.38647937e+00
5.3599713087e+01 -1.33467854e-01 0.00000000e+00 -9.91053143e-01 3.33135117e+01 0.00000000e+00 1.00000000e+00 0.00000000e+00 5.63091071e-02 9.91053143e-01 0.00000000e+00 -1.33467854e-01 9.41105058e+00
5.3699871778e+01 -1.24318496e-01 0.00000000e+00 -9.92242365e-01 3.34142113e+01 0.00000000e+00 1.00000000e+00 0.00000000e+00 6.36096387e-02 9.92242365e-01 0.00000000e+00 -1.24318496e-01 9.44473305e+00
5.3799950123e+01 -1.15460062e-01 0.00000000e+00 -9.93312123e-01 3.35154134e+01 0.00000000e+00 1.00000000e+00 0.00000000e+00 5.46101601e-02 9.93312123e-01 0.00000000e+00 -1.15460062e-01 9.46718088e+00
5.3899803877e+01 -1.14960270e-01 0.00000000e+00 -9.93370090e-01 3.36109703e+01 0.00000000e+00 1.00000000e+00 0.00000000e+00 6.04107198e-02 9.93370090e-01 0.00000000e+00 -1.14960270e-01 9.50496561e+00
5.3999803543e+01 -1.14616911e-01 0.00000000e+00 -9.93409766e-01 3.37067937e+01 0.00000000e+00 1.00000000e+00 0.00000000e+00 6.55112796e-02 9.93409766e-01 0.00000000e+00 -1.14616911e-01 9.54017977e+00
5.4099776268e+01 -1.14616398e-01 0.00000000e+00 -9.93409825e-01 3.37067942e+01 0.00000000e+00 1.00000000e+00 0.00000000e+00 6.55112796e-02 9.93409825e-01 0.00000000e+00 -1.14616398e-01 9.54017993e+00
5.4199863672e+01 -1.16806954e-01 0.00000000e+00 -9.93154638e-01 3.38984016e+01 0.00000000e+00 1.00000000e+00 0.00000000e+00 6.03123987e-02 9.93154638e-01 0.00000000e+00 -1.16806954e-01 9.59717546e+00
5.4299893618e+01 -1.11419990e-01 0.00000000e+00 -9.93773408e-01 3.39988067e+01 0.00000000e+00 1.00000000e+00 0.00000000e+00 6.09129517e-02 9.93773408e-01 0.00000000e+00 -1.11419990e-01 9.62674618e+00
5.4399791479e+01 -1.09542391e-01 0.00000000e+00 -9.93982125e-01 3.41004140e+01 0.00000000e+00 1.00000000e+00 0.00000000e+00 6.73135438e-02 9.93982125e-01 0.00000000e+00 -1.09542391e-01 9.66227151e+00
5.4499848604e+01 -1.09941968e-01 0.00000000e+00 -9.93938008e-01 3.41988863e+01 0.00000000e+00 1.00000000e+00 0.00000000e+00 5.76141078e-02 9.93938008e-01 0.00000000e+00 -1.09941968e-01 9.68309895e+00
5.4608545542e+01 -1.03065677e-01 0.00000000e+00 -9.94674553e-01 3.42998056e+01 0.00000000e+00 1.00000000e+00 0.00000000e+00 6.29146664e-02 9.94674553e-01 0.00000000e+00 -1.03065677e-01 9.71575227e+00
5.4699765205e+01 -9.76663695e-02 0.00000000e+00 -9.95219212e-01 3.43941660e+01 0.00000000e+00 1.00000000e+00 0.00000000e+00 6.92151927e-02 9.95219212e-01 0.00000000e+00 -9.76663695e-02 9.74532401e+00
5.4799750090e+01 -8.45361604e-02 0.00000000e+00 -9.96420412e-01 3.45020190e+01 0.00000000e+00 1.00000000e+00 0.00000000e+00 5.08157522e-02 9.96420412e-01 0.00000000e+00 -8.45361604e-02 9.77276511e+00
5.4899850845e+01 -8.67407665e-02 0.00000000e+00 -9.96230917e-01 3.45940424e+01 0.00000000e+00 1.00000000e+00 0.00000000e+00 6.58163331e-02 9.96230917e-01 0.00000000e+00 -8.67407665e-02 9.81820871e+00
5.4999832630e+01 -8.04344118e-02 0.00000000e+00 -9.96759904e-01 3.46972488e+01 0.00000000e+00 1.00000000e+00 0.00000000e+00 7.35169169e-02 9.96759904e-01 0.00000000e+00 -8.04344118e-02 9.85443639e+00
5.5099839687e+01 -8.04250842e-02 0.00000000e+00 -9.96760656e-01 3.46972574e+01 0.00000000e+00 1.00000000e+00 0.00000000e+00 7.35169169e-02 9.96760656e-01 0.00000000e+00 -8.04250842e-02 9.85443886e+00
5.5199746132e+01 -7.89829820e-02 0.00000000e+00 -9.96875964e-01 3.48996858e+01 0.00000000e+00 1.00000000e+00 0.00000000e+00 6.01180825e-02 9.96875964e-01 0.00000000e+00 -7.89829820e-02 9.89171052e+00
5.5299789429e+01 -7.76081990e-02 0.00000000e+00 -9.96983935e-01 3.49997202e+01 0.00000000e+00 1.00000000e+00 0.00000000e+00 5.20186699e-02 9.96983935e-01 0.00000000e+00 -7.76081990e-02 9.91941011e+00
5.5399835825e+01 -6.90975309e-02 0.00000000e+00 -9.97609909e-01 3.50993439e+01 0.00000000e+00 1.00000000e+00 0.00000000e+00 5.15192132e-02 9.97609909e-01 0.00000000e+00 -6.90975309e-02 9.94483483e+00
5.5499799013e+01 -7.07571111e-02 0.00000000e+00 -9.97493575e-01 3.51950149e+01 0.00000000e+00 1.00000000e+00 0.00000000e+00 6.50198021e-02 9.97493575e-01 0.00000000e+00 -7.07571111e-02 9.97676090e+00
5.5599846363e+01 -7.44860842e-02 0.00000000e+00 -9.97222053e-01 3.52866520e+01 0.00000000e+00 1.00000000e+00 0.00000000e+00 6.61203768e-02 9.97222053e-01 0.00000000e+00 -7.44860842e-02 1.00048973e+01
5.5699794769e+01 -6.51541140e-02 0.00000000e+00 -9.97875213e-01 3.53931589e+01 0.00000000e+00 1.00000000e+00 0.00000000e+00 7.29209595e-02 9.97875213e-01 0.00000000e+00 -6.51541140e-02 1.00308605e+01
5.5799817801e+01 -5.97707870e-02 0.00000000e+00 -9.98212128e-01 3.54985704e+01 0.00000000e+00 1.00000000e+00 0.00000000e+00 6.48215527e-02 9.98212128e-01 0.00000000e+00 -5.97707870e-02 1.00512276e+01
5.5899847507e+01 -5.24093761e-02 0.00000000e+00 -9.98625684e-01 3.55998862e+01 0.00000000e+00 1.00000000e+00 0.00000000e+00 6.31221178e-02 9.98625684e-01 0.00000000e+00 -5.24093761e-02 1.00750033e+01
5.5999854326e+01 -5.70093619e-02 0.00000000e+00 -9.98373644e-01 3.56939899e+01 0.00000000e+00 1.00000000e+00 0.00000000e+00 6.05227109e-02 9.98373644e-01 0.00000000e+00 -5.70093619e-02 1.00990486e+01
5.6099958420e+01 -5.70151512e-02 0.00000000e+00 -9.98373313e-01 3.56939846e+01 0.00000000e+00 1.00000000e+00 0.00000000e+00 6.05227109e-02 9.98373313e-01 0.00000000e+00 -5.70151512e-02 1.00990471e+01
5.6199831963e+01 -4.57372077e-02 0.00000000e+00 -9.98953506e-01 3.58924739e+01 0.00000000e+00 1.00000000e+00 0.00000000e+00 8.81238553e-02 9.98953506e-01 0.00000000e+00 -4.57372077e-02 1.01541512e+01
5.6299840927e+01 -4.22376119e-02 0.00000000e+00 -9.99107594e-01 3.59957535e+01 0.00000000e+00 1.00000000e+00 0.00000000e+00 8.86244633e-02 9.99107594e-01 0.00000000e+00 -4.22376119e-02 1.01803029e+01
5.6399784327e+01 -3.47536013e-02 0.00000000e+00 -9.99395911e-01 3.60968096e+01 0.00000000e+00 1.00000000e+00 0.00000000e+00 9.73250404e-02 9.99395911e-01 0.00000000e+00 -3.47536013e-02 1.02074556e+01
5.6499872446e+01 -2.88467531e-02 0.00000000e+00 -9.99583846e-01 3.62050348e+01 0.00000000e+00 1.00000000e+00 0.00000000e+00 9.00256545e-02 9.99583846e-01 0.00000000e+00 -2.88467531e-02 1.02267828e+01
5.6599880695e+01 -2.18784165e-02 0.00000000e+00 -9.99760639e-01 3.63081626e+01 0.00000000e+00 1.00000000e+00 0.00000000e+00 7.67262496e-02 9.99760639e-01 0.00000000e+00 -2.18784165e-02 1.02542974e+01
5.6699817419e+01 -2.42721570e-02 0.00000000e+00 -9.99705388e-01 3.63995816e+01 0.00000000e+00 1.00000000e+00 0.00000000e+00 7.79268254e-02 9.99705388e-01 0.00000000e+00 -2.42721570e-02 1.02788526e+01
5.6799757242e+01 -1.22759373e-02 0.00000000e+00 -9.99924648e-01 3.65040782e+01 0.00000000e+00 1.00000000e+00 0.00000000e+00 7.33273832e-02 9.99924648e-01 0.00000000e+00 -1.22759373e-02 1.02932334e+01
5.6899882793e+01 7.83915886e-03 0.00000000e+00 -9.99969273e-01 3.66156208e+01 0.00000000e+00 1.00000000e+00 0.00000000e+00 8.24279563e-02 9.99969273e-01 0.00000000e+00 7.83915886e-03 1.03203866e+01
5.6999762774e+01 4.85097192e-03 0.00000000e+00 -9.99988234e-01 3.67128030e+01 0.00000000e+00 1.00000000e+00 0.00000000e+00 7.90285507e-02 9.99988234e-01 0.00000000e+00 4.85097192e-03 1.03287895e+01
5.7100035191e+01 4.84676036e-03 0.00000000e+00 -9.99988254e-01 3.67127991e+01 0.00000000e+00 1.00000000e+00 0.00000000e+00 7.90285507e-02 9.99988254e-01 0.00000000e+00 4.84676036e-03 1.03287887e+01
5.7199853182e+01 1.11460617e-02 0.00000000e+00 -9.99937881e-01 3.69081478e+01 0.00000000e+00 1.00000000e+00 0.00000000e+00 8.51296970e-02 9.99937881e-01 0.00000000e+00 1.11460617e-02 1.03579126e+01
5.7319538116e+01 3.17968540e-02 0.00000000e+00 -9.99494352e-01 3.70218379e+01 0.00000000e+00 1.00000000e+00 0.00000000e+00 8.32302597e-02 9.99494352e-01 0.00000000e+00 3.17968540e-02 1.03687877e+01
5.7399932623e+01 3.39046560e-02 0.00000000e+00 -9.99425072e-01 3.71311985e+01 0.00000000e+00 1.00000000e+00 0.00000000e+00 8.32309125e-02 9.99425072e-01 0.00000000e+00 3.39046560e-02 1.03833882e+01
5.7499769688e+01 4.15462533e-02 0.00000000e+00 -9.99136582e-01 3.72350506e+01 0.00000000e+00 1.00000000e+00 0.00000000e+00 8.47315123e-02 9.99136582e-01 0.00000000e+00 4.15462533e-02 1.04053804e+01
5.7599798441e+01 4.06700576e-02 0.00000000e+00 -9.99172631e-01 3.73366794e+01 0.00000000e+00 1.00000000e+00 0.00000000e+00 9.41321508e-02 9.99172631e-01 0.00000000e+00 4.06700576e-02 1.04271744e+01
5.7699844599e+01 4.59357011e-02 0.00000000e+00 -9.98944399e-01 3.74508264e+01 0.00000000e+00 1.00000000e+00 0.00000000e+00 7.52327987e-02 9.98944399e-01 0.00000000e+00 4.59357011e-02 1.04297097e+01
5.7799741268e+01 6.01203909e-02 0.00000000e+00 -9.98191133e-01 3.75568283e+01 0.00000000e+00 1.00000000e+00 0.00000000e+00 6.85333740e-02 9.98191133e-01 0.00000000e+00 6.01203909e-02 1.04481349e+01
5.7899908543e+01 6.65783820e-02 0.00000000e+00 -9.97781198e-01 3.76584582e+01 0.00000000e+00 1.00000000e+00 0.00000000e+00 7.40339592e-02 9.97781198e-01 0.00000000e+00 6.65783820e-02 1.04597901e+01
5.7999866724e+01 6.92180874e-02 0.00000000e+00 -9.97601552e-01 3.77622614e+01 0.00000000e+00 1.00000000e+00 0.00000000e+00 7.31345770e-02 9.97601552e-01 0.00000000e+00 6.92180874e-02 1.04688151e+01
5.8099861383e+01 6.92219529e-02 0.00000000e+00 -9.97601284e-01 3.77622651e+01 0.00000000e+00 1.00000000e+00 0.00000000e+00 7.31345770e-02 9.97601284e-01 0.00000000e+00 6.92219529e-02 1.04688155e+01
5.8199805021e+01 8.10155675e-02 0.00000000e+00 -9.96712836e-01 3.79752472e+01 0.00000000e+00 1.00000000e+00 0.00000000e+00 6.62357985e-02 9.96712836e-01 0.00000000e+00 8.10155675e-02 1.04790810e+01
5.8299841642e+01 8.96058589e-02 0.00000000e+00 -9.95977304e-01 3.80844727e+01 0.00000000e+00 1.00000000e+00 0.00000000e+00 7.66364331e-02 9.95977304e-01 0.00000000e+00 8.96058589e-02 1.04979957e+01
5.8440749168e+01 8.76346260e-02 0.00000000e+00 -9.96152685e-01 3.81821232e+01 0.00000000e+00 1.00000000e+00 0.00000000e+00 9.02370690e-02 9.96152685e-01 0.00000000e+00 8.76346260e-02 1.05213056e+01
5.8499947786e+01 9.97123111e-02 0.00000000e+00 -9.95016309e-01 3.82924989e+01 0.00000000e+00 1.00000000e+00 0.00000000e+00 1.01637669e-01 9.95016309e-01 0.00000000e+00 9.97123111e-02 1.05231838e+01
5.8600057602e+01 9.69924080e-02 0.00000000e+00 -9.95285121e-01 3.83927368e+01 0.00000000e+00 1.00000000e+00 0.00000000e+00 1.05738315e-01 9.95285121e-01 0.00000000e+00 9.69924080e-02 1.05380800e+01
5.8700199127e+01 1.07632210e-01 0.00000000e+00 -9.94190780e-01 3.85014463e+01 0.00000000e+00 1.00000000e+00 0.00000000e+00 9.46389159e-02 9.94190780e-01 0.00000000e+00 1.07632210e-01 1.05405326e+01
5.8799966097e+01 1.23237501e-01 0.00000000e+00 -9.92377206e-01 3.86166410e+01 0.00000000e+00 1.00000000e+00 0.00000000e+00 9.33395325e-02 9.92377206e-01 0.00000000e+00 1.23237501e-01 1.05461909e+01
5.8899862289e+01 1.38517190e-01 0.00000000e+00 -9.90360030e-01 3.87243481e+01 0.00000000e+00 1.00000000e+00 0.00000000e+00 9.69401220e-02 9.90360030e-01 0.00000000e+00 1.38517190e-01 1.05601373e+01
5.8999831438e+01 1.31986523e-01 0.00000000e+00 -9.91251511e-01 3.88194257e+01 0.00000000e+00 1.00000000e+00 0.00000000e+00 9.85407508e-02 9.91251511e-01 0.00000000e+00 1.31986523e-01 1.05651544e+01
5.9099864960e+01 1.31977855e-01 0.00000000e+00 -9.91252665e-01 3.88194174e+01 0.00000000e+00 1.00000000e+00 0.00000000e+00 9.85407508e-02 9.91252665e-01 0.00000000e+00 1.31977855e-01 1.05651538e+01
5.9199875832e+01 1.37185657e-01 0.00000000e+00 -9.90545353e-01 3.90252966e+01 0.00000000e+00 1.00000000e+00 0.00000000e+00 9.46420060e-02 9.90545353e-01 0.00000000e+00 1.37185657e-01 1.05784437e+01
5.9320788860e+01 1.47414036e-01 0.00000000e+00 -9.89074872e-01 3.91344963e+01 0.00000000e+00 1.00000000e+00 0.00000000e+00 9.92426333e-02 9.89074872e-01 0.00000000e+00 1.47414036e-01 1.05879683e+01
5.9399805784e+01 1.49232591e-01 0.00000000e+00 -9.88802121e-01 3.92356135e+01 0.00000000e+00 1.00000000e+00 0.00000000e+00 1.04943249e-01 9.88802121e-01 0.00000000e+00 1.49232591e-01 1.05880821e+01
5.9499884129e+01 1.52950565e-01 0.00000000e+00 -9.88233841e-01 3.93361568e+01 0.00000000e+00 1.00000000e+00 0.00000000e+00 9.74438552e-02 9.88233841e-01 0.00000000e+00 1.52950565e-01 1.05923981e+01
5.9599767923e+01 1.52221214e-01 0.00000000e+00 -9.88346448e-01 3.94425642e+01 0.00000000e+00 1.00000000e+00 0.00000000e+00 9.72445230e-02 9.88346448e-01 0.00000000e+00 1.52221214e-01 1.05929505e+01
5.9699793100e+01 1.60946606e-01 0.00000000e+00 -9.86963115e-01 3.95468188e+01 0.00000000e+00 1.00000000e+00 0.00000000e+00 1.06345134e-01 9.86963115e-01 0.00000000e+00 1.60946606e-01 1.06024539e+01
5.9799931765e+01 1.53775037e-01 0.00000000e+00 -9.88105884e-01 3.96441326e+01 0.00000000e+00 1.00000000e+00 0.00000000e+00 1.05745791e-01 9.88105884e-01 0.00000000e+00 1.53775037e-01 1.06048285e+01
5.9899764776e+01 1.61603554e-01 0.00000000e+00 -9.86855760e-01 3.97562762e+01 0.00000000e+00 1.00000000e+00 0.00000000e+00 1.07346442e-01 9.86855760e-01 0.00000000e+00 1.61603554e-01 1.06031132e+01
5.9999836206e+01 1.50815677e-01 0.00000000e+00 -9.88561901e-01 3.98469912e+01 0.00000000e+00 1.00000000e+00 0.00000000e+00 1.06447091e-01 9.88561901e-01 0.00000000e+00 1.50815677e-01 1.06109177e+01
6.0099846125e+01 1.50801888e-01 0.00000000e+00 -9.88564004e-01 3.98469779e+01 0.00000000e+00 1.00000000e+00 0.00000000e+00 1.06447091e-01 9.88564004e-01 0.00000000e+00 1.50801888e-01 1.06109170e+01
6.0199810028e+01 1.52262736e-01 0.00000000e+00 -9.88340052e-01 4.00494907e+01 0.00000000e+00 1.00000000e+00 0.00000000e+00 1.04248354e-01 9.88340052e-01 0.00000000e+00 1.52262736e-01 1.06080779e+01
6.0299835443e+01 1.67691842e-01 0.00000000e+00 -9.85839463e-01 4.01629365e+01 0.00000000e+00 1.00000000e+00 0.00000000e+00 1.04948977e-01 9.85839463e-01 0.00000000e+00 1.67691842e-01 1.06070861e+01
6.0399924040e+01 1.75252063e-01 0.00000000e+00 -9.84523598e-01 4.02702879e+01 0.00000000e+00 1.00000000e+00 0.00000000e+00 1.01149624e-01 9.84523598e-01 0.00000000e+00 1.75252063e-01 1.06143942e+01
6.0499980211e+01 1.78660581e-01 0.00000000e+00 -9.83910767e-01 4.03717352e+01 0.00000000e+00 1.00000000e+00 0.00000000e+00 1.05750252e-01 9.83910767e-01 0.00000000e+00 1.78660581e-01 1.06178185e+01
6.0599917173e+01 1.86959801e-01 0.00000000e+00 -9.82367565e-01 4.04754568e+01 0.00000000e+00 1.00000000e+00 0.00000000e+00 1.14650869e-01 9.82367565e-01 0.00000000e+00 1.86959801e-01 1.06224174e+01
6.0699825287e+01 1.92074359e-01 0.00000000e+00 -9.81380375e-01 4.05765906e+01 0.00000000e+00 1.00000000e+00 0.00000000e+00 1.09851483e-01 9.81380375e-01 0.00000000e+00 1.92074359e-01 1.06209434e+01
6.0799844027e+01 2.03946514e-01 0.00000000e+00 -9.78982032e-01 4.06810425e+01 0.00000000e+00 1.00000000e+00 0.00000000e+00 1.10252073e-01 9.78982032e-01 0.00000000e+00 2.03946514e-01 1.06181669e+01
6.0899834156e+01 2.17065791e-01 0.00000000e+00 -9.76156976e-01 4.07842161e+01 0.00000000e+00 1.00000000e+00 0.00000000e+00 1.26752648e-01 9.76156976e-01 0.00000000e+00 2.17065791e-01 1.06138439e+01
6.0999935865e+01 2.18097808e-01 0.00000000e+00 -9.75926916e-01 4.08800056e+01 0.00000000e+00 1.00000000e+00 0.00000000e+00 1.29253255e-01 9.75926916e-01 0.00000000e+00 2.18097808e-01 1.06120254e+01
6.1099855423e+01 2.18098955e-01 0.00000000e+00 -9.75926660e-01 4.08800067e+01 0.00000000e+00 1.00000000e+00 0.00000000e+00 1.29253255e-01 9.75926660e-01 0.00000000e+00 2.18098955e-01 1.06120254e+01
6.1199971676e+01 2.37388530e-01 0.00000000e+00 -9.71414786e-01 4.10938917e+01 0.00000000e+00 1.00000000e+00 0.00000000e+00 1.17154487e-01 9.71414786e-01 0.00000000e+00 2.37388530e-01 1.05937147e+01
6.1299779654e+01 2.51872848e-01 0.00000000e+00 -9.67760336e-01 4.12055185e+01 0.00000000e+00 1.00000000e+00 0.00000000e+00 1.19855108e-01 9.67760336e-01 0.00000000e+00 2.51872848e-01 1.05859759e+01
6.1399756193e+01 2.53743431e-01 0.00000000e+00 -9.67271560e-01 4.13056383e+01 0.00000000e+00 1.00000000e+00 0.00000000e+00 1.22655736e-01 9.67271560e-01 0.00000000e+00 2.53743431e-01 1.05784764e+01
6.1499797821e+01 2.66601390e-01 0.00000000e+00 -9.63806878e-01 4.14154217e+01 0.00000000e+00 1.00000000e+00 0.00000000e+00 1.21156351e-01 9.63806878e-01 0.00000000e+00 2.66601390e-01 1.05668193e+01
6.1599782467e+01 2.80965663e-01 0.00000000e+00 -9.59717821e-01 4.15212567e+01 0.00000000e+00 1.00000000e+00 0.00000000e+00 1.26456938e-01 9.59717821e-01 0.00000000e+00 2.80965663e-01 1.05581544e+01
6.1699845076e+01 2.99649206e-01 0.00000000e+00 -9.54049450e-01 4.16317385e+01 0.00000000e+00 1.00000000e+00 0.00000000e+00 1.29957521e-01 9.54049450e-01 0.00000000e+00 2.99649206e-01 1.05439807e+01
6.1799756765e+01 3.22414200e-01 0.00000000e+00 -9.46598692e-01 4.17392981e+01 0.00000000e+00 1.00000000e+00 0.00000000e+00 1.21958048e-01 9.46598692e-01 0.00000000e+00 3.22414200e-01 1.05223604e+01
6.1899749279e+01 3.51484606e-01 0.00000000e+00 -9.36193661e-01 4.18439827e+01 0.00000000e+00 1.00000000e+00 0.00000000e+00 1.21358517e-01 9.36193661e-01 0.00000000e+00 3.51484606e-01 1.05001054e+01
6.1999743223e+01 3.79369327e-01 0.00000000e+00 -9.25245326e-01 4.19547783e+01 0.00000000e+00 1.00000000e+00 0.00000000e+00 1.21859025e-01 9.25245326e-01 0.00000000e+00 3.79369327e-01 1.04699352e+01
6.2099745512e+01 3.79404485e-01 0.00000000e+00 -9.25230910e-01 4.19548140e+01 0.00000000e+00 1.00000000e+00 0.00000000e+00 1.21859025e-01 9.25230910e-01 0.00000000e+00 3.79404485e-01 1.04699284e+01
6.2199803829e+01 4.45089449e-01 0.00000000e+00 -8.95486115e-01 4.21878502e+01 0.00000000e+00 1.00000000e+00 0.00000000e+00 1.26760049e-01 8.95486115e-01 0.00000000e+00 4.45089449e-01 1.04078943e+01
6.2299800158e+01 4.45168190e-01 0.00000000e+00 -8.95446974e-01 4.21879314e+01 0.00000000e+00 1.00000000e+00 0.00000000e+00 1.26760049e-01 8.95446974e-01 0.00000000e+00 4.45168190e-01 1.04078725e+01
6.2399816275e+01 5.18409936e-01 0.00000000e+00 -8.55132234e-01 4.24193774e+01 0.00000000e+00 1.00000000e+00 0.00000000e+00 1.27860994e-01 8.55132234e-01 0.00000000e+00 5.18409936e-01 1.03272853e+01
6.2499807358e+01 5.52446504e-01 0.00000000e+00 -8.33548355e-01 4.25316554e+01 0.00000000e+00 1.00000000e+00 0.00000000e+00 1.32561453e-01 8.33548355e-01 0.00000000e+00 5.52446504e-01 1.02809237e+01
6.2599720478e+01 5.83027960e-01 0.00000000e+00 -8.12452090e-01 4.26403549e+01 0.00000000e+00 1.00000000e+00 0.00000000e+00 1.33661896e-01 8.12452090e-01 0.00000000e+00 5.83027960e-01 1.02240852e+01
6.2699760199e+01 6.02065989e-01 0.00000000e+00 -7.98446332e-01 4.27427090e+01 0.00000000e+00 1.00000000e+00 0.00000000e+00 1.30562378e-01 7.98446332e-01 0.00000000e+00 6.02065989e-01 1.01706274e+01
6.2799843073e+01 6.10241293e-01 0.00000000e+00 -7.92215605e-01 4.28383271e+01 0.00000000e+00 1.00000000e+00 0.00000000e+00 1.25662887e-01 7.92215605e-01 0.00000000e+00 6.10241293e-01 1.01173427e+01
6.2899848461e+01 6.30968069e-01 0.00000000e+00 -7.75808801e-01 4.29491113e+01 0.00000000e+00 1.00000000e+00 0.00000000e+00 1.27963414e-01 7.75808801e-01 0.00000000e+00 6.30968069e-01 1.00616328e+01
6.2999800682e+01 6.35964000e-01 0.00000000e+00 -7.71718725e-01 4.30434675e+01 0.00000000e+00 1.00000000e+00 0.00000000e+00 1.19963930e-01 7.71718725e-01 0.00000000e+00 6.35964000e-01 1.00040200e+01
6.3099804878e+01 6.35970475e-01 0.00000000e+00 -7.71713389e-01 4.30434745e+01 0.00000000e+00 1.00000000e+00 0.00000000e+00 1.19963930e-01 7.71713389e-01 0.00000000e+00 6.35970475e-01 1.00040162e+01
6.3199804783e+01 6.76085213e-01 0.00000000e+00 -7.36823442e-01 4.32436865e+01 0.00000000e+00 1.00000000e+00 0.00000000e+00 1.51664848e-01 7.36823442e-01 0.00000000e+00 6.76085213e-01 9.88601932e+00
6.3320947409e+01 6.73534227e-01 0.00000000e+00 -7.39156036e-01 4.33295531e+01 0.00000000e+00 1.00000000e+00 0.00000000e+00 1.42765359e-01 7.39156036e-01 0.00000000e+00 6.73534227e-01 9.82563733e+00
6.3399871111e+01 6.71699209e-01 0.00000000e+00 -7.40823982e-01 4.34201398e+01 0.00000000e+00 1.00000000e+00 0.00000000e+00 1.49165900e-01 7.40823982e-01 0.00000000e+00 6.71699209e-01 9.76750000e+00
6.3499726534e+01 6.71463544e-01 0.00000000e+00 -7.41037589e-01 4.35071466e+01 0.00000000e+00 1.00000000e+00 0.00000000e+00 1.54966420e-01 7.41037589e-01 0.00000000e+00 6.71463544e-01 9.71626269e+00
6.3599758863e+01 6.74114417e-01 0.00000000e+00 -7.38626938e-01 4.35953707e+01 0.00000000e+00 1.00000000e+00 0.00000000e+00 1.62966921e-01 7.38626938e-01 0.00000000e+00 6.74114417e-01 9.66015356e+00
6.3699832916e+01 6.77217997e-01 0.00000000e+00 -7.35782431e-01 4.36806924e+01 0.00000000e+00 1.00000000e+00 0.00000000e+00 1.63267407e-01 7.35782431e-01 0.00000000e+00 6.77217997e-01 9.60594421e+00
6.3799861670e+01 6.69704047e-01 0.00000000e+00 -7.42628096e-01 4.37586385e+01 0.00000000e+00 1.00000000e+00 0.00000000e+00 1.55867909e-01 7.42628096e-01 0.00000000e+00 6.69704047e-01 9.54892084e+00
6.3899777651e+01 6.83034587e-01 0.00000000e+00 -7.30386030e-01 4.38551904e+01 0.00000000e+00 1.00000000e+00 0.00000000e+00 1.68568404e-01 7.30386030e-01 0.00000000e+00 6.83034587e-01 9.49336891e+00
6.3999764204e+01 6.88445188e-01 0.00000000e+00 -7.25288373e-01 4.39469350e+01 0.00000000e+00 1.00000000e+00 0.00000000e+00 1.60568918e-01 7.25288373e-01 0.00000000e+00 6.88445188e-01 9.43543424e+00
6.4099805593e+01 6.88452053e-01 0.00000000e+00 -7.25281856e-01 4.39469426e+01 0.00000000e+00 1.00000000e+00 0.00000000e+00 1.60568918e-01 7.25281856e-01 0.00000000e+00 6.88452053e-01 9.43542945e+00
6.4199795008e+01 7.14036076e-01 0.00000000e+00 -7.00108908e-01 4.41200758e+01 0.00000000e+00 1.00000000e+00 0.00000000e+00 1.67169770e-01 7.00108908e-01 0.00000000e+00 7.14036076e-01 9.31503634e+00
6.4299791813e+01 7.44616380e-01 0.00000000e+00 -6.67492657e-01 4.42182566e+01 0.00000000e+00 1.00000000e+00 0.00000000e+00 1.60570135e-01 6.67492657e-01 0.00000000e+00 7.44616380e-01 9.23615221e+00
6.4399820805e+01 7.78688594e-01 0.00000000e+00 -6.27410610e-01 4.43144403e+01 0.00000000e+00 1.00000000e+00 0.00000000e+00 1.72570470e-01 6.27410610e-01 0.00000000e+00 7.78688594e-01 9.16379029e+00
6.4499772787e+01 8.02606076e-01 0.00000000e+00 -5.96509419e-01 4.43986010e+01 0.00000000e+00 1.00000000e+00 0.00000000e+00 1.83870773e-01 5.96509419e-01 0.00000000e+00 8.02606076e-01 9.07782148e+00
6.4599764347e+01 8.21141913e-01 0.00000000e+00 -5.70724066e-01 4.44753689e+01 0.00000000e+00 1.00000000e+00 0.00000000e+00 1.82171065e-01 5.70724066e-01 0.00000000e+00 8.21141913e-01 8.99176221e+00
6.4699830294e+01 8.47674544e-01 0.00000000e+00 -5.30516605e-01 4.45611028e+01 0.00000000e+00 1.00000000e+00 0.00000000e+00 1.79571353e-01 5.30516605e-01 0.00000000e+00 8.47674544e-01 8.89793145e+00
6.4799763441e+01 8.70284757e-01 0.00000000e+00 -4.92548923e-01 4.46385693e+01 0.00000000e+00 1.00000000e+00 0.00000000e+00 1.88271610e-01 4.92548923e-01 0.00000000e+00 8.70284757e-01 8.80304033e+00
6.4899710417e+01 8.93920329e-01 0.00000000e+00 -4.48225887e-01 4.47125800e+01 0.00000000e+00 1.00000000e+00 0.00000000e+00 1.88371823e-01 4.48225887e-01 0.00000000e+00 8.93920329e-01 8.69737400e+00
6.4999767065e+01 9.15149202e-01 0.00000000e+00 -4.03115292e-01 4.47838993e+01 0.00000000e+00 1.00000000e+00 0.00000000e+00 1.94272036e-01 4.03115292e-01 0.00000000e+00 9.15149202e-01 8.59332325e+00
6.5099848270e+01 9.15177169e-01 0.00000000e+00 -4.03051794e-01 4.47839375e+01 0.00000000e+00 1.00000000e+00 0.00000000e+00 1.94272036e-01 4.03051794e-01 0.00000000e+00 9.15177169e-01 8.59326912e+00
6.5199805260e+01 9.39979935e-01 0.00000000e+00 -3.41229721e-01 4.49094976e+01 0.00000000e+00 1.00000000e+00 0.00000000e+00 1.93272485e-01 3.41229721e-01 0.00000000e+00 9.39979935e-01 8.39528067e+00
6.5299799919e+01 9.52122980e-01 0.00000000e+00 -3.05715279e-01 4.49683856e+01 0.00000000e+00 1.00000000e+00 0.00000000e+00 2.05972673e-01 3.05715279e-01 0.00000000e+00 9.52122980e-01 8.28661703e+00
6.5399749994e+01 9.57317196e-01 0.00000000e+00 -2.89039421e-01 4.50183884e+01 0.00000000e+00 1.00000000e+00 0.00000000e+00 1.99872855e-01 2.89039421e-01 0.00000000e+00 9.57317196e-01 8.18217461e+00
6.5499788046e+01 9.57325046e-01 0.00000000e+00 -2.89013418e-01 4.50184006e+01 0.00000000e+00 1.00000000e+00 0.00000000e+00 1.99872855e-01 2.89013418e-01 0.00000000e+00 9.57325046e-01 8.18215176e+00
6.5599810123e+01 9.65289017e-01 0.00000000e+00 -2.61184062e-01 4.51128037e+01 0.00000000e+00 1.00000000e+00 0.00000000e+00 2.07373220e-01 2.61184062e-01 0.00000000e+00 9.65289017e-01 7.98877655e+00
6.5699820995e+01 9.68896240e-01 0.00000000e+00 -2.47467321e-01 4.51623574e+01 0.00000000e+00 1.00000000e+00 0.00000000e+00 1.88573417e-01 2.47467321e-01 0.00000000e+00 9.68896240e-01 7.88566088e+00
6.5799736977e+01 9.71678665e-01 0.00000000e+00 -2.36306100e-01 4.52053295e+01 0.00000000e+00 1.00000000e+00 0.00000000e+00 1.96773584e-01 2.36306100e-01 0.00000000e+00 9.71678665e-01 7.78922500e+00
6.5899791241e+01 9.72948477e-01 0.00000000e+00 -2.31022207e-01 4.52445417e+01 0.00000000e+00 1.00000000e+00 0.00000000e+00 1.96173745e-01 2.31022207e-01 0.00000000e+00 9.72948477e-01 7.70059389e+00
6.5999736071e+01 9.76958331e-01 0.00000000e+00 -2.13430128e-01 4.52880236e+01 0.00000000e+00 1.00000000e+00 0.00000000e+00 2.03773898e-01 2.13430128e-01 0.00000000e+00 9.76958331e-01 7.59643533e+00
6.6099768400e+01 9.76963332e-01 0.00000000e+00 -2.13407234e-01 4.52880326e+01 0.00000000e+00 1.00000000e+00 0.00000000e+00 2.03773898e-01 2.13407234e-01 0.00000000e+00 9.76963332e-01 7.59641485e+00
6.6199777365e+01 9.87680501e-01 0.00000000e+00 -1.56483953e-01 4.53702176e+01 0.00000000e+00 1.00000000e+00 0.00000000e+00 1.89174137e-01 1.56483953e-01 0.00000000e+00 9.87680501e-01 7.37518925e+00
6.6299872160e+01 9.92458610e-01 0.00000000e+00 -1.22580210e-01 4.54028444e+01 0.00000000e+00 1.00000000e+00 0.00000000e+00 2.01874205e-01 1.22580210e-01 0.00000000e+00 9.92458610e-01 7.26753323e+00
6.6418829441e+01 9.96844984e-01 0.00000000e+00 -7.93730309e-02 4.54326262e+01 0.00000000e+00 1.00000000e+00 0.00000000e+00 2.03074237e-01 7.93730309e-02 0.00000000e+00 9.96844984e-01 7.14495946e+00
6.6499773979e+01 9.99017671e-01 0.00000000e+00 -4.43135776e-02 4.54579753e+01 0.00000000e+00 1.00000000e+00 0.00000000e+00 1.99074270e-01 4.43135776e-02 0.00000000e+00 9.99017671e-01 7.03615490e+00
6.6599771500e+01 9.99888433e-01 0.00000000e+00 -1.49372724e-02 4.54766444e+01 0.00000000e+00 1.00000000e+00 0.00000000e+00 2.13874270e-01 1.49372724e-02 0.00000000e+00 9.99888433e-01 6.92756483e+00
6.6699748039e+01 9.99626907e-01 0.00000000e+00 2.73138643e-02 4.54943210e+01 0.00000000e+00 1.00000000e+00 0.00000000e+00 2.04374253e-01 -2.73138643e-02 0.00000000e+00 9.99626907e-01 6.80513202e+00
6.6799758434e+01 9.97689854e-01 0.00000000e+00 6.79334605e-02 4.55074499e+01 0.00000000e+00 1.00000000e+00 0.00000000e+00 2.10574219e-01 -6.79334605e-02 0.00000000e+00 9.97689854e-01 6.68598365e+00
6.6899745703e+01 9.93740839e-01 0.00000000e+00 1.11710089e-01 4.55142155e+01 0.00000000e+00 1.00000000e+00 0.00000000e+00 2.10774152e-01 -1.11710089e-01 0.00000000e+00 9.93740839e-01 6.56428300e+00
6.6999757528e+01 9.90460576e-01 0.00000000e+00 1.37796399e-01 4.55197178e+01 0.00000000e+00 1.00000000e+00 0.00000000e+00 2.10074090e-01 -1.37796399e-01 0.00000000e+00 9.90460576e-01 6.45259660e+00
6.7099795341e+01 9.90454691e-01 0.00000000e+00 1.37838694e-01 4.55197203e+01 0.00000000e+00 1.00000000e+00 0.00000000e+00 2.10074090e-01 -1.37838694e-01 0.00000000e+00 9.90454691e-01 6.45255589e+00
6.7199863911e+01 9.87079033e-01 0.00000000e+00 1.60234147e-01 4.55294714e+01 0.00000000e+00 1.00000000e+00 0.00000000e+00 2.22573957e-01 -1.60234147e-01 0.00000000e+00 9.87079033e-01 6.23749660e+00
6.7320877790e+01 9.87712885e-01 0.00000000e+00 1.56279417e-01 4.55330362e+01 0.00000000e+00 1.00000000e+00 0.00000000e+00 2.21073880e-01 -1.56279417e-01 0.00000000e+00 9.87712885e-01 6.13546978e+00
6.7399902344e+01 9.86938289e-01 0.00000000e+00 1.61098770e-01 4.55359693e+01 0.00000000e+00 1.00000000e+00 0.00000000e+00 2.22273804e-01 -1.61098770e-01 0.00000000e+00 9.86938289e-01 6.03052086e+00
6.7500021696e+01 9.86957876e-01 0.00000000e+00 1.60978731e-01 4.55373617e+01 0.00000000e+00 1.00000000e+00 0.00000000e+00 2.14773720e-01 -1.60978731e-01 0.00000000e+00 9.86957876e-01 5.93076408e+00
6.7599759817e+01 9.84602040e-01 0.00000000e+00 1.74810822e-01 4.55477008e+01 0.00000000e+00 1.00000000e+00 0.00000000e+00 2.09473694e-01 -1.74810822e-01 0.00000000e+00 9.84602040e-01 5.81496577e+00
6.7700164318e+01 9.84721384e-01 0.00000000e+00 1.74137291e-01 4.55490521e+01 0.00000000e+00 1.00000000e+00 0.00000000e+00 2.11273612e-01 -1.74137291e-01 0.00000000e+00 9.84721384e-01 5.71534006e+00
6.7799791813e+01 9.85182951e-01 0.00000000e+00 1.71506716e-01 4.55523871e+01 0.00000000e+00 1.00000000e+00 0.00000000e+00 1.99273551e-01 -1.71506716e-01 0.00000000e+00 9.85182951e-01 5.61878180e+00
6.7899870157e+01 9.83441677e-01 0.00000000e+00 1.81224911e-01 4.55527231e+01 0.00000000e+00 1.00000000e+00 0.00000000e+00 2.05173459e-01 -1.81224911e-01 0.00000000e+00 9.83441677e-01 5.50704915e+00
6.7999784470e+01 9.84192467e-01 0.00000000e+00 1.77102195e-01 4.55549783e+01 0.00000000e+00 1.00000000e+00 0.00000000e+00 2.10973389e-01 -1.77102195e-01 0.00000000e+00 9.84192467e-01 5.41051865e+00
6.8099837065e+01 9.84193753e-01 0.00000000e+00 1.77095047e-01 4.55549782e+01 0.00000000e+00 1.00000000e+00 0.00000000e+00 2.10973389e-01 -1.77095047e-01 0.00000000e+00 9.84193753e-01 5.41052559e+00
6.8199786186e+01 9.81271281e-01 0.00000000e+00 1.92630927e-01 4.55609329e+01 0.00000000e+00 1.00000000e+00 0.00000000e+00 2.03173261e-01 -1.92630927e-01 0.00000000e+00 9.81271281e-01 5.19294203e+00
6.8299808264e+01 9.82343793e-01 0.00000000e+00 1.87084665e-01 4.55597257e+01 0.00000000e+00 1.00000000e+00 0.00000000e+00 2.10673166e-01 -1.87084665e-01 0.00000000e+00 9.82343793e-01 5.09489957e+00
6.8399762154e+01 9.82174213e-01 0.00000000e+00 1.87972911e-01 4.55612845e+01 0.00000000e+00 1.00000000e+00 0.00000000e+00 2.10873102e-01 -1.87972911e-01 0.00000000e+00 9.82174213e-01 4.99842812e+00
6.8499727249e+01 9.83376034e-01 0.00000000e+00 1.81580767e-01 4.55633762e+01 0.00000000e+00 1.00000000e+00 0.00000000e+00 2.11973041e-01 -1.81580767e-01 0.00000000e+00 9.83376034e-01 4.90538856e+00
6.8599965572e+01 9.79275809e-01 0.00000000e+00 2.02531209e-01 4.55608024e+01 0.00000000e+00 1.00000000e+00 0.00000000e+00 2.15372942e-01 -2.02531209e-01 0.00000000e+00 9.79275809e-01 4.78336738e+00
6.8699823856e+01 9.80171689e-01 0.00000000e+00 1.98150096e-01 4.55622849e+01 0.00000000e+00 1.00000000e+00 0.00000000e+00 2.26072882e-01 -1.98150096e-01 0.00000000e+00 9.80171689e-01 4.69394357e+00
6.8799835682e+01 9.79348637e-01 0.00000000e+00 2.02178750e-01 4.55600848e+01 0.00000000e+00 1.00000000e+00 0.00000000e+00 2.26972796e-01 -2.02178750e-01 0.00000000e+00 9.79348637e-01 4.59255316e+00
6.8899862289e+01 9.78231459e-01 0.00000000e+00 2.07516777e-01 4.55607278e+01 0.00000000e+00 1.00000000e+00 0.00000000e+00 2.27272728e-01 -2.07516777e-01 0.00000000e+00 9.78231459e-01 4.48598704e+00
6.8999758244e+01 9.78899611e-01 0.00000000e+00 2.04341752e-01 4.55554000e+01 0.00000000e+00 1.00000000e+00 0.00000000e+00 2.19772619e-01 -2.04341752e-01 0.00000000e+00 9.78899611e-01 4.38872582e+00
6.9099755049e+01 9.78900569e-01 0.00000000e+00 2.04337164e-01 4.55554001e+01 0.00000000e+00 1.00000000e+00 0.00000000e+00 2.19772619e-01 -2.04337164e-01 0.00000000e+00 9.78900569e-01 4.38873029e+00
6.9199771166e+01 9.77423513e-01 0.00000000e+00 2.11289557e-01 4.55537487e+01 0.00000000e+00 1.00000000e+00 0.00000000e+00 2.23472476e-01 -2.11289557e-01 0.00000000e+00 9.77423513e-01 4.18729246e+00
6.9299789429e+01 9.76740270e-01 0.00000000e+00 2.14425848e-01 4.55529231e+01 0.00000000e+00 1.00000000e+00 0.00000000e+00 2.23672404e-01 -2.14425848e-01 0.00000000e+00 9.76740270e-01 4.08619243e+00
6.9399723768e+01 9.77869383e-01 0.00000000e+00 2.09216325e-01 4.55501539e+01 0.00000000e+00 1.00000000e+00 0.00000000e+00 2.20772317e-01 -2.09216325e-01 0.00000000e+00 9.77869383e-01 3.98515366e+00
6.9499732971e+01 9.76248789e-01 0.00000000e+00 2.16652493e-01 4.55457891e+01 0.00000000e+00 1.00000000e+00 0.00000000e+00 2.19972220e-01 -2.16652493e-01 0.00000000e+00 9.76248789e-01 3.87371229e+00
6.9599768639e+01 9.74700266e-01 0.00000000e+00 2.23515974e-01 4.55410660e+01 0.00000000e+00 1.00000000e+00 0.00000000e+00 2.24772124e-01 -2.23515974e-01 0.00000000e+00 9.74700266e-01 3.76252485e+00
6.9699773550e+01 9.74958801e-01 0.00000000e+00 2.22385558e-01 4.55270583e+01 0.00000000e+00 1.00000000e+00 0.00000000e+00 2.42671973e-01 -2.22385558e-01 0.00000000e+00 9.74958801e-01 3.67182092e+00
6.9799755096e+01 9.76344354e-01 0.00000000e+00 2.16221419e-01 4.55224942e+01 0.00000000e+00 1.00000000e+00 0.00000000e+00 2.48971875e-01 -2.16221419e-01 0.00000000e+00 9.76344354e-01 3.56951211e+00
6.9899753809e+01 9.74581480e-01 0.00000000e+00 2.24033344e-01 4.55205207e+01 0.00000000e+00 1.00000000e+00 0.00000000e+00 2.46871805e-01 -2.24033344e-01 0.00000000e+00 9.74581480e-01 3.45765262e+00
6.9999783039e+01 9.72942799e-01 0.00000000e+00 2.31046120e-01 4.55159384e+01 0.00000000e+00 1.00000000e+00 0.00000000e+00 2.50071722e-01 -2.31046120e-01 0.00000000e+00 9.72942799e-01 3.35471890e+00
7.0099702835e+01 9.72940658e-01 0.00000000e+00 2.31055137e-01 4.55159381e+01 0.00000000e+00 1.00000000e+00 0.00000000e+00 2.50071722e-01 -2.31055137e-01 0.00000000e+00 9.72940658e-01 3.35471005e+00
7.0199889660e+01 9.70348960e-01 0.00000000e+00 2.41708288e-01 4.55106230e+01 0.00000000e+00 1.00000000e+00 0.00000000e+00 2.55071577e-01 -2.41708288e-01 0.00000000e+00 9.70348960e-01 3.13361654e+00
7.0299853086e+01 9.72516472e-01 0.00000000e+00 2.32834088e-01 4.55046194e+01 0.00000000e+00 1.00000000e+00 0.00000000e+00 2.59771482e-01 -2.32834088e-01 0.00000000e+00 9.72516472e-01 3.04062396e+00
7.0399746180e+01 9.71808712e-01 0.00000000e+00 2.35770708e-01 4.55006087e+01 0.00000000e+00 1.00000000e+00 0.00000000e+00 2.65671404e-01 -2.35770708e-01 0.00000000e+00 9.71808712e-01 2.93337602e+00
7.0499838114e+01 9.71750144e-01 0.00000000e+00 2.36011986e-01 4.54980813e+01 0.00000000e+00 1.00000000e+00 0.00000000e+00 2.61171338e-01 -2.36011986e-01 0.00000000e+00 9.71750144e-01 2.83287668e+00
7.0599789619e+01 9.71842558e-01 0.00000000e+00 2.35631157e-01 4.54978007e+01 0.00000000e+00 1.00000000e+00 0.00000000e+00 2.60471290e-01 -2.35631157e-01 0.00000000e+00 9.71842558e-01 2.72806779e+00
7.0699734211e+01 9.69392024e-01 0.00000000e+00 2.45518033e-01 4.54906057e+01 0.00000000e+00 1.00000000e+00 0.00000000e+00 2.62671197e-01 -2.45518033e-01 0.00000000e+00 9.69392024e-01 2.61370306e+00
7.0799861908e+01 9.69532739e-01 0.00000000e+00 2.44961770e-01 4.54819216e+01 0.00000000e+00 1.00000000e+00 0.00000000e+00 2.61371095e-01 -2.44961770e-01 0.00000000e+00 9.69532739e-01 2.51312410e+00
7.0899831057e+01 9.68956178e-01 0.00000000e+00 2.47232534e-01 4.54776344e+01 0.00000000e+00 1.00000000e+00 0.00000000e+00 2.63471024e-01 -2.47232534e-01 0.00000000e+00 9.68956178e-01 2.40836335e+00
7.0999726772e+01 9.66506103e-01 0.00000000e+00 2.56643632e-01 4.54701028e+01 0.00000000e+00 1.00000000e+00 0.00000000e+00 2.65370934e-01 -2.56643632e-01 0.00000000e+00 9.66506103e-01 2.29775960e+00
7.1099785566e+01 9.66502519e-01 0.00000000e+00 2.56657128e-01 4.54701020e+01 0.00000000e+00 1.00000000e+00 0.00000000e+00 2.65370934e-01 -2.56657128e-01 0.00000000e+00 9.66502519e-01 2.29774629e+00
7.1199774504e+01 9.67212999e-01 0.00000000e+00 2.53966562e-01 4.54544965e+01 0.00000000e+00 1.00000000e+00 0.00000000e+00 2.66770752e-01 -2.53966562e-01 0.00000000e+00 9.67212999e-01 2.09819823e+00
7.1299748898e+01 9.66529415e-01 0.00000000e+00 2.56555823e-01 4.54482222e+01 0.00000000e+00 1.00000000e+00 0.00000000e+00 2.76970675e-01 -2.56555823e-01 0.00000000e+00 9.66529415e-01 1.99916784e+00
7.1399849176e+01 9.64889509e-01 0.00000000e+00 2.62656116e-01 4.54393651e+01 0.00000000e+00 1.00000000e+00 0.00000000e+00 2.76770584e-01 -2.62656116e-01 0.00000000e+00 9.64889509e-01 1.89624320e+00
7.1499896526e+01 9.65026354e-01 0.00000000e+00 2.62152887e-01 4.54355975e+01 0.00000000e+00 1.00000000e+00 0.00000000e+00 2.73470526e-01 -2.62152887e-01 0.00000000e+00 9.65026354e-01 1.79421746e+00
7.1599762201e+01 9.63881948e-01 0.00000000e+00 2.66329853e-01 4.54283823e+01 0.00000000e+00 1.00000000e+00 0.00000000e+00 2.74970450e-01 -2.66329853e-01 0.00000000e+00 9.63881948e-01 1.69340740e+00
7.1699775934e+01 9.63422200e-01 0.00000000e+00 2.67988181e-01 4.54191994e+01 0.00000000e+00 1.00000000e+00 0.00000000e+00 2.76670360e-01 -2.67988181e-01 0.00000000e+00 9.63422200e-01 1.59242962e+00
7.1799775839e+01 9.62808634e-01 0.00000000e+00 2.70184261e-01 4.54112527e+01 0.00000000e+00 1.00000000e+00 0.00000000e+00 2.82770278e-01 -2.70184261e-01 0.00000000e+00 9.62808634e-01 1.49679373e+00
7.1899749517e+01 9.61545832e-01 0.00000000e+00 2.74644522e-01 4.54001156e+01 0.00000000e+00 1.00000000e+00 0.00000000e+00 2.84170179e-01 -2.74644522e-01 0.00000000e+00 9.61545832e-01 1.39534219e+00
7.1999723673e+01 9.61827464e-01 0.00000000e+00 2.73656590e-01 4.53944137e+01 0.00000000e+00 1.00000000e+00 0.00000000e+00 2.85870115e-01 -2.73656590e-01 0.00000000e+00 9.61827464e-01 1.29608907e+00
7.2099831104e+01 9.61827807e-01 0.00000000e+00 2.73655387e-01 4.53944138e+01 0.00000000e+00 1.00000000e+00 0.00000000e+00 2.85870115e-01 -2.73655387e-01 0.00000000e+00 9.61827807e-01 1.29609026e+00
7.2199886322e+01 9.60420400e-01 0.00000000e+00 2.78554581e-01 4.53761985e+01 0.00000000e+00 1.00000000e+00 0.00000000e+00 2.84069948e-01 -2.78554581e-01 0.00000000e+00 9.60420400e-01 1.08951684e+00
7.2299942255e+01 9.62123094e-01 0.00000000e+00 2.72615391e-01 4.53672218e+01 0.00000000e+00 1.00000000e+00 0.00000000e+00 2.84669864e-01 -2.72615391e-01 0.00000000e+00 9.62123094e-01 9.93728190e-01
7.2399853945e+01 9.59123497e-01 0.00000000e+00 2.82987838e-01 4.53503917e+01 0.00000000e+00 1.00000000e+00 0.00000000e+00 2.89669735e-01 -2.82987838e-01 0.00000000e+00 9.59123497e-01 8.82842850e-01
7.2529021978e+01 9.58103918e-01 0.00000000e+00 2.86420813e-01 4.53423941e+01 0.00000000e+00 1.00000000e+00 0.00000000e+00 2.87169666e-01 -2.86420813e-01 0.00000000e+00 9.58103918e-01 7.79840814e-01
7.2599822283e+01 9.55822287e-01 0.00000000e+00 2.93945157e-01 4.53290320e+01 0.00000000e+00 1.00000000e+00 0.00000000e+00 2.88869565e-01 -2.93945157e-01 0.00000000e+00 9.55822287e-01 6.79389970e-01
7.2699842215e+01 9.58058737e-01 0.00000000e+00 2.86571904e-01 4.53206304e+01 0.00000000e+00 1.00000000e+00 0.00000000e+00 2.93469488e-01 -2.86571904e-01 0.00000000e+00 9.58058737e-01 5.76946051e-01
7.2799837112e+01 9.57557359e-01 0.00000000e+00 2.88242787e-01 4.53118650e+01 0.00000000e+00 1.00000000e+00 0.00000000e+00 2.93769417e-01 -2.88242787e-01 0.00000000e+00 9.57557359e-01 4.73511418e-01
7.2899839401e+01 9.55813694e-01 0.00000000e+00 2.93973099e-01 4.53043568e+01 0.00000000e+00 1.00000000e+00 0.00000000e+00 2.87969358e-01 -2.93973099e-01 0.00000000e+00 9.55813694e-01 3.70584535e-01
7.2999769926e+01 9.57851533e-01 0.00000000e+00 2.87263711e-01 4.52952568e+01 0.00000000e+00 1.00000000e+00 0.00000000e+00 3.00969284e-01 -2.87263711e-01 0.00000000e+00 9.57851533e-01 2.74330474e-01
7.3099807739e+01 9.57854587e-01 0.00000000e+00 2.87253528e-01 4.52952577e+01 0.00000000e+00 1.00000000e+00 0.00000000e+00 3.00969284e-01 -2.87253528e-01 0.00000000e+00 9.57854587e-01 2.74340584e-01
7.3199755669e+01 9.51553680e-01 0.00000000e+00 3.07482674e-01 4.52678039e+01 0.00000000e+00 1.00000000e+00 0.00000000e+00 3.03569097e-01 -3.07482674e-01 0.00000000e+00 9.51553680e-01 5.48044508e-02
7.3299839258e+01 9.51542892e-01 0.00000000e+00 3.07516055e-01 4.52678001e+01 0.00000000e+00 1.00000000e+00 0.00000000e+00 3.03569097e-01 -3.07516055e-01 0.00000000e+00 9.51542892e-01 5.47711619e-02
7.3399763107e+01 9.49004532e-01 0.00000000e+00 3.15262429e-01 4.52439301e+01 0.00000000e+00 1.00000000e+00 0.00000000e+00 3.06868932e-01 -3.15262429e-01 0.00000000e+00 9.49004532e-01 -1.48714575e-01
7.3499782562e+01 9.47270614e-01 0.00000000e+00 3.20434681e-01 4.52290671e+01 0.00000000e+00 1.00000000e+00 0.00000000e+00 3.01568833e-01 -3.20434681e-01 0.00000000e+00 9.47270614e-01 -2.51037147e-01
7.3599830866e+01 9.43943388e-01 0.00000000e+00 3.30107376e-01 4.52177387e+01 0.00000000e+00 1.00000000e+00 0.00000000e+00 3.02868766e-01 -3.30107376e-01 0.00000000e+00 9.43943388e-01 -3.58919087e-01
7.3699858427e+01 9.42750129e-01 0.00000000e+00 3.33499915e-01 4.52023510e+01 0.00000000e+00 1.00000000e+00 0.00000000e+00 3.14668665e-01 -3.33499915e-01 0.00000000e+00 9.42750129e-01 -4.65470815e-01
7.3799857855e+01 9.41039185e-01 0.00000000e+00 3.38297579e-01 4.51891481e+01 0.00000000e+00 1.00000000e+00 0.00000000e+00 3.06368581e-01 -3.38297579e-01 0.00000000e+00 9.41039185e-01 -5.60354491e-01
7.3899746895e+01 9.38381147e-01 0.00000000e+00 3.45602117e-01 4.51643289e+01 0.00000000e+00 1.00000000e+00 0.00000000e+00 3.22468422e-01 -3.45602117e-01 0.00000000e+00 9.38381147e-01 -6.65862348e-01
7.3999783278e+01 9.32983965e-01 0.00000000e+00 3.59917936e-01 4.51422740e+01 0.00000000e+00 1.00000000e+00 0.00000000e+00 3.26768293e-01 -3.59917936e-01 0.00000000e+00 9.32983965e-01 -7.74335290e-01
7.4099888086e+01 9.32976780e-01 0.00000000e+00 3.59936560e-01 4.51422708e+01 0.00000000e+00 1.00000000e+00 0.00000000e+00 3.26768293e-01 -3.59936560e-01 0.00000000e+00 9.32976780e-01 -7.74354084e-01
7.4199763536e+01 9.26269551e-01 0.00000000e+00 3.76861671e-01 4.51006691e+01 0.00000000e+00 1.00000000e+00 0.00000000e+00 3.31468043e-01 -3.76861671e-01 0.00000000e+00 9.26269551e-01 -9.84910196e-01
7.4299786568e+01 9.26704492e-01 0.00000000e+00 3.75790879e-01 4.50822548e+01 0.00000000e+00 1.00000000e+00 0.00000000e+00 3.31867927e-01 -3.75790879e-01 0.00000000e+00 9.26704492e-01 -1.08465272e+00
7.4448981524e+01 9.26230171e-01 0.00000000e+00 3.76958447e-01 4.50632424e+01 0.00000000e+00 1.00000000e+00 0.00000000e+00 3.34467809e-01 -3.76958447e-01 0.00000000e+00 9.26230171e-01 -1.17925504e+00
7.4499748230e+01 9.25746391e-01 0.00000000e+00 3.78144971e-01 4.50465875e+01 0.00000000e+00 1.00000000e+00 0.00000000e+00 3.29767711e-01 -3.78144971e-01 0.00000000e+00 9.25746391e-01 -1.27746639e+00
7.4599734068e+01 9.24828350e-01 0.00000000e+00 3.80384704e-01 4.50270865e+01 0.00000000e+00 1.00000000e+00 0.00000000e+00 3.32867595e-01 -3.80384704e-01 0.00000000e+00 9.24828350e-01 -1.38244491e+00
7.4699798107e+01 9.21810587e-01 0.00000000e+00 3.87640609e-01 4.50065663e+01 0.00000000e+00 1.00000000e+00 0.00000000e+00 3.27967481e-01 -3.87640609e-01 0.00000000e+00 9.21810587e-01 -1.48653969e+00
7.4799766541e+01 9.24966706e-01 0.00000000e+00 3.80048145e-01 4.49849671e+01 0.00000000e+00 1.00000000e+00 0.00000000e+00 3.35367340e-01 -3.80048145e-01 0.00000000e+00 9.24966706e-01 -1.58093590e+00
7.4899771214e+01 9.25136642e-01 0.00000000e+00 3.79634288e-01 4.49690767e+01 0.00000000e+00 1.00000000e+00 0.00000000e+00 3.36567253e-01 -3.79634288e-01 0.00000000e+00 9.25136642e-01 -1.68399243e+00
7.4999758959e+01 9.22932620e-01 0.00000000e+00 3.84961530e-01 4.49420979e+01 0.00000000e+00 1.00000000e+00 0.00000000e+00 3.39267096e-01 -3.84961530e-01 0.00000000e+00 9.22932620e-01 -1.78544193e+00
7.5099785328e+01 9.22929610e-01 0.00000000e+00 3.84968746e-01 4.49420965e+01 0.00000000e+00 1.00000000e+00 0.00000000e+00 3.39267096e-01 -3.84968746e-01 0.00000000e+00 9.22929610e-01 -1.78544926e+00
7.5199771404e+01 9.22815546e-01 0.00000000e+00 3.85242091e-01 4.49038305e+01 0.00000000e+00 1.00000000e+00 0.00000000e+00 3.34966883e-01 -3.85242091e-01 0.00000000e+00 9.22815546e-01 -1.98992923e+00
7.5314965725e+01 9.23666775e-01 0.00000000e+00 3.83196671e-01 4.48863174e+01 0.00000000e+00 1.00000000e+00 0.00000000e+00 3.36966787e-01 -3.83196671e-01 0.00000000e+00 9.23666775e-01 -2.08509984e+00
7.5399736404e+01 9.22971555e-01 0.00000000e+00 3.84868171e-01 4.48610460e+01 0.00000000e+00 1.00000000e+00 0.00000000e+00 3.33566643e-01 -3.84868171e-01 0.00000000e+00 9.22971555e-01 -2.18290408e+00
7.5499797821e+01 9.20949470e-01 0.00000000e+00 3.89682016e-01 4.48386594e+01 0.00000000e+00 1.00000000e+00 0.00000000e+00 3.41966526e-01 -3.89682016e-01 0.00000000e+00 9.20949470e-01 -2.28809917e+00
7.5599733829e+01 9.21709306e-01 0.00000000e+00 3.87881368e-01 4.48179221e+01 0.00000000e+00 1.00000000e+00 0.00000000e+00 3.40866412e-01 -3.87881368e-01 0.00000000e+00 9.21709306e-01 -2.38665820e+00
7.5699835300e+01 9.22892551e-01 0.00000000e+00 3.85057578e-01 4.47975158e+01 0.00000000e+00 1.00000000e+00 0.00000000e+00 3.44766301e-01 -3.85057578e-01 0.00000000e+00 9.22892551e-01 -2.48109676e+00
7.5799745321e+01 9.21432181e-01 0.00000000e+00 3.88539232e-01 4.47754705e+01 0.00000000e+00 1.00000000e+00 0.00000000e+00 3.48666189e-01 -3.88539232e-01 0.00000000e+00 9.21432181e-01 -2.58181727e+00
7.5899884701e+01 9.17863823e-01 0.00000000e+00 3.96895456e-01 4.47519566e+01 0.00000000e+00 1.00000000e+00 0.00000000e+00 3.56766073e-01 -3.96895456e-01 0.00000000e+00 9.17863823e-01 -2.68523405e+00
7.5999803066e+01 9.18564273e-01 0.00000000e+00 3.95271649e-01 4.47327052e+01 0.00000000e+00 1.00000000e+00 0.00000000e+00 3.56165975e-01 -3.95271649e-01 0.00000000e+00 9.18564273e-01 -2.78203486e+00
7.6099757433e+01 9.18565081e-01 0.00000000e+00 3.95269770e-01 4.47327056e+01 0.00000000e+00 1.00000000e+00 0.00000000e+00 3.56165975e-01 -3.95269770e-01 0.00000000e+00 9.18565081e-01 -2.78203295e+00
7.6199751616e+01 9.17112210e-01 0.00000000e+00 3.98629144e-01 4.46869421e+01 0.00000000e+00 1.00000000e+00 0.00000000e+00 3.54065743e-01 -3.98629144e-01 0.00000000e+00 9.17112210e-01 -2.97574245e+00
7.6299768925e+01 9.20886222e-01 0.00000000e+00 3.89831458e-01 4.46668218e+01 0.00000000e+00 1.00000000e+00 0.00000000e+00 3.56665636e-01 -3.89831458e-01 0.00000000e+00 9.20886222e-01 -3.06879890e+00
7.6399721622e+01 9.20048471e-01 0.00000000e+00 3.91804558e-01 4.46482096e+01 0.00000000e+00 1.00000000e+00 0.00000000e+00 3.58965557e-01 -3.91804558e-01 0.00000000e+00 9.20048471e-01 -3.17269066e+00
7.6499777794e+01 9.18186825e-01 0.00000000e+00 3.96147642e-01 4.46291774e+01 0.00000000e+00 1.00000000e+00 0.00000000e+00 3.60465477e-01 -3.96147642e-01 0.00000000e+00 9.18186825e-01 -3.27390961e+00
7.6599845886e+01 9.15557795e-01 0.00000000e+00 4.02186430e-01 4.46067959e+01 0.00000000e+00 1.00000000e+00 0.00000000e+00 3.56965375e-01 -4.02186430e-01 0.00000000e+00 9.15557795e-01 -3.37447345e+00
7.6699756622e+01 9.15694675e-01 0.00000000e+00 4.01874685e-01 4.45827007e+01 0.00000000e+00 1.00000000e+00 0.00000000e+00 3.69965258e-01 -4.01874685e-01 0.00000000e+00 9.15694675e-01 -3.46930499e+00
7.6799845934e+01 9.12544058e-01 0.00000000e+00 4.08978412e-01 4.45570552e+01 0.00000000e+00 1.00000000e+00 0.00000000e+00 3.72865141e-01 -4.08978412e-01 0.00000000e+00 9.12544058e-01 -3.57501386e+00
7.6899741411e+01 9.14276437e-01 0.00000000e+00 4.05090851e-01 4.45357642e+01 0.00000000e+00 1.00000000e+00 0.00000000e+00 3.66565042e-01 -4.05090851e-01 0.00000000e+00 9.14276437e-01 -3.66703416e+00
7.6999724388e+01 9.11805562e-01 0.00000000e+00 4.10622233e-01 4.45130353e+01 0.00000000e+00 1.00000000e+00 0.00000000e+00 3.62664949e-01 -4.10622233e-01 0.00000000e+00 9.11805562e-01 -3.77246378e+00
7.7099849224e+01 9.11802182e-01 0.00000000e+00 4.10629736e-01 4.45130336e+01 0.00000000e+00 1.00000000e+00 0.00000000e+00 3.62664949e-01 -4.10629736e-01 0.00000000e+00 9.11802182e-01 -3.77247144e+00
7.7199853897e+01 9.06132258e-01 0.00000000e+00 4.22994481e-01 4.44638640e+01 0.00000000e+00 1.00000000e+00 0.00000000e+00 3.70464736e-01 -4.22994481e-01 0.00000000e+00 9.06132258e-01 -3.96963647e+00
7.7329010010e+01 9.07690205e-01 0.00000000e+00 4.19640908e-01 4.44417272e+01 0.00000000e+00 1.00000000e+00 0.00000000e+00 3.63464636e-01 -4.19640908e-01 0.00000000e+00 9.07690205e-01 -4.06745097e+00
7.7399741173e+01 9.05030237e-01 0.00000000e+00 4.25347234e-01 4.44192002e+01 0.00000000e+00 1.00000000e+00 0.00000000e+00 3.60264549e-01 -4.25347234e-01 0.00000000e+00 9.05030237e-01 -4.16873288e+00
7.7499777794e+01 9.07638708e-01 0.00000000e+00 4.19752279e-01 4.44002939e+01 0.00000000e+00 1.00000000e+00 0.00000000e+00 3.63864469e-01 -4.19752279e-01 0.00000000e+00 9.07638708e-01 -4.25882597e+00
7.7599782467e+01 9.07133613e-01 0.00000000e+00 4.20842736e-01 4.43778251e+01 0.00000000e+00 1.00000000e+00 0.00000000e+00 3.59264384e-01 -4.20842736e-01 0.00000000e+00 9.07133613e-01 -4.36738679e+00
7.7699785709e+01 9.00527159e-01 0.00000000e+00 4.34799765e-01 4.43466877e+01 0.00000000e+00 1.00000000e+00 0.00000000e+00 3.68564255e-01 -4.34799765e-01 0.00000000e+00 9.00527159e-01 -4.47247710e+00
7.7799819946e+01 8.96403163e-01 0.00000000e+00 4.43239630e-01 4.43195782e+01 0.00000000e+00 1.00000000e+00 0.00000000e+00 3.57164148e-01 -4.43239630e-01 0.00000000e+00 8.96403163e-01 -4.57567877e+00
7.7899734974e+01 8.91321625e-01 0.00000000e+00 4.53371548e-01 4.42942310e+01 0.00000000e+00 1.00000000e+00 0.00000000e+00 3.57964051e-01 -4.53371548e-01 0.00000000e+00 8.91321625e-01 -4.67399505e+00
7.7999748945e+01 8.82531287e-01 0.00000000e+00 4.70253685e-01 4.42586103e+01 0.00000000e+00 1.00000000e+00 0.00000000e+00 3.61263902e-01 -4.70253685e-01 0.00000000e+00 8.82531287e-01 -4.77763885e+00
7.8099856853e+01 8.82517046e-01 0.00000000e+00 4.70280409e-01 4.42586020e+01 0.00000000e+00 1.00000000e+00 0.00000000e+00 3.61263902e-01 -4.70280409e-01 0.00000000e+00 8.82517046e-01 -4.77766656e+00
7.8199799776e+01 8.58526266e-01 0.00000000e+00 5.12769589e-01 4.41792224e+01 0.00000000e+00 1.00000000e+00 0.00000000e+00 3.54963574e-01 -5.12769589e-01 0.00000000e+00 8.58526266e-01 -4.98518739e+00
7.8299840927e+01 8.39378737e-01 0.00000000e+00 5.43546996e-01 4.41406308e+01 0.00000000e+00 1.00000000e+00 0.00000000e+00 3.52563449e-01 -5.43546996e-01 0.00000000e+00 8.39378737e-01 -5.09422143e+00
7.8399746895e+01 8.19882097e-01 0.00000000e+00 5.72532398e-01 4.40892775e+01 0.00000000e+00 1.00000000e+00 0.00000000e+00 3.51663245e-01 -5.72532398e-01 0.00000000e+00 8.19882097e-01 -5.20307651e+00
7.8499758244e+01 7.94646810e-01 0.00000000e+00 6.07072029e-01 4.40316434e+01 0.00000000e+00 1.00000000e+00 0.00000000e+00 3.52263024e-01 -6.07072029e-01 0.00000000e+00 7.94646810e-01 -5.31365678e+00
7.8599748373e+01 7.63234893e-01 0.00000000e+00 6.46121117e-01 4.39685358e+01 0.00000000e+00 1.00000000e+00 0.00000000e+00 3.68262798e-01 -6.46121117e-01 0.00000000e+00 7.63234893e-01 -5.42464329e+00
7.8699778557e+01 7.31813258e-01 0.00000000e+00 6.81505213e-01 4.39074746e+01 0.00000000e+00 1.00000000e+00 0.00000000e+00 3.66062589e-01 -6.81505213e-01 0.00000000e+00 7.31813258e-01 -5.53183272e+00
7.8799762487e+01 7.04351262e-01 0.00000000e+00 7.09851604e-01 4.38337376e+01 0.00000000e+00 1.00000000e+00 0.00000000e+00 3.58862279e-01 -7.09851604e-01 0.00000000e+00 7.04351262e-01 -5.63044200e+00
7.8899775505e+01 6.69847227e-01 0.00000000e+00 7.42498951e-01 4.37610132e+01 0.00000000e+00 1.00000000e+00 0.00000000e+00 3.60862015e-01 -7.42498951e-01 0.00000000e+00 6.69847227e-01 -5.73385235e+00
7.8999744415e+01 6.35292693e-01 0.00000000e+00 7.72271451e-01 4.36835185e+01 0.00000000e+00 1.00000000e+00 0.00000000e+00 3.51061723e-01 -7.72271451e-01 0.00000000e+00 6.35292693e-01 -5.83214945e+00
7.9099762917e+01 6.35244218e-01 0.00000000e+00 7.72311326e-01 4.36834807e+01 0.00000000e+00 1.00000000e+00 0.00000000e+00 3.51061723e-01 -7.72311326e-01 0.00000000e+00 6.35244218e-01 -5.83219596e+00
7.9199782848e+01 5.74136684e-01 0.00000000e+00 8.18759469e-01 4.35086200e+01 0.00000000e+00 1.00000000e+00 0.00000000e+00 3.51260968e-01 -8.18759469e-01 0.00000000e+00 5.74136684e-01 -6.00934216e+00
7.9322161674e+01 5.58964903e-01 0.00000000e+00 8.29191316e-01 4.34269928e+01 0.00000000e+00 1.00000000e+00 0.00000000e+00 3.63060549e-01 -8.29191316e-01 0.00000000e+00 5.58964903e-01 -6.08205445e+00
7.9399729013e+01 5.44012294e-01 0.00000000e+00 8.39077246e-01 4.33434246e+01 0.00000000e+00 1.00000000e+00 0.00000000e+00 3.64860131e-01 -8.39077246e-01 0.00000000e+00 5.44012294e-01 -6.16692245e+00
7.9499828339e+01 5.22019972e-01 0.00000000e+00 8.52933261e-01 4.32516278e+01 0.00000000e+00 1.00000000e+00 0.00000000e+00 3.72159685e-01 -8.52933261e-01 0.00000000e+00 5.22019972e-01 -6.24264310e+00
7.9599819422e+01 5.03218133e-01 0.00000000e+00 8.64159424e-01 4.31615400e+01 0.00000000e+00 1.00000000e+00 0.00000000e+00 3.75159232e-01 -8.64159424e-01 0.00000000e+00 5.03218133e-01 -6.31249848e+00
7.9700235605e+01 4.77499682e-01 0.00000000e+00 8.78631921e-01 4.30677927e+01 0.00000000e+00 1.00000000e+00 0.00000000e+00 3.87058792e-01 -8.78631921e-01 0.00000000e+00 4.77499682e-01 -6.38346521e+00
7.9799846172e+01 4.59865716e-01 0.00000000e+00 8.87988470e-01 4.29803284e+01 0.00000000e+00 1.00000000e+00 0.00000000e+00 3.96358355e-01 -8.87988470e-01 0.00000000e+00 4.59865716e-01 -6.45172091e+00
7.9899836540e+01 4.34214414e-01 0.00000000e+00 9.00809549e-01 4.28892417e+01 0.00000000e+00 1.00000000e+00 0.00000000e+00 3.89057943e-01 -9.00809549e-01 0.00000000e+00 4.34214414e-01 -6.52693415e+00
7.9999833345e+01 4.15863270e-01 0.00000000e+00 9.09427150e-01 4.27958610e+01 0.00000000e+00 1.00000000e+00 0.00000000e+00 3.85857473e-01 -9.09427150e-01 0.00000000e+00 4.15863270e-01 -6.59229126e+00
8.0099916458e+01 4.15842755e-01 0.00000000e+00 9.09436531e-01 4.27958436e+01 0.00000000e+00 1.00000000e+00 0.00000000e+00 3.85857473e-01 -9.09436531e-01 0.00000000e+00 4.15842755e-01 -6.59230393e+00
8.0199759245e+01 3.73993926e-01 0.00000000e+00 9.27431153e-01 4.26092023e+01 0.00000000e+00 1.00000000e+00 0.00000000e+00 3.88356559e-01 -9.27431153e-01 0.00000000e+00 3.73993926e-01 -6.71518806e+00
8.0299979448e+01 3.53717228e-01 0.00000000e+00 9.35352406e-01 4.25135401e+01 0.00000000e+00 1.00000000e+00 0.00000000e+00 3.96356078e-01 -9.35352406e-01 0.00000000e+00 3.53717228e-01 -6.76741036e+00
8.0399927855e+01 3.53691978e-01 0.00000000e+00 9.35361954e-01 4.25135183e+01 0.00000000e+00 1.00000000e+00 0.00000000e+00 3.96356078e-01 -9.35361954e-01 0.00000000e+00 3.53691978e-01 -6.76742408e+00
8.0499931335e+01 3.07392842e-01 0.00000000e+00 9.51582703e-01 4.23137153e+01 0.00000000e+00 1.00000000e+00 0.00000000e+00 3.86555097e-01 -9.51582703e-01 0.00000000e+00 3.07392842e-01 -6.86974330e+00
8.0599752665e+01 2.84699839e-01 0.00000000e+00 9.58616713e-01 4.22163443e+01 0.00000000e+00 1.00000000e+00 0.00000000e+00 3.91754621e-01 -9.58616713e-01 0.00000000e+00 2.84699839e-01 -6.91604982e+00
8.0699905396e+01 2.58085549e-01 0.00000000e+00 9.66122068e-01 4.21148612e+01 0.00000000e+00 1.00000000e+00 0.00000000e+00 3.87254142e-01 -9.66122068e-01 0.00000000e+00 2.58085549e-01 -6.96615859e+00
8.0799789906e+01 2.28893626e-01 0.00000000e+00 9.73451441e-01 4.20074947e+01 0.00000000e+00 1.00000000e+00 0.00000000e+00 3.85253637e-01 -9.73451441e-01 0.00000000e+00 2.28893626e-01 -7.01009086e+00
8.0899850130e+01 2.09163810e-01 0.00000000e+00 9.77880617e-01 4.19067730e+01 0.00000000e+00 1.00000000e+00 0.00000000e+00 3.84053125e-01 -9.77880617e-01 0.00000000e+00 2.09163810e-01 -7.05192221e+00
8.0999844313e+01 1.82715603e-01 0.00000000e+00 9.83165809e-01 4.18018632e+01 0.00000000e+00 1.00000000e+00 0.00000000e+00 3.78252622e-01 -9.83165809e-01 0.00000000e+00 1.82715603e-01 -7.09059232e+00
8.1099889040e+01 1.82683410e-01 0.00000000e+00 9.83171792e-01 4.18018342e+01 0.00000000e+00 1.00000000e+00 0.00000000e+00 3.78252622e-01 -9.83171792e-01 0.00000000e+00 1.82683410e-01 -7.09060402e+00
8.1199739695e+01 1.42635977e-01 0.00000000e+00 9.89775216e-01 4.15989805e+01 0.00000000e+00 1.00000000e+00 0.00000000e+00 3.80851586e-01 -9.89775216e-01 0.00000000e+00 1.42635977e-01 -7.15503328e+00
8.1306098938e+01 1.14309891e-01 0.00000000e+00 9.93445141e-01 4.14900321e+01 0.00000000e+00 1.00000000e+00 0.00000000e+00 3.75951065e-01 -9.93445141e-01 0.00000000e+00 1.14309891e-01 -7.18458437e+00
8.1399726391e+01 9.12159089e-02 0.00000000e+00 9.95831139e-01 4.13787572e+01 0.00000000e+00 1.00000000e+00 0.00000000e+00 3.80350506e-01 -9.95831139e-01 0.00000000e+00 9.12159089e-02 -7.21679084e+00
8.1499748230e+01 6.49749116e-02 0.00000000e+00 9.97886898e-01 4.12682958e+01 0.00000000e+00 1.00000000e+00 0.00000000e+00 3.73249968e-01 -9.97886898e-01 0.00000000e+00 6.49749116e-02 -7.24541117e+00
8.1599731207e+01 3.74409802e-02 0.00000000e+00 9.99298841e-01 4.11531369e+01 0.00000000e+00 1.00000000e+00 0.00000000e+00 3.89049411e-01 -9.99298841e-01 0.00000000e+00 3.74409802e-02 -7.27456690e+00
8.1699741840e+01 1.72894427e-02 0.00000000e+00 9.99850526e-01 4.10444739e+01 0.00000000e+00 1.00000000e+00 0.00000000e+00 3.89748847e-01 -9.99850526e-01 0.00000000e+00 1.72894427e-02 -7.29469730e+00
8.1799751282e+01 -5.58388140e-03 0.00000000e+00 9.99984410e-01 4.09387210e+01 0.00000000e+00 1.00000000e+00 0.00000000e+00 3.95248318e-01 -9.99984410e-01 0.00000000e+00 -5.58388140e-03 -7.31332836e+00
8.1899832964e+01 -3.37185135e-02 0.00000000e+00 9.99431369e-01 4.08207403e+01 0.00000000e+00 1.00000000e+00 0.00000000e+00 3.91747743e-01 -9.99431369e-01 0.00000000e+00 -3.37185135e-02 -7.33007268e+00
8.1999820948e+01 -5.57004208e-02 0.00000000e+00 9.98447526e-01 4.07128158e+01 0.00000000e+00 1.00000000e+00 0.00000000e+00 3.94347198e-01 -9.98447526e-01 0.00000000e+00 -5.57004208e-02 -7.34626746e+00
8.2099730492e+01 -5.57256613e-02 0.00000000e+00 9.98446118e-01 4.07127920e+01 0.00000000e+00 1.00000000e+00 0.00000000e+00 3.94347198e-01 -9.98446118e-01 0.00000000e+00 -5.57256613e-02 -7.34627093e+00
8.2199865580e+01 -1.00329786e-01 0.00000000e+00 9.94954237e-01 4.04877168e+01 0.00000000e+00 1.00000000e+00 0.00000000e+00 3.90746043e-01 -9.94954237e-01 0.00000000e+00 -1.00329786e-01 -7.36289935e+00
8.2299753189e+01 -1.19966009e-01 0.00000000e+00 9.92778000e-01 4.03768469e+01 0.00000000e+00 1.00000000e+00 0.00000000e+00 3.85145460e-01 -9.92778000e-01 0.00000000e+00 -1.19966009e-01 -7.36613890e+00
8.2440301180e+01 -1.52170816e-01 0.00000000e+00 9.88354209e-01 4.02518488e+01 0.00000000e+00 1.00000000e+00 0.00000000e+00 3.89044856e-01 -9.88354209e-01 0.00000000e+00 -1.52170816e-01 -7.36247844e+00
8.2499770164e+01 -1.78833650e-01 0.00000000e+00 9.83879325e-01 4.01347744e+01 0.00000000e+00 1.00000000e+00 0.00000000e+00 3.89244276e-01 -9.83879325e-01 0.00000000e+00 -1.78833650e-01 -7.36330326e+00
8.2599836111e+01 -2.04745022e-01 0.00000000e+00 9.78815343e-01 4.00214242e+01 0.00000000e+00 1.00000000e+00 0.00000000e+00 3.81143721e-01 -9.78815343e-01 0.00000000e+00 -2.04745022e-01 -7.36392884e+00
8.2699779987e+01 -2.29108249e-01 0.00000000e+00 9.73400950e-01 3.99115378e+01 0.00000000e+00 1.00000000e+00 0.00000000e+00 3.80643172e-01 -9.73400950e-01 0.00000000e+00 -2.29108249e-01 -7.35614236e+00
8.2799758434e+01 -2.55278286e-01 0.00000000e+00 9.66867621e-01 3.97968181e+01 0.00000000e+00 1.00000000e+00 0.00000000e+00 3.82342605e-01 -9.66867621e-01 0.00000000e+00 -2.55278286e-01 -7.34835621e+00
8.2899770498e+01 -2.75126823e-01 0.00000000e+00 9.61407942e-01 3.96870773e+01 0.00000000e+00 1.00000000e+00 0.00000000e+00 3.89842024e-01 -9.61407942e-01 0.00000000e+00 -2.75126823e-01 -7.33014021e+00
8.2999829769e+01 -3.00766614e-01 0.00000000e+00 9.53697774e-01 3.95757960e+01 0.00000000e+00 1.00000000e+00 0.00000000e+00 3.86841479e-01 -9.53697774e-01 0.00000000e+00 -3.00766614e-01 -7.32054877e+00
8.3099739313e+01 -3.00797348e-01 0.00000000e+00 9.53688081e-01 3.95757654e+01 0.00000000e+00 1.00000000e+00 0.00000000e+00 3.86841479e-01 -9.53688081e-01 0.00000000e+00 -3.00797348e-01 -7.32054553e+00
8.3199743509e+01 -3.45080921e-01 0.00000000e+00 9.38572937e-01 3.93502945e+01 0.00000000e+00 1.00000000e+00 0.00000000e+00 3.87940323e-01 -9.38572937e-01 0.00000000e+00 -3.45080921e-01 -7.28982365e+00
8.3321174383e+01 -3.63818989e-01 0.00000000e+00 9.31469669e-01 3.92464808e+01 0.00000000e+00 1.00000000e+00 0.00000000e+00 3.71739777e-01 -9.31469669e-01 0.00000000e+00 -3.63818989e-01 -7.26921481e+00
8.3399717569e+01 -3.95311732e-01 0.00000000e+00 9.18547024e-01 3.91283026e+01 0.00000000e+00 1.00000000e+00 0.00000000e+00 3.78139218e-01 -9.18547024e-01 0.00000000e+00 -3.95311732e-01 -7.23932148e+00
8.3499953747e+01 -4.13302380e-01 0.00000000e+00 9.10593841e-01 3.90256345e+01 0.00000000e+00 1.00000000e+00 0.00000000e+00 3.78538673e-01 -9.10593841e-01 0.00000000e+00 -4.13302380e-01 -7.21070535e+00
8.3599755287e+01 -4.40723124e-01 0.00000000e+00 8.97643096e-01 3.89138133e+01 0.00000000e+00 1.00000000e+00 0.00000000e+00 3.84438134e-01 -8.97643096e-01 0.00000000e+00 -4.40723124e-01 -7.18152804e+00
8.3699871778e+01 -4.68465219e-01 0.00000000e+00 8.83481940e-01 3.88030920e+01 0.00000000e+00 1.00000000e+00 0.00000000e+00 3.76437601e-01 -8.83481940e-01 0.00000000e+00 -4.68465219e-01 -7.14703581e+00
8.3799790621e+01 -4.87487007e-01 0.00000000e+00 8.73130241e-01 3.86980459e+01 0.00000000e+00 1.00000000e+00 0.00000000e+00 3.83437048e-01 -8.73130241e-01 0.00000000e+00 -4.87487007e-01 -7.11035590e+00
8.3899777889e+01 -5.05469043e-01 0.00000000e+00 8.62844741e-01 3.85967275e+01 0.00000000e+00 1.00000000e+00 0.00000000e+00 3.80736511e-01 -8.62844741e-01 0.00000000e+00 -5.05469043e-01 -7.07280953e+00
8.3999790430e+01 -5.27815752e-01 0.00000000e+00 8.49358895e-01 3.84905988e+01 0.00000000e+00 1.00000000e+00 0.00000000e+00 3.79335979e-01 -8.49358895e-01 0.00000000e+00 -5.27815752e-01 -7.03849179e+00
8.4099869728e+01 -5.27845512e-01 0.00000000e+00 8.49340400e-01 3.84905674e+01 0.00000000e+00 1.00000000e+00 0.00000000e+00 3.79335979e-01 -8.49340400e-01 0.00000000e+00 -5.27845512e-01 -7.03848012e+00
8.4199748755e+01 -5.68611349e-01 0.00000000e+00 8.22606305e-01 3.82895684e+01 0.00000000e+00 1.00000000e+00 0.00000000e+00 3.67734944e-01 -8.22606305e-01 0.00000000e+00 -5.68611349e-01 -6.94686970e+00
8.4299830914e+01 -5.88804061e-01 0.00000000e+00 8.08275806e-01 3.81859227e+01 0.00000000e+00 1.00000000e+00 0.00000000e+00 3.68634408e-01 -8.08275806e-01 0.00000000e+00 -5.88804061e-01 -6.89779161e+00
8.4399828434e+01 -6.02342163e-01 0.00000000e+00 7.98238009e-01 3.81002419e+01 0.00000000e+00 1.00000000e+00 0.00000000e+00 3.61633934e-01 -7.98238009e-01 0.00000000e+00 -6.02342163e-01 -6.84631504e+00
8.4499779701e+01 -6.15533060e-01 0.00000000e+00 7.88111066e-01 3.80359828e+01 0.00000000e+00 1.00000000e+00 0.00000000e+00 3.64033606e-01 -7.88111066e-01 0.00000000e+00 -6.15533060e-01 -6.81306323e+00
8.4599718571e+01 -6.25771823e-01 0.00000000e+00 7.80006170e-01 3.79895911e+01 0.00000000e+00 1.00000000e+00 0.00000000e+00 3.64033374e-01 -7.80006170e-01 0.00000000e+00 -6.25771823e-01 -6.78793571e+00
8.4699803352e+01 -6.28481122e-01 0.00000000e+00 7.77824839e-01 3.79709440e+01 0.00000000e+00 1.00000000e+00 0.00000000e+00 3.61833272e-01 -7.77824839e-01 0.00000000e+00 -6.28481122e-01 -6.78079674e+00
8.4799738169e+01 -6.27757487e-01 0.00000000e+00 7.78408978e-01 3.79697120e+01 0.00000000e+00 1.00000000e+00 0.00000000e+00 3.60733256e-01 -7.78408978e-01 0.00000000e+00 -6.27757487e-01 -6.77572954e+00
8.4899765253e+01 -6.28922865e-01 0.00000000e+00 7.77467703e-01 3.79721590e+01 0.00000000e+00 1.00000000e+00 0.00000000e+00 3.66833282e-01 -7.77467703e-01 0.00000000e+00 -6.28922865e-01 -6.77884340e+00
8.4999783993e+01 -6.26282337e-01 0.00000000e+00 7.79596328e-01 3.79777445e+01 0.00000000e+00 1.00000000e+00 0.00000000e+00 3.63133301e-01 -7.79596328e-01 0.00000000e+00 -6.26282337e-01 -6.78129423e+00
8.5099901199e+01 -6.26278669e-01 0.00000000e+00 7.79599275e-01 3.79777485e+01 0.00000000e+00 1.00000000e+00 0.00000000e+00 3.63133301e-01 -7.79599275e-01 0.00000000e+00 -6.26278669e-01 -6.78129629e+00
8.5199851990e+01 -6.30366086e-01 0.00000000e+00 7.76298008e-01 3.79718167e+01 0.00000000e+00 1.00000000e+00 0.00000000e+00 3.63433292e-01 -7.76298008e-01 0.00000000e+00 -6.30366086e-01 -6.78016146e+00
8.5320291519e+01 -6.26770967e-01 0.00000000e+00 7.79203539e-01 3.79755546e+01 0.00000000e+00 1.00000000e+00 0.00000000e+00 3.62333290e-01 -7.79203539e-01 0.00000000e+00 -6.26770967e-01 -6.78106471e+00
8.5399769068e+01 -6.30481037e-01 0.00000000e+00 7.76204652e-01 3.79717701e+01 0.00000000e+00 1.00000000e+00 0.00000000e+00 3.65133289e-01 -7.76204652e-01 0.00000000e+00 -6.30481037e-01 -6.77750202e+00
8.5499742746e+01 -6.28828835e-01 0.00000000e+00 7.77543759e-01 3.79745117e+01 0.00000000e+00 1.00000000e+00 0.00000000e+00 3.65733296e-01 -7.77543759e-01 0.00000000e+00 -6.28828835e-01 -6.77962870e+00
8.5599800825e+01 -6.27077991e-01 0.00000000e+00 7.78956477e-01 3.79766955e+01 0.00000000e+00 1.00000000e+00 0.00000000e+00 3.59233297e-01 -7.78956477e-01 0.00000000e+00 -6.27077991e-01 -6.77970781e+00
8.5699864626e+01 -6.28958232e-01 0.00000000e+00 7.77439092e-01 3.79763517e+01 0.00000000e+00 1.00000000e+00 0.00000000e+00 3.66633306e-01 -7.77439092e-01 0.00000000e+00 -6.28958232e-01 -6.77614197e+00
8.5799850464e+01 -6.29414723e-01 0.00000000e+00 7.77069564e-01 3.79741376e+01 0.00000000e+00 1.00000000e+00 0.00000000e+00 3.65533296e-01 -7.77069564e-01 0.00000000e+00 -6.29414723e-01 -6.77631333e+00
8.5899734974e+01 -6.25225464e-01 0.00000000e+00 7.80444180e-01 3.79783579e+01 0.00000000e+00 1.00000000e+00 0.00000000e+00 3.71833291e-01 -7.80444180e-01 0.00000000e+00 -6.25225464e-01 -6.77767122e+00
8.5999877214e+01 -6.22939333e-01 0.00000000e+00 7.82270150e-01 3.79816746e+01 0.00000000e+00 1.00000000e+00 0.00000000e+00 3.66433299e-01 -7.82270150e-01 0.00000000e+00 -6.22939333e-01 -6.77906353e+00
8.6099855185e+01 -6.22936612e-01 0.00000000e+00 7.82272317e-01 3.79816775e+01 0.00000000e+00 1.00000000e+00 0.00000000e+00 3.66433299e-01 -7.82272317e-01 0.00000000e+00 -6.22936612e-01 -6.77906504e+00
8.6199872971e+01 -6.25449254e-01 0.00000000e+00 7.80264846e-01 3.79794044e+01 0.00000000e+00 1.00000000e+00 0.00000000e+00 3.66433302e-01 -7.80264846e-01 0.00000000e+00 -6.25449254e-01 -6.77874801e+00
8.6299752474e+01 -6.23088809e-01 0.00000000e+00 7.82151096e-01 3.79814440e+01 0.00000000e+00 1.00000000e+00 0.00000000e+00 3.65533297e-01 -7.82151096e-01 0.00000000e+00 -6.23088809e-01 -6.77930772e+00
8.6399781466e+01 -6.24733329e-01 0.00000000e+00 7.80838183e-01 3.79784719e+01 0.00000000e+00 1.00000000e+00 0.00000000e+00 3.68633292e-01 -7.80838183e-01 0.00000000e+00 -6.24733329e-01 -6.77881527e+00
8.6499805212e+01 -6.23536447e-01 0.00000000e+00 7.81794282e-01 3.79803663e+01 0.00000000e+00 1.00000000e+00 0.00000000e+00 3.64433295e-01 -7.81794282e-01 0.00000000e+00 -6.23536447e-01 -6.77838619e+00
8.6599801540e+01 -6.22005689e-01 0.00000000e+00 7.83012722e-01 3.79769714e+01 0.00000000e+00 1.00000000e+00 0.00000000e+00 3.66133262e-01 -7.83012722e-01 0.00000000e+00 -6.22005689e-01 -6.77765859e+00
8.6699771166e+01 -6.19809038e-01 0.00000000e+00 7.84752672e-01 3.79742959e+01 0.00000000e+00 1.00000000e+00 0.00000000e+00 3.62433232e-01 -7.84752672e-01 0.00000000e+00 -6.19809038e-01 -6.77924212e+00
8.6799830198e+01 -6.15552797e-01 0.00000000e+00 7.88095650e-01 3.79705187e+01 0.00000000e+00 1.00000000e+00 0.00000000e+00 3.63233176e-01 -7.88095650e-01 0.00000000e+00 -6.15552797e-01 -6.77571563e+00
8.6899834633e+01 -6.14349951e-01 0.00000000e+00 7.89033673e-01 3.79649686e+01 0.00000000e+00 1.00000000e+00 0.00000000e+00 3.63833130e-01 -7.89033673e-01 0.00000000e+00 -6.14349951e-01 -6.77269075e+00
8.6999876976e+01 -6.06550870e-01 0.00000000e+00 7.95044679e-01 3.79623554e+01 0.00000000e+00 1.00000000e+00 0.00000000e+00 3.71633058e-01 -7.95044679e-01 0.00000000e+00 -6.06550870e-01 -6.77156258e+00
8.7099866152e+01 -6.06540823e-01 0.00000000e+00 7.95052345e-01 3.79623663e+01 0.00000000e+00 1.00000000e+00 0.00000000e+00 3.71633058e-01 -7.95052345e-01 0.00000000e+00 -6.06540823e-01 -6.77156785e+00
8.7199900150e+01 -5.93585296e-01 0.00000000e+00 8.04771083e-01 3.79498434e+01 0.00000000e+00 1.00000000e+00 0.00000000e+00 3.71332889e-01 -8.04771083e-01 0.00000000e+00 -5.93585296e-01 -6.76930912e+00
8.7320266962e+01 -5.89311758e-01 0.00000000e+00 8.07905720e-01 3.79372610e+01 0.00000000e+00 1.00000000e+00 0.00000000e+00 3.66632781e-01 -8.07905720e-01 0.00000000e+00 -5.89311758e-01 -6.76512595e+00
8.7399847746e+01 -5.73945153e-01 0.00000000e+00 8.18893742e-01 3.79313022e+01 0.00000000e+00 1.00000000e+00 0.00000000e+00 3.70532637e-01 -8.18893742e-01 0.00000000e+00 -5.73945153e-01 -6.76428035e+00
8.7499742985e+01 -5.61741548e-01 0.00000000e+00 8.27312779e-01 3.79223352e+01 0.00000000e+00 1.00000000e+00 0.00000000e+00 3.70132497e-01 -8.27312779e-01 0.00000000e+00 -5.61741548e-01 -6.76078851e+00
8.7599868536e+01 -5.47402192e-01 0.00000000e+00 8.36869668e-01 3.79145999e+01 0.00000000e+00 1.00000000e+00 0.00000000e+00 3.68032349e-01 -8.36869668e-01 0.00000000e+00 -5.47402192e-01 -6.75852152e+00
8.7699843407e+01 -5.30468565e-01 0.00000000e+00 8.47704607e-01 3.79062967e+01 0.00000000e+00 1.00000000e+00 0.00000000e+00 3.65532185e-01 -8.47704607e-01 0.00000000e+00 -5.30468565e-01 -6.75859418e+00
8.7799832106e+01 -5.07714534e-01 0.00000000e+00 8.61525363e-01 3.79011020e+01 0.00000000e+00 1.00000000e+00 0.00000000e+00 3.62932003e-01 -8.61525363e-01 0.00000000e+00 -5.07714534e-01 -6.75926283e+00
8.7899884939e+01 -4.89937555e-01 0.00000000e+00 8.71757530e-01 3.78850533e+01 0.00000000e+00 1.00000000e+00 0.00000000e+00 3.64131787e-01 -8.71757530e-01 0.00000000e+00 -4.89937555e-01 -6.75787492e+00
8.7999805689e+01 -4.59153105e-01 0.00000000e+00 8.88357150e-01 3.78760524e+01 0.00000000e+00 1.00000000e+00 0.00000000e+00 3.67831530e-01 -8.88357150e-01 0.00000000e+00 -4.59153105e-01 -6.75651500e+00
8.8099828243e+01 -4.59117872e-01 0.00000000e+00 8.88375360e-01 3.78760888e+01 0.00000000e+00 1.00000000e+00 0.00000000e+00 3.67831530e-01 -8.88375360e-01 0.00000000e+00 -4.59117872e-01 -6.75652537e+00
8.8199795961e+01 -4.08403950e-01 0.00000000e+00 9.12801300e-01 3.78456585e+01 0.00000000e+00 1.00000000e+00 0.00000000e+00 3.60231025e-01 -9.12801300e-01 0.00000000e+00 -4.08403950e-01 -6.75900585e+00
8.8308399439e+01 -3.82617753e-01 0.00000000e+00 9.23906735e-01 3.78257092e+01 0.00000000e+00 1.00000000e+00 0.00000000e+00 3.66630741e-01 -9.23906735e-01 0.00000000e+00 -3.82617753e-01 -6.75533700e+00
8.8399840117e+01 -3.64582285e-01 0.00000000e+00 9.31171175e-01 3.78010197e+01 0.00000000e+00 1.00000000e+00 0.00000000e+00 3.66730476e-01 -9.31171175e-01 0.00000000e+00 -3.64582285e-01 -6.75382517e+00
8.8499890327e+01 -3.39201812e-01 0.00000000e+00 9.40713628e-01 3.77776078e+01 0.00000000e+00 1.00000000e+00 0.00000000e+00 3.68930180e-01 -9.40713628e-01 0.00000000e+00 -3.39201812e-01 -6.75347334e+00
8.8599844456e+01 -3.20182444e-01 0.00000000e+00 9.47355901e-01 3.77512658e+01 0.00000000e+00 1.00000000e+00 0.00000000e+00 3.68829907e-01 -9.47355901e-01 0.00000000e+00 -3.20182444e-01 -6.75320984e+00
8.8699798107e+01 -3.11315316e-01 0.00000000e+00 9.50306674e-01 3.77113989e+01 0.00000000e+00 1.00000000e+00 0.00000000e+00 3.68729618e-01 -9.50306674e-01 0.00000000e+00 -3.11315316e-01 -6.75561759e+00
8.8799840927e+01 -2.97449467e-01 0.00000000e+00 9.54737563e-01 3.76783028e+01 0.00000000e+00 1.00000000e+00 0.00000000e+00 3.67429335e-01 -9.54737563e-01 0.00000000e+00 -2.97449467e-01 -6.75476421e+00
8.8899770737e+01 -2.84496695e-01 0.00000000e+00 9.58677021e-01 3.76429117e+01 0.00000000e+00 1.00000000e+00 0.00000000e+00 3.66329047e-01 -9.58677021e-01 0.00000000e+00 -2.84496695e-01 -6.75319322e+00
8.8999862909e+01 -2.83805342e-01 0.00000000e+00 9.58881915e-01 3.75955730e+01 0.00000000e+00 1.00000000e+00 0.00000000e+00 3.66528753e-01 -9.58881915e-01 0.00000000e+00 -2.83805342e-01 -6.74334140e+00
8.9099823475e+01 -2.83804482e-01 0.00000000e+00 9.58882170e-01 3.75955739e+01 0.00000000e+00 1.00000000e+00 0.00000000e+00 3.66528753e-01 -9.58882170e-01 0.00000000e+00 -2.83804482e-01 -6.74334148e+00
8.9199789762e+01 -2.81298204e-01 0.00000000e+00 9.59620404e-01 3.75013613e+01 0.00000000e+00 1.00000000e+00 0.00000000e+00 3.62628172e-01 -9.59620404e-01 0.00000000e+00 -2.81298204e-01 -6.73584704e+00
8.9308295488e+01 -2.77123173e-01 0.00000000e+00 9.60834401e-01 3.74558355e+01 0.00000000e+00 1.00000000e+00 0.00000000e+00 3.65927876e-01 -9.60834401e-01 0.00000000e+00 -2.77123173e-01 -6.73539526e+00
8.9399765253e+01 -2.79451413e-01 0.00000000e+00 9.60159834e-01 3.74012280e+01 0.00000000e+00 1.00000000e+00 0.00000000e+00 3.71427561e-01 -9.60159834e-01 0.00000000e+00 -2.79451413e-01 -6.72884704e+00
8.9499730349e+01 -2.77143403e-01 0.00000000e+00 9.60828567e-01 3.73521163e+01 0.00000000e+00 1.00000000e+00 0.00000000e+00 3.72127253e-01 -9.60828567e-01 0.00000000e+00 -2.77143403e-01 -6.72273639e+00
8.9599740028e+01 -2.75136706e-01 0.00000000e+00 9.61405114e-01 3.73023189e+01 0.00000000e+00 1.00000000e+00 0.00000000e+00 3.70926943e-01 -9.61405114e-01 0.00000000e+00 -2.75136706e-01 -6.71899342e+00
8.9699741125e+01 -2.78463647e-01 0.00000000e+00 9.60446770e-01 3.72490589e+01 0.00000000e+00 1.00000000e+00 0.00000000e+00 3.62526644e-01 -9.60446770e-01 0.00000000e+00 -2.78463647e-01 -6.71531904e+00
8.9799808979e+01 -2.76770204e-01 0.00000000e+00 9.60936134e-01 3.71961863e+01 0.00000000e+00 1.00000000e+00 0.00000000e+00 3.62926323e-01 -9.60936134e-01 0.00000000e+00 -2.76770204e-01 -6.71409239e+00
8.9899881124e+01 -2.73999358e-01 0.00000000e+00 9.61729875e-01 3.71392585e+01 0.00000000e+00 1.00000000e+00 0.00000000e+00 3.67425969e-01 -9.61729875e-01 0.00000000e+00 -2.73999358e-01 -6.70933061e+00
8.9999916553e+01 -2.75105636e-01 0.00000000e+00 9.61414005e-01 3.70789620e+01 0.00000000e+00 1.00000000e+00 0.00000000e+00 3.63825620e-01 -9.61414005e-01 0.00000000e+00 -2.75105636e-01 -6.70697924e+00
9.0099825144e+01 -2.75107155e-01 0.00000000e+00 9.61413570e-01 3.70789605e+01 0.00000000e+00 1.00000000e+00 0.00000000e+00 3.63825620e-01 -9.61413570e-01 0.00000000e+00 -2.75107155e-01 -6.70697912e+00
9.0199948788e+01 -2.71731696e-01 0.00000000e+00 9.62373049e-01 3.69584871e+01 0.00000000e+00 1.00000000e+00 0.00000000e+00 3.66224886e-01 -9.62373049e-01 0.00000000e+00 -2.71731696e-01 -6.69741934e+00
9.0299782991e+01 -2.72613264e-01 0.00000000e+00 9.62123697e-01 3.68973856e+01 0.00000000e+00 1.00000000e+00 0.00000000e+00 3.64824530e-01 -9.62123697e-01 0.00000000e+00 -2.72613264e-01 -6.69057979e+00
9.0448394537e+01 -2.68130982e-01 0.00000000e+00 9.63382466e-01 3.68330080e+01 0.00000000e+00 1.00000000e+00 0.00000000e+00 3.70624122e-01 -9.63382466e-01 0.00000000e+00 -2.68130982e-01 -6.68395436e+00
9.0500161886e+01 -2.68069253e-01 0.00000000e+00 9.63399645e-01 3.67659597e+01 0.00000000e+00 1.00000000e+00 0.00000000e+00 3.75723728e-01 -9.63399645e-01 0.00000000e+00 -2.68069253e-01 -6.67728808e+00
9.0599872351e+01 -2.65999411e-01 0.00000000e+00 9.63973191e-01 3.67007050e+01 0.00000000e+00 1.00000000e+00 0.00000000e+00 3.74423330e-01 -9.63973191e-01 0.00000000e+00 -2.65999411e-01 -6.67079741e+00
9.0699823618e+01 -2.66791486e-01 0.00000000e+00 9.63754275e-01 3.66315704e+01 0.00000000e+00 1.00000000e+00 0.00000000e+00 3.75722931e-01 -9.63754275e-01 0.00000000e+00 -2.66791486e-01 -6.66500041e+00
9.0799914122e+01 -2.67113543e-01 0.00000000e+00 9.63665064e-01 3.65654573e+01 0.00000000e+00 1.00000000e+00 0.00000000e+00 3.71622545e-01 -9.63665064e-01 0.00000000e+00 -2.67113543e-01 -6.66066222e+00
9.0900018692e+01 -2.63443268e-01 0.00000000e+00 9.64674891e-01 3.64960719e+01 0.00000000e+00 1.00000000e+00 0.00000000e+00 3.72022123e-01 -9.64674891e-01 0.00000000e+00 -2.63443268e-01 -6.65835662e+00
9.1000062227e+01 -2.63581562e-01 0.00000000e+00 9.64637113e-01 3.64214020e+01 0.00000000e+00 1.00000000e+00 0.00000000e+00 3.74121689e-01 -9.64637113e-01 0.00000000e+00 -2.63581562e-01 -6.65483630e+00
9.1099791288e+01 -2.63581798e-01 0.00000000e+00 9.64637049e-01 3.64214018e+01 0.00000000e+00 1.00000000e+00 0.00000000e+00 3.74121689e-01 -9.64637049e-01 0.00000000e+00 -2.63581798e-01 -6.65483629e+00
9.1199920654e+01 -2.59389265e-01 0.00000000e+00 9.65772856e-01 3.62706188e+01 0.00000000e+00 1.00000000e+00 0.00000000e+00 3.78020792e-01 -9.65772856e-01 0.00000000e+00 -2.59389265e-01 -6.64766853e+00
9.1299760342e+01 -2.59409015e-01 0.00000000e+00 9.65767551e-01 3.61919011e+01 0.00000000e+00 1.00000000e+00 0.00000000e+00 3.75120337e-01 -9.65767551e-01 0.00000000e+00 -2.59409015e-01 -6.64124954e+00
9.1399783611e+01 -2.50960525e-01 0.00000000e+00 9.67997322e-01 3.61218550e+01 0.00000000e+00 1.00000000e+00 0.00000000e+00 3.79319882e-01 -9.67997322e-01 0.00000000e+00 -2.50960525e-01 -6.63259698e+00
9.1499751091e+01 -2.50947715e-01 0.00000000e+00 9.68000643e-01 3.60426983e+01 0.00000000e+00 1.00000000e+00 0.00000000e+00 3.77619427e-01 -9.68000643e-01 0.00000000e+00 -2.50947715e-01 -6.62905481e+00
9.1599767208e+01 -2.46989511e-01 0.00000000e+00 9.69018153e-01 3.59677913e+01 0.00000000e+00 1.00000000e+00 0.00000000e+00 3.70418974e-01 -9.69018153e-01 0.00000000e+00 -2.46989511e-01 -6.62242988e+00
9.1699756861e+01 -2.45307947e-01 0.00000000e+00 9.69445208e-01 3.58852541e+01 0.00000000e+00 1.00000000e+00 0.00000000e+00 3.54618490e-01 -9.69445208e-01 0.00000000e+00 -2.45307947e-01 -6.61562698e+00
9.1799829960e+01 -2.45430734e-01 0.00000000e+00 9.69414130e-01 3.57996370e+01 0.00000000e+00 1.00000000e+00 0.00000000e+00 3.50518000e-01 -9.69414130e-01 0.00000000e+00 -2.45430734e-01 -6.60937133e+00
9.1899862051e+01 -2.33775638e-01 0.00000000e+00 9.72290569e-01 3.57189118e+01 0.00000000e+00 1.00000000e+00 0.00000000e+00 3.58017481e-01 -9.72290569e-01 0.00000000e+00 -2.33775638e-01 -6.60960320e+00
9.1999806404e+01 -2.39107101e-01 0.00000000e+00 9.70993200e-01 3.56286963e+01 0.00000000e+00 1.00000000e+00 0.00000000e+00 3.52417000e-01 -9.70993200e-01 0.00000000e+00 -2.39107101e-01 -6.60847317e+00
9.2099879980e+01 -2.39114782e-01 0.00000000e+00 9.70991308e-01 3.56286887e+01 0.00000000e+00 1.00000000e+00 0.00000000e+00 3.52417000e-01 -9.70991308e-01 0.00000000e+00 -2.39114782e-01 -6.60847285e+00
9.2199841261e+01 -2.38798273e-01 0.00000000e+00 9.71069197e-01 3.54497546e+01 0.00000000e+00 1.00000000e+00 0.00000000e+00 3.52115994e-01 -9.71069197e-01 0.00000000e+00 -2.38798273e-01 -6.60614306e+00
9.2309476376e+01 -2.39948670e-01 0.00000000e+00 9.70785577e-01 3.53564526e+01 0.00000000e+00 1.00000000e+00 0.00000000e+00 3.46115470e-01 -9.70785577e-01 0.00000000e+00 -2.39948670e-01 -6.59714730e+00
9.2399761200e+01 -2.28726631e-01 0.00000000e+00 9.73490693e-01 3.52686328e+01 0.00000000e+00 1.00000000e+00 0.00000000e+00 3.48914913e-01 -9.73490693e-01 0.00000000e+00 -2.28726631e-01 -6.59154884e+00
9.2499758482e+01 -2.30188720e-01 0.00000000e+00 9.73146008e-01 3.51732570e+01 0.00000000e+00 1.00000000e+00 0.00000000e+00 3.45814387e-01 -9.73146008e-01 0.00000000e+00 -2.30188720e-01 -6.58596000e+00
9.2599733591e+01 -2.29344292e-01 0.00000000e+00 9.73345363e-01 3.50760874e+01 0.00000000e+00 1.00000000e+00 0.00000000e+00 3.43913842e-01 -9.73345363e-01 0.00000000e+00 -2.29344292e-01 -6.58468210e+00
9.2699771404e+01 -2.26682672e-01 0.00000000e+00 9.73968668e-01 3.49784168e+01 0.00000000e+00 1.00000000e+00 0.00000000e+00 3.44213283e-01 -9.73968668e-01 0.00000000e+00 -2.26682672e-01 -6.57843504e+00
9.2799757004e+01 -2.23576611e-01 0.00000000e+00 9.74686359e-01 3.48820995e+01 0.00000000e+00 1.00000000e+00 0.00000000e+00 3.45712733e-01 -9.74686359e-01 0.00000000e+00 -2.23576611e-01 -6.57553985e+00
9.2899808884e+01 -2.25251441e-01 0.00000000e+00 9.74300666e-01 3.47806689e+01 0.00000000e+00 1.00000000e+00 0.00000000e+00 3.45612184e-01 -9.74300666e-01 0.00000000e+00 -2.25251441e-01 -6.57484163e+00
9.2999800444e+01 -2.22777020e-01 0.00000000e+00 9.74869427e-01 3.46855825e+01 0.00000000e+00 1.00000000e+00 0.00000000e+00 3.39411648e-01 -9.74869427e-01 0.00000000e+00 -2.22777020e-01 -6.57346531e+00
9.3099773169e+01 -2.22773731e-01 0.00000000e+00 9.74870178e-01 3.46855857e+01 0.00000000e+00 1.00000000e+00 0.00000000e+00 3.39411648e-01 -9.74870178e-01 0.00000000e+00 -2.22773731e-01 -6.57346539e+00
9.3199844837e+01 -2.15426558e-01 0.00000000e+00 9.76520045e-01 3.44802485e+01 0.00000000e+00 1.00000000e+00 0.00000000e+00 3.38810483e-01 -9.76520045e-01 0.00000000e+00 -2.15426558e-01 -6.56841671e+00
9.3340591192e+01 -2.09798214e-01 0.00000000e+00 9.77744706e-01 3.43803183e+01 0.00000000e+00 1.00000000e+00 0.00000000e+00 3.40209910e-01 -9.77744706e-01 0.00000000e+00 -2.09798214e-01 -6.56715810e+00
9.3399778366e+01 -2.08426642e-01 0.00000000e+00 9.78038003e-01 3.42758718e+01 0.00000000e+00 1.00000000e+00 0.00000000e+00 3.44909337e-01 -9.78038003e-01 0.00000000e+00 -2.08426642e-01 -6.56696222e+00
9.3499890566e+01 -2.06464484e-01 0.00000000e+00 9.78454095e-01 3.41744179e+01 0.00000000e+00 1.00000000e+00 0.00000000e+00 3.40208779e-01 -9.78454095e-01 0.00000000e+00 -2.06464484e-01 -6.56526641e+00
9.3599846840e+01 -2.07584264e-01 0.00000000e+00 9.78217140e-01 3.40702596e+01 0.00000000e+00 1.00000000e+00 0.00000000e+00 3.37608222e-01 -9.78217140e-01 0.00000000e+00 -2.07584264e-01 -6.56390284e+00
9.3699749947e+01 -2.13969271e-01 0.00000000e+00 9.76840392e-01 3.39592219e+01 0.00000000e+00 1.00000000e+00 0.00000000e+00 3.34207660e-01 -9.76840392e-01 0.00000000e+00 -2.13969271e-01 -6.56353515e+00
9.3799824476e+01 -2.30402731e-01 0.00000000e+00 9.73095361e-01 3.38485667e+01 0.00000000e+00 1.00000000e+00 0.00000000e+00 3.30307152e-01 -9.73095361e-01 0.00000000e+00 -2.30402731e-01 -6.55949843e+00
9.3899947405e+01 -2.44735781e-01 0.00000000e+00 9.69589809e-01 3.37396391e+01 0.00000000e+00 1.00000000e+00 0.00000000e+00 3.30306641e-01 -9.69589809e-01 0.00000000e+00 -2.44735781e-01 -6.55511813e+00
9.3999757767e+01 -2.56429326e-01 0.00000000e+00 9.66562983e-01 3.36314233e+01 0.00000000e+00 1.00000000e+00 0.00000000e+00 3.26806118e-01 -9.66562983e-01 0.00000000e+00 -2.56429326e-01 -6.54573928e+00
9.4099837303e+01 -2.56444577e-01 0.00000000e+00 9.66558937e-01 3.36314083e+01 0.00000000e+00 1.00000000e+00 0.00000000e+00 3.26806118e-01 -9.66558937e-01 0.00000000e+00 -2.56444577e-01 -6.54573839e+00
9.4199776649e+01 -2.78270614e-01 0.00000000e+00 9.60502715e-01 3.34241360e+01 0.00000000e+00 1.00000000e+00 0.00000000e+00 3.31905116e-01 -9.60502715e-01 0.00000000e+00 -2.78270614e-01 -6.52068668e+00
9.4299868107e+01 -2.88245277e-01 0.00000000e+00 9.57556609e-01 3.33134920e+01 0.00000000e+00 1.00000000e+00 0.00000000e+00 3.29404577e-01 -9.57556609e-01 0.00000000e+00 -2.88245277e-01 -6.51056874e+00
9.4400244713e+01 -2.90556873e-01 0.00000000e+00 9.56857724e-01 3.32094759e+01 0.00000000e+00 1.00000000e+00 0.00000000e+00 3.36404034e-01 -9.56857724e-01 0.00000000e+00 -2.90556873e-01 -6.50105795e+00
9.4499754190e+01 -2.89541091e-01 0.00000000e+00 9.57165585e-01 3.31105558e+01 0.00000000e+00 1.00000000e+00 0.00000000e+00 3.30303496e-01 -9.57165585e-01 0.00000000e+00 -2.89541091e-01 -6.48419460e+00
9.4599805593e+01 -2.85522149e-01 0.00000000e+00 9.58372111e-01 3.30136598e+01 0.00000000e+00 1.00000000e+00 0.00000000e+00 3.29402958e-01 -9.58372111e-01 0.00000000e+00 -2.85522149e-01 -6.47471756e+00
9.4699803114e+01 -2.93178804e-01 0.00000000e+00 9.56057628e-01 3.29089238e+01 0.00000000e+00 1.00000000e+00 0.00000000e+00 3.35002440e-01 -9.56057628e-01 0.00000000e+00 -2.93178804e-01 -6.46030531e+00
9.4799867392e+01 -2.91337098e-01 0.00000000e+00 9.56620455e-01 3.28080551e+01 0.00000000e+00 1.00000000e+00 0.00000000e+00 3.26101901e-01 -9.56620455e-01 0.00000000e+00 -2.91337098e-01 -6.45248447e+00
9.4899832964e+01 -2.96129173e-01 0.00000000e+00 9.55147901e-01 3.27039998e+01 0.00000000e+00 1.00000000e+00 0.00000000e+00 3.30301380e-01 -9.55147901e-01 0.00000000e+00 -2.96129173e-01 -6.44645409e+00
9.4999745131e+01 -2.92070940e-01 0.00000000e+00 9.56396657e-01 3.26070387e+01 0.00000000e+00 1.00000000e+00 0.00000000e+00 3.30500851e-01 -9.56396657e-01 0.00000000e+00 -2.92070940e-01 -6.43627696e+00
9.5099778652e+01 -2.92064581e-01 0.00000000e+00 9.56398599e-01 3.26070450e+01 0.00000000e+00 1.00000000e+00 0.00000000e+00 3.30500851e-01 -9.56398599e-01 0.00000000e+00 -2.92064581e-01 -6.43627757e+00
9.5199755430e+01 -2.96432131e-01 0.00000000e+00 9.55053921e-01 3.23952404e+01 0.00000000e+00 1.00000000e+00 0.00000000e+00 3.28699756e-01 -9.55053921e-01 0.00000000e+00 -2.96432131e-01 -6.40229629e+00
9.5320478201e+01 -2.97741052e-01 0.00000000e+00 9.54646671e-01 3.22904881e+01 0.00000000e+00 1.00000000e+00 0.00000000e+00 3.28599219e-01 -9.54646671e-01 0.00000000e+00 -2.97741052e-01 -6.39119918e+00
9.5399741173e+01 -2.99359739e-01 0.00000000e+00 9.54140318e-01 3.21867563e+01 0.00000000e+00 1.00000000e+00 0.00000000e+00 3.27398686e-01 -9.54140318e-01 0.00000000e+00 -2.99359739e-01 -6.37921174e+00
9.5499818325e+01 -3.06700356e-01 0.00000000e+00 9.51806121e-01 3.20780105e+01 0.00000000e+00 1.00000000e+00 0.00000000e+00 3.32498157e-01 -9.51806121e-01 0.00000000e+00 -3.06700356e-01 -6.36109338e+00
9.5599773884e+01 -3.04346959e-01 0.00000000e+00 9.52561247e-01 3.19823405e+01 0.00000000e+00 1.00000000e+00 0.00000000e+00 3.25897652e-01 -9.52561247e-01 0.00000000e+00 -3.04346959e-01 -6.35232190e+00
9.5699765444e+01 -3.11847388e-01 0.00000000e+00 9.50132205e-01 3.18805161e+01 0.00000000e+00 1.00000000e+00 0.00000000e+00 3.32697175e-01 -9.50132205e-01 0.00000000e+00 -3.11847388e-01 -6.35057208e+00
9.5799762487e+01 -3.11489652e-01 0.00000000e+00 9.50249544e-01 3.17788766e+01 0.00000000e+00 1.00000000e+00 0.00000000e+00 3.27796653e-01 -9.50249544e-01 0.00000000e+00 -3.11489652e-01 -6.33956298e+00
9.5899887562e+01 -3.07962107e-01 0.00000000e+00 9.51398623e-01 3.16807759e+01 0.00000000e+00 1.00000000e+00 0.00000000e+00 3.26396137e-01 -9.51398623e-01 0.00000000e+00 -3.07962107e-01 -6.33325837e+00
9.5999747992e+01 -3.17743416e-01 0.00000000e+00 9.48176735e-01 3.15695182e+01 0.00000000e+00 1.00000000e+00 0.00000000e+00 3.31395616e-01 -9.48176735e-01 0.00000000e+00 -3.17743416e-01 -6.31695503e+00
9.6099827766e+01 -3.17758128e-01 0.00000000e+00 9.48171805e-01 3.15695035e+01 0.00000000e+00 1.00000000e+00 0.00000000e+00 3.31395616e-01 -9.48171805e-01 0.00000000e+00 -3.17758128e-01 -6.31695320e+00
9.6199862719e+01 -3.16593194e-01 0.00000000e+00 9.48561411e-01 3.13702475e+01 0.00000000e+00 1.00000000e+00 0.00000000e+00 3.33094598e-01 -9.48561411e-01 0.00000000e+00 -3.16593194e-01 -6.29276469e+00
9.6299773932e+01 -3.17844119e-01 0.00000000e+00 9.48142983e-01 3.12716081e+01 0.00000000e+00 1.00000000e+00 0.00000000e+00 3.30594104e-01 -9.48142983e-01 0.00000000e+00 -3.17844119e-01 -6.27800384e+00
9.6399802685e+01 -3.15936279e-01 0.00000000e+00 9.48780411e-01 3.11701205e+01 0.00000000e+00 1.00000000e+00 0.00000000e+00 3.24793583e-01 -9.48780411e-01 0.00000000e+00 -3.15936279e-01 -6.26724918e+00
9.6499821901e+01 -3.22713507e-01 0.00000000e+00 9.46496694e-01 3.10665224e+01 0.00000000e+00 1.00000000e+00 0.00000000e+00 3.27593091e-01 -9.46496694e-01 0.00000000e+00 -3.22713507e-01 -6.24746188e+00
9.6599765778e+01 -3.17924720e-01 0.00000000e+00 9.48115960e-01 3.09713822e+01 0.00000000e+00 1.00000000e+00 0.00000000e+00 3.24792589e-01 -9.48115960e-01 0.00000000e+00 -3.17924720e-01 -6.23507360e+00
9.6699751377e+01 -3.18546479e-01 0.00000000e+00 9.47907243e-01 3.08707304e+01 0.00000000e+00 1.00000000e+00 0.00000000e+00 3.24992094e-01 -9.47907243e-01 0.00000000e+00 -3.18546479e-01 -6.22762356e+00
9.6799767971e+01 -3.16759157e-01 0.00000000e+00 9.48506002e-01 3.07695941e+01 0.00000000e+00 1.00000000e+00 0.00000000e+00 3.23891582e-01 -9.48506002e-01 0.00000000e+00 -3.16759157e-01 -6.21662492e+00
9.6899819374e+01 -3.19167924e-01 0.00000000e+00 9.47698178e-01 3.06680560e+01 0.00000000e+00 1.00000000e+00 0.00000000e+00 3.25091083e-01 -9.47698178e-01 0.00000000e+00 -3.19167924e-01 -6.19538925e+00
9.6999737740e+01 -3.18961248e-01 0.00000000e+00 9.47767758e-01 3.05728023e+01 0.00000000e+00 1.00000000e+00 0.00000000e+00 3.17090611e-01 -9.47767758e-01 0.00000000e+00 -3.18961248e-01 -6.18446408e+00
9.7099757195e+01 -3.18960963e-01 0.00000000e+00 9.47767853e-01 3.05728026e+01 0.00000000e+00 1.00000000e+00 0.00000000e+00 3.17090611e-01 -9.47767853e-01 0.00000000e+00 -3.18960963e-01 -6.18446412e+00
9.7199929953e+01 -3.24954473e-01 0.00000000e+00 9.45729660e-01 3.03692389e+01 0.00000000e+00 1.00000000e+00 0.00000000e+00 3.16689634e-01 -9.45729660e-01 0.00000000e+00 -3.24954473e-01 -6.15388016e+00
9.7320653439e+01 -3.24418696e-01 0.00000000e+00 9.45913585e-01 3.02676275e+01 0.00000000e+00 1.00000000e+00 0.00000000e+00 3.23189125e-01 -9.45913585e-01 0.00000000e+00 -3.24418696e-01 -6.13052377e+00
9.7399910688e+01 -3.26503760e-01 0.00000000e+00 9.45195903e-01 3.01681636e+01 0.00000000e+00 1.00000000e+00 0.00000000e+00 3.26888644e-01 -9.45195903e-01 0.00000000e+00 -3.26503760e-01 -6.11050907e+00
9.7499702692e+01 -3.26455902e-01 0.00000000e+00 9.45212433e-01 3.00714436e+01 0.00000000e+00 1.00000000e+00 0.00000000e+00 3.16188170e-01 -9.45212433e-01 0.00000000e+00 -3.26455902e-01 -6.09706512e+00
9.7599743128e+01 -3.29202405e-01 0.00000000e+00 9.44259380e-01 2.99702102e+01 0.00000000e+00 1.00000000e+00 0.00000000e+00 3.14587694e-01 -9.44259380e-01 0.00000000e+00 -3.29202405e-01 -6.08669223e+00
9.7699839354e+01 -3.30430421e-01 0.00000000e+00 9.43830354e-01 2.98711468e+01 0.00000000e+00 1.00000000e+00 0.00000000e+00 3.08187220e-01 -9.43830354e-01 0.00000000e+00 -3.30430421e-01 -6.07161143e+00
9.7799855471e+01 -3.33657744e-01 0.00000000e+00 9.42694282e-01 2.97690869e+01 0.00000000e+00 1.00000000e+00 0.00000000e+00 3.01986739e-01 -9.42694282e-01 0.00000000e+00 -3.33657744e-01 -6.05475350e+00
9.7899767160e+01 -3.28450692e-01 0.00000000e+00 9.44521118e-01 2.96729240e+01 0.00000000e+00 1.00000000e+00 0.00000000e+00 3.01186249e-01 -9.44521118e-01 0.00000000e+00 -3.28450692e-01 -6.03903786e+00
9.7999765873e+01 -3.39846763e-01 0.00000000e+00 9.40480823e-01 2.95683202e+01 0.00000000e+00 1.00000000e+00 0.00000000e+00 2.96885798e-01 -9.40480823e-01 0.00000000e+00 -3.39846763e-01 -6.02101070e+00
9.8099791288e+01 -3.39862548e-01 0.00000000e+00 9.40475118e-01 2.95683044e+01 0.00000000e+00 1.00000000e+00 0.00000000e+00 2.96885798e-01 -9.40475118e-01 0.00000000e+00 -3.39862548e-01 -6.02100836e+00
9.8199790955e+01 -3.41239125e-01 0.00000000e+00 9.39976521e-01 2.93672634e+01 0.00000000e+00 1.00000000e+00 0.00000000e+00 2.95184842e-01 -9.39976521e-01 0.00000000e+00 -3.41239125e-01 -5.98763496e+00
9.8299765348e+01 -3.40261062e-01 0.00000000e+00 9.40331011e-01 2.92719766e+01 0.00000000e+00 1.00000000e+00 0.00000000e+00 2.89284380e-01 -9.40331011e-01 0.00000000e+00 -3.40261062e-01 -5.97177516e+00
9.8440760612e+01 -3.45288132e-01 0.00000000e+00 9.38496726e-01 2.91687581e+01 0.00000000e+00 1.00000000e+00 0.00000000e+00 2.96183916e-01 -9.38496726e-01 0.00000000e+00 -3.45288132e-01 -5.95841420e+00
9.8499691248e+01 -3.47967148e-01 0.00000000e+00 9.37506728e-01 2.90667739e+01 0.00000000e+00 1.00000000e+00 0.00000000e+00 2.86583447e-01 -9.37506728e-01 0.00000000e+00 -3.47967148e-01 -5.94144398e+00
9.8599737406e+01 -3.43011951e-01 0.00000000e+00 9.39331039e-01 2.89713327e+01 0.00000000e+00 1.00000000e+00 0.00000000e+00 2.91082974e-01 -9.39331039e-01 0.00000000e+00 -3.43011951e-01 -5.93002433e+00
9.8699807405e+01 -3.45295387e-01 0.00000000e+00 9.38494057e-01 2.88613639e+01 0.00000000e+00 1.00000000e+00 0.00000000e+00 3.12782473e-01 -9.38494057e-01 0.00000000e+00 -3.45295387e-01 -5.91780332e+00
9.8799737692e+01 -3.46455780e-01 0.00000000e+00 9.38066305e-01 2.87583216e+01 0.00000000e+00 1.00000000e+00 0.00000000e+00 3.11281991e-01 -9.38066305e-01 0.00000000e+00 -3.46455780e-01 -5.89724256e+00
9.8899740219e+01 -3.45679243e-01 0.00000000e+00 9.38352738e-01 2.86632758e+01 0.00000000e+00 1.00000000e+00 0.00000000e+00 3.11881541e-01 -9.38352738e-01 0.00000000e+00 -3.45679243e-01 -5.87844160e+00
9.8999889135e+01 -3.50439316e-01 0.00000000e+00 9.36585440e-01 2.85532308e+01 0.00000000e+00 1.00000000e+00 0.00000000e+00 3.13081050e-01 -9.36585440e-01 0.00000000e+00 -3.50439316e-01 -5.86141456e+00
9.9099810123e+01 -3.50446051e-01 0.00000000e+00 9.36582920e-01 2.85532240e+01 0.00000000e+00 1.00000000e+00 0.00000000e+00 3.13081050e-01 -9.36582920e-01 0.00000000e+00 -3.50446051e-01 -5.86141347e+00
9.9199754715e+01 -3.46757529e-01 0.00000000e+00 9.37954805e-01 2.83560139e+01 0.00000000e+00 1.00000000e+00 0.00000000e+00 3.17780116e-01 -9.37954805e-01 0.00000000e+00 -3.46757529e-01 -5.82257512e+00
9.9330599070e+01 -3.57920620e-01 0.00000000e+00 9.33752017e-01 2.82489863e+01 0.00000000e+00 1.00000000e+00 0.00000000e+00 3.10579676e-01 -9.33752017e-01 0.00000000e+00 -3.57920620e-01 -5.80767991e+00
9.9399731159e+01 -3.52131733e-01 0.00000000e+00 9.35950449e-01 2.81509282e+01 0.00000000e+00 1.00000000e+00 0.00000000e+00 2.99879185e-01 -9.35950449e-01 0.00000000e+00 -3.52131733e-01 -5.77677748e+00
9.9499802351e+01 -3.52652712e-01 0.00000000e+00 9.35754276e-01 2.80550213e+01 0.00000000e+00 1.00000000e+00 0.00000000e+00 3.04978753e-01 -9.35754276e-01 0.00000000e+00 -3.52652712e-01 -5.76419904e+00
9.9599756956e+01 -3.66701085e-01 0.00000000e+00 9.30338817e-01 2.79425451e+01 0.00000000e+00 1.00000000e+00 0.00000000e+00 3.04278304e-01 -9.30338817e-01 0.00000000e+00 -3.66701085e-01 -5.74658334e+00
9.9699819088e+01 -3.67787159e-01 0.00000000e+00 9.29909999e-01 2.78442760e+01 0.00000000e+00 1.00000000e+00 0.00000000e+00 3.01277863e-01 -9.29909999e-01 0.00000000e+00 -3.67787159e-01 -5.73154793e+00
9.9799788475e+01 -3.67054271e-01 0.00000000e+00 9.30199528e-01 2.77447921e+01 0.00000000e+00 1.00000000e+00 0.00000000e+00 3.02977406e-01 -9.30199528e-01 0.00000000e+00 -3.67054271e-01 -5.71141086e+00
9.9899759769e+01 -3.69809947e-01 0.00000000e+00 9.29107423e-01 2.76423132e+01 0.00000000e+00 1.00000000e+00 0.00000000e+00 3.06076952e-01 -9.29107423e-01 0.00000000e+00 -3.69809947e-01 -5.68855324e+00
9.9999782085e+01 -3.73752927e-01 0.00000000e+00 9.27528301e-01 2.75413405e+01 0.00000000e+00 1.00000000e+00 0.00000000e+00 3.02176512e-01 -9.27528301e-01 0.00000000e+00 -3.73752927e-01 -5.66883999e+00
1.0009977579e+02 -3.73758479e-01 0.00000000e+00 9.27526064e-01 2.75413349e+01 0.00000000e+00 1.00000000e+00 0.00000000e+00 3.02176512e-01 -9.27526064e-01 0.00000000e+00 -3.73758479e-01 -5.66883895e+00
1.0019985509e+02 -3.65492826e-01 0.00000000e+00 9.30814157e-01 2.73438024e+01 0.00000000e+00 1.00000000e+00 0.00000000e+00 3.06375584e-01 -9.30814157e-01 0.00000000e+00 -3.65492826e-01 -5.62548328e+00
1.0029977369e+02 -3.49130806e-01 0.00000000e+00 9.37073999e-01 2.72518494e+01 0.00000000e+00 1.00000000e+00 0.00000000e+00 3.03975105e-01 -9.37073999e-01 0.00000000e+00 -3.49130806e-01 -5.61449533e+00
1.0039974165e+02 -3.29627262e-01 0.00000000e+00 9.44111153e-01 2.71601442e+01 0.00000000e+00 1.00000000e+00 0.00000000e+00 3.00474617e-01 -9.44111153e-01 0.00000000e+00 -3.29627262e-01 -5.60667949e+00
1.0049978375e+02 -3.18554586e-01 0.00000000e+00 9.47904518e-01 2.70692136e+01 0.00000000e+00 1.00000000e+00 0.00000000e+00 3.04074168e-01 -9.47904518e-01 0.00000000e+00 -3.18554586e-01 -5.59558044e+00
1.0059992313e+02 -3.14406888e-01 0.00000000e+00 9.49288317e-01 2.69669272e+01 0.00000000e+00 1.00000000e+00 0.00000000e+00 2.98473708e-01 -9.49288317e-01 0.00000000e+00 -3.14406888e-01 -5.58551759e+00
1.0069998312e+02 -3.14449710e-01 0.00000000e+00 9.49274133e-01 2.68655290e+01 0.00000000e+00 1.00000000e+00 0.00000000e+00 3.00773264e-01 -9.49274133e-01 0.00000000e+00 -3.14449710e-01 -5.57026353e+00
1.0079999423e+02 -3.17727592e-01 0.00000000e+00 9.48182038e-01 2.67622397e+01 0.00000000e+00 1.00000000e+00 0.00000000e+00 3.04872825e-01 -9.48182038e-01 0.00000000e+00 -3.17727592e-01 -5.55129117e+00
1.0089994931e+02 -3.15064502e-01 0.00000000e+00 9.49070261e-01 2.66662474e+01 0.00000000e+00 1.00000000e+00 0.00000000e+00 2.90172405e-01 -9.49070261e-01 0.00000000e+00 -3.15064502e-01 -5.54550858e+00
1.0100000000e+02 -3.10883963e-01 0.00000000e+00 9.50447874e-01 2.65703573e+01 0.00000000e+00 1.00000000e+00 0.00000000e+00 2.93771975e-01 -9.50447874e-01 0.00000000e+00 -3.10883963e-01 -5.53512601e+00
1.0109988356e+02 -3.10878816e-01 0.00000000e+00 9.50449558e-01 2.65703624e+01 0.00000000e+00 1.00000000e+00 0.00000000e+00 2.93771975e-01 -9.50449558e-01 0.00000000e+00 -3.10878816e-01 -5.53512661e+00
1.0120006919e+02 -3.14026543e-01 0.00000000e+00 9.49414204e-01 2.63620028e+01 0.00000000e+00 1.00000000e+00 0.00000000e+00 2.93771096e-01 -9.49414204e-01 0.00000000e+00 -3.14026543e-01 -5.50806846e+00
1.0130279016e+02 -3.12778344e-01 0.00000000e+00 9.49826146e-01 2.62606614e+01 0.00000000e+00 1.00000000e+00 0.00000000e+00 2.90870660e-01 -9.49826146e-01 0.00000000e+00 -3.12778344e-01 -5.49807701e+00
1.0139998364e+02 -3.15941233e-01 0.00000000e+00 9.48778761e-01 2.61596864e+01 0.00000000e+00 1.00000000e+00 0.00000000e+00 2.94070251e-01 -9.48778761e-01 0.00000000e+00 -3.15941233e-01 -5.49204876e+00
1.0149974203e+02 -3.11805945e-01 0.00000000e+00 9.50145806e-01 2.60592437e+01 0.00000000e+00 1.00000000e+00 0.00000000e+00 2.94269806e-01 -9.50145806e-01 0.00000000e+00 -3.11805945e-01 -5.47560184e+00
1.0159975147e+02 -3.12113983e-01 0.00000000e+00 9.50044663e-01 2.59634038e+01 0.00000000e+00 1.00000000e+00 0.00000000e+00 2.86469405e-01 -9.50044663e-01 0.00000000e+00 -3.12113983e-01 -5.46378484e+00
1.0169982100e+02 -3.09254309e-01 0.00000000e+00 9.50979375e-01 2.58565381e+01 0.00000000e+00 1.00000000e+00 0.00000000e+00 2.92868946e-01 -9.50979375e-01 0.00000000e+00 -3.09254309e-01 -5.45119286e+00
1.0179973769e+02 -3.13506210e-01 0.00000000e+00 9.49586150e-01 2.57548493e+01 0.00000000e+00 1.00000000e+00 0.00000000e+00 2.99568536e-01 -9.49586150e-01 0.00000000e+00 -3.13506210e-01 -5.43522225e+00
1.0189979029e+02 -3.07978168e-01 0.00000000e+00 9.51393424e-01 2.56591660e+01 0.00000000e+00 1.00000000e+00 0.00000000e+00 2.94068116e-01 -9.51393424e-01 0.00000000e+00 -3.07978168e-01 -5.42253776e+00
1.0199980640e+02 -3.07282894e-01 0.00000000e+00 9.51618213e-01 2.55577946e+01 0.00000000e+00 1.00000000e+00 0.00000000e+00 2.96567691e-01 -9.51618213e-01 0.00000000e+00 -3.07282894e-01 -5.40888151e+00
1.0209986067e+02 -3.07281879e-01 0.00000000e+00 9.51618541e-01 2.55577956e+01 0.00000000e+00 1.00000000e+00 0.00000000e+00 2.96567691e-01 -9.51618541e-01 0.00000000e+00 -3.07281879e-01 -5.40888162e+00
1.0219977093e+02 -3.04900936e-01 0.00000000e+00 9.52384071e-01 2.53602544e+01 0.00000000e+00 1.00000000e+00 0.00000000e+00 2.90266865e-01 -9.52384071e-01 0.00000000e+00 -3.04900936e-01 -5.37797771e+00
1.0229983497e+02 -3.04897544e-01 0.00000000e+00 9.52385157e-01 2.53602578e+01 0.00000000e+00 1.00000000e+00 0.00000000e+00 2.90266865e-01 -9.52385157e-01 0.00000000e+00 -3.04897544e-01 -5.37797808e+00
1.0239978886e+02 -3.04208539e-01 0.00000000e+00 9.52605461e-01 2.51591291e+01 0.00000000e+00 1.00000000e+00 0.00000000e+00 2.83566040e-01 -9.52605461e-01 0.00000000e+00 -3.04208539e-01 -5.35162640e+00
1.0249977994e+02 -3.06624198e-01 0.00000000e+00 9.51830658e-01 2.50553647e+01 0.00000000e+00 1.00000000e+00 0.00000000e+00 2.84065625e-01 -9.51830658e-01 0.00000000e+00 -3.06624198e-01 -5.33441538e+00
1.0259976482e+02 -3.02926472e-01 0.00000000e+00 9.53013931e-01 2.49582315e+01 0.00000000e+00 1.00000000e+00 0.00000000e+00 2.73665216e-01 -9.53013931e-01 0.00000000e+00 -3.02926472e-01 -5.32279240e+00
1.0269981670e+02 -3.00178128e-01 0.00000000e+00 9.53883165e-01 2.48584422e+01 0.00000000e+00 1.00000000e+00 0.00000000e+00 2.75464804e-01 -9.53883165e-01 0.00000000e+00 -3.00178128e-01 -5.31064903e+00
1.0279974675e+02 -3.00789705e-01 0.00000000e+00 9.53690491e-01 2.47557089e+01 0.00000000e+00 1.00000000e+00 0.00000000e+00 2.73064393e-01 -9.53690491e-01 0.00000000e+00 -3.00789705e-01 -5.29626023e+00
1.0289976335e+02 -2.98537409e-01 0.00000000e+00 9.54397933e-01 2.46596989e+01 0.00000000e+00 1.00000000e+00 0.00000000e+00 2.82064003e-01 -9.54397933e-01 0.00000000e+00 -2.98537409e-01 -5.28895570e+00
1.0299977279e+02 -2.96860458e-01 0.00000000e+00 9.54920870e-01 2.45527888e+01 0.00000000e+00 1.00000000e+00 0.00000000e+00 2.72663569e-01 -9.54920870e-01 0.00000000e+00 -2.96860458e-01 -5.27147152e+00
1.0309980702e+02 -2.96858255e-01 0.00000000e+00 9.54921555e-01 2.45527910e+01 0.00000000e+00 1.00000000e+00 0.00000000e+00 2.72663569e-01 -9.54921555e-01 0.00000000e+00 -2.96858255e-01 -5.27147175e+00
1.0319976830e+02 -3.00779790e-01 0.00000000e+00 9.53693619e-01 2.43518509e+01 0.00000000e+00 1.00000000e+00 0.00000000e+00 2.65462789e-01 -9.53693619e-01 0.00000000e+00 -3.00779790e-01 -5.24392996e+00
1.0332073903e+02 -2.97525251e-01 0.00000000e+00 9.54713949e-01 2.42555357e+01 0.00000000e+00 1.00000000e+00 0.00000000e+00 2.64662400e-01 -9.54713949e-01 0.00000000e+00 -2.97525251e-01 -5.23561398e+00
1.0339969349e+02 -2.98062298e-01 0.00000000e+00 9.54546419e-01 2.41538163e+01 0.00000000e+00 1.00000000e+00 0.00000000e+00 2.63562000e-01 -9.54546419e-01 0.00000000e+00 -2.98062298e-01 -5.21774528e+00
1.0349998832e+02 -2.88865615e-01 0.00000000e+00 9.57369655e-01 2.40607832e+01 0.00000000e+00 1.00000000e+00 0.00000000e+00 2.61961599e-01 -9.57369655e-01 0.00000000e+00 -2.88865615e-01 -5.20139853e+00
1.0359980750e+02 -2.91692875e-01 0.00000000e+00 9.56512032e-01 2.39563647e+01 0.00000000e+00 1.00000000e+00 0.00000000e+00 2.65761205e-01 -9.56512032e-01 0.00000000e+00 -2.91692875e-01 -5.18925990e+00
1.0369975901e+02 -2.93120366e-01 0.00000000e+00 9.56075547e-01 2.38566289e+01 0.00000000e+00 1.00000000e+00 0.00000000e+00 2.64760828e-01 -9.56075547e-01 0.00000000e+00 -2.93120366e-01 -5.18323034e+00
1.0379980850e+02 -2.88291261e-01 0.00000000e+00 9.57542766e-01 2.37577368e+01 0.00000000e+00 1.00000000e+00 0.00000000e+00 2.62260433e-01 -9.57542766e-01 0.00000000e+00 -2.88291261e-01 -5.17430847e+00
1.0389978385e+02 -2.93302444e-01 0.00000000e+00 9.56019705e-01 2.36513832e+01 0.00000000e+00 1.00000000e+00 0.00000000e+00 2.73260054e-01 -9.56019705e-01 0.00000000e+00 -2.93302444e-01 -5.17540985e+00
1.0399982524e+02 -3.00240921e-01 0.00000000e+00 9.53863402e-01 2.35479523e+01 0.00000000e+00 1.00000000e+00 0.00000000e+00 2.64959690e-01 -9.53863402e-01 0.00000000e+00 -3.00240921e-01 -5.17044794e+00
1.0409977198e+02 -3.00249678e-01 0.00000000e+00 9.53860645e-01 2.35479436e+01 0.00000000e+00 1.00000000e+00 0.00000000e+00 2.64959690e-01 -9.53860645e-01 0.00000000e+00 -3.00249678e-01 -5.17044702e+00
1.0419981503e+02 -2.93496501e-01 0.00000000e+00 9.55960148e-01 2.33532309e+01 0.00000000e+00 1.00000000e+00 0.00000000e+00 2.55358921e-01 -9.55960148e-01 0.00000000e+00 -2.93496501e-01 -5.13891750e+00
1.0429974413e+02 -2.97184130e-01 0.00000000e+00 9.54820189e-01 2.32514646e+01 0.00000000e+00 1.00000000e+00 0.00000000e+00 2.48058551e-01 -9.54820189e-01 0.00000000e+00 -2.97184130e-01 -5.12767609e+00
1.0439977193e+02 -2.95798570e-01 0.00000000e+00 9.55250337e-01 2.31504879e+01 0.00000000e+00 1.00000000e+00 0.00000000e+00 2.45658171e-01 -9.55250337e-01 0.00000000e+00 -2.95798570e-01 -5.11997824e+00
1.0452075744e+02 -2.97317998e-01 0.00000000e+00 9.54778512e-01 2.30477479e+01 0.00000000e+00 1.00000000e+00 0.00000000e+00 2.50057793e-01 -9.54778512e-01 0.00000000e+00 -2.97317998e-01 -5.10904437e+00
1.0459978986e+02 -2.95590988e-01 0.00000000e+00 9.55314591e-01 2.29463790e+01 0.00000000e+00 1.00000000e+00 0.00000000e+00 2.53357410e-01 -9.55314591e-01 0.00000000e+00 -2.95590988e-01 -5.09780022e+00
1.0469990849e+02 -3.00768023e-01 0.00000000e+00 9.53697330e-01 2.28436013e+01 0.00000000e+00 1.00000000e+00 0.00000000e+00 2.45857048e-01 -9.53697330e-01 0.00000000e+00 -3.00768023e-01 -5.08396991e+00
1.0479990935e+02 -2.93795341e-01 0.00000000e+00 9.55868347e-01 2.27481569e+01 0.00000000e+00 1.00000000e+00 0.00000000e+00 2.52256672e-01 -9.55868347e-01 0.00000000e+00 -2.93795341e-01 -5.07344705e+00
1.0489999771e+02 -2.89671366e-01 0.00000000e+00 9.57126167e-01 2.26501620e+01 0.00000000e+00 1.00000000e+00 0.00000000e+00 2.53856294e-01 -9.57126167e-01 0.00000000e+00 -2.89671366e-01 -5.05689540e+00
1.0499989915e+02 -2.91012826e-01 0.00000000e+00 9.56719152e-01 2.25491515e+01 0.00000000e+00 1.00000000e+00 0.00000000e+00 2.52355932e-01 -9.56719152e-01 0.00000000e+00 -2.91012826e-01 -5.04863350e+00
1.0509988451e+02 -2.91014460e-01 0.00000000e+00 9.56718655e-01 2.25491499e+01 0.00000000e+00 1.00000000e+00 0.00000000e+00 2.52355932e-01 -9.56718655e-01 0.00000000e+00 -2.91014460e-01 -5.04863334e+00
1.0519990754e+02 -2.84836453e-01 0.00000000e+00 9.58576129e-01 2.23480700e+01 0.00000000e+00 1.00000000e+00 0.00000000e+00 2.55155193e-01 -9.58576129e-01 0.00000000e+00 -2.84836453e-01 -5.04452894e+00
1.0530676556e+02 -2.69936349e-01 0.00000000e+00 9.62878169e-01 2.22520418e+01 0.00000000e+00 1.00000000e+00 0.00000000e+00 2.58654799e-01 -9.62878169e-01 0.00000000e+00 -2.69936349e-01 -5.04163569e+00
1.0539993048e+02 -2.49193141e-01 0.00000000e+00 9.68453808e-01 2.21606072e+01 0.00000000e+00 1.00000000e+00 0.00000000e+00 2.56754399e-01 -9.68453808e-01 0.00000000e+00 -2.49193141e-01 -5.03199533e+00
1.0550000525e+02 -2.37208705e-01 0.00000000e+00 9.71458713e-01 2.20672526e+01 0.00000000e+00 1.00000000e+00 0.00000000e+00 2.42154033e-01 -9.71458713e-01 0.00000000e+00 -2.37208705e-01 -5.03463723e+00
1.0559974217e+02 -2.21057383e-01 0.00000000e+00 9.75260803e-01 2.19704254e+01 0.00000000e+00 1.00000000e+00 0.00000000e+00 2.52453641e-01 -9.75260803e-01 0.00000000e+00 -2.21057383e-01 -5.03255414e+00
1.0569977403e+02 -2.04689784e-01 0.00000000e+00 9.78826896e-01 2.18773354e+01 0.00000000e+00 1.00000000e+00 0.00000000e+00 2.47353263e-01 -9.78826896e-01 0.00000000e+00 -2.04689784e-01 -5.03249320e+00
1.0579979038e+02 -1.92775769e-01 0.00000000e+00 9.81242836e-01 2.17793596e+01 0.00000000e+00 1.00000000e+00 0.00000000e+00 2.44052884e-01 -9.81242836e-01 0.00000000e+00 -1.92775769e-01 -5.03311294e+00
1.0589979720e+02 -1.72343409e-01 0.00000000e+00 9.85036928e-01 2.16897285e+01 0.00000000e+00 1.00000000e+00 0.00000000e+00 2.43052518e-01 -9.85036928e-01 0.00000000e+00 -1.72343409e-01 -5.04170218e+00
1.0599977612e+02 -1.50981981e-01 0.00000000e+00 9.88536515e-01 2.15984568e+01 0.00000000e+00 1.00000000e+00 0.00000000e+00 2.48652142e-01 -9.88536515e-01 0.00000000e+00 -1.50981981e-01 -5.05055823e+00
1.0609983516e+02 -1.50955444e-01 0.00000000e+00 9.88540568e-01 2.15984824e+01 0.00000000e+00 1.00000000e+00 0.00000000e+00 2.48652142e-01 -9.88540568e-01 0.00000000e+00 -1.50955444e-01 -5.05055700e+00
1.0619976473e+02 -1.22152137e-01 0.00000000e+00 9.92511388e-01 2.14077440e+01 0.00000000e+00 1.00000000e+00 0.00000000e+00 2.38051412e-01 -9.92511388e-01 0.00000000e+00 -1.22152137e-01 -5.06266059e+00
1.0629985189e+02 -1.15266403e-01 0.00000000e+00 9.93334614e-01 2.13099090e+01 0.00000000e+00 1.00000000e+00 0.00000000e+00 2.32651069e-01 -9.93334614e-01 0.00000000e+00 -1.15266403e-01 -5.07443430e+00
1.0644902325e+02 -1.23959986e-01 0.00000000e+00 9.92287217e-01 2.12034624e+01 0.00000000e+00 1.00000000e+00 0.00000000e+00 2.33650745e-01 -9.92287217e-01 0.00000000e+00 -1.23959986e-01 -5.08232593e+00
1.0649977612e+02 -1.32642461e-01 0.00000000e+00 9.91163951e-01 2.10972646e+01 0.00000000e+00 1.00000000e+00 0.00000000e+00 2.45450424e-01 -9.91163951e-01 0.00000000e+00 -1.32642461e-01 -5.08760175e+00
1.0659977651e+02 -1.62198407e-01 0.00000000e+00 9.86758165e-01 2.09803409e+01 0.00000000e+00 1.00000000e+00 0.00000000e+00 2.39150132e-01 -9.86758165e-01 0.00000000e+00 -1.62198407e-01 -5.09037545e+00
1.0669986010e+02 -1.86041817e-01 0.00000000e+00 9.82541827e-01 2.08700827e+01 0.00000000e+00 1.00000000e+00 0.00000000e+00 2.40049845e-01 -9.82541827e-01 0.00000000e+00 -1.86041817e-01 -5.09129718e+00
1.0679981518e+02 -2.28787300e-01 0.00000000e+00 9.73476436e-01 2.07481798e+01 0.00000000e+00 1.00000000e+00 0.00000000e+00 2.36849576e-01 -9.73476436e-01 0.00000000e+00 -2.28787300e-01 -5.08228232e+00
1.0689976096e+02 -2.73837439e-01 0.00000000e+00 9.61775991e-01 2.06250413e+01 0.00000000e+00 1.00000000e+00 0.00000000e+00 2.32749312e-01 -9.61775991e-01 0.00000000e+00 -2.73837439e-01 -5.07006052e+00
1.0699972582e+02 -3.33365594e-01 0.00000000e+00 9.42797635e-01 2.04911881e+01 0.00000000e+00 1.00000000e+00 0.00000000e+00 2.54249063e-01 -9.42797635e-01 0.00000000e+00 -3.33365594e-01 -5.05359151e+00
1.0709975815e+02 -3.33439950e-01 0.00000000e+00 9.42771340e-01 2.04911136e+01 0.00000000e+00 1.00000000e+00 0.00000000e+00 2.54249063e-01 -9.42771340e-01 0.00000000e+00 -3.33439950e-01 -5.05358099e+00
1.0719976044e+02 -4.28027249e-01 0.00000000e+00 9.03765829e-01 2.02547775e+01 0.00000000e+00 1.00000000e+00 0.00000000e+00 2.51448575e-01 -9.03765829e-01 0.00000000e+00 -4.28027249e-01 -4.98417863e+00
1.0732186651e+02 -4.75365728e-01 0.00000000e+00 8.79788284e-01 2.01364197e+01 0.00000000e+00 1.00000000e+00 0.00000000e+00 2.50548333e-01 -8.79788284e-01 0.00000000e+00 -4.75365728e-01 -4.94263156e+00
1.0739973879e+02 -5.19384063e-01 0.00000000e+00 8.54540927e-01 2.00154022e+01 0.00000000e+00 1.00000000e+00 0.00000000e+00 2.47348073e-01 -8.54540927e-01 0.00000000e+00 -5.19384063e-01 -4.89530530e+00
1.0749980640e+02 -5.42066581e-01 0.00000000e+00 8.40335541e-01 1.99103468e+01 0.00000000e+00 1.00000000e+00 0.00000000e+00 2.48947794e-01 -8.40335541e-01 0.00000000e+00 -5.42066581e-01 -4.85268434e+00
1.0760013676e+02 -5.67618736e-01 0.00000000e+00 8.23291547e-01 1.98019317e+01 0.00000000e+00 1.00000000e+00 0.00000000e+00 2.36547512e-01 -8.23291547e-01 0.00000000e+00 -5.67618736e-01 -4.80661631e+00
1.0769973874e+02 -5.76963068e-01 0.00000000e+00 8.16770236e-01 1.97075320e+01 0.00000000e+00 1.00000000e+00 0.00000000e+00 2.39047225e-01 -8.16770236e-01 0.00000000e+00 -5.76963068e-01 -4.77018674e+00
1.0779989457e+02 -5.75604835e-01 0.00000000e+00 8.17727995e-01 1.96177000e+01 0.00000000e+00 1.00000000e+00 0.00000000e+00 2.45046908e-01 -8.17727995e-01 0.00000000e+00 -5.75604835e-01 -4.72415938e+00
1.0789978313e+02 -5.76943560e-01 0.00000000e+00 8.16784016e-01 1.95235218e+01 0.00000000e+00 1.00000000e+00 0.00000000e+00 2.37346592e-01 -8.16784016e-01 0.00000000e+00 -5.76943560e-01 -4.68368967e+00
1.0799979734e+02 -5.67522386e-01 0.00000000e+00 8.23357967e-01 1.94378892e+01 0.00000000e+00 1.00000000e+00 0.00000000e+00 2.28446273e-01 -8.23357967e-01 0.00000000e+00 -5.67522386e-01 -4.65269005e+00
1.0809978056e+02 -5.67507523e-01 0.00000000e+00 8.23368211e-01 1.94379050e+01 0.00000000e+00 1.00000000e+00 0.00000000e+00 2.28446273e-01 -8.23368211e-01 0.00000000e+00 -5.67507523e-01 -4.65269682e+00
1.0820000720e+02 -5.34376736e-01 0.00000000e+00 8.45246416e-01 1.92621105e+01 0.00000000e+00 1.00000000e+00 0.00000000e+00 2.24245574e-01 -8.45246416e-01 0.00000000e+00 -5.34376736e-01 -4.59370931e+00
1.0830890894e+02 -5.05954500e-01 0.00000000e+00 8.62560168e-01 1.91846659e+01 0.00000000e+00 1.00000000e+00 0.00000000e+00 2.28445222e-01 -8.62560168e-01 0.00000000e+00 -5.05954500e-01 -4.56754258e+00
1.0839987493e+02 -4.82326078e-01 0.00000000e+00 8.75991755e-01 1.91019248e+01 0.00000000e+00 1.00000000e+00 0.00000000e+00 2.27544874e-01 -8.75991755e-01 0.00000000e+00 -4.82326078e-01 -4.54343259e+00
1.0849980569e+02 -4.64166477e-01 0.00000000e+00 8.85747979e-01 1.90119498e+01 0.00000000e+00 1.00000000e+00 0.00000000e+00 2.35444531e-01 -8.85747979e-01 0.00000000e+00 -4.64166477e-01 -4.52615405e+00
1.0859984779e+02 -4.39234234e-01 0.00000000e+00 8.98372577e-01 1.89246389e+01 0.00000000e+00 1.00000000e+00 0.00000000e+00 2.30644170e-01 -8.98372577e-01 0.00000000e+00 -4.39234234e-01 -4.50453944e+00
1.0869976330e+02 -4.21180402e-01 0.00000000e+00 9.06976884e-01 1.88286567e+01 0.00000000e+00 1.00000000e+00 0.00000000e+00 2.24543810e-01 -9.06976884e-01 0.00000000e+00 -4.21180402e-01 -4.47782215e+00
1.0879985523e+02 -4.21889588e-01 0.00000000e+00 9.06647217e-01 1.87263106e+01 0.00000000e+00 1.00000000e+00 0.00000000e+00 2.19343494e-01 -9.06647217e-01 0.00000000e+00 -4.21889588e-01 -4.45947593e+00
1.0889974070e+02 -4.18604997e-01 0.00000000e+00 9.08168408e-01 1.86336267e+01 0.00000000e+00 1.00000000e+00 0.00000000e+00 2.20443192e-01 -9.08168408e-01 0.00000000e+00 -4.18604997e-01 -4.43377023e+00
1.0899991584e+02 -4.14337404e-01 0.00000000e+00 9.10123352e-01 1.85390448e+01 0.00000000e+00 1.00000000e+00 0.00000000e+00 2.21542883e-01 -9.10123352e-01 0.00000000e+00 -4.14337404e-01 -4.40467620e+00
1.0909985280e+02 -4.14326339e-01 0.00000000e+00 9.10128389e-01 1.85390561e+01 0.00000000e+00 1.00000000e+00 0.00000000e+00 2.21542883e-01 -9.10128389e-01 0.00000000e+00 -4.14326339e-01 -4.40467882e+00
1.0919988012e+02 -4.05319749e-01 0.00000000e+00 9.14174984e-01 1.83446147e+01 0.00000000e+00 1.00000000e+00 0.00000000e+00 2.14342265e-01 -9.14174984e-01 0.00000000e+00 -4.05319749e-01 -4.36826709e+00
1.0929978657e+02 -4.06884439e-01 0.00000000e+00 9.13479640e-01 1.82470792e+01 0.00000000e+00 1.00000000e+00 0.00000000e+00 2.23141969e-01 -9.13479640e-01 0.00000000e+00 -4.06884439e-01 -4.33981206e+00
1.0939974880e+02 -4.06030049e-01 0.00000000e+00 9.13859726e-01 1.81487509e+01 0.00000000e+00 1.00000000e+00 0.00000000e+00 2.16441670e-01 -9.13859726e-01 0.00000000e+00 -4.06030049e-01 -4.31752184e+00
1.0949977303e+02 -3.97240171e-01 0.00000000e+00 9.17714687e-01 1.80554495e+01 0.00000000e+00 1.00000000e+00 0.00000000e+00 2.22741363e-01 -9.17714687e-01 0.00000000e+00 -3.97240171e-01 -4.29737024e+00
1.0959978724e+02 -3.87546846e-01 0.00000000e+00 9.21850011e-01 1.79612547e+01 0.00000000e+00 1.00000000e+00 0.00000000e+00 2.22441055e-01 -9.21850011e-01 0.00000000e+00 -3.87546846e-01 -4.28394633e+00
1.0969987202e+02 -3.60225873e-01 0.00000000e+00 9.32865114e-01 1.78745301e+01 0.00000000e+00 1.00000000e+00 0.00000000e+00 2.21040721e-01 -9.32865114e-01 0.00000000e+00 -3.60225873e-01 -4.27265460e+00
1.0979984474e+02 -3.39874531e-01 0.00000000e+00 9.40470788e-01 1.77853542e+01 0.00000000e+00 1.00000000e+00 0.00000000e+00 2.16840404e-01 -9.40470788e-01 0.00000000e+00 -3.39874531e-01 -4.26280227e+00
1.0989986277e+02 -3.11836824e-01 0.00000000e+00 9.50135672e-01 1.76979540e+01 0.00000000e+00 1.00000000e+00 0.00000000e+00 2.22740071e-01 -9.50135672e-01 0.00000000e+00 -3.11836824e-01 -4.25330510e+00
1.0999982762e+02 -2.70531858e-01 0.00000000e+00 9.62711023e-01 1.76215502e+01 0.00000000e+00 1.00000000e+00 0.00000000e+00 2.27939738e-01 -9.62711023e-01 0.00000000e+00 -2.70531858e-01 -4.25005485e+00
1.1009978700e+02 -2.70474428e-01 0.00000000e+00 9.62727160e-01 1.76216070e+01 0.00000000e+00 1.00000000e+00 0.00000000e+00 2.27939738e-01 -9.62727160e-01 0.00000000e+00 -2.70474428e-01 -4.25005906e+00
1.1019985723e+02 -1.73865858e-01 0.00000000e+00 9.84769345e-01 1.74674364e+01 0.00000000e+00 1.00000000e+00 0.00000000e+00 2.08839050e-01 -9.84769345e-01 0.00000000e+00 -1.73865858e-01 -4.25237246e+00
1.1029982066e+02 -1.33822335e-01 0.00000000e+00 9.91005339e-01 1.73843503e+01 0.00000000e+00 1.00000000e+00 0.00000000e+00 2.07238722e-01 -9.91005339e-01 0.00000000e+00 -1.33822335e-01 -4.26147954e+00
1.1039980602e+02 -1.04431943e-01 0.00000000e+00 9.94532035e-01 1.72954301e+01 0.00000000e+00 1.00000000e+00 0.00000000e+00 2.01038410e-01 -9.94532035e-01 0.00000000e+00 -1.04431943e-01 -4.27404241e+00
1.1049991274e+02 -8.30670524e-02 0.00000000e+00 9.96543960e-01 1.72028001e+01 0.00000000e+00 1.00000000e+00 0.00000000e+00 2.02538114e-01 -9.96543960e-01 0.00000000e+00 -8.30670524e-02 -4.28785906e+00
1.1059972620e+02 -7.43648801e-02 0.00000000e+00 9.97231099e-01 1.71025629e+01 0.00000000e+00 1.00000000e+00 0.00000000e+00 2.01637831e-01 -9.97231099e-01 0.00000000e+00 -7.43648801e-02 -4.30539384e+00
1.1069982862e+02 -6.47278572e-02 0.00000000e+00 9.97902953e-01 1.70055679e+01 0.00000000e+00 1.00000000e+00 0.00000000e+00 2.04137554e-01 -9.97902953e-01 0.00000000e+00 -6.47278572e-02 -4.31631153e+00
1.1079984903e+02 -6.45655820e-02 0.00000000e+00 9.97913466e-01 1.69008437e+01 0.00000000e+00 1.00000000e+00 0.00000000e+00 2.06137282e-01 -9.97913466e-01 0.00000000e+00 -6.45655820e-02 -4.32789956e+00
1.1089975357e+02 -5.86865812e-02 0.00000000e+00 9.98276457e-01 1.68020138e+01 0.00000000e+00 1.00000000e+00 0.00000000e+00 1.99937013e-01 -9.98276457e-01 0.00000000e+00 -5.86865812e-02 -4.33874607e+00
1.1099973989e+02 -5.53847731e-02 0.00000000e+00 9.98465085e-01 1.67017122e+01 0.00000000e+00 1.00000000e+00 0.00000000e+00 2.05836753e-01 -9.98465085e-01 0.00000000e+00 -5.53847731e-02 -4.35731258e+00
1.1109972978e+02 -5.53806198e-02 0.00000000e+00 9.98465316e-01 1.67017161e+01 0.00000000e+00 1.00000000e+00 0.00000000e+00 2.05836753e-01 -9.98465316e-01 0.00000000e+00 -5.53806198e-02 -4.35731201e+00
1.1119985342e+02 -5.86457853e-02 0.00000000e+00 9.98278855e-01 1.64972689e+01 0.00000000e+00 1.00000000e+00 0.00000000e+00 2.05436246e-01 -9.98278855e-01 0.00000000e+00 -5.86457853e-02 -4.38753201e+00
1.1129979062e+02 -7.48148313e-02 0.00000000e+00 9.97197443e-01 1.63884853e+01 0.00000000e+00 1.00000000e+00 0.00000000e+00 2.08036012e-01 -9.97197443e-01 0.00000000e+00 -7.48148313e-02 -4.39953835e+00
1.1139977074e+02 -8.87166889e-02 0.00000000e+00 9.96056901e-01 1.62790721e+01 0.00000000e+00 1.00000000e+00 0.00000000e+00 2.11235769e-01 -9.96056901e-01 0.00000000e+00 -8.87166889e-02 -4.40907210e+00
1.1149978304e+02 -8.57635083e-02 0.00000000e+00 9.96315523e-01 1.61788364e+01 0.00000000e+00 1.00000000e+00 0.00000000e+00 2.02335515e-01 -9.96315523e-01 0.00000000e+00 -8.57635083e-02 -4.42334750e+00
1.1159974051e+02 -9.15658386e-02 0.00000000e+00 9.95799025e-01 1.60728056e+01 0.00000000e+00 1.00000000e+00 0.00000000e+00 2.03035268e-01 -9.95799025e-01 0.00000000e+00 -9.15658386e-02 -4.43518512e+00
1.1169979620e+02 -9.21662878e-02 0.00000000e+00 9.95743629e-01 1.59689470e+01 0.00000000e+00 1.00000000e+00 0.00000000e+00 2.10535012e-01 -9.95743629e-01 0.00000000e+00 -9.21662878e-02 -4.44030659e+00
1.1179986405e+02 -9.26515358e-02 0.00000000e+00 9.95698595e-01 1.58637751e+01 0.00000000e+00 1.00000000e+00 0.00000000e+00 2.21034755e-01 -9.95698595e-01 0.00000000e+00 -9.26515358e-02 -4.44890237e+00
1.1189971304e+02 -9.65479930e-02 0.00000000e+00 9.95328330e-01 1.57575313e+01 0.00000000e+00 1.00000000e+00 0.00000000e+00 2.09734506e-01 -9.95328330e-01 0.00000000e+00 -9.65479930e-02 -4.46006706e+00
1.1199974346e+02 -9.80737060e-02 0.00000000e+00 9.95179154e-01 1.56562638e+01 0.00000000e+00 1.00000000e+00 0.00000000e+00 2.16434268e-01 -9.95179154e-01 0.00000000e+00 -9.80737060e-02 -4.47333865e+00
1.1209987879e+02 -9.80761956e-02 0.00000000e+00 9.95178908e-01 1.56562614e+01 0.00000000e+00 1.00000000e+00 0.00000000e+00 2.16434268e-01 -9.95178908e-01 0.00000000e+00 -9.80761956e-02 -4.47333889e+00
1.1219986558e+02 -9.06173304e-02 0.00000000e+00 9.95885786e-01 1.54596367e+01 0.00000000e+00 1.00000000e+00 0.00000000e+00 2.19733783e-01 -9.95885786e-01 0.00000000e+00 -9.06173304e-02 -4.49208065e+00
1.1231802320e+02 -9.44170697e-02 0.00000000e+00 9.95532730e-01 1.53556242e+01 0.00000000e+00 1.00000000e+00 0.00000000e+00 2.16133546e-01 -9.95532730e-01 0.00000000e+00 -9.44170697e-02 -4.50223644e+00
1.1239976287e+02 -9.66927934e-02 0.00000000e+00 9.95314274e-01 1.52483892e+01 0.00000000e+00 1.00000000e+00 0.00000000e+00 2.14333298e-01 -9.95314274e-01 0.00000000e+00 -9.66927934e-02 -4.50986685e+00
1.1249979258e+02 -1.01149438e-01 0.00000000e+00 9.94871244e-01 1.51457372e+01 0.00000000e+00 1.00000000e+00 0.00000000e+00 2.11533068e-01 -9.94871244e-01 0.00000000e+00 -1.01149438e-01 -4.51918752e+00
1.1259979916e+02 -1.04707823e-01 0.00000000e+00 9.94503028e-01 1.50425472e+01 0.00000000e+00 1.00000000e+00 0.00000000e+00 2.09032837e-01 -9.94503028e-01 0.00000000e+00 -1.04707823e-01 -4.52728755e+00
1.1269979310e+02 -1.04294703e-01 0.00000000e+00 9.94546437e-01 1.49434454e+01 0.00000000e+00 1.00000000e+00 0.00000000e+00 2.06832611e-01 -9.94546437e-01 0.00000000e+00 -1.04294703e-01 -4.53986736e+00
1.1279984379e+02 -1.08010840e-01 0.00000000e+00 9.94149716e-01 1.48412844e+01 0.00000000e+00 1.00000000e+00 0.00000000e+00 2.10632382e-01 -9.94149716e-01 0.00000000e+00 -1.08010840e-01 -4.54336088e+00
1.1289989924e+02 -1.12994597e-01 0.00000000e+00 9.93595602e-01 1.47391151e+01 0.00000000e+00 1.00000000e+00 0.00000000e+00 2.06632159e-01 -9.93595602e-01 0.00000000e+00 -1.12994597e-01 -4.55178099e+00
1.1299980187e+02 -1.13379577e-01 0.00000000e+00 9.93551746e-01 1.46399141e+01 0.00000000e+00 1.00000000e+00 0.00000000e+00 2.16531937e-01 -9.93551746e-01 0.00000000e+00 -1.13379577e-01 -4.55978369e+00
1.1309989595e+02 -1.13380091e-01 0.00000000e+00 9.93551687e-01 1.46399136e+01 0.00000000e+00 1.00000000e+00 0.00000000e+00 2.16531937e-01 -9.93551687e-01 0.00000000e+00 -1.13380091e-01 -4.55978373e+00
1.1319984460e+02 -1.26681353e-01 0.00000000e+00 9.91943464e-01 1.44312067e+01 0.00000000e+00 1.00000000e+00 0.00000000e+00 1.98631499e-01 -9.91943464e-01 0.00000000e+00 -1.26681353e-01 -4.57363026e+00
1.1332100916e+02 -1.36577395e-01 0.00000000e+00 9.90629404e-01 1.43246063e+01 0.00000000e+00 1.00000000e+00 0.00000000e+00 1.99631282e-01 -9.90629404e-01 0.00000000e+00 -1.36577395e-01 -4.58004246e+00
1.1339983344e+02 -1.44253779e-01 0.00000000e+00 9.89540725e-01 1.42208559e+01 0.00000000e+00 1.00000000e+00 0.00000000e+00 1.96631070e-01 -9.89540725e-01 0.00000000e+00 -1.44253779e-01 -4.58764037e+00
1.1349976897e+02 -1.52034725e-01 0.00000000e+00 9.88375153e-01 1.41144029e+01 0.00000000e+00 1.00000000e+00 0.00000000e+00 1.93630852e-01 -9.88375153e-01 0.00000000e+00 -1.52034725e-01 -4.59282583e+00
1.1359979558e+02 -1.54281441e-01 0.00000000e+00 9.88026941e-01 1.40151827e+01 0.00000000e+00 1.00000000e+00 0.00000000e+00 1.96930636e-01 -9.88026941e-01 0.00000000e+00 -1.54281441e-01 -4.59059762e+00
1.1369988561e+02 -1.66514036e-01 0.00000000e+00 9.86039084e-01 1.39123624e+01 0.00000000e+00 1.00000000e+00 0.00000000e+00 1.92230436e-01 -9.86039084e-01 0.00000000e+00 -1.66514036e-01 -4.59073892e+00
1.1379988885e+02 -1.65565283e-01 0.00000000e+00 9.86198832e-01 1.38167143e+01 0.00000000e+00 1.00000000e+00 0.00000000e+00 1.99930232e-01 -9.86198832e-01 0.00000000e+00 -1.65565283e-01 -4.59902597e+00
1.1389977384e+02 -1.74876752e-01 0.00000000e+00 9.84590332e-01 1.37160554e+01 0.00000000e+00 1.00000000e+00 0.00000000e+00 1.92230035e-01 -9.84590332e-01 0.00000000e+00 -1.74876752e-01 -4.60364573e+00
1.1399983978e+02 -1.83162751e-01 0.00000000e+00 9.83082604e-01 1.36131648e+01 0.00000000e+00 1.00000000e+00 0.00000000e+00 1.99129831e-01 -9.83082604e-01 0.00000000e+00 -1.83162751e-01 -4.60403423e+00
1.1409983635e+02 -1.83174151e-01 0.00000000e+00 9.83080480e-01 1.36131537e+01 0.00000000e+00 1.00000000e+00 0.00000000e+00 1.99129831e-01 -9.83080480e-01 0.00000000e+00 -1.83174151e-01 -4.60403440e+00
1.1419978714e+02 -2.00757917e-01 0.00000000e+00 9.79640883e-01 1.33995742e+01 0.00000000e+00 1.00000000e+00 0.00000000e+00 1.90829413e-01 -9.79640883e-01 0.00000000e+00 -2.00757917e-01 -4.60347576e+00
1.1429988527e+02 -2.10606789e-01 0.00000000e+00 9.77570857e-01 1.32924450e+01 0.00000000e+00 1.00000000e+00 0.00000000e+00 1.88329206e-01 -9.77570857e-01 0.00000000e+00 -2.10606789e-01 -4.60037041e+00
1.1442694807e+02 -2.15915039e-01 0.00000000e+00 9.76412155e-01 1.31857896e+01 0.00000000e+00 1.00000000e+00 0.00000000e+00 1.96428989e-01 -9.76412155e-01 0.00000000e+00 -2.15915039e-01 -4.59140351e+00
1.1450014806e+02 -2.28770407e-01 0.00000000e+00 9.73480406e-01 1.30760888e+01 0.00000000e+00 1.00000000e+00 0.00000000e+00 1.91928784e-01 -9.73480406e-01 0.00000000e+00 -2.28770407e-01 -4.58777982e+00
1.1460000896e+02 -2.39235056e-01 0.00000000e+00 9.70961682e-01 1.29691087e+01 0.00000000e+00 1.00000000e+00 0.00000000e+00 1.88528583e-01 -9.70961682e-01 0.00000000e+00 -2.39235056e-01 -4.58507338e+00
1.1469985890e+02 -2.50053872e-01 0.00000000e+00 9.68231925e-01 1.28642611e+01 0.00000000e+00 1.00000000e+00 0.00000000e+00 1.94628388e-01 -9.68231925e-01 0.00000000e+00 -2.50053872e-01 -4.57805042e+00
1.1479976797e+02 -2.58245736e-01 0.00000000e+00 9.66079262e-01 1.27582050e+01 0.00000000e+00 1.00000000e+00 0.00000000e+00 1.87528186e-01 -9.66079262e-01 0.00000000e+00 -2.58245736e-01 -4.57171374e+00
1.1489983511e+02 -2.58648302e-01 0.00000000e+00 9.65971561e-01 1.26557943e+01 0.00000000e+00 1.00000000e+00 0.00000000e+00 1.82827977e-01 -9.65971561e-01 0.00000000e+00 -2.58648302e-01 -4.56664255e+00
1.1499975181e+02 -2.54021069e-01 0.00000000e+00 9.67198685e-01 1.25576460e+01 0.00000000e+00 1.00000000e+00 0.00000000e+00 1.83027769e-01 -9.67198685e-01 0.00000000e+00 -2.54021069e-01 -4.55934346e+00
1.1509975791e+02 -2.54014542e-01 0.00000000e+00 9.67200399e-01 1.25576524e+01 0.00000000e+00 1.00000000e+00 0.00000000e+00 1.83027769e-01 -9.67200399e-01 0.00000000e+00 -2.54014542e-01 -4.55934383e+00
1.1519987488e+02 -2.55504533e-01 0.00000000e+00 9.66807858e-01 1.23497469e+01 0.00000000e+00 1.00000000e+00 0.00000000e+00 1.80527352e-01 -9.66807858e-01 0.00000000e+00 -2.55504533e-01 -4.54159838e+00
1.1532104087e+02 -2.56662364e-01 0.00000000e+00 9.66501128e-01 1.22474695e+01 0.00000000e+00 1.00000000e+00 0.00000000e+00 1.81427152e-01 -9.66501128e-01 0.00000000e+00 -2.56662364e-01 -4.53610352e+00
1.1539980316e+02 -2.55878989e-01 0.00000000e+00 9.66708820e-01 1.21456374e+01 0.00000000e+00 1.00000000e+00 0.00000000e+00 1.79626949e-01 -9.66708820e-01 0.00000000e+00 -2.55878989e-01 -4.52811062e+00
1.1549985051e+02 -2.56558511e-01 0.00000000e+00 9.66528701e-01 1.20433578e+01 0.00000000e+00 1.00000000e+00 0.00000000e+00 1.78826749e-01 -9.66528701e-01 0.00000000e+00 -2.56558511e-01 -4.51743201e+00
1.1559977436e+02 -2.51948169e-01 0.00000000e+00 9.67740730e-01 1.19409105e+01 0.00000000e+00 1.00000000e+00 0.00000000e+00 1.82026539e-01 -9.67740730e-01 0.00000000e+00 -2.51948169e-01 -4.50535768e+00
1.1569984770e+02 -2.58157013e-01 0.00000000e+00 9.66102974e-01 1.18356733e+01 0.00000000e+00 1.00000000e+00 0.00000000e+00 1.75326353e-01 -9.66102974e-01 0.00000000e+00 -2.58157013e-01 -4.50542553e+00
1.1579993343e+02 -2.55109468e-01 0.00000000e+00 9.66912178e-01 1.17345612e+01 0.00000000e+00 1.00000000e+00 0.00000000e+00 1.79626150e-01 -9.66912178e-01 0.00000000e+00 -2.55109468e-01 -4.49254652e+00
1.1589985013e+02 -2.54981857e-01 0.00000000e+00 9.66945838e-01 1.16339543e+01 0.00000000e+00 1.00000000e+00 0.00000000e+00 1.77425962e-01 -9.66945838e-01 0.00000000e+00 -2.54981857e-01 -4.48630615e+00
1.1599983239e+02 -2.55746762e-01 0.00000000e+00 9.66743810e-01 1.15316603e+01 0.00000000e+00 1.00000000e+00 0.00000000e+00 1.82325771e-01 -9.66743810e-01 0.00000000e+00 -2.55746762e-01 -4.47917297e+00
1.1609996295e+02 -2.55747795e-01 0.00000000e+00 9.66743537e-01 1.15316593e+01 0.00000000e+00 1.00000000e+00 0.00000000e+00 1.82325771e-01 -9.66743537e-01 0.00000000e+00 -2.55747795e-01 -4.47917291e+00
1.1619979692e+02 -2.52578536e-01 0.00000000e+00 9.67576397e-01 1.13311310e+01 0.00000000e+00 1.00000000e+00 0.00000000e+00 1.76525400e-01 -9.67576397e-01 0.00000000e+00 -2.52578536e-01 -4.47462532e+00
1.1629988289e+02 -2.53705612e-01 0.00000000e+00 9.67281480e-01 1.12314994e+01 0.00000000e+00 1.00000000e+00 0.00000000e+00 1.79725217e-01 -9.67281480e-01 0.00000000e+00 -2.53705612e-01 -4.46366757e+00
1.1639986372e+02 -2.53565708e-01 0.00000000e+00 9.67318165e-01 1.11314087e+01 0.00000000e+00 1.00000000e+00 0.00000000e+00 1.80825038e-01 -9.67318165e-01 0.00000000e+00 -2.53565708e-01 -4.46022368e+00
1.1649975514e+02 -2.46791489e-01 0.00000000e+00 9.69068605e-01 1.10358707e+01 0.00000000e+00 1.00000000e+00 0.00000000e+00 1.81124853e-01 -9.69068605e-01 0.00000000e+00 -2.46791489e-01 -4.45122536e+00
1.1659985757e+02 -2.54334970e-01 0.00000000e+00 9.67116189e-01 1.09323491e+01 0.00000000e+00 1.00000000e+00 0.00000000e+00 1.72524684e-01 -9.67116189e-01 0.00000000e+00 -2.54334970e-01 -4.44653585e+00
1.1669978547e+02 -2.53005057e-01 0.00000000e+00 9.67464956e-01 1.08327481e+01 0.00000000e+00 1.00000000e+00 0.00000000e+00 1.76424507e-01 -9.67464956e-01 0.00000000e+00 -2.53005057e-01 -4.43878032e+00
1.1679986048e+02 -2.55803697e-01 0.00000000e+00 9.66728746e-01 1.07321603e+01 0.00000000e+00 1.00000000e+00 0.00000000e+00 1.80024337e-01 -9.66728746e-01 0.00000000e+00 -2.55803697e-01 -4.43432728e+00
1.1689988852e+02 -2.49476896e-01 0.00000000e+00 9.68380751e-01 1.06381963e+01 0.00000000e+00 1.00000000e+00 0.00000000e+00 1.72324165e-01 -9.68380751e-01 0.00000000e+00 -2.49476896e-01 -4.43143606e+00
1.1699975920e+02 -2.51782615e-01 0.00000000e+00 9.67783816e-01 1.05354365e+01 0.00000000e+00 1.00000000e+00 0.00000000e+00 1.75023992e-01 -9.67783816e-01 0.00000000e+00 -2.51782615e-01 -4.42381410e+00
1.1709983778e+02 -2.51785600e-01 0.00000000e+00 9.67783039e-01 1.05354336e+01 0.00000000e+00 1.00000000e+00 0.00000000e+00 1.75023992e-01 -9.67783039e-01 0.00000000e+00 -2.51785600e-01 -4.42381394e+00
1.1719982839e+02 -2.49026322e-01 0.00000000e+00 9.68496717e-01 1.03251706e+01 0.00000000e+00 1.00000000e+00 0.00000000e+00 1.70323632e-01 -9.68496717e-01 0.00000000e+00 -2.49026322e-01 -4.40805357e+00
1.1732825971e+02 -2.51718425e-01 0.00000000e+00 9.67800514e-01 1.02235556e+01 0.00000000e+00 1.00000000e+00 0.00000000e+00 1.62423470e-01 -9.67800514e-01 0.00000000e+00 -2.51718425e-01 -4.40715216e+00
1.1739982200e+02 -2.51406011e-01 0.00000000e+00 9.67881717e-01 1.01232299e+01 0.00000000e+00 1.00000000e+00 0.00000000e+00 1.66523304e-01 -9.67881717e-01 0.00000000e+00 -2.51406011e-01 -4.39946544e+00
1.1749986553e+02 -2.44038958e-01 0.00000000e+00 9.69765429e-01 1.00248940e+01 0.00000000e+00 1.00000000e+00 0.00000000e+00 1.64923133e-01 -9.69765429e-01 0.00000000e+00 -2.44038958e-01 -4.39416241e+00
1.1759977031e+02 -2.45388346e-01 0.00000000e+00 9.69424860e-01 9.92486954e+00 0.00000000e+00 1.00000000e+00 0.00000000e+00 1.58822974e-01 -9.69424860e-01 0.00000000e+00 -2.45388346e-01 -4.38940363e+00
1.1769978023e+02 -2.43607138e-01 0.00000000e+00 9.69873993e-01 9.82804832e+00 0.00000000e+00 1.00000000e+00 0.00000000e+00 1.59022817e-01 -9.69873993e-01 0.00000000e+00 -2.43607138e-01 -4.38519331e+00
1.1779978561e+02 -2.41073256e-01 0.00000000e+00 9.70506922e-01 9.72919070e+00 0.00000000e+00 1.00000000e+00 0.00000000e+00 1.55722655e-01 -9.70506922e-01 0.00000000e+00 -2.41073256e-01 -4.37575062e+00
1.1789978409e+02 -2.44914939e-01 0.00000000e+00 9.69544570e-01 9.62412706e+00 0.00000000e+00 1.00000000e+00 0.00000000e+00 1.60622497e-01 -9.69544570e-01 0.00000000e+00 -2.44914939e-01 -4.36968371e+00
1.1799978685e+02 -2.38798390e-01 0.00000000e+00 9.71069168e-01 9.52631469e+00 0.00000000e+00 1.00000000e+00 0.00000000e+00 1.68722339e-01 -9.71069168e-01 0.00000000e+00 -2.38798390e-01 -4.37021827e+00
1.1809977651e+02 -2.38787692e-01 0.00000000e+00 9.71071799e-01 9.52632520e+00 0.00000000e+00 1.00000000e+00 0.00000000e+00 1.68722339e-01 -9.71071799e-01 0.00000000e+00 -2.38787692e-01 -4.37021871e+00
1.1819978142e+02 -2.37386187e-01 0.00000000e+00 9.71415358e-01 9.32229097e+00 0.00000000e+00 1.00000000e+00 0.00000000e+00 1.55722028e-01 -9.71415358e-01 0.00000000e+00 -2.37386187e-01 -4.36147411e+00
1.1829989147e+02 -2.50738319e-01 0.00000000e+00 9.68054903e-01 9.21396598e+00 0.00000000e+00 1.00000000e+00 0.00000000e+00 1.53721888e-01 -9.68054903e-01 0.00000000e+00 -2.50738319e-01 -4.35561755e+00
1.1839984655e+02 -2.50908667e-01 0.00000000e+00 9.68010765e-01 9.11066674e+00 0.00000000e+00 1.00000000e+00 0.00000000e+00 1.53721734e-01 -9.68010765e-01 0.00000000e+00 -2.50908667e-01 -4.34775056e+00
1.1849985766e+02 -2.61625401e-01 0.00000000e+00 9.65169493e-01 9.00316112e+00 0.00000000e+00 1.00000000e+00 0.00000000e+00 1.54121588e-01 -9.65169493e-01 0.00000000e+00 -2.61625401e-01 -4.33643120e+00
1.1860003901e+02 -2.79474211e-01 0.00000000e+00 9.60153199e-01 8.89456887e+00 0.00000000e+00 1.00000000e+00 0.00000000e+00 1.58121454e-01 -9.60153199e-01 0.00000000e+00 -2.79474211e-01 -4.32424950e+00
1.1870008612e+02 -2.92662450e-01 0.00000000e+00 9.56215818e-01 8.78859096e+00 0.00000000e+00 1.00000000e+00 0.00000000e+00 1.49021316e-01 -9.56215818e-01 0.00000000e+00 -2.92662450e-01 -4.31229169e+00
1.1879999352e+02 -3.05635479e-01 0.00000000e+00 9.52148599e-01 8.68015869e+00 0.00000000e+00 1.00000000e+00 0.00000000e+00 1.43021175e-01 -9.52148599e-01 0.00000000e+00 -3.05635479e-01 -4.29615896e+00
1.1889977670e+02 -3.20238213e-01 0.00000000e+00 9.47337050e-01 8.57142599e+00 0.00000000e+00 1.00000000e+00 0.00000000e+00 1.44921041e-01 -9.47337050e-01 0.00000000e+00 -3.20238213e-01 -4.28477905e+00
1.1899976683e+02 -3.27597678e-01 0.00000000e+00 9.44817317e-01 8.46719294e+00 0.00000000e+00 1.00000000e+00 0.00000000e+00 1.47220902e-01 -9.44817317e-01 0.00000000e+00 -3.27597678e-01 -4.27170450e+00
1.1909975719e+02 -3.27607093e-01 0.00000000e+00 9.44814052e-01 8.46718351e+00 0.00000000e+00 1.00000000e+00 0.00000000e+00 1.47220902e-01 -9.44814052e-01 0.00000000e+00 -3.27607093e-01 -4.27170323e+00
1.1919982481e+02 -3.21858098e-01 0.00000000e+00 9.46787920e-01 8.27157981e+00 0.00000000e+00 1.00000000e+00 0.00000000e+00 1.44720619e-01 -9.46787920e-01 0.00000000e+00 -3.21858098e-01 -4.24705581e+00
1.1929978538e+02 -3.26016714e-01 0.00000000e+00 9.45364005e-01 8.17086167e+00 0.00000000e+00 1.00000000e+00 0.00000000e+00 1.45120485e-01 -9.45364005e-01 0.00000000e+00 -3.26016714e-01 -4.23161092e+00
1.1939974880e+02 -3.24213671e-01 0.00000000e+00 9.45983877e-01 8.06863948e+00 0.00000000e+00 1.00000000e+00 0.00000000e+00 1.43620342e-01 -9.45983877e-01 0.00000000e+00 -3.24213671e-01 -4.21708057e+00
1.1949981976e+02 -3.20722935e-01 0.00000000e+00 9.47173056e-01 7.96772163e+00 0.00000000e+00 1.00000000e+00 0.00000000e+00 1.42420200e-01 -9.47173056e-01 0.00000000e+00 -3.20722935e-01 -4.20182384e+00
1.1959979272e+02 -3.17566154e-01 0.00000000e+00 9.48236119e-01 7.87258624e+00 0.00000000e+00 1.00000000e+00 0.00000000e+00 1.40820066e-01 -9.48236119e-01 0.00000000e+00 -3.17566154e-01 -4.18534312e+00
1.1969975448e+02 -3.20689612e-01 0.00000000e+00 9.47184340e-01 7.77132654e+00 0.00000000e+00 1.00000000e+00 0.00000000e+00 1.33519938e-01 -9.47184340e-01 0.00000000e+00 -3.20689612e-01 -4.17270689e+00
1.1979991245e+02 -3.18871028e-01 0.00000000e+00 9.47798115e-01 7.67415461e+00 0.00000000e+00 1.00000000e+00 0.00000000e+00 1.40719809e-01 -9.47798115e-01 0.00000000e+00 -3.18871028e-01 -4.16015679e+00
1.1989977717e+02 -3.18430525e-01 0.00000000e+00 9.47946202e-01 7.57086135e+00 0.00000000e+00 1.00000000e+00 0.00000000e+00 1.33919678e-01 -9.47946202e-01 0.00000000e+00 -3.18430525e-01 -4.15104681e+00
1.1999976492e+02 -3.16116112e-01 0.00000000e+00 9.48720509e-01 7.47080797e+00 0.00000000e+00 1.00000000e+00 0.00000000e+00 1.33419547e-01 -9.48720509e-01 0.00000000e+00 -3.16116112e-01 -4.13470340e+00
1.2009973788e+02 -3.16112708e-01 0.00000000e+00 9.48721643e-01 7.47081137e+00 0.00000000e+00 1.00000000e+00 0.00000000e+00 1.33419547e-01 -9.48721643e-01 0.00000000e+00 -3.16112708e-01 -4.13470382e+00
1.2019982696e+02 -3.20832606e-01 0.00000000e+00 9.47135914e-01 7.26713662e+00 0.00000000e+00 1.00000000e+00 0.00000000e+00 1.35519300e-01 -9.47135914e-01 0.00000000e+00 -3.20832606e-01 -4.11057200e+00
1.2032926536e+02 -3.17016169e-01 0.00000000e+00 9.48420133e-01 7.17294241e+00 0.00000000e+00 1.00000000e+00 0.00000000e+00 1.30719180e-01 -9.48420133e-01 0.00000000e+00 -3.17016169e-01 -4.09800685e+00
1.2039979601e+02 -3.13660746e-01 0.00000000e+00 9.49535116e-01 7.07326044e+00 0.00000000e+00 1.00000000e+00 0.00000000e+00 1.36819055e-01 -9.49535116e-01 0.00000000e+00 -3.13660746e-01 -4.08223480e+00
1.2049976373e+02 -3.10456937e-01 0.00000000e+00 9.50587445e-01 6.97677993e+00 0.00000000e+00 1.00000000e+00 0.00000000e+00 1.35718938e-01 -9.50587445e-01 0.00000000e+00 -3.10456937e-01 -4.07349711e+00
1.2059975505e+02 -3.08608031e-01 0.00000000e+00 9.51189299e-01 6.87587910e+00 0.00000000e+00 1.00000000e+00 0.00000000e+00 1.25118819e-01 -9.51189299e-01 0.00000000e+00 -3.08608031e-01 -4.06363802e+00
1.2069974804e+02 -3.09412637e-01 0.00000000e+00 9.50927873e-01 6.77583275e+00 0.00000000e+00 1.00000000e+00 0.00000000e+00 1.27418704e-01 -9.50927873e-01 0.00000000e+00 -3.09412637e-01 -4.04903582e+00
1.2079976249e+02 -3.14628719e-01 0.00000000e+00 9.49214817e-01 6.67245306e+00 0.00000000e+00 1.00000000e+00 0.00000000e+00 1.32918591e-01 -9.49214817e-01 0.00000000e+00 -3.14628719e-01 -4.03388690e+00
1.2089975643e+02 -3.12099673e-01 0.00000000e+00 9.50049364e-01 6.57253313e+00 0.00000000e+00 1.00000000e+00 0.00000000e+00 1.31418474e-01 -9.50049364e-01 0.00000000e+00 -3.12099673e-01 -4.01854673e+00
1.2099978590e+02 -3.12203770e-01 0.00000000e+00 9.50015161e-01 6.47133296e+00 0.00000000e+00 1.00000000e+00 0.00000000e+00 1.29518362e-01 -9.50015161e-01 0.00000000e+00 -3.12203770e-01 -4.00467099e+00
1.2109984708e+02 -3.12203932e-01 0.00000000e+00 9.50015108e-01 6.47133280e+00 0.00000000e+00 1.00000000e+00 0.00000000e+00 1.29518362e-01 -9.50015108e-01 0.00000000e+00 -3.12203932e-01 -4.00467097e+00
1.2119974136e+02 -3.14092859e-01 0.00000000e+00 9.49392267e-01 6.26650693e+00 0.00000000e+00 1.00000000e+00 0.00000000e+00 1.24218148e-01 -9.49392267e-01 0.00000000e+00 -3.14092859e-01 -3.99190573e+00
1.2131419635e+02 -3.10043121e-01 0.00000000e+00 9.50722495e-01 6.16701416e+00 0.00000000e+00 1.00000000e+00 0.00000000e+00 1.26818035e-01 -9.50722495e-01 0.00000000e+00 -3.10043121e-01 -3.97238343e+00
1.2139977002e+02 -3.09311926e-01 0.00000000e+00 9.50960637e-01 6.06420657e+00 0.00000000e+00 1.00000000e+00 0.00000000e+00 1.24917927e-01 -9.50960637e-01 0.00000000e+00 -3.09311926e-01 -3.95946190e+00
1.2149996758e+02 -3.08851624e-01 0.00000000e+00 9.51110233e-01 5.97082512e+00 0.00000000e+00 1.00000000e+00 0.00000000e+00 1.16417834e-01 -9.51110233e-01 0.00000000e+00 -3.08851624e-01 -3.94877393e+00
1.2159985995e+02 -3.11136464e-01 0.00000000e+00 9.50365246e-01 5.86828329e+00 0.00000000e+00 1.00000000e+00 0.00000000e+00 1.22817729e-01 -9.50365246e-01 0.00000000e+00 -3.11136464e-01 -3.92958404e+00
1.2169978428e+02 -3.13294857e-01 0.00000000e+00 9.49655902e-01 5.76568461e+00 0.00000000e+00 1.00000000e+00 0.00000000e+00 1.25017631e-01 -9.49655902e-01 0.00000000e+00 -3.13294857e-01 -3.92110094e+00
1.2179984307e+02 -3.08549361e-01 0.00000000e+00 9.51208333e-01 5.67020938e+00 0.00000000e+00 1.00000000e+00 0.00000000e+00 1.23417535e-01 -9.51208333e-01 0.00000000e+00 -3.08549361e-01 -3.91235672e+00
1.2189984012e+02 -3.11499113e-01 0.00000000e+00 9.50246443e-01 5.56752872e+00 0.00000000e+00 1.00000000e+00 0.00000000e+00 1.21217437e-01 -9.50246443e-01 0.00000000e+00 -3.11499113e-01 -3.89832883e+00
1.2199988103e+02 -3.15712379e-01 0.00000000e+00 9.48854938e-01 5.46218669e+00 0.00000000e+00 1.00000000e+00 0.00000000e+00 1.25317341e-01 -9.48854938e-01 0.00000000e+00 -3.15712379e-01 -3.88209925e+00
1.2209983778e+02 -3.15718592e-01 0.00000000e+00 9.48852871e-01 5.46218048e+00 0.00000000e+00 1.00000000e+00 0.00000000e+00 1.25317341e-01 -9.48852871e-01 0.00000000e+00 -3.15718592e-01 -3.88209849e+00
1.2219990087e+02 -3.11016320e-01 0.00000000e+00 9.50404571e-01 5.26343381e+00 0.00000000e+00 1.00000000e+00 0.00000000e+00 1.28717152e-01 -9.50404571e-01 0.00000000e+00 -3.11016320e-01 -3.85287041e+00
1.2229998708e+02 -3.11756870e-01 0.00000000e+00 9.50161909e-01 5.16048579e+00 0.00000000e+00 1.00000000e+00 0.00000000e+00 9.77170638e-02 -9.50161909e-01 0.00000000e+00 -3.11756870e-01 -3.84534485e+00
1.2239978576e+02 -3.14948668e-01 0.00000000e+00 9.49108707e-01 5.05974843e+00 0.00000000e+00 1.00000000e+00 0.00000000e+00 9.68169749e-02 -9.49108707e-01 0.00000000e+00 -3.14948668e-01 -3.82991942e+00
1.2249976182e+02 -3.10102124e-01 0.00000000e+00 9.50703252e-01 4.96166193e+00 0.00000000e+00 1.00000000e+00 0.00000000e+00 9.28168889e-02 -9.50703252e-01 0.00000000e+00 -3.10102124e-01 -3.82082772e+00
1.2259979129e+02 -3.09083245e-01 0.00000000e+00 9.51034987e-01 4.86149521e+00 0.00000000e+00 1.00000000e+00 0.00000000e+00 9.94168023e-02 -9.51034987e-01 0.00000000e+00 -3.09083245e-01 -3.80420453e+00
1.2269978571e+02 -3.09066808e-01 0.00000000e+00 9.51040329e-01 4.76272525e+00 0.00000000e+00 1.00000000e+00 0.00000000e+00 9.45167201e-02 -9.51040329e-01 0.00000000e+00 -3.09066808e-01 -3.79551180e+00
1.2279983091e+02 -3.07456999e-01 0.00000000e+00 9.51561976e-01 4.66065436e+00 0.00000000e+00 1.00000000e+00 0.00000000e+00 9.91166371e-02 -9.51561976e-01 0.00000000e+00 -3.07456999e-01 -3.78337206e+00
1.2289978123e+02 -3.07148108e-01 0.00000000e+00 9.51661725e-01 4.56100782e+00 0.00000000e+00 1.00000000e+00 0.00000000e+00 9.60165558e-02 -9.51661725e-01 0.00000000e+00 -3.07148108e-01 -3.76898211e+00
1.2299979186e+02 -3.07936742e-01 0.00000000e+00 9.51406834e-01 4.45894370e+00 0.00000000e+00 1.00000000e+00 0.00000000e+00 9.23164777e-02 -9.51406834e-01 0.00000000e+00 -3.07936742e-01 -3.76028299e+00
1.2309978843e+02 -3.07937856e-01 0.00000000e+00 9.51406473e-01 4.45894259e+00 0.00000000e+00 1.00000000e+00 0.00000000e+00 9.23164777e-02 -9.51406473e-01 0.00000000e+00 -3.07937856e-01 -3.76028286e+00
1.2319991422e+02 -3.05704158e-01 0.00000000e+00 9.52126550e-01 4.25795808e+00 0.00000000e+00 1.00000000e+00 0.00000000e+00 8.70163225e-02 -9.52126550e-01 0.00000000e+00 -3.05704158e-01 -3.73290771e+00
1.2329974580e+02 -3.05977376e-01 0.00000000e+00 9.52038784e-01 4.15555265e+00 0.00000000e+00 1.00000000e+00 0.00000000e+00 8.70162469e-02 -9.52038784e-01 0.00000000e+00 -3.05977376e-01 -3.72014885e+00
1.2339979005e+02 -3.09273382e-01 0.00000000e+00 9.50973173e-01 4.05662644e+00 0.00000000e+00 1.00000000e+00 0.00000000e+00 8.46161800e-02 -9.50973173e-01 0.00000000e+00 -3.09273382e-01 -3.70998229e+00
1.2349979043e+02 -3.09209637e-01 0.00000000e+00 9.50993901e-01 3.94957776e+00 0.00000000e+00 1.00000000e+00 0.00000000e+00 9.50161040e-02 -9.50993901e-01 0.00000000e+00 -3.09209637e-01 -3.69321548e+00
1.2360923052e+02 -3.08016938e-01 0.00000000e+00 9.51380873e-01 3.84860147e+00 0.00000000e+00 1.00000000e+00 0.00000000e+00 9.44160357e-02 -9.51380873e-01 0.00000000e+00 -3.08016938e-01 -3.68474204e+00
1.2369982719e+02 -3.10931942e-01 0.00000000e+00 9.50432179e-01 3.74814999e+00 0.00000000e+00 1.00000000e+00 0.00000000e+00 9.27159706e-02 -9.50432179e-01 0.00000000e+00 -3.10931942e-01 -3.67223978e+00
1.2379977012e+02 -3.07641242e-01 0.00000000e+00 9.51502426e-01 3.64963572e+00 0.00000000e+00 1.00000000e+00 0.00000000e+00 8.55159025e-02 -9.51502426e-01 0.00000000e+00 -3.07641242e-01 -3.66026558e+00
1.2389986706e+02 -3.10550074e-01 0.00000000e+00 9.50557022e-01 3.54866686e+00 0.00000000e+00 1.00000000e+00 0.00000000e+00 8.57158417e-02 -9.50557022e-01 0.00000000e+00 -3.10550074e-01 -3.64804410e+00
1.2399984622e+02 -3.08153302e-01 0.00000000e+00 9.51336714e-01 3.45340913e+00 0.00000000e+00 1.00000000e+00 0.00000000e+00 9.30157786e-02 -9.51336714e-01 0.00000000e+00 -3.08153302e-01 -3.63157237e+00
1.2409986567e+02 -3.08150395e-01 0.00000000e+00 9.51337655e-01 3.45341203e+00 0.00000000e+00 1.00000000e+00 0.00000000e+00 9.30157786e-02 -9.51337655e-01 0.00000000e+00 -3.08150395e-01 -3.63157270e+00
1.2419985080e+02 -3.08249885e-01 0.00000000e+00 9.51305423e-01 3.25926557e+00 0.00000000e+00 1.00000000e+00 0.00000000e+00 9.54156631e-02 -9.51305423e-01 0.00000000e+00 -3.08249885e-01 -3.61192504e+00
1.2430005789e+02 -3.08520316e-01 0.00000000e+00 9.51217754e-01 3.16382459e+00 0.00000000e+00 1.00000000e+00 0.00000000e+00 8.91156106e-02 -9.51217754e-01 0.00000000e+00 -3.08520316e-01 -3.59899790e+00
1.2439975953e+02 -3.11084191e-01 0.00000000e+00 9.50382358e-01 3.06762386e+00 0.00000000e+00 1.00000000e+00 0.00000000e+00 8.87155578e-02 -9.50382358e-01 0.00000000e+00 -3.11084191e-01 -3.58806395e+00
1.2449980354e+02 -3.15948792e-01 0.00000000e+00 9.48776244e-01 2.97224607e+00 0.00000000e+00 1.00000000e+00 0.00000000e+00 8.63155089e-02 -9.48776244e-01 0.00000000e+00 -3.15948792e-01 -3.57519985e+00
1.2459984159e+02 -3.11617415e-01 0.00000000e+00 9.50207655e-01 2.88450221e+00 0.00000000e+00 1.00000000e+00 0.00000000e+00 8.52154587e-02 -9.50207655e-01 0.00000000e+00 -3.11617415e-01 -3.56325002e+00
1.2469986439e+02 -3.09119961e-01 0.00000000e+00 9.51023054e-01 2.79690200e+00 0.00000000e+00 1.00000000e+00 0.00000000e+00 8.10154141e-02 -9.51023054e-01 0.00000000e+00 -3.09119961e-01 -3.55597289e+00
1.2479981899e+02 -3.07358902e-01 0.00000000e+00 9.51593666e-01 2.71269189e+00 0.00000000e+00 1.00000000e+00 0.00000000e+00 7.91153693e-02 -9.51593666e-01 0.00000000e+00 -3.07358902e-01 -3.54370951e+00
1.2489983106e+02 -3.09131013e-01 0.00000000e+00 9.51019462e-01 2.62638960e+00 0.00000000e+00 1.00000000e+00 0.00000000e+00 7.64153291e-02 -9.51019462e-01 0.00000000e+00 -3.09131013e-01 -3.53439127e+00
1.2499984527e+02 -3.07428265e-01 0.00000000e+00 9.51571259e-01 2.54533083e+00 0.00000000e+00 1.00000000e+00 0.00000000e+00 7.64152898e-02 -9.51571259e-01 0.00000000e+00 -3.07428265e-01 -3.52337577e+00
1.2509990144e+02 -3.07426372e-01 0.00000000e+00 9.51571871e-01 2.54533271e+00 0.00000000e+00 1.00000000e+00 0.00000000e+00 7.64152898e-02 -9.51571871e-01 0.00000000e+00 -3.07426372e-01 -3.52337599e+00
1.2519978809e+02 -3.05968094e-01 0.00000000e+00 9.52041767e-01 2.38833103e+00 0.00000000e+00 1.00000000e+00 0.00000000e+00 7.06152178e-02 -9.52041767e-01 0.00000000e+00 -3.05968094e-01 -3.50470340e+00
1.2532426977e+02 -3.06556650e-01 0.00000000e+00 9.51852415e-01 2.31450555e+00 0.00000000e+00 1.00000000e+00 0.00000000e+00 7.64151860e-02 -9.51852415e-01 0.00000000e+00 -3.06556650e-01 -3.49656490e+00
1.2539975333e+02 -3.16219753e-01 0.00000000e+00 9.48685969e-01 2.23816849e+00 0.00000000e+00 1.00000000e+00 0.00000000e+00 7.38151560e-02 -9.48685969e-01 0.00000000e+00 -3.16219753e-01 -3.48315050e+00
1.2549989820e+02 -3.41113737e-01 0.00000000e+00 9.40022031e-01 2.15612902e+00 0.00000000e+00 1.00000000e+00 0.00000000e+00 7.67151323e-02 -9.40022031e-01 0.00000000e+00 -3.41113737e-01 -3.47364891e+00
1.2559978771e+02 -3.59839915e-01 0.00000000e+00 9.33014060e-01 2.08409357e+00 0.00000000e+00 1.00000000e+00 0.00000000e+00 7.41151086e-02 -9.33014060e-01 0.00000000e+00 -3.59839915e-01 -3.45765874e+00
1.2569977427e+02 -3.80867959e-01 0.00000000e+00 9.24629438e-01 2.01548858e+00 0.00000000e+00 1.00000000e+00 0.00000000e+00 6.99150878e-02 -9.24629438e-01 0.00000000e+00 -3.80867959e-01 -3.44327728e+00
1.2579982996e+02 -4.05250282e-01 0.00000000e+00 9.14205780e-01 1.94615139e+00 0.00000000e+00 1.00000000e+00 0.00000000e+00 7.26150672e-02 -9.14205780e-01 0.00000000e+00 -4.05250282e-01 -3.42434976e+00
1.2589990735e+02 -4.24213332e-01 0.00000000e+00 9.05562283e-01 1.88479953e+00 0.00000000e+00 1.00000000e+00 0.00000000e+00 7.40150469e-02 -9.05562283e-01 0.00000000e+00 -4.24213332e-01 -3.40662660e+00
1.2599977994e+02 -4.47404316e-01 0.00000000e+00 8.94331805e-01 1.82085047e+00 0.00000000e+00 1.00000000e+00 0.00000000e+00 7.18150295e-02 -8.94331805e-01 0.00000000e+00 -4.47404316e-01 -3.38587948e+00
1.2609975648e+02 -4.47431333e-01 0.00000000e+00 8.94318289e-01 1.82082262e+00 0.00000000e+00 1.00000000e+00 0.00000000e+00 7.18150295e-02 -8.94318289e-01 0.00000000e+00 -4.47431333e-01 -3.38587195e+00
1.2619978690e+02 -4.98961462e-01 0.00000000e+00 8.66624174e-01 1.68185426e+00 0.00000000e+00 1.00000000e+00 0.00000000e+00 6.32149895e-02 -8.66624174e-01 0.00000000e+00 -4.98961462e-01 -3.33529763e+00
1.2631938124e+02 -5.23526552e-01 0.00000000e+00 8.52009360e-01 1.61557787e+00 0.00000000e+00 1.00000000e+00 0.00000000e+00 6.05149721e-02 -8.52009360e-01 0.00000000e+00 -5.23526552e-01 -3.31274666e+00
1.2639987683e+02 -5.46280520e-01 0.00000000e+00 8.37602288e-01 1.55065934e+00 0.00000000e+00 1.00000000e+00 0.00000000e+00 6.04149510e-02 -8.37602288e-01 0.00000000e+00 -5.46280520e-01 -3.28376538e+00
1.2649985647e+02 -5.68782203e-01 0.00000000e+00 8.22488180e-01 1.48620354e+00 0.00000000e+00 1.00000000e+00 0.00000000e+00 6.10149291e-02 -8.22488180e-01 0.00000000e+00 -5.68782203e-01 -3.24547457e+00
1.2659995365e+02 -5.83346848e-01 0.00000000e+00 8.12223156e-01 1.42853819e+00 0.00000000e+00 1.00000000e+00 0.00000000e+00 5.88149080e-02 -8.12223156e-01 0.00000000e+00 -5.83346848e-01 -3.21296750e+00
1.2669982290e+02 -6.11061917e-01 0.00000000e+00 7.91582803e-01 1.35971877e+00 0.00000000e+00 1.00000000e+00 0.00000000e+00 5.73148880e-02 -7.91582803e-01 0.00000000e+00 -6.11061917e-01 -3.17602269e+00
1.2679984689e+02 -6.25212702e-01 0.00000000e+00 7.80454405e-01 1.29891566e+00 0.00000000e+00 1.00000000e+00 0.00000000e+00 5.38148663e-02 -7.80454405e-01 0.00000000e+00 -6.25212702e-01 -3.14275360e+00
1.2689992094e+02 -6.45084508e-01 0.00000000e+00 7.64111234e-01 1.23476895e+00 0.00000000e+00 1.00000000e+00 0.00000000e+00 6.06148453e-02 -7.64111234e-01 0.00000000e+00 -6.45084508e-01 -3.10309628e+00
1.2699995208e+02 -6.62864671e-01 0.00000000e+00 7.48739226e-01 1.17454697e+00 0.00000000e+00 1.00000000e+00 0.00000000e+00 5.29148244e-02 -7.48739226e-01 0.00000000e+00 -6.62864671e-01 -3.06646752e+00
1.2709985065e+02 -6.62890590e-01 0.00000000e+00 7.48716278e-01 1.17451836e+00 0.00000000e+00 1.00000000e+00 0.00000000e+00 5.29148244e-02 -7.48716278e-01 0.00000000e+00 -6.62890590e-01 -3.06645096e+00
1.2719984889e+02 -6.99459166e-01 0.00000000e+00 7.14672565e-01 1.05485222e+00 0.00000000e+00 1.00000000e+00 0.00000000e+00 5.21147840e-02 -7.14672565e-01 0.00000000e+00 -6.99459166e-01 -2.98722958e+00
1.2729975247e+02 -7.17695522e-01 0.00000000e+00 6.96357047e-01 9.94351533e-01 0.00000000e+00 1.00000000e+00 0.00000000e+00 4.93147648e-02 -6.96357047e-01 0.00000000e+00 -7.17695522e-01 -2.94572197e+00
1.2744954038e+02 -7.34877687e-01 0.00000000e+00 6.78199665e-01 9.37264093e-01 0.00000000e+00 1.00000000e+00 0.00000000e+00 5.03147460e-02 -6.78199665e-01 0.00000000e+00 -7.34877687e-01 -2.89822458e+00
1.2749981904e+02 -7.50726778e-01 0.00000000e+00 6.60612825e-01 8.80611719e-01 0.00000000e+00 1.00000000e+00 0.00000000e+00 4.41147259e-02 -6.60612825e-01 0.00000000e+00 -7.50726778e-01 -2.85234273e+00
1.2759979773e+02 -7.65921972e-01 0.00000000e+00 6.42933537e-01 8.21290944e-01 0.00000000e+00 1.00000000e+00 0.00000000e+00 3.90147066e-02 -6.42933537e-01 0.00000000e+00 -7.65921972e-01 -2.80645471e+00
1.2769979930e+02 -7.80820975e-01 0.00000000e+00 6.24754836e-01 7.65762489e-01 0.00000000e+00 1.00000000e+00 0.00000000e+00 3.85146870e-02 -6.24754836e-01 0.00000000e+00 -7.80820975e-01 -2.75460503e+00
1.2779976034e+02 -7.96277322e-01 0.00000000e+00 6.04931754e-01 7.12231002e-01 0.00000000e+00 1.00000000e+00 0.00000000e+00 3.10146690e-02 -6.04931754e-01 0.00000000e+00 -7.96277322e-01 -2.70940079e+00
1.2789983845e+02 -8.07452402e-01 0.00000000e+00 5.89932723e-01 6.60814931e-01 0.00000000e+00 1.00000000e+00 0.00000000e+00 3.37146512e-02 -5.89932723e-01 0.00000000e+00 -8.07452402e-01 -2.66097759e+00
1.2799997997e+02 -8.21169519e-01 0.00000000e+00 5.70684345e-01 6.05599003e-01 0.00000000e+00 1.00000000e+00 0.00000000e+00 3.09146312e-02 -5.70684345e-01 0.00000000e+00 -8.21169519e-01 -2.60696327e+00
1.2809988284e+02 -8.21184071e-01 0.00000000e+00 5.70663405e-01 6.05581414e-01 0.00000000e+00 1.00000000e+00 0.00000000e+00 3.09146312e-02 -5.70663405e-01 0.00000000e+00 -8.21184071e-01 -2.60694643e+00
1.2819980383e+02 -8.49917004e-01 0.00000000e+00 5.26916584e-01 5.10631142e-01 0.00000000e+00 1.00000000e+00 0.00000000e+00 3.07145947e-02 -5.26916584e-01 0.00000000e+00 -8.49917004e-01 -2.48699710e+00
1.2829978204e+02 -8.60505369e-01 0.00000000e+00 5.09441371e-01 4.62781263e-01 0.00000000e+00 1.00000000e+00 0.00000000e+00 2.93145764e-02 -5.09441371e-01 0.00000000e+00 -8.60505369e-01 -2.43313032e+00
1.2840942883e+02 -8.77548825e-01 0.00000000e+00 4.79487288e-01 4.12172353e-01 0.00000000e+00 1.00000000e+00 0.00000000e+00 3.70145611e-02 -4.79487288e-01 0.00000000e+00 -8.77548825e-01 -2.36719665e+00
1.2849984050e+02 -8.89307905e-01 0.00000000e+00 4.57308922e-01 3.71590643e-01 0.00000000e+00 1.00000000e+00 0.00000000e+00 2.68145431e-02 -4.57308922e-01 0.00000000e+00 -8.89307905e-01 -2.30820492e+00
1.2859976411e+02 -8.98619831e-01 0.00000000e+00 4.38728162e-01 3.30596919e-01 0.00000000e+00 1.00000000e+00 0.00000000e+00 3.01145267e-02 -4.38728162e-01 0.00000000e+00 -8.98619831e-01 -2.24670351e+00
1.2869978786e+02 -9.09900390e-01 0.00000000e+00 4.14826808e-01 2.86202192e-01 0.00000000e+00 1.00000000e+00 0.00000000e+00 2.26145113e-02 -4.14826808e-01 0.00000000e+00 -9.09900390e-01 -2.18354915e+00
1.2879975677e+02 -9.20678803e-01 0.00000000e+00 3.90321076e-01 2.47798502e-01 0.00000000e+00 1.00000000e+00 0.00000000e+00 1.78144962e-02 -3.90321076e-01 0.00000000e+00 -9.20678803e-01 -2.11655104e+00
1.2889977551e+02 -9.30282330e-01 0.00000000e+00 3.66844362e-01 2.12528046e-01 0.00000000e+00 1.00000000e+00 0.00000000e+00 2.36144803e-02 -3.66844362e-01 0.00000000e+00 -9.30282330e-01 -2.05030223e+00
1.2899973154e+02 -9.38120133e-01 0.00000000e+00 3.46310001e-01 1.75735484e-01 0.00000000e+00 1.00000000e+00 0.00000000e+00 2.19144662e-02 -3.46310001e-01 0.00000000e+00 -9.38120133e-01 -1.98816028e+00
1.2909986186e+02 -9.38129100e-01 0.00000000e+00 3.46285709e-01 1.75722487e-01 0.00000000e+00 1.00000000e+00 0.00000000e+00 2.19144662e-02 -3.46285709e-01 0.00000000e+00 -9.38129100e-01 -1.98813924e+00
1.2919980407e+02 -9.55624566e-01 0.00000000e+00 2.94587321e-01 9.88700974e-02 0.00000000e+00 1.00000000e+00 0.00000000e+00 1.54144392e-02 -2.94587321e-01 0.00000000e+00 -9.55624566e-01 -1.85235163e+00
1.2929984665e+02 -9.62408647e-01 0.00000000e+00 2.71605588e-01 6.92784169e-02 0.00000000e+00 1.00000000e+00 0.00000000e+00 1.14425956e-04 -2.71605588e-01 0.00000000e+00 -9.62408647e-01 -1.78494777e+00
1.2939980984e+02 -9.68965787e-01 0.00000000e+00 2.47194869e-01 3.73826907e-02 0.00000000e+00 1.00000000e+00 0.00000000e+00 1.91441162e-03 -2.47194869e-01 0.00000000e+00 -9.68965787e-01 -1.71315725e+00
1.2949978304e+02 -9.75932405e-01 0.00000000e+00 2.18073247e-01 9.99720128e-03 0.00000000e+00 1.00000000e+00 0.00000000e+00 3.14400201e-04 -2.18073247e-01 0.00000000e+00 -9.75932405e-01 -1.63978158e+00
1.2959978771e+02 -9.80564057e-01 0.00000000e+00 1.96199212e-01 -1.24356092e-02 0.00000000e+00 1.00000000e+00 0.00000000e+00 -1.48561143e-03 -1.96199212e-01 0.00000000e+00 -9.80564057e-01 -1.57007316e+00
1.2969984460e+02 -9.86914318e-01 0.00000000e+00 1.61245555e-01 -3.73510356e-02 0.00000000e+00 1.00000000e+00 0.00000000e+00 -7.08562176e-03 -1.61245555e-01 0.00000000e+00 -9.86914318e-01 -1.49374289e+00
1.2979983544e+02 -9.91533305e-01 0.00000000e+00 1.29852626e-01 -5.87635834e-02 0.00000000e+00 1.00000000e+00 0.00000000e+00 -3.48563047e-03 -1.29852626e-01 0.00000000e+00 -9.91533305e-01 -1.42042650e+00
1.2989985752e+02 -9.94803956e-01 0.00000000e+00 1.01809082e-01 -7.59402076e-02 0.00000000e+00 1.00000000e+00 0.00000000e+00 1.41435957e-03 -1.01809082e-01 0.00000000e+00 -9.94803956e-01 -1.34235722e+00
1.2999993038e+02 -9.96897763e-01 0.00000000e+00 7.87073764e-02 -9.19727372e-02 0.00000000e+00 1.00000000e+00 0.00000000e+00 1.21434973e-03 -7.87073764e-02 0.00000000e+00 -9.96897763e-01 -1.27219165e+00
1.3009981871e+02 -9.96900193e-01 0.00000000e+00 7.86765875e-02 -9.19808475e-02 0.00000000e+00 1.00000000e+00 0.00000000e+00 1.21434973e-03 -7.86765875e-02 0.00000000e+00 -9.96900193e-01 -1.27216329e+00
1.3019978261e+02 -9.99998012e-01 0.00000000e+00 1.99393948e-03 -1.19277481e-01 0.00000000e+00 1.00000000e+00 0.00000000e+00 1.36143337e-02 -1.99393948e-03 0.00000000e+00 -9.99998012e-01 -1.10722571e+00
1.3033147764e+02 -9.99548248e-01 0.00000000e+00 -3.00549592e-02 -1.28586501e-01 0.00000000e+00 1.00000000e+00 0.00000000e+00 9.31432732e-03 3.00549592e-02 0.00000000e+00 -9.99548248e-01 -1.03253530e+00
1.3039974403e+02 -9.98099027e-01 0.00000000e+00 -6.16306154e-02 -1.33308400e-01 0.00000000e+00 1.00000000e+00 0.00000000e+00 4.21432134e-03 6.16306154e-02 0.00000000e+00 -9.98099027e-01 -9.55323260e-01
1.3049981594e+02 -9.95541589e-01 0.00000000e+00 -9.43236203e-02 -1.37330789e-01 0.00000000e+00 1.00000000e+00 0.00000000e+00 6.41431542e-03 9.43236203e-02 0.00000000e+00 -9.95541589e-01 -8.73785597e-01
1.3059993696e+02 -9.91801273e-01 0.00000000e+00 -1.27789807e-01 -1.38931320e-01 0.00000000e+00 1.00000000e+00 0.00000000e+00 -3.88569062e-03 1.27789807e-01 0.00000000e+00 -9.91801273e-01 -7.95087582e-01
1.3069987512e+02 -9.87125550e-01 0.00000000e+00 -1.59947329e-01 -1.32570249e-01 0.00000000e+00 1.00000000e+00 0.00000000e+00 -6.08569532e-03 1.59947329e-01 0.00000000e+00 -9.87125550e-01 -7.16914426e-01
1.3079983997e+02 -9.80715651e-01 0.00000000e+00 -1.95440048e-01 -1.29327816e-01 0.00000000e+00 1.00000000e+00 0.00000000e+00 -7.85698484e-04 1.95440048e-01 0.00000000e+00 -9.80715651e-01 -6.32606789e-01
1.3089988041e+02 -9.73848532e-01 0.00000000e+00 -2.27198231e-01 -1.23352708e-01 0.00000000e+00 1.00000000e+00 0.00000000e+00 2.11429710e-03 2.27198231e-01 0.00000000e+00 -9.73848532e-01 -5.50389851e-01
1.3099984145e+02 -9.66734418e-01 0.00000000e+00 -2.55782259e-01 -1.18893076e-01 0.00000000e+00 1.00000000e+00 0.00000000e+00 4.61429380e-03 2.55782259e-01 0.00000000e+00 -9.66734418e-01 -4.81566275e-01
1.3109975648e+02 -9.66724787e-01 0.00000000e+00 -2.55818660e-01 -1.18890959e-01 0.00000000e+00 1.00000000e+00 0.00000000e+00 4.61429380e-03 2.55818660e-01 0.00000000e+00 -9.66724787e-01 -4.81530378e-01
1.3119978404e+02 -9.56275468e-01 0.00000000e+00 -2.92467483e-01 -1.08282865e-01 0.00000000e+00 1.00000000e+00 0.00000000e+00 3.61429098e-03 2.92467483e-01 0.00000000e+00 -9.56275468e-01 -4.03634613e-01
1.3129986215e+02 -9.57116443e-01 0.00000000e+00 -2.89703493e-01 -1.08811818e-01 0.00000000e+00 1.00000000e+00 0.00000000e+00 5.01429181e-03 2.89703493e-01 0.00000000e+00 -9.57116443e-01 -4.03324144e-01
1.3139990067e+02 -9.57308680e-01 0.00000000e+00 -2.89067622e-01 -1.08785170e-01 0.00000000e+00 1.00000000e+00 0.00000000e+00 2.31429248e-03 2.89067622e-01 0.00000000e+00 -9.57308680e-01 -4.12392109e-01
1.3149982929e+02 -9.56921560e-01 0.00000000e+00 -2.90346566e-01 -1.08897044e-01 0.00000000e+00 1.00000000e+00 0.00000000e+00 6.31429205e-03 2.90346566e-01 0.00000000e+00 -9.56921560e-01 -4.14749058e-01
1.3159976554e+02 -9.57845970e-01 0.00000000e+00 -2.87282261e-01 -1.09571975e-01 0.00000000e+00 1.00000000e+00 0.00000000e+00 2.51429185e-03 2.87282261e-01 0.00000000e+00 -9.57845970e-01 -4.20162505e-01
1.3169987392e+02 -9.56658990e-01 0.00000000e+00 -2.91210537e-01 -1.09138398e-01 0.00000000e+00 1.00000000e+00 0.00000000e+00 8.11429142e-03 2.91210537e-01 0.00000000e+00 -9.56658990e-01 -4.13776626e-01
1.3179983950e+02 -9.56286764e-01 0.00000000e+00 -2.92430548e-01 -1.10123833e-01 0.00000000e+00 1.00000000e+00 0.00000000e+00 1.27142919e-02 2.92430548e-01 0.00000000e+00 -9.56286764e-01 -4.03640136e-01
1.3189973927e+02 -9.57937333e-01 0.00000000e+00 -2.86977465e-01 -1.13591735e-01 0.00000000e+00 1.00000000e+00 0.00000000e+00 1.26142896e-02 2.86977465e-01 0.00000000e+00 -9.57937333e-01 -4.08026142e-01
1.3199976563e+02 -9.56013385e-01 0.00000000e+00 -2.93323043e-01 -1.12184678e-01 0.00000000e+00 1.00000000e+00 0.00000000e+00 1.65142909e-02 2.93323043e-01 0.00000000e+00 -9.56013385e-01 -4.04523841e-01
1.3209974551e+02 -9.56010861e-01 0.00000000e+00 -2.93331271e-01 -1.12183875e-01 0.00000000e+00 1.00000000e+00 0.00000000e+00 1.65142909e-02 2.93331271e-01 0.00000000e+00 -9.56010861e-01 -4.04515662e-01
1.3219980907e+02 -9.57543543e-01 0.00000000e+00 -2.88288681e-01 -1.09597058e-01 0.00000000e+00 1.00000000e+00 0.00000000e+00 1.58142914e-02 2.88288681e-01 0.00000000e+00 -9.57543543e-01 -4.05320354e-01
1.3234653544e+02 -9.57955384e-01 0.00000000e+00 -2.86917205e-01 -1.11048140e-01 0.00000000e+00 1.00000000e+00 0.00000000e+00 1.38142923e-02 2.86917205e-01 0.00000000e+00 -9.57955384e-01 -4.09122963e-01
1.3239973521e+02 -9.56759673e-01 0.00000000e+00 -2.90879577e-01 -1.11622222e-01 0.00000000e+00 1.00000000e+00 0.00000000e+00 1.30142919e-02 2.90879577e-01 0.00000000e+00 -9.56759673e-01 -4.05122440e-01
1.3249979210e+02 -9.57364644e-01 0.00000000e+00 -2.88882221e-01 -1.11567328e-01 0.00000000e+00 1.00000000e+00 0.00000000e+00 1.68142899e-02 2.88882221e-01 0.00000000e+00 -9.57364644e-01 -4.02506586e-01
1.3259977293e+02 -9.56195180e-01 0.00000000e+00 -2.92729872e-01 -1.12176272e-01 0.00000000e+00 1.00000000e+00 0.00000000e+00 1.61142906e-02 2.92729872e-01 0.00000000e+00 -9.56195180e-01 -3.98577266e-01
1.3269984055e+02 -9.54468772e-01 0.00000000e+00 -2.98310851e-01 -1.09912186e-01 0.00000000e+00 1.00000000e+00 0.00000000e+00 1.48142902e-02 2.98310851e-01 0.00000000e+00 -9.54468772e-01 -3.90863974e-01
1.3279986024e+02 -9.56728665e-01 0.00000000e+00 -2.90981550e-01 -1.10234135e-01 0.00000000e+00 1.00000000e+00 0.00000000e+00 1.34142896e-02 2.90981550e-01 0.00000000e+00 -9.56728665e-01 -3.90765738e-01
1.3289998579e+02 -9.57314237e-01 0.00000000e+00 -2.89049220e-01 -1.09712446e-01 0.00000000e+00 1.00000000e+00 0.00000000e+00 1.40142883e-02 2.89049220e-01 0.00000000e+00 -9.57314237e-01 -3.85009748e-01
1.3300010753e+02 -9.56805615e-01 0.00000000e+00 -2.90728422e-01 -1.09070032e-01 0.00000000e+00 1.00000000e+00 0.00000000e+00 1.55142894e-02 2.90728422e-01 0.00000000e+00 -9.56805615e-01 -3.73040451e-01
1.3309985542e+02 -9.56804958e-01 0.00000000e+00 -2.90730583e-01 -1.09069827e-01 0.00000000e+00 1.00000000e+00 0.00000000e+00 1.55142894e-02 2.90730583e-01 0.00000000e+00 -9.56804958e-01 -3.73038304e-01
1.3319977856e+02 -9.57215974e-01 0.00000000e+00 -2.89374460e-01 -1.08728339e-01 0.00000000e+00 1.00000000e+00 0.00000000e+00 8.31428779e-03 2.89374460e-01 0.00000000e+00 -9.57215974e-01 -3.52947265e-01
1.3329989386e+02 -9.55649736e-01 0.00000000e+00 -2.94505656e-01 -1.05117584e-01 0.00000000e+00 1.00000000e+00 0.00000000e+00 9.11428753e-03 2.94505656e-01 0.00000000e+00 -9.55649736e-01 -3.33326514e-01
1.3339984727e+02 -9.59032043e-01 0.00000000e+00 -2.83297620e-01 -1.04620061e-01 0.00000000e+00 1.00000000e+00 0.00000000e+00 8.31428701e-03 2.83297620e-01 0.00000000e+00 -9.59032043e-01 -3.27099538e-01
1.3349972987e+02 -9.56753307e-01 0.00000000e+00 -2.90900516e-01 -1.03398284e-01 0.00000000e+00 1.00000000e+00 0.00000000e+00 1.20142853e-02 2.90900516e-01 0.00000000e+00 -9.56753307e-01 -3.00180116e-01
1.3359978271e+02 -9.57264841e-01 0.00000000e+00 -2.89212766e-01 -1.02027242e-01 0.00000000e+00 1.00000000e+00 0.00000000e+00 1.46142841e-02 2.89212766e-01 0.00000000e+00 -9.57264841e-01 -2.83304522e-01
1.3369978833e+02 -9.58131752e-01 0.00000000e+00 -2.86327689e-01 -1.02144305e-01 0.00000000e+00 1.00000000e+00 0.00000000e+00 1.07142828e-02 2.86327689e-01 0.00000000e+00 -9.58131752e-01 -2.62886241e-01
1.3379976773e+02 -9.56212268e-01 0.00000000e+00 -2.92674047e-01 -9.62591124e-02 0.00000000e+00 1.00000000e+00 0.00000000e+00 9.21428230e-03 2.92674047e-01 0.00000000e+00 -9.56212268e-01 -2.33346589e-01
1.3389971781e+02 -9.54414321e-01 0.00000000e+00 -2.98485014e-01 -9.15467473e-02 0.00000000e+00 1.00000000e+00 0.00000000e+00 6.71428107e-03 2.98485014e-01 0.00000000e+00 -9.54414321e-01 -2.04721197e-01
1.3399975371e+02 -9.55678914e-01 0.00000000e+00 -2.94410960e-01 -8.78777182e-02 0.00000000e+00 1.00000000e+00 0.00000000e+00 5.31428142e-03 2.94410960e-01 0.00000000e+00 -9.55678914e-01 -1.80963638e-01
1.3409986162e+02 -9.55681582e-01 0.00000000e+00 -2.94402298e-01 -8.78785741e-02 0.00000000e+00 1.00000000e+00 0.00000000e+00 5.31428142e-03 2.94402298e-01 0.00000000e+00 -9.55681582e-01 -1.80972251e-01
1.3419978666e+02 -9.55838336e-01 0.00000000e+00 -2.93892965e-01 -8.30497857e-02 0.00000000e+00 1.00000000e+00 0.00000000e+00 5.11427996e-03 2.93892965e-01 0.00000000e+00 -9.55838336e-01 -1.19923975e-01
1.3429975915e+02 -9.53676308e-01 0.00000000e+00 -3.00834672e-01 -7.87554828e-02 0.00000000e+00 1.00000000e+00 0.00000000e+00 2.01427995e-03 3.00834672e-01 0.00000000e+00 -9.53676308e-01 -8.30052987e-02
1.3439976740e+02 -9.53673380e-01 0.00000000e+00 -3.00843954e-01 -7.87545014e-02 0.00000000e+00 1.00000000e+00 0.00000000e+00 2.01427995e-03 3.00843954e-01 0.00000000e+00 -9.53673380e-01 -8.29960559e-02
1.3449974442e+02 -9.53798112e-01 0.00000000e+00 -3.00448268e-01 -6.70302258e-02 0.00000000e+00 1.00000000e+00 0.00000000e+00 -2.48572089e-03 3.00448268e-01 0.00000000e+00 -9.53798112e-01 -1.01203057e-02
1.3459972405e+02 -9.53341619e-01 0.00000000e+00 -3.01893620e-01 -6.26433954e-02 0.00000000e+00 1.00000000e+00 0.00000000e+00 5.61427849e-03 3.01893620e-01 0.00000000e+00 -9.53341619e-01 2.95242759e-02
1.3469982219e+02 -9.53302003e-01 0.00000000e+00 -3.02018693e-01 -5.86644836e-02 0.00000000e+00 1.00000000e+00 0.00000000e+00 6.81427916e-03 3.02018693e-01 0.00000000e+00 -9.53302003e-01 6.90937352e-02
1.3479970145e+02 -9.51299393e-01 0.00000000e+00 -3.08268495e-01 -5.34074221e-02 0.00000000e+00 1.00000000e+00 0.00000000e+00 -1.28572034e-03 3.08268495e-01 0.00000000e+00 -9.51299393e-01 1.15900168e-01
1.3489989114e+02 -9.49118453e-01 0.00000000e+00 -3.14919294e-01 -4.76162081e-02 0.00000000e+00 1.00000000e+00 0.00000000e+00 -1.24857186e-02 3.14919294e-01 0.00000000e+00 -9.49118453e-01 1.63485767e-01
1.3499988794e+02 -9.51487056e-01 0.00000000e+00 -3.07688774e-01 -4.50644161e-02 0.00000000e+00 1.00000000e+00 0.00000000e+00 -1.07857174e-02 3.07688774e-01 0.00000000e+00 -9.51487056e-01 2.00075789e-01
1.3510010052e+02 -9.51490817e-01 0.00000000e+00 -3.07677144e-01 -4.50657320e-02 0.00000000e+00 1.00000000e+00 0.00000000e+00 -1.07857174e-02 3.07677144e-01 0.00000000e+00 -9.51490817e-01 2.00064190e-01
1.3520003819e+02 -9.49909777e-01 0.00000000e+00 -3.12524263e-01 -3.63737949e-02 0.00000000e+00 1.00000000e+00 0.00000000e+00 6.14284259e-04 3.12524263e-01 0.00000000e+00 -9.49909777e-01 2.99596364e-01
1.3529996634e+02 -9.49539862e-01 0.00000000e+00 -3.13646378e-01 -2.52763250e-02 0.00000000e+00 1.00000000e+00 0.00000000e+00 -6.38571207e-03 3.13646378e-01 0.00000000e+00 -9.49539862e-01 3.46783315e-01
1.3539987278e+02 -9.48847652e-01 0.00000000e+00 -3.15734277e-01 -2.05515773e-02 0.00000000e+00 1.00000000e+00 0.00000000e+00 -6.48570868e-03 3.15734277e-01 0.00000000e+00 -9.48847652e-01 4.00572458e-01
1.3549990845e+02 -9.49588346e-01 0.00000000e+00 -3.13499558e-01 -8.81392249e-03 0.00000000e+00 1.00000000e+00 0.00000000e+00 -9.88570614e-03 3.13499558e-01 0.00000000e+00 -9.49588346e-01 4.43964590e-01
1.3559975314e+02 -9.50547514e-01 0.00000000e+00 -3.10579174e-01 -2.77011767e-03 0.00000000e+00 1.00000000e+00 0.00000000e+00 -1.37857017e-02 3.10579174e-01 0.00000000e+00 -9.50547514e-01 4.84692608e-01
1.3569974208e+02 -9.49554959e-01 0.00000000e+00 -3.13600671e-01 -2.88948195e-04 0.00000000e+00 1.00000000e+00 0.00000000e+00 -1.60856999e-02 3.13600671e-01 0.00000000e+00 -9.49554959e-01 5.07872727e-01
1.3579976678e+02 -9.48676636e-01 0.00000000e+00 -3.16247752e-01 -8.48330922e-05 0.00000000e+00 1.00000000e+00 0.00000000e+00 -1.46857002e-02 3.16247752e-01 0.00000000e+00 -9.48676636e-01 5.15105187e-01
1.3589981794e+02 -9.50053914e-01 0.00000000e+00 -3.12085821e-01 -5.49997594e-05 0.00000000e+00 1.00000000e+00 0.00000000e+00 -2.10857009e-02 3.12085821e-01 0.00000000e+00 -9.50053914e-01 5.06301149e-01
1.3599978948e+02 -9.50086365e-01 0.00000000e+00 -3.11987018e-01 -1.19527907e-03 0.00000000e+00 1.00000000e+00 0.00000000e+00 -1.69857012e-02 3.11987018e-01 0.00000000e+00 -9.50086365e-01 5.02404580e-01
1.3609973145e+02 -9.50086464e-01 0.00000000e+00 -3.11986715e-01 -1.19531483e-03 0.00000000e+00 1.00000000e+00 0.00000000e+00 -1.69857012e-02 3.11986715e-01 0.00000000e+00 -9.50086464e-01 5.02404277e-01
1.3619975901e+02 -9.49324704e-01 0.00000000e+00 -3.14297002e-01 2.63329017e-04 0.00000000e+00 1.00000000e+00 0.00000000e+00 -1.74856997e-02 3.14297002e-01 0.00000000e+00 -9.49324704e-01 5.04056734e-01
1.3629985166e+02 -9.49487729e-01 0.00000000e+00 -3.13804162e-01 -6.76385721e-04 0.00000000e+00 1.00000000e+00 0.00000000e+00 -1.68857006e-02 3.13804162e-01 0.00000000e+00 -9.49487729e-01 5.04785412e-01
1.3641159749e+02 -9.49675667e-01 0.00000000e+00 -3.13234939e-01 -2.84140062e-03 0.00000000e+00 1.00000000e+00 0.00000000e+00 -1.29857020e-02 3.13234939e-01 0.00000000e+00 -9.49675667e-01 5.01460410e-01
1.3649976993e+02 -9.50197650e-01 0.00000000e+00 -3.11647921e-01 -2.78920189e-03 0.00000000e+00 1.00000000e+00 0.00000000e+00 -1.74857014e-02 3.11647921e-01 0.00000000e+00 -9.50197650e-01 4.99320856e-01
1.3659983349e+02 -9.49167946e-01 0.00000000e+00 -3.14770092e-01 -2.03351212e-03 0.00000000e+00 1.00000000e+00 0.00000000e+00 -1.79857019e-02 3.14770092e-01 0.00000000e+00 -9.49167946e-01 5.01285275e-01
1.3669982052e+02 -9.49411960e-01 0.00000000e+00 -3.14033326e-01 -3.18332452e-03 0.00000000e+00 1.00000000e+00 0.00000000e+00 -1.31857009e-02 3.14033326e-01 0.00000000e+00 -9.49411960e-01 5.02879220e-01
1.3679976702e+02 -9.51182329e-01 0.00000000e+00 -3.08629513e-01 -4.20267526e-03 0.00000000e+00 1.00000000e+00 0.00000000e+00 -1.29857010e-02 3.08629513e-01 0.00000000e+00 -9.51182329e-01 4.98619386e-01
1.3689987659e+02 -9.50223877e-01 0.00000000e+00 -3.11567942e-01 -4.70788131e-03 0.00000000e+00 1.00000000e+00 0.00000000e+00 -1.53857018e-02 3.11567942e-01 0.00000000e+00 -9.50223877e-01 5.01065618e-01
1.3699985862e+02 -9.49330349e-01 0.00000000e+00 -3.14279954e-01 -4.54818263e-03 0.00000000e+00 1.00000000e+00 0.00000000e+00 -1.59857029e-02 3.14279954e-01 0.00000000e+00 -9.49330349e-01 5.02736805e-01
1.3709977984e+02 -9.49328981e-01 0.00000000e+00 -3.14284084e-01 -4.54768564e-03 0.00000000e+00 1.00000000e+00 0.00000000e+00 -1.59857029e-02 3.14284084e-01 0.00000000e+00 -9.49328981e-01 5.02740930e-01
1.3719980097e+02 -9.49845341e-01 0.00000000e+00 -3.12720049e-01 -5.91154040e-04 0.00000000e+00 1.00000000e+00 0.00000000e+00 -2.04857025e-02 3.12720049e-01 0.00000000e+00 -9.49845341e-01 4.99605296e-01
1.3731261134e+02 -9.48649898e-01 0.00000000e+00 -3.16327947e-01 -2.66379457e-03 0.00000000e+00 1.00000000e+00 0.00000000e+00 -1.83857008e-02 3.16327947e-01 0.00000000e+00 -9.48649898e-01 5.02614664e-01
1.3740000510e+02 -9.49753384e-01 0.00000000e+00 -3.12999218e-01 -2.79522294e-03 0.00000000e+00 1.00000000e+00 0.00000000e+00 -2.01857003e-02 3.12999218e-01 0.00000000e+00 -9.49753384e-01 5.00261872e-01
1.3750011420e+02 -9.48166938e-01 0.00000000e+00 -3.17772652e-01 -4.15271884e-03 0.00000000e+00 1.00000000e+00 0.00000000e+00 -1.44857023e-02 3.17772652e-01 0.00000000e+00 -9.48166938e-01 5.05484515e-01
1.3759977293e+02 -9.48807711e-01 0.00000000e+00 -3.15854281e-01 -3.68806669e-03 0.00000000e+00 1.00000000e+00 0.00000000e+00 -1.54857014e-02 3.15854281e-01 0.00000000e+00 -9.48807711e-01 5.04443861e-01
1.3769975758e+02 -9.50214285e-01 0.00000000e+00 -3.11597197e-01 -4.42175627e-03 0.00000000e+00 1.00000000e+00 0.00000000e+00 -1.71857014e-02 3.11597197e-01 0.00000000e+00 -9.50214285e-01 5.00189366e-01
1.3779978681e+02 -9.49780580e-01 0.00000000e+00 -3.12916682e-01 -3.86819432e-03 0.00000000e+00 1.00000000e+00 0.00000000e+00 -1.29857010e-02 3.12916682e-01 0.00000000e+00 -9.49780580e-01 5.02045777e-01
1.3789976144e+02 -9.49724349e-01 0.00000000e+00 -3.13087305e-01 -2.81462001e-03 0.00000000e+00 1.00000000e+00 0.00000000e+00 -1.68857006e-02 3.13087305e-01 0.00000000e+00 -9.49724349e-01 5.01417254e-01
1.3799992037e+02 -9.49767360e-01 0.00000000e+00 -3.12956807e-01 -4.07908317e-03 0.00000000e+00 1.00000000e+00 0.00000000e+00 -1.88857010e-02 3.12956807e-01 0.00000000e+00 -9.49767360e-01 5.00781471e-01
1.3809986138e+02 -9.49767425e-01 0.00000000e+00 -3.12956607e-01 -4.07910692e-03 0.00000000e+00 1.00000000e+00 0.00000000e+00 -1.88857010e-02 3.12956607e-01 0.00000000e+00 -9.49767425e-01 5.00781272e-01
1.3819982219e+02 -9.49440676e-01 0.00000000e+00 -3.13946495e-01 -4.51301178e-03 0.00000000e+00 1.00000000e+00 0.00000000e+00 -1.48857017e-02 3.13946495e-01 0.00000000e+00 -9.49440676e-01 5.01541619e-01
1.3832953310e+02 -9.49411282e-01 0.00000000e+00 -3.14035376e-01 -3.55472203e-03 0.00000000e+00 1.00000000e+00 0.00000000e+00 -1.90857010e-02 3.14035376e-01 0.00000000e+00 -9.49411282e-01 5.01510972e-01
1.3840013099e+02 -9.50854807e-01 0.00000000e+00 -3.09637103e-01 -4.98500968e-03 0.00000000e+00 1.00000000e+00 0.00000000e+00 -1.22857018e-02 3.09637103e-01 0.00000000e+00 -9.50854807e-01 5.02871452e-01
1.3849979568e+02 -9.49975632e-01 0.00000000e+00 -3.12324029e-01 -4.49581515e-03 0.00000000e+00 1.00000000e+00 0.00000000e+00 -1.61857021e-02 3.12324029e-01 0.00000000e+00 -9.49975632e-01 5.05310540e-01
1.3859979391e+02 -9.48702466e-01 0.00000000e+00 -3.16170256e-01 -5.08197764e-03 0.00000000e+00 1.00000000e+00 0.00000000e+00 -1.24857018e-02 3.16170256e-01 0.00000000e+00 -9.48702466e-01 5.06710607e-01
1.3869989944e+02 -9.49039004e-01 0.00000000e+00 -3.15158641e-01 -3.86294685e-03 0.00000000e+00 1.00000000e+00 0.00000000e+00 -1.65857012e-02 3.15158641e-01 0.00000000e+00 -9.49039004e-01 5.04924862e-01
1.3879975200e+02 -9.49337419e-01 0.00000000e+00 -3.14258594e-01 -3.43492274e-03 0.00000000e+00 1.00000000e+00 0.00000000e+00 -1.84857010e-02 3.14258594e-01 0.00000000e+00 -9.49337419e-01 5.05818429e-01
1.3889977980e+02 -9.49302695e-01 0.00000000e+00 -3.14363474e-01 -5.71180860e-03 0.00000000e+00 1.00000000e+00 0.00000000e+00 -1.89857018e-02 3.14363474e-01 0.00000000e+00 -9.49302695e-01 5.04563344e-01
1.3899982858e+02 -9.50630994e-01 0.00000000e+00 -3.10323561e-01 -4.74134237e-03 0.00000000e+00 1.00000000e+00 0.00000000e+00 -2.20857022e-02 3.10323561e-01 0.00000000e+00 -9.50630994e-01 5.02293515e-01
1.3909987569e+02 -9.50632786e-01 0.00000000e+00 -3.10318072e-01 -4.74197918e-03 0.00000000e+00 1.00000000e+00 0.00000000e+00 -2.20857022e-02 3.10318072e-01 0.00000000e+00 -9.50632786e-01 5.02288038e-01
1.3919978952e+02 -9.49256377e-01 0.00000000e+00 -3.14503307e-01 -3.49163524e-03 0.00000000e+00 1.00000000e+00 0.00000000e+00 -2.28857014e-02 3.14503307e-01 0.00000000e+00 -9.49256377e-01 5.02714173e-01
1.3929980421e+02 -9.49254355e-01 0.00000000e+00 -3.14509412e-01 -3.49089910e-03 0.00000000e+00 1.00000000e+00 0.00000000e+00 -2.28857014e-02 3.14509412e-01 0.00000000e+00 -9.49254355e-01 5.02720271e-01
1.3939974737e+02 -9.50623929e-01 0.00000000e+00 -3.10345205e-01 -5.16721177e-03 0.00000000e+00 1.00000000e+00 0.00000000e+00 -1.59857016e-02 3.10345205e-01 0.00000000e+00 -9.50623929e-01 5.01347652e-01
1.3950006437e+02 -9.48030972e-01 0.00000000e+00 -3.18178056e-01 -3.13822363e-03 0.00000000e+00 1.00000000e+00 0.00000000e+00 -1.22857003e-02 3.18178056e-01 0.00000000e+00 -9.48030972e-01 5.08666182e-01
1.3959976411e+02 -9.49233359e-01 0.00000000e+00 -3.14572773e-01 -4.12115620e-03 0.00000000e+00 1.00000000e+00 0.00000000e+00 -1.50857013e-02 3.14572773e-01 0.00000000e+00 -9.49233359e-01 5.04690561e-01
1.3969977236e+02 -9.49932689e-01 0.00000000e+00 -3.12454615e-01 -5.41029241e-03 0.00000000e+00 1.00000000e+00 0.00000000e+00 -1.21857014e-02 3.12454615e-01 0.00000000e+00 -9.49932689e-01 5.03950918e-01
1.3979976988e+02 -9.50877129e-01 0.00000000e+00 -3.09568549e-01 -4.65168381e-03 0.00000000e+00 1.00000000e+00 0.00000000e+00 -1.26857007e-02 3.09568549e-01 0.00000000e+00 -9.50877129e-01 5.03264318e-01
1.3989980197e+02 -9.49340392e-01 0.00000000e+00 -3.14249615e-01 -3.77557093e-03 0.00000000e+00 1.00000000e+00 0.00000000e+00 -1.23857019e-02 3.14249615e-01 0.00000000e+00 -9.49340392e-01 5.06834121e-01
1.3999977899e+02 -9.49444476e-01 0.00000000e+00 -3.13935003e-01 -5.43170056e-03 0.00000000e+00 1.00000000e+00 0.00000000e+00 -1.29857013e-02 3.13935003e-01 0.00000000e+00 -9.49444476e-01 5.06082543e-01
1.4010001159e+02 -9.49444657e-01 0.00000000e+00 -3.13934458e-01 -5.43176592e-03 0.00000000e+00 1.00000000e+00 0.00000000e+00 -1.29857013e-02 3.13934458e-01 0.00000000e+00 -9.49444657e-01 5.06081998e-01
1.4019987440e+02 -9.48903160e-01 0.00000000e+00 -3.15567415e-01 -4.18708915e-03 0.00000000e+00 1.00000000e+00 0.00000000e+00 -1.02857010e-02 3.15567415e-01 0.00000000e+00 -9.48903160e-01 5.06538167e-01
1.4029984713e+02 -9.50216096e-01 0.00000000e+00 -3.11591673e-01 -5.94309972e-03 0.00000000e+00 1.00000000e+00 0.00000000e+00 -1.52857010e-02 3.11591673e-01 0.00000000e+00 -9.50216096e-01 5.01689425e-01
1.4039980173e+02 -9.49800412e-01 0.00000000e+00 -3.12856481e-01 -5.16037788e-03 0.00000000e+00 1.00000000e+00 0.00000000e+00 -1.21857028e-02 3.12856481e-01 0.00000000e+00 -9.49800412e-01 5.03637560e-01
1.4049978065e+02 -9.49436380e-01 0.00000000e+00 -3.13959489e-01 -3.71082122e-03 0.00000000e+00 1.00000000e+00 0.00000000e+00 -1.77857003e-02 3.13959489e-01 0.00000000e+00 -9.49436380e-01 5.05232940e-01
1.4059977841e+02 -9.48724200e-01 0.00000000e+00 -3.16105033e-01 -3.31706350e-03 0.00000000e+00 1.00000000e+00 0.00000000e+00 -1.41857007e-02 3.16105033e-01 0.00000000e+00 -9.48724200e-01 5.07049856e-01
1.4069975662e+02 -9.48815289e-01 0.00000000e+00 -3.15831518e-01 -4.07487132e-03 0.00000000e+00 1.00000000e+00 0.00000000e+00 -1.02857004e-02 3.15831518e-01 0.00000000e+00 -9.48815289e-01 5.08876557e-01
1.4079989839e+02 -9.50658141e-01 0.00000000e+00 -3.10240389e-01 -4.87076471e-03 0.00000000e+00 1.00000000e+00 0.00000000e+00 -1.39857006e-02 3.10240389e-01 0.00000000e+00 -9.50658141e-01 5.03002730e-01
1.4089979053e+02 -9.48415415e-01 0.00000000e+00 -3.17030282e-01 -4.71660163e-03 0.00000000e+00 1.00000000e+00 0.00000000e+00 -1.34857007e-02 3.17030282e-01 0.00000000e+00 -9.48415415e-01 5.08205301e-01
1.4100000954e+02 -9.50391178e-01 0.00000000e+00 -3.11057244e-01 -6.67597044e-03 0.00000000e+00 1.00000000e+00 0.00000000e+00 -1.07857010e-02 3.11057244e-01 0.00000000e+00 -9.50391178e-01 5.03172781e-01
1.4109984994e+02 -9.50393656e-01 0.00000000e+00 -3.11049672e-01 -6.67685493e-03 0.00000000e+00 1.00000000e+00 0.00000000e+00 -1.07857010e-02 3.11049672e-01 0.00000000e+00 -9.50393656e-01 5.03165224e-01
1.4119979572e+02 -9.50354071e-01 0.00000000e+00 -3.11170594e-01 -6.05666214e-03 0.00000000e+00 1.00000000e+00 0.00000000e+00 -1.21857007e-02 3.11170594e-01 0.00000000e+00 -9.50354071e-01 5.02266471e-01
1.4129983163e+02 -9.50354018e-01 0.00000000e+00 -3.11170759e-01 -6.05664295e-03 0.00000000e+00 1.00000000e+00 0.00000000e+00 -1.21857007e-02 3.11170759e-01 0.00000000e+00 -9.50354018e-01 5.02266634e-01
1.4139978838e+02 -9.49088347e-01 0.00000000e+00 -3.15010016e-01 -4.89854422e-03 0.00000000e+00 1.00000000e+00 0.00000000e+00 -1.11857017e-02 3.15010016e-01 0.00000000e+00 -9.49088347e-01 5.05988352e-01
1.4149978423e+02 -9.47231397e-01 0.00000000e+00 -3.20550588e-01 -5.39143283e-03 0.00000000e+00 1.00000000e+00 0.00000000e+00 -4.58570166e-03 3.20550588e-01 0.00000000e+00 -9.47231397e-01 5.10316731e-01
1.4159993029e+02 -9.50878357e-01 0.00000000e+00 -3.09564775e-01 -6.12714493e-03 0.00000000e+00 1.00000000e+00 0.00000000e+00 -8.78570215e-03 3.09564775e-01 0.00000000e+00 -9.50878357e-01 5.02466676e-01
1.4169996500e+02 -9.49597865e-01 0.00000000e+00 -3.13470724e-01 -5.22507673e-03 0.00000000e+00 1.00000000e+00 0.00000000e+00 -6.58570254e-03 3.13470724e-01 0.00000000e+00 -9.49597865e-01 5.05143566e-01
1.4179999161e+02 -9.48792075e-01 0.00000000e+00 -3.15901247e-01 -4.55033498e-03 0.00000000e+00 1.00000000e+00 0.00000000e+00 -1.23857004e-02 3.15901247e-01 0.00000000e+00 -9.48792075e-01 5.05332002e-01
1.4189996505e+02 -9.48994708e-01 0.00000000e+00 -3.15292000e-01 -4.31117083e-03 0.00000000e+00 1.00000000e+00 0.00000000e+00 -8.48570161e-03 3.15292000e-01 0.00000000e+00 -9.48994708e-01 5.07156418e-01
1.4200013852e+02 -9.49177797e-01 0.00000000e+00 -3.14740383e-01 -6.10200622e-03 0.00000000e+00 1.00000000e+00 0.00000000e+00 -6.68570184e-03 3.14740383e-01 0.00000000e+00 -9.49177797e-01 5.07135912e-01
1.4209991145e+02 -9.49178026e-01 0.00000000e+00 -3.14739693e-01 -6.10208966e-03 0.00000000e+00 1.00000000e+00 0.00000000e+00 -6.68570184e-03 3.14739693e-01 0.00000000e+00 -9.49178026e-01 5.07135222e-01
1.4219986796e+02 -9.48876392e-01 0.00000000e+00 -3.15647894e-01 -2.76966330e-03 0.00000000e+00 1.00000000e+00 0.00000000e+00 -1.36857016e-02 3.15647894e-01 0.00000000e+00 -9.48876392e-01 5.03485974e-01
1.4229984689e+02 -9.49038215e-01 0.00000000e+00 -3.15161016e-01 -2.46438670e-03 0.00000000e+00 1.00000000e+00 0.00000000e+00 -1.32857011e-02 3.15161016e-01 0.00000000e+00 -9.49038215e-01 5.04522417e-01
1.4239991641e+02 -9.48649237e-01 0.00000000e+00 -3.16329930e-01 -3.40781258e-03 0.00000000e+00 1.00000000e+00 0.00000000e+00 -1.19857014e-02 3.16329930e-01 0.00000000e+00 -9.48649237e-01 5.04090004e-01
1.4249985337e+02 -9.48648791e-01 0.00000000e+00 -3.16331269e-01 -3.40764848e-03 0.00000000e+00 1.00000000e+00 0.00000000e+00 -1.19857014e-02 3.16331269e-01 0.00000000e+00 -9.48648791e-01 5.04091341e-01
1.4259991622e+02 -9.50694617e-01 0.00000000e+00 -3.10128595e-01 -6.35550968e-03 0.00000000e+00 1.00000000e+00 0.00000000e+00 -8.58570081e-03 3.10128595e-01 0.00000000e+00 -9.50694617e-01 5.00364216e-01
1.4269993138e+02 -9.51030047e-01 0.00000000e+00 -3.09098445e-01 -4.79235213e-03 0.00000000e+00 1.00000000e+00 0.00000000e+00 -1.02857001e-02 3.09098445e-01 0.00000000e+00 -9.51030047e-01 5.00981996e-01
1.4279985595e+02 -9.48439415e-01 0.00000000e+00 -3.16958477e-01 -4.54246038e-03 0.00000000e+00 1.00000000e+00 0.00000000e+00 -1.16857021e-02 3.16958477e-01 0.00000000e+00 -9.48439415e-01 5.06750370e-01
1.4290003967e+02 -9.49675569e-01 0.00000000e+00 -3.13235238e-01 -5.57005532e-03 0.00000000e+00 1.00000000e+00 0.00000000e+00 -1.43857018e-02 3.13235238e-01 0.00000000e+00 -9.49675569e-01 5.02431424e-01
1.4299983430e+02 -9.48744245e-01 0.00000000e+00 -3.16044865e-01 -5.73341870e-03 0.00000000e+00 1.00000000e+00 0.00000000e+00 -9.18570104e-03 3.16044865e-01 0.00000000e+00 -9.48744245e-01 5.07167738e-01
1.4309986734e+02 -9.48742606e-01 0.00000000e+00 -3.16049785e-01 -5.73281712e-03 0.00000000e+00 1.00000000e+00 0.00000000e+00 -9.18570104e-03 3.16049785e-01 0.00000000e+00 -9.48742606e-01 5.07172654e-01
1.4319977069e+02 -9.48868688e-01 0.00000000e+00 -3.15671050e-01 -4.82704816e-03 0.00000000e+00 1.00000000e+00 0.00000000e+00 -1.26857025e-02 3.15671050e-01 0.00000000e+00 -9.48868688e-01 5.05331948e-01
1.4329985642e+02 -9.48822621e-01 0.00000000e+00 -3.15809489e-01 -5.63597372e-03 0.00000000e+00 1.00000000e+00 0.00000000e+00 -1.24857014e-02 3.15809489e-01 0.00000000e+00 -9.48822621e-01 5.06242470e-01
1.4345286274e+02 -9.50085157e-01 0.00000000e+00 -3.11990696e-01 -3.93304685e-03 0.00000000e+00 1.00000000e+00 0.00000000e+00 -9.38570160e-03 3.11990696e-01 0.00000000e+00 -9.50085157e-01 5.03403629e-01
1.4349974513e+02 -9.49384519e-01 0.00000000e+00 -3.14116277e-01 -5.00560236e-03 0.00000000e+00 1.00000000e+00 0.00000000e+00 -1.04857016e-02 3.14116277e-01 0.00000000e+00 -9.49384519e-01 5.05359493e-01
1.4359979248e+02 -9.50425953e-01 0.00000000e+00 -3.10950972e-01 -5.67617133e-03 0.00000000e+00 1.00000000e+00 0.00000000e+00 -9.38570206e-03 3.10950972e-01 0.00000000e+00 -9.50425953e-01 5.03782390e-01
1.4369989085e+02 -9.49943730e-01 0.00000000e+00 -3.12421045e-01 -4.37564408e-03 0.00000000e+00 1.00000000e+00 0.00000000e+00 -1.26857018e-02 3.12421045e-01 0.00000000e+00 -9.49943730e-01 5.04257330e-01
1.4379974294e+02 -9.48882232e-01 0.00000000e+00 -3.15630339e-01 -5.03800931e-03 0.00000000e+00 1.00000000e+00 0.00000000e+00 -1.20857019e-02 3.15630339e-01 0.00000000e+00 -9.48882232e-01 5.06314177e-01
1.4390010285e+02 -9.48738942e-01 0.00000000e+00 -3.16060786e-01 -4.60984136e-03 0.00000000e+00 1.00000000e+00 0.00000000e+00 -1.62857017e-02 3.16060786e-01 0.00000000e+00 -9.48738942e-01 5.04744241e-01
1.4399996328e+02 -9.49372095e-01 0.00000000e+00 -3.14153824e-01 -3.91728846e-03 0.00000000e+00 1.00000000e+00 0.00000000e+00 -1.65857010e-02 3.14153824e-01 0.00000000e+00 -9.49372095e-01 5.02191072e-01
1.4410012150e+02 -9.49372854e-01 0.00000000e+00 -3.14151529e-01 -3.91756428e-03 0.00000000e+00 1.00000000e+00 0.00000000e+00 -1.65857010e-02 3.14151529e-01 0.00000000e+00 -9.49372854e-01 5.02188780e-01
1.4419989443e+02 -9.49383257e-01 0.00000000e+00 -3.14120089e-01 -5.64435903e-03 0.00000000e+00 1.00000000e+00 0.00000000e+00 -1.35857004e-02 3.14120089e-01 0.00000000e+00 -9.49383257e-01 5.03993104e-01
1.4429980421e+02 -9.49988282e-01 0.00000000e+00 -3.12285550e-01 -6.40660406e-03 0.00000000e+00 1.00000000e+00 0.00000000e+00 -8.98570172e-03 3.12285550e-01 0.00000000e+00 -9.49988282e-01 5.02638358e-01
1.4440886235e+02 -9.48928142e-01 0.00000000e+00 -3.15492285e-01 -5.65089798e-03 0.00000000e+00 1.00000000e+00 0.00000000e+00 -9.98570080e-03 3.15492285e-01 0.00000000e+00 -9.48928142e-01 5.07542250e-01
1.4449987531e+02 -9.49485085e-01 0.00000000e+00 -3.13812163e-01 -5.09916470e-03 0.00000000e+00 1.00000000e+00 0.00000000e+00 -9.48570266e-03 3.13812163e-01 0.00000000e+00 -9.49485085e-01 5.04161291e-01
1.4460023952e+02 -9.50223907e-01 0.00000000e+00 -3.11567851e-01 -6.59979622e-03 0.00000000e+00 1.00000000e+00 0.00000000e+00 -9.98570077e-03 3.11567851e-01 0.00000000e+00 -9.50223907e-01 5.03779897e-01
1.4469994187e+02 -9.49725443e-01 0.00000000e+00 -3.13083987e-01 -3.77778475e-03 0.00000000e+00 1.00000000e+00 0.00000000e+00 -1.32857007e-02 3.13083987e-01 0.00000000e+00 -9.49725443e-01 5.04479303e-01
1.4480001879e+02 -9.48790494e-01 0.00000000e+00 -3.15905996e-01 -3.60047080e-03 0.00000000e+00 1.00000000e+00 0.00000000e+00 -1.45857015e-02 3.15905996e-01 0.00000000e+00 -9.48790494e-01 5.05331776e-01
1.4489979863e+02 -9.48171773e-01 0.00000000e+00 -3.17758224e-01 -4.81030655e-03 0.00000000e+00 1.00000000e+00 0.00000000e+00 -1.13857012e-02 3.17758224e-01 0.00000000e+00 -9.48171773e-01 5.07799985e-01
1.4500006080e+02 -9.48565991e-01 0.00000000e+00 -3.16579470e-01 -2.83822825e-03 0.00000000e+00 1.00000000e+00 0.00000000e+00 -1.61857000e-02 3.16579470e-01 0.00000000e+00 -9.48565991e-01 5.05819970e-01
1.4509974170e+02 -9.48566496e-01 0.00000000e+00 -3.16577958e-01 -2.83841403e-03 0.00000000e+00 1.00000000e+00 0.00000000e+00 -1.61857000e-02 3.16577958e-01 0.00000000e+00 -9.48566496e-01 5.05818459e-01
1.4519980383e+02 -9.48875582e-01 0.00000000e+00 -3.15650327e-01 -5.10993981e-03 0.00000000e+00 1.00000000e+00 0.00000000e+00 -1.35857015e-02 3.15650327e-01 0.00000000e+00 -9.48875582e-01 5.06511850e-01
1.4529990101e+02 -9.49782287e-01 0.00000000e+00 -3.12911502e-01 -4.59740221e-03 0.00000000e+00 1.00000000e+00 0.00000000e+00 -1.02857007e-02 3.12911502e-01 0.00000000e+00 -9.49782287e-01 5.05449175e-01
1.4539976907e+02 -9.48314959e-01 0.00000000e+00 -3.17330645e-01 -5.04121470e-03 0.00000000e+00 1.00000000e+00 0.00000000e+00 -1.74857009e-02 3.17330645e-01 0.00000000e+00 -9.48314959e-01 5.06930033e-01
1.4549974704e+02 -9.49082521e-01 0.00000000e+00 -3.15027566e-01 -4.60771169e-03 0.00000000e+00 1.00000000e+00 0.00000000e+00 -1.75857019e-02 3.15027566e-01 0.00000000e+00 -9.49082521e-01 5.04368272e-01
1.4559975767e+02 -9.50716939e-01 0.00000000e+00 -3.10060160e-01 -6.73453637e-03 0.00000000e+00 1.00000000e+00 0.00000000e+00 -1.54857012e-02 3.10060160e-01 0.00000000e+00 -9.50716939e-01 5.01415014e-01
1.4569980001e+02 -9.48796085e-01 0.00000000e+00 -3.15889203e-01 -7.14819508e-03 0.00000000e+00 1.00000000e+00 0.00000000e+00 -1.30857017e-02 3.15889203e-01 0.00000000e+00 -9.48796085e-01 5.07176034e-01
1.4579986739e+02 -9.48169012e-01 0.00000000e+00 -3.17766462e-01 -4.90866643e-03 0.00000000e+00 1.00000000e+00 0.00000000e+00 -1.77857021e-02 3.17766462e-01 0.00000000e+00 -9.48169012e-01 5.06202804e-01
1.4589980507e+02 -9.49810158e-01 0.00000000e+00 -3.12826892e-01 -5.29775351e-03 0.00000000e+00 1.00000000e+00 0.00000000e+00 -1.82857017e-02 3.12826892e-01 0.00000000e+00 -9.49810158e-01 5.03031433e-01
1.4599980330e+02 -9.48514911e-01 0.00000000e+00 -3.16732480e-01 -6.15309649e-03 0.00000000e+00 1.00000000e+00 0.00000000e+00 -1.43857024e-02 3.16732480e-01 0.00000000e+00 -9.48514911e-01 5.07093601e-01
1.4609977913e+02 -9.48513439e-01 0.00000000e+00 -3.16736888e-01 -6.15255420e-03 0.00000000e+00 1.00000000e+00 0.00000000e+00 -1.43857024e-02 3.16736888e-01 0.00000000e+00 -9.48513439e-01 5.07098006e-01
1.4619983268e+02 -9.48336630e-01 0.00000000e+00 -3.17265875e-01 -4.39056520e-03 0.00000000e+00 1.00000000e+00 0.00000000e+00 -1.53857031e-02 3.17265875e-01 0.00000000e+00 -9.48336630e-01 5.06288560e-01
1.4632888985e+02 -9.48190534e-01 0.00000000e+00 -3.17702238e-01 -6.76842611e-03 0.00000000e+00 1.00000000e+00 0.00000000e+00 -1.37857034e-02 3.17702238e-01 0.00000000e+00 -9.48190534e-01 5.08682746e-01
1.4639982224e+02 -9.48063867e-01 0.00000000e+00 -3.18080028e-01 -6.59294205e-03 0.00000000e+00 1.00000000e+00 0.00000000e+00 -1.38857026e-02 3.18080028e-01 0.00000000e+00 -9.48063867e-01 5.08158038e-01
1.4649981999e+02 -9.49354297e-01 0.00000000e+00 -3.14207605e-01 -5.87100094e-03 0.00000000e+00 1.00000000e+00 0.00000000e+00 -1.54857021e-02 3.14207605e-01 0.00000000e+00 -9.49354297e-01 5.03434263e-01
1.4659982443e+02 -9.47763594e-01 0.00000000e+00 -3.18973618e-01 -3.76634201e-03 0.00000000e+00 1.00000000e+00 0.00000000e+00 -1.26857017e-02 3.18973618e-01 0.00000000e+00 -9.47763594e-01 5.08672747e-01
1.4669994688e+02 -9.48788295e-01 0.00000000e+00 -3.15912600e-01 -7.53261486e-03 0.00000000e+00 1.00000000e+00 0.00000000e+00 -1.07857017e-02 3.15912600e-01 0.00000000e+00 -9.48788295e-01 5.08047126e-01
1.4679979610e+02 -9.50061316e-01 0.00000000e+00 -3.12063289e-01 -5.26802853e-03 0.00000000e+00 1.00000000e+00 0.00000000e+00 -1.19857014e-02 3.12063289e-01 0.00000000e+00 -9.50061316e-01 5.04469170e-01
1.4690000296e+02 -9.49215318e-01 0.00000000e+00 -3.14627208e-01 -4.62127987e-03 0.00000000e+00 1.00000000e+00 0.00000000e+00 -1.65857002e-02 3.14627208e-01 0.00000000e+00 -9.49215318e-01 5.07013068e-01
1.4699983382e+02 -9.48750885e-01 0.00000000e+00 -3.16024933e-01 -4.62426813e-03 0.00000000e+00 1.00000000e+00 0.00000000e+00 -1.05857024e-02 3.16024933e-01 0.00000000e+00 -9.48750885e-01 5.07060505e-01
1.4709987378e+02 -9.48750329e-01 0.00000000e+00 -3.16026603e-01 -4.62406394e-03 0.00000000e+00 1.00000000e+00 0.00000000e+00 -1.05857024e-02 3.16026603e-01 0.00000000e+00 -9.48750329e-01 5.07062174e-01
1.4719976926e+02 -9.48433124e-01 0.00000000e+00 -3.16977301e-01 -3.84187225e-03 0.00000000e+00 1.00000000e+00 0.00000000e+00 -1.27857009e-02 3.16977301e-01 0.00000000e+00 -9.48433124e-01 5.09057533e-01
1.4729984045e+02 -9.49406568e-01 0.00000000e+00 -3.14049627e-01 -5.20098830e-03 0.00000000e+00 1.00000000e+00 0.00000000e+00 -1.13857010e-02 3.14049627e-01 0.00000000e+00 -9.49406568e-01 5.08013460e-01
1.4739976406e+02 -9.49935866e-01 0.00000000e+00 -3.12444955e-01 -5.29965209e-03 0.00000000e+00 1.00000000e+00 0.00000000e+00 -7.48570120e-03 3.12444955e-01 0.00000000e+00 -9.49935866e-01 5.07470159e-01
1.4749977779e+02 -9.48412487e-01 0.00000000e+00 -3.17039043e-01 -5.35711314e-03 0.00000000e+00 1.00000000e+00 0.00000000e+00 -1.43857016e-02 3.17039043e-01 0.00000000e+00 -9.48412487e-01 5.07881408e-01
1.4760982370e+02 -9.48821535e-01 0.00000000e+00 -3.15812752e-01 -5.60804601e-03 0.00000000e+00 1.00000000e+00 0.00000000e+00 -1.24857005e-02 3.15812752e-01 0.00000000e+00 -9.48821535e-01 5.08473593e-01
1.4769981623e+02 -9.49273537e-01 0.00000000e+00 -3.14451511e-01 -3.89541770e-03 0.00000000e+00 1.00000000e+00 0.00000000e+00 -1.32857012e-02 3.14451511e-01 0.00000000e+00 -9.49273537e-01 5.08438989e-01
1.4779977036e+02 -9.48521597e-01 0.00000000e+00 -3.16712455e-01 -5.63719048e-03 0.00000000e+00 1.00000000e+00 0.00000000e+00 -1.13857015e-02 3.16712455e-01 0.00000000e+00 -9.48521597e-01 5.10451059e-01
1.4789978147e+02 -9.48232624e-01 0.00000000e+00 -3.17576592e-01 -4.64962681e-03 0.00000000e+00 1.00000000e+00 0.00000000e+00 -1.35857010e-02 3.17576592e-01 0.00000000e+00 -9.48232624e-01 5.10014092e-01
1.4799984479e+02 -9.50206013e-01 0.00000000e+00 -3.11622419e-01 -6.36146292e-03 0.00000000e+00 1.00000000e+00 0.00000000e+00 -1.03857014e-02 3.11622419e-01 0.00000000e+00 -9.50206013e-01 5.06346229e-01
1.4809987783e+02 -9.50208364e-01 0.00000000e+00 -3.11615251e-01 -6.36230469e-03 0.00000000e+00 1.00000000e+00 0.00000000e+00 -1.03857014e-02 3.11615251e-01 0.00000000e+00 -9.50208364e-01 5.06339074e-01
1.4820034885e+02 -9.48084438e-01 0.00000000e+00 -3.18018706e-01 -4.66928120e-03 0.00000000e+00 1.00000000e+00 0.00000000e+00 -1.06857012e-02 3.18018706e-01 0.00000000e+00 -9.48084438e-01 5.11682767e-01
1.4829975915e+02 -9.49521781e-01 0.00000000e+00 -3.13701112e-01 -7.19539755e-03 0.00000000e+00 1.00000000e+00 0.00000000e+00 -6.68570175e-03 3.13701112e-01 0.00000000e+00 -9.49521781e-01 5.09514466e-01
1.4839975476e+02 -9.48606487e-01 0.00000000e+00 -3.16458105e-01 -6.83985315e-03 0.00000000e+00 1.00000000e+00 0.00000000e+00 -7.88570229e-03 3.16458105e-01 0.00000000e+00 -9.48606487e-01 5.08238142e-01
1.4849984407e+02 -9.49472449e-01 0.00000000e+00 -3.13850391e-01 -6.41563702e-03 0.00000000e+00 1.00000000e+00 0.00000000e+00 -1.35857013e-02 3.13850391e-01 0.00000000e+00 -9.49472449e-01 5.05655733e-01
1.4859976125e+02 -9.49776222e-01 0.00000000e+00 -3.12929911e-01 -7.65482702e-03 0.00000000e+00 1.00000000e+00 0.00000000e+00 -9.28570276e-03 3.12929911e-01 0.00000000e+00 -9.49776222e-01 5.04002739e-01
1.4869974828e+02 -9.49414024e-01 0.00000000e+00 -3.14027088e-01 -7.26099908e-03 0.00000000e+00 1.00000000e+00 0.00000000e+00 -6.78570085e-03 3.14027088e-01 0.00000000e+00 -9.49414024e-01 5.06270457e-01
1.4879986382e+02 -9.49097041e-01 0.00000000e+00 -3.14983819e-01 -6.50122627e-03 0.00000000e+00 1.00000000e+00 0.00000000e+00 -1.10857018e-02 3.14983819e-01 0.00000000e+00 -9.49097041e-01 5.04807431e-01
1.4889982867e+02 -9.50569638e-01 0.00000000e+00 -3.10511454e-01 -8.24341924e-03 0.00000000e+00 1.00000000e+00 0.00000000e+00 -9.18570102e-03 3.10511454e-01 0.00000000e+00 -9.50569638e-01 5.01669962e-01
1.4899984026e+02 -9.48372843e-01 0.00000000e+00 -3.17157612e-01 -5.99518619e-03 0.00000000e+00 1.00000000e+00 0.00000000e+00 -1.34857025e-02 3.17157612e-01 0.00000000e+00 -9.48372843e-01 5.06763237e-01
1.4909985471e+02 -9.48370164e-01 0.00000000e+00 -3.17165621e-01 -5.99419709e-03 0.00000000e+00 1.00000000e+00 0.00000000e+00 -1.34857025e-02 3.17165621e-01 0.00000000e+00 -9.48370164e-01 5.06771242e-01
1.4919989467e+02 -9.48723953e-01 0.00000000e+00 -3.16105777e-01 -6.24315757e-03 0.00000000e+00 1.00000000e+00 0.00000000e+00 -1.01857021e-02 3.16105777e-01 0.00000000e+00 -9.48723953e-01 5.05818858e-01
1.4929975653e+02 -9.49080873e-01 0.00000000e+00 -3.15032531e-01 -7.96316402e-03 0.00000000e+00 1.00000000e+00 0.00000000e+00 -7.08570249e-03 3.15032531e-01 0.00000000e+00 -9.49080873e-01 5.05977982e-01
1.4939979076e+02 -9.48419406e-01 0.00000000e+00 -3.17018343e-01 -6.10553168e-03 0.00000000e+00 1.00000000e+00 0.00000000e+00 -1.09857019e-02 3.17018343e-01 0.00000000e+00 -9.48419406e-01 5.06515458e-01
1.4949979329e+02 -9.49642876e-01 0.00000000e+00 -3.13334340e-01 -7.16745202e-03 0.00000000e+00 1.00000000e+00 0.00000000e+00 -1.15857026e-02 3.13334340e-01 0.00000000e+00 -9.49642876e-01 5.04166476e-01
1.4959975219e+02 -9.49160056e-01 0.00000000e+00 -3.14793881e-01 -5.00400106e-03 0.00000000e+00 1.00000000e+00 0.00000000e+00 -1.23857010e-02 3.14793881e-01 0.00000000e+00 -9.49160056e-01 5.04959878e-01
1.4969976735e+02 -9.48891805e-01 0.00000000e+00 -3.15601556e-01 -5.31421297e-03 0.00000000e+00 1.00000000e+00 0.00000000e+00 -1.67857013e-02 3.15601556e-01 0.00000000e+00 -9.48891805e-01 5.02564424e-01
1.4979979753e+02 -9.49606935e-01 0.00000000e+00 -3.13443247e-01 -5.32365913e-03 0.00000000e+00 1.00000000e+00 0.00000000e+00 -1.26857018e-02 3.13443247e-01 0.00000000e+00 -9.49606935e-01 5.03652233e-01
1.4989977050e+02 -9.48852420e-01 0.00000000e+00 -3.15719948e-01 -4.74226080e-03 0.00000000e+00 1.00000000e+00 0.00000000e+00 -1.23857020e-02 3.15719948e-01 0.00000000e+00 -9.48852420e-01 5.07020827e-01
1.4999980307e+02 -9.48428835e-01 0.00000000e+00 -3.16990135e-01 -5.70372278e-03 0.00000000e+00 1.00000000e+00 0.00000000e+00 -1.15857012e-02 3.16990135e-01 0.00000000e+00 -9.48428835e-01 5.07540895e-01
1.5009973359e+02 -9.48428272e-01 0.00000000e+00 -3.16991818e-01 -5.70351517e-03 0.00000000e+00 1.00000000e+00 0.00000000e+00 -1.15857012e-02 3.16991818e-01 0.00000000e+00 -9.48428272e-01 5.07542577e-01
1.5019983482e+02 -9.48766941e-01 0.00000000e+00 -3.15976728e-01 -5.17717038e-03 0.00000000e+00 1.00000000e+00 0.00000000e+00 -1.27857015e-02 3.15976728e-01 0.00000000e+00 -9.48766941e-01 5.05510153e-01
1.5029975629e+02 -9.48824132e-01 0.00000000e+00 -3.15804951e-01 -6.30706983e-03 0.00000000e+00 1.00000000e+00 0.00000000e+00 -1.49857007e-02 3.15804951e-01 0.00000000e+00 -9.48824132e-01 5.07191144e-01
1.5039976764e+02 -9.48990331e-01 0.00000000e+00 -3.15305171e-01 -5.05688280e-03 0.00000000e+00 1.00000000e+00 0.00000000e+00 -1.58857020e-02 3.15305171e-01 0.00000000e+00 -9.48990331e-01 5.05535988e-01
1.5049979091e+02 -9.48990539e-01 0.00000000e+00 -3.15304547e-01 -5.05695856e-03 0.00000000e+00 1.00000000e+00 0.00000000e+00 -1.58857020e-02 3.15304547e-01 0.00000000e+00 -9.48990539e-01 5.05535365e-01
1.5059976006e+02 -9.48298083e-01 0.00000000e+00 -3.17381073e-01 -5.09932717e-03 0.00000000e+00 1.00000000e+00 0.00000000e+00 -1.09857018e-02 3.17381073e-01 0.00000000e+00 -9.48298083e-01 5.08050850e-01
1.5069978595e+02 -9.48649421e-01 0.00000000e+00 -3.16329378e-01 -5.54203008e-03 0.00000000e+00 1.00000000e+00 0.00000000e+00 -1.68857006e-02 3.16329378e-01 0.00000000e+00 -9.48649421e-01 5.05736683e-01
1.5079988337e+02 -9.49176678e-01 0.00000000e+00 -3.14743761e-01 -5.09790114e-03 0.00000000e+00 1.00000000e+00 0.00000000e+00 -1.60857025e-02 3.14743761e-01 0.00000000e+00 -9.49176678e-01 5.04546389e-01
1.5089979458e+02 -9.48647290e-01 0.00000000e+00 -3.16335770e-01 -4.37973414e-03 0.00000000e+00 1.00000000e+00 0.00000000e+00 -1.25857022e-02 3.16335770e-01 0.00000000e+00 -9.48647290e-01 5.07589039e-01
1.5099984884e+02 -9.50141188e-01 0.00000000e+00 -3.11820016e-01 -5.36478206e-03 0.00000000e+00 1.00000000e+00 0.00000000e+00 -1.52857021e-02 3.11820016e-01 0.00000000e+00 -9.50141188e-01 5.02667128e-01
1.5109979272e+02 -9.50143079e-01 0.00000000e+00 -3.11814255e-01 -5.36545980e-03 0.00000000e+00 1.00000000e+00 0.00000000e+00 -1.52857021e-02 3.11814255e-01 0.00000000e+00 -9.50143079e-01 5.02661377e-01
1.5119977856e+02 -9.49283603e-01 0.00000000e+00 -3.14421120e-01 -6.17731913e-03 0.00000000e+00 1.00000000e+00 0.00000000e+00 -1.20857013e-02 3.14421120e-01 0.00000000e+00 -9.49283603e-01 5.08420349e-01
1.5129985738e+02 -9.49528585e-01 0.00000000e+00 -3.13680516e-01 -5.42770950e-03 0.00000000e+00 1.00000000e+00 0.00000000e+00 -1.20857010e-02 3.13680516e-01 0.00000000e+00 -9.49528585e-01 5.06349411e-01
1.5139976168e+02 -9.48190644e-01 0.00000000e+00 -3.17701908e-01 -4.97106370e-03 0.00000000e+00 1.00000000e+00 0.00000000e+00 -8.28570213e-03 3.17701908e-01 0.00000000e+00 -9.48190644e-01 5.09779753e-01
1.5150102162e+02 -9.48305180e-01 0.00000000e+00 -3.17359867e-01 -5.12652935e-03 0.00000000e+00 1.00000000e+00 0.00000000e+00 -1.18857022e-02 3.17359867e-01 0.00000000e+00 -9.48305180e-01 5.10202654e-01
1.5159977651e+02 -9.49838306e-01 0.00000000e+00 -3.12741413e-01 -6.19592573e-03 0.00000000e+00 1.00000000e+00 0.00000000e+00 -1.42857018e-02 3.12741413e-01 0.00000000e+00 -9.49838306e-01 5.07164319e-01
1.5169977546e+02 -9.48774127e-01 0.00000000e+00 -3.15955148e-01 -3.99435077e-03 0.00000000e+00 1.00000000e+00 0.00000000e+00 -1.18857002e-02 3.15955148e-01 0.00000000e+00 -9.48774127e-01 5.08610079e-01
1.5179977679e+02 -9.48725577e-01 0.00000000e+00 -3.16100900e-01 -5.04234400e-03 0.00000000e+00 1.00000000e+00 0.00000000e+00 -1.02857016e-02 3.16100900e-01 0.00000000e+00 -9.48725577e-01 5.09035083e-01
1.5189974546e+02 -9.48746441e-01 0.00000000e+00 -3.16038274e-01 -5.36843525e-03 0.00000000e+00 1.00000000e+00 0.00000000e+00 -1.43857024e-02 3.16038274e-01 0.00000000e+00 -9.48746441e-01 5.08186839e-01
1.5199978757e+02 -9.48905013e-01 0.00000000e+00 -3.15561841e-01 -3.33939811e-03 0.00000000e+00 1.00000000e+00 0.00000000e+00 -1.56857012e-02 3.15561841e-01 0.00000000e+00 -9.48905013e-01 5.07488724e-01
