0.0000000000e+00 -2.20358665e-01 0.00000000e+00 9.75418914e-01 -3.17016286e+00 0.00000000e+00 1.00000000e+00 0.00000000e+00 -5.25653428e-01 -9.75418914e-01 0.00000000e+00 -2.20358665e-01 1.80094025e+01
1.0002088547e-01 -2.23512511e-01 0.00000000e+00 9.74701061e-01 -3.17415525e+00 0.00000000e+00 1.00000000e+00 0.00000000e+00 -5.24553435e-01 -9.74701061e-01 0.00000000e+00 -2.23512511e-01 1.80071951e+01
2.0000004768e-01 -2.16182727e-01 0.00000000e+00 9.76352922e-01 -3.16951756e+00 0.00000000e+00 1.00000000e+00 0.00000000e+00 -5.20153436e-01 -9.76352922e-01 0.00000000e+00 -2.16182727e-01 1.80053778e+01
3.0000019073e-01 -2.16556457e-01 0.00000000e+00 9.76270096e-01 -3.16459139e+00 0.00000000e+00 1.00000000e+00 0.00000000e+00 -5.35253431e-01 -9.76270096e-01 0.00000000e+00 -2.16556457e-01 1.80079215e+01
4.0006566048e-01 -2.20820129e-01 0.00000000e+00 9.75314550e-01 -3.16698644e+00 0.00000000e+00 1.00000000e+00 0.00000000e+00 -5.20453437e-01 -9.75314550e-01 0.00000000e+00 -2.20820129e-01 1.80069756e+01
5.2561569214e-01 -2.30686738e-01 0.00000000e+00 9.73028072e-01 -3.17657868e+00 0.00000000e+00 1.00000000e+00 0.00000000e+00 -5.13653417e-01 -9.73028072e-01 0.00000000e+00 -2.30686738e-01 1.80148210e+01
6.0000252724e-01 -2.29053414e-01 0.00000000e+00 9.73413855e-01 -3.17710014e+00 0.00000000e+00 1.00000000e+00 0.00000000e+00 -5.34553419e-01 -9.73413855e-01 0.00000000e+00 -2.29053414e-01 1.80140946e+01
7.0004367828e-01 -2.24432045e-01 0.00000000e+00 9.74489742e-01 -3.17070818e+00 0.00000000e+00 1.00000000e+00 0.00000000e+00 -5.37553437e-01 -9.74489742e-01 0.00000000e+00 -2.24432045e-01 1.80075467e+01
7.9998707771e-01 -2.25705072e-01 0.00000000e+00 9.74195679e-01 -3.17236818e+00 0.00000000e+00 1.00000000e+00 0.00000000e+00 -5.44653450e-01 -9.74195679e-01 0.00000000e+00 -2.25705072e-01 1.80029566e+01
9.0000963211e-01 -2.24660703e-01 0.00000000e+00 9.74437052e-01 -3.16535555e+00 0.00000000e+00 1.00000000e+00 0.00000000e+00 -5.34753423e-01 -9.74437052e-01 0.00000000e+00 -2.24660703e-01 1.80133472e+01
1.0000030994e+00 -2.15526868e-01 0.00000000e+00 9.76497911e-01 -3.16407355e+00 0.00000000e+00 1.00000000e+00 0.00000000e+00 -5.30053430e-01 -9.76497911e-01 0.00000000e+00 -2.15526868e-01 1.80088291e+01
1.0999965668e+00 -2.27207775e-01 0.00000000e+00 9.73846306e-01 -3.17336727e+00 0.00000000e+00 1.00000000e+00 0.00000000e+00 -5.33353423e-01 -9.73846306e-01 0.00000000e+00 -2.27207775e-01 1.80125367e+01
1.2000977993e+00 -2.24317533e-01 0.00000000e+00 9.74516108e-01 -3.17192105e+00 0.00000000e+00 1.00000000e+00 0.00000000e+00 -5.23053423e-01 -9.74516108e-01 0.00000000e+00 -2.24317533e-01 1.80119459e+01
1.3000240326e+00 -2.16962706e-01 0.00000000e+00 9.76179893e-01 -3.17299205e+00 0.00000000e+00 1.00000000e+00 0.00000000e+00 -5.30253428e-01 -9.76179893e-01 0.00000000e+00 -2.16962706e-01 1.80079750e+01
1.4002428055e+00 -2.23285378e-01 0.00000000e+00 9.74753117e-01 -3.17763741e+00 0.00000000e+00 1.00000000e+00 0.00000000e+00 -5.27453408e-01 -9.74753117e-01 0.00000000e+00 -2.23285378e-01 1.80159037e+01
1.4999656677e+00 -2.20316433e-01 0.00000000e+00 9.75428454e-01 -3.16859039e+00 0.00000000e+00 1.00000000e+00 0.00000000e+00 -5.23353427e-01 -9.75428454e-01 0.00000000e+00 -2.20316433e-01 1.80098621e+01
1.6002316475e+00 -2.24623277e-01 0.00000000e+00 9.74445680e-01 -3.16646245e+00 0.00000000e+00 1.00000000e+00 0.00000000e+00 -5.31753468e-01 -9.74445680e-01 0.00000000e+00 -2.24623277e-01 1.79971021e+01
1.7000317574e+00 -2.15921263e-01 0.00000000e+00 9.76410778e-01 -3.15645293e+00 0.00000000e+00 1.00000000e+00 0.00000000e+00 -5.36953464e-01 -9.76410778e-01 0.00000000e+00 -2.15921263e-01 1.79979949e+01
1.7999320030e+00 -2.13585939e-01 0.00000000e+00 9.76924279e-01 -3.15811400e+00 0.00000000e+00 1.00000000e+00 0.00000000e+00 -5.27853456e-01 -9.76924279e-01 0.00000000e+00 -2.13585939e-01 1.79996850e+01
1.9000318050e+00 -2.29708832e-01 0.00000000e+00 9.73259396e-01 -3.16629662e+00 0.00000000e+00 1.00000000e+00 0.00000000e+00 -5.20353474e-01 -9.73259396e-01 0.00000000e+00 -2.29708832e-01 1.79965968e+01
2.0000417233e+00 -2.18464051e-01 0.00000000e+00 9.75844997e-01 -3.16069968e+00 0.00000000e+00 1.00000000e+00 0.00000000e+00 -5.34253479e-01 -9.75844997e-01 0.00000000e+00 -2.18464051e-01 1.79927879e+01
2.1000022888e+00 -2.12296541e-01 0.00000000e+00 9.77205290e-01 -3.16155921e+00 0.00000000e+00 1.00000000e+00 0.00000000e+00 -5.19253458e-01 -9.77205290e-01 0.00000000e+00 -2.12296541e-01 1.79978739e+01
2.2000050545e+00 -2.18823531e-01 0.00000000e+00 9.75764450e-01 -3.16269525e+00 0.00000000e+00 1.00000000e+00 0.00000000e+00 -5.30353469e-01 -9.75764450e-01 0.00000000e+00 -2.18823531e-01 1.79963198e+01
2.3000869751e+00 -2.09648473e-01 0.00000000e+00 9.77776824e-01 -3.15899691e+00 0.00000000e+00 1.00000000e+00 0.00000000e+00 -5.33153473e-01 -9.77776824e-01 0.00000000e+00 -2.09648473e-01 1.79928885e+01
2.4001355171e+00 -2.19021963e-01 0.00000000e+00 9.75719929e-01 -3.16434722e+00 0.00000000e+00 1.00000000e+00 0.00000000e+00 -5.18753461e-01 -9.75719929e-01 0.00000000e+00 -2.19021963e-01 1.79982865e+01
2.4999971390e+00 -2.05160031e-01 0.00000000e+00 9.78728441e-01 -3.15054531e+00 0.00000000e+00 1.00000000e+00 0.00000000e+00 -5.29553455e-01 -9.78728441e-01 0.00000000e+00 -2.05160031e-01 1.79987091e+01
2.5999689102e+00 -2.07889405e-01 0.00000000e+00 9.78152338e-01 -3.16299987e+00 0.00000000e+00 1.00000000e+00 0.00000000e+00 -5.35053459e-01 -9.78152338e-01 0.00000000e+00 -2.07889405e-01 1.79962765e+01
2.7000131607e+00 -2.20010665e-01 0.00000000e+00 9.75497466e-01 -3.17158492e+00 0.00000000e+00 1.00000000e+00 0.00000000e+00 -5.44453461e-01 -9.75497466e-01 0.00000000e+00 -2.20010665e-01 1.79977120e+01
2.7999994755e+00 -2.14886195e-01 0.00000000e+00 9.76639096e-01 -3.16844330e+00 0.00000000e+00 1.00000000e+00 0.00000000e+00 -5.47953471e-01 -9.76639096e-01 0.00000000e+00 -2.14886195e-01 1.79938661e+01
2.8999750614e+00 -2.20651379e-01 0.00000000e+00 9.75352741e-01 -3.17013117e+00 0.00000000e+00 1.00000000e+00 0.00000000e+00 -5.43253473e-01 -9.75352741e-01 0.00000000e+00 -2.20651379e-01 1.79938109e+01
2.9999527931e+00 -2.14649050e-01 0.00000000e+00 9.76691244e-01 -3.16671448e+00 0.00000000e+00 1.00000000e+00 0.00000000e+00 -5.36153469e-01 -9.76691244e-01 0.00000000e+00 -2.14649050e-01 1.79943944e+01
3.0999755859e+00 -2.12105956e-01 0.00000000e+00 9.77246675e-01 -3.16960703e+00 0.00000000e+00 1.00000000e+00 0.00000000e+00 -5.33353464e-01 -9.77246675e-01 0.00000000e+00 -2.12105956e-01 1.79949315e+01
3.1999454498e+00 -2.29044052e-01 0.00000000e+00 9.73416058e-01 -3.17522713e+00 0.00000000e+00 1.00000000e+00 0.00000000e+00 -5.35753462e-01 -9.73416058e-01 0.00000000e+00 -2.29044052e-01 1.79992919e+01
3.2999591827e+00 -2.21091643e-01 0.00000000e+00 9.75253037e-01 -3.17329180e+00 0.00000000e+00 1.00000000e+00 0.00000000e+00 -5.38053460e-01 -9.75253037e-01 0.00000000e+00 -2.21091643e-01 1.79977649e+01
3.3999660015e+00 -2.20740702e-01 0.00000000e+00 9.75332529e-01 -3.17603262e+00 0.00000000e+00 1.00000000e+00 0.00000000e+00 -5.36053455e-01 -9.75332529e-01 0.00000000e+00 -2.20740702e-01 1.79989527e+01
3.5226128101e+00 -2.21207279e-01 0.00000000e+00 9.75226814e-01 -3.16854669e+00 0.00000000e+00 1.00000000e+00 0.00000000e+00 -5.25953468e-01 -9.75226814e-01 0.00000000e+00 -2.21207279e-01 1.79962529e+01
3.5999259949e+00 -2.20890619e-01 0.00000000e+00 9.75298587e-01 -3.16378551e+00 0.00000000e+00 1.00000000e+00 0.00000000e+00 -5.24453461e-01 -9.75298587e-01 0.00000000e+00 -2.20890619e-01 1.79991354e+01
3.6999599934e+00 -2.16496823e-01 0.00000000e+00 9.76283322e-01 -3.15867265e+00 0.00000000e+00 1.00000000e+00 0.00000000e+00 -5.10153446e-01 -9.76283322e-01 0.00000000e+00 -2.16496823e-01 1.80039650e+01
3.7999987602e+00 -2.16410803e-01 0.00000000e+00 9.76302394e-01 -3.16345118e+00 0.00000000e+00 1.00000000e+00 0.00000000e+00 -5.22353444e-01 -9.76302394e-01 0.00000000e+00 -2.16410803e-01 1.80039136e+01
3.8999271393e+00 -2.14231804e-01 0.00000000e+00 9.76782849e-01 -3.16227627e+00 0.00000000e+00 1.00000000e+00 0.00000000e+00 -5.14853457e-01 -9.76782849e-01 0.00000000e+00 -2.14231804e-01 1.79988935e+01
3.9999322891e+00 -2.23705065e-01 0.00000000e+00 9.74656885e-01 -3.16915733e+00 0.00000000e+00 1.00000000e+00 0.00000000e+00 -5.21553460e-01 -9.74656885e-01 0.00000000e+00 -2.23705065e-01 1.79994162e+01
4.0999572277e+00 -2.19322711e-01 0.00000000e+00 9.75652371e-01 -3.16293492e+00 0.00000000e+00 1.00000000e+00 0.00000000e+00 -5.11153454e-01 -9.75652371e-01 0.00000000e+00 -2.19322711e-01 1.80013282e+01
4.2000553608e+00 -2.22247316e-01 0.00000000e+00 9.74990323e-01 -3.16607252e+00 0.00000000e+00 1.00000000e+00 0.00000000e+00 -5.25653455e-01 -9.74990323e-01 0.00000000e+00 -2.22247316e-01 1.80012724e+01
4.2999527454e+00 -2.07959686e-01 0.00000000e+00 9.78137398e-01 -3.15786586e+00 0.00000000e+00 1.00000000e+00 0.00000000e+00 -5.35753442e-01 -9.78137398e-01 0.00000000e+00 -2.07959686e-01 1.80033890e+01
4.4000890255e+00 -2.27294495e-01 0.00000000e+00 9.73826069e-01 -3.17107595e+00 0.00000000e+00 1.00000000e+00 0.00000000e+00 -5.03253452e-01 -9.73826069e-01 0.00000000e+00 -2.27294495e-01 1.80026457e+01
4.4999380112e+00 -2.22472691e-01 0.00000000e+00 9.74938922e-01 -3.16596261e+00 0.00000000e+00 1.00000000e+00 0.00000000e+00 -5.28353448e-01 -9.74938922e-01 0.00000000e+00 -2.22472691e-01 1.80040431e+01
4.6000168324e+00 -2.20196483e-01 0.00000000e+00 9.75455539e-01 -3.16371533e+00 0.00000000e+00 1.00000000e+00 0.00000000e+00 -5.48253438e-01 -9.75455539e-01 0.00000000e+00 -2.20196483e-01 1.80069251e+01
4.6999716759e+00 -2.08423652e-01 0.00000000e+00 9.78038640e-01 -3.15187792e+00 0.00000000e+00 1.00000000e+00 0.00000000e+00 -5.43853459e-01 -9.78038640e-01 0.00000000e+00 -2.08423652e-01 1.79983338e+01
4.7999355793e+00 -2.27546545e-01 0.00000000e+00 9.73767205e-01 -3.17179421e+00 0.00000000e+00 1.00000000e+00 0.00000000e+00 -5.38753439e-01 -9.73767205e-01 0.00000000e+00 -2.27546545e-01 1.80075661e+01
4.8999755383e+00 -2.20778050e-01 0.00000000e+00 9.75324076e-01 -3.16417319e+00 0.00000000e+00 1.00000000e+00 0.00000000e+00 -5.43353447e-01 -9.75324076e-01 0.00000000e+00 -2.20778050e-01 1.80040155e+01
5.0001406670e+00 -2.20819871e-01 0.00000000e+00 9.75314608e-01 -3.16994823e+00 0.00000000e+00 1.00000000e+00 0.00000000e+00 -5.38653446e-01 -9.75314608e-01 0.00000000e+00 -2.20819871e-01 1.80036675e+01
5.1000220776e+00 -2.19634301e-01 0.00000000e+00 9.75582274e-01 -3.16040964e+00 0.00000000e+00 1.00000000e+00 0.00000000e+00 -5.44153446e-01 -9.75582274e-01 0.00000000e+00 -2.19634301e-01 1.80048147e+01
5.1999409199e+00 -2.18339996e-01 0.00000000e+00 9.75872761e-01 -3.16814798e+00 0.00000000e+00 1.00000000e+00 0.00000000e+00 -5.43653446e-01 -9.75872761e-01 0.00000000e+00 -2.18339996e-01 1.80026962e+01
5.2999813557e+00 -2.21799329e-01 0.00000000e+00 9.75092333e-01 -3.16589701e+00 0.00000000e+00 1.00000000e+00 0.00000000e+00 -5.31153443e-01 -9.75092333e-01 0.00000000e+00 -2.21799329e-01 1.80052829e+01
5.4001672268e+00 -2.25063116e-01 0.00000000e+00 9.74344186e-01 -3.16484211e+00 0.00000000e+00 1.00000000e+00 0.00000000e+00 -5.41353451e-01 -9.74344186e-01 0.00000000e+00 -2.25063116e-01 1.80036438e+01
5.5000805855e+00 -2.11817584e-01 0.00000000e+00 9.77309220e-01 -3.15044508e+00 0.00000000e+00 1.00000000e+00 0.00000000e+00 -5.54653449e-01 -9.77309220e-01 0.00000000e+00 -2.11817584e-01 1.80028292e+01
5.5999867916e+00 -2.28566576e-01 0.00000000e+00 9.73528284e-01 -3.17337916e+00 0.00000000e+00 1.00000000e+00 0.00000000e+00 -5.30953425e-01 -9.73528284e-01 0.00000000e+00 -2.28566576e-01 1.80123226e+01
5.7001614571e+00 -2.25334851e-01 0.00000000e+00 9.74281379e-01 -3.17203490e+00 0.00000000e+00 1.00000000e+00 0.00000000e+00 -5.40653425e-01 -9.74281379e-01 0.00000000e+00 -2.25334851e-01 1.80112138e+01
5.8001775742e+00 -2.28209524e-01 0.00000000e+00 9.73612045e-01 -3.17615937e+00 0.00000000e+00 1.00000000e+00 0.00000000e+00 -5.32753415e-01 -9.73612045e-01 0.00000000e+00 -2.28209524e-01 1.80151481e+01
5.8999543190e+00 -2.36201354e-01 0.00000000e+00 9.71704132e-01 -3.17868528e+00 0.00000000e+00 1.00000000e+00 0.00000000e+00 -5.34953423e-01 -9.71704132e-01 0.00000000e+00 -2.36201354e-01 1.80146744e+01
6.0000097752e+00 -2.19503978e-01 0.00000000e+00 9.75611605e-01 -3.16987223e+00 0.00000000e+00 1.00000000e+00 0.00000000e+00 -5.31653434e-01 -9.75611605e-01 0.00000000e+00 -2.19503978e-01 1.80072474e+01
6.0999536514e+00 -2.25678091e-01 0.00000000e+00 9.74201929e-01 -3.17694358e+00 0.00000000e+00 1.00000000e+00 0.00000000e+00 -5.42253422e-01 -9.74201929e-01 0.00000000e+00 -2.25678091e-01 1.80118239e+01
6.1999356747e+00 -2.30143077e-01 0.00000000e+00 9.73156803e-01 -3.18154821e+00 0.00000000e+00 1.00000000e+00 0.00000000e+00 -5.39953410e-01 -9.73156803e-01 0.00000000e+00 -2.30143077e-01 1.80166480e+01
6.3001391888e+00 -2.20674194e-01 0.00000000e+00 9.75347579e-01 -3.17362997e+00 0.00000000e+00 1.00000000e+00 0.00000000e+00 -5.32053404e-01 -9.75347579e-01 0.00000000e+00 -2.20674194e-01 1.80171065e+01
6.3999958038e+00 -2.31319503e-01 0.00000000e+00 9.72877838e-01 -3.18053582e+00 0.00000000e+00 1.00000000e+00 0.00000000e+00 -5.32953428e-01 -9.72877838e-01 0.00000000e+00 -2.31319503e-01 1.80108324e+01
6.4999752045e+00 -2.28398049e-01 0.00000000e+00 9.73567836e-01 -3.17201840e+00 0.00000000e+00 1.00000000e+00 0.00000000e+00 -5.41653427e-01 -9.73567836e-01 0.00000000e+00 -2.28398049e-01 1.80116275e+01
6.5999534130e+00 -2.35591500e-01 0.00000000e+00 9.71852172e-01 -3.17993190e+00 0.00000000e+00 1.00000000e+00 0.00000000e+00 -5.29853434e-01 -9.71852172e-01 0.00000000e+00 -2.35591500e-01 1.80098225e+01
6.6999318600e+00 -2.34443585e-01 0.00000000e+00 9.72129727e-01 -3.17802066e+00 0.00000000e+00 1.00000000e+00 0.00000000e+00 -5.28153434e-01 -9.72129727e-01 0.00000000e+00 -2.34443585e-01 1.80099401e+01
6.7999665737e+00 -2.24271480e-01 0.00000000e+00 9.74526707e-01 -3.16937900e+00 0.00000000e+00 1.00000000e+00 0.00000000e+00 -5.33553428e-01 -9.74526707e-01 0.00000000e+00 -2.24271480e-01 1.80105142e+01
6.9000537395e+00 -2.29918356e-01 0.00000000e+00 9.73209921e-01 -3.17101957e+00 0.00000000e+00 1.00000000e+00 0.00000000e+00 -5.41453436e-01 -9.73209921e-01 0.00000000e+00 -2.29918356e-01 1.80094484e+01
6.9999296665e+00 -2.33517744e-01 0.00000000e+00 9.72352541e-01 -3.17517026e+00 0.00000000e+00 1.00000000e+00 0.00000000e+00 -5.30853442e-01 -9.72352541e-01 0.00000000e+00 -2.33517744e-01 1.80075504e+01
7.1001641750e+00 -2.21801631e-01 0.00000000e+00 9.75091809e-01 -3.17520722e+00 0.00000000e+00 1.00000000e+00 0.00000000e+00 -5.27653436e-01 -9.75091809e-01 0.00000000e+00 -2.21801631e-01 1.80058195e+01
7.2000799179e+00 -2.27768609e-01 0.00000000e+00 9.73715287e-01 -3.17066061e+00 0.00000000e+00 1.00000000e+00 0.00000000e+00 -5.24053443e-01 -9.73715287e-01 0.00000000e+00 -2.27768609e-01 1.80057425e+01
7.3000049591e+00 -2.49816658e-01 0.00000000e+00 9.68293157e-01 -3.18422859e+00 0.00000000e+00 1.00000000e+00 0.00000000e+00 -5.22453434e-01 -9.68293157e-01 0.00000000e+00 -2.49816658e-01 1.80139404e+01
7.3999955654e+00 -2.35455457e-01 0.00000000e+00 9.71885141e-01 -3.17567488e+00 0.00000000e+00 1.00000000e+00 0.00000000e+00 -5.19053448e-01 -9.71885141e-01 0.00000000e+00 -2.35455457e-01 1.80057005e+01
7.5166540146e+00 -2.42089441e-01 0.00000000e+00 9.70253937e-01 -3.18628161e+00 0.00000000e+00 1.00000000e+00 0.00000000e+00 -5.22253427e-01 -9.70253937e-01 0.00000000e+00 -2.42089441e-01 1.80133783e+01
7.5999836922e+00 -2.39663574e-01 0.00000000e+00 9.70855999e-01 -3.18774164e+00 0.00000000e+00 1.00000000e+00 0.00000000e+00 -5.18353441e-01 -9.70855999e-01 0.00000000e+00 -2.39663574e-01 1.80078223e+01
7.6999695301e+00 -2.32625775e-01 0.00000000e+00 9.72566321e-01 -3.18876701e+00 0.00000000e+00 1.00000000e+00 0.00000000e+00 -5.08553449e-01 -9.72566321e-01 0.00000000e+00 -2.32625775e-01 1.80025915e+01
7.7999849319e+00 -2.27285997e-01 0.00000000e+00 9.73828052e-01 -3.17662479e+00 0.00000000e+00 1.00000000e+00 0.00000000e+00 -5.18153445e-01 -9.73828052e-01 0.00000000e+00 -2.27285997e-01 1.80043638e+01
7.8999814987e+00 -2.29491753e-01 0.00000000e+00 9.73310606e-01 -3.17852524e+00 0.00000000e+00 1.00000000e+00 0.00000000e+00 -4.90153433e-01 -9.73310606e-01 0.00000000e+00 -2.29491753e-01 1.80086387e+01
7.9999718666e+00 -2.25641589e-01 0.00000000e+00 9.74210385e-01 -3.17813560e+00 0.00000000e+00 1.00000000e+00 0.00000000e+00 -5.04853437e-01 -9.74210385e-01 0.00000000e+00 -2.25641589e-01 1.80066659e+01
8.0999608040e+00 -2.28450290e-01 0.00000000e+00 9.73555579e-01 -3.18171489e+00 0.00000000e+00 1.00000000e+00 0.00000000e+00 -4.98353424e-01 -9.73555579e-01 0.00000000e+00 -2.28450290e-01 1.80108465e+01
8.1999440193e+00 -2.23376708e-01 0.00000000e+00 9.74732192e-01 -3.18043509e+00 0.00000000e+00 1.00000000e+00 0.00000000e+00 -4.97253421e-01 -9.74732192e-01 0.00000000e+00 -2.23376708e-01 1.80111052e+01
8.2999806404e+00 -2.28378465e-01 0.00000000e+00 9.73572430e-01 -3.17849049e+00 0.00000000e+00 1.00000000e+00 0.00000000e+00 -4.91453433e-01 -9.73572430e-01 0.00000000e+00 -2.28378465e-01 1.80083567e+01
8.3999884129e+00 -2.21530911e-01 0.00000000e+00 9.75153350e-01 -3.17362019e+00 0.00000000e+00 1.00000000e+00 0.00000000e+00 -5.06153423e-01 -9.75153350e-01 0.00000000e+00 -2.21530911e-01 1.80107434e+01
8.4999756813e+00 -2.17806781e-01 0.00000000e+00 9.75991909e-01 -3.17522138e+00 0.00000000e+00 1.00000000e+00 0.00000000e+00 -5.03453414e-01 -9.75991909e-01 0.00000000e+00 -2.17806781e-01 1.80122834e+01
8.6001722813e+00 -2.21462539e-01 0.00000000e+00 9.75168880e-01 -3.17887902e+00 0.00000000e+00 1.00000000e+00 0.00000000e+00 -5.18153453e-01 -9.75168880e-01 0.00000000e+00 -2.21462539e-01 1.79994282e+01
8.6999776363e+00 -2.13805473e-01 0.00000000e+00 9.76876256e-01 -3.16684556e+00 0.00000000e+00 1.00000000e+00 0.00000000e+00 -5.11753436e-01 -9.76876256e-01 0.00000000e+00 -2.13805473e-01 1.80047990e+01
8.7999556065e+00 -2.10510904e-01 0.00000000e+00 9.77591509e-01 -3.16464448e+00 0.00000000e+00 1.00000000e+00 0.00000000e+00 -5.02153457e-01 -9.77591509e-01 0.00000000e+00 -2.10510904e-01 1.79974645e+01
8.8999238014e+00 -2.15938191e-01 0.00000000e+00 9.76407035e-01 -3.16914347e+00 0.00000000e+00 1.00000000e+00 0.00000000e+00 -5.07353454e-01 -9.76407035e-01 0.00000000e+00 -2.15938191e-01 1.79993030e+01
9.0000329018e+00 -2.11786437e-01 0.00000000e+00 9.77315970e-01 -3.16897300e+00 0.00000000e+00 1.00000000e+00 0.00000000e+00 -5.22253448e-01 -9.77315970e-01 0.00000000e+00 -2.11786437e-01 1.80004712e+01
9.0999879837e+00 -2.17506093e-01 0.00000000e+00 9.76058963e-01 -3.17301957e+00 0.00000000e+00 1.00000000e+00 0.00000000e+00 -5.18753451e-01 -9.76058963e-01 0.00000000e+00 -2.17506093e-01 1.79999656e+01
9.2000253201e+00 -2.18032454e-01 0.00000000e+00 9.75941519e-01 -3.17412362e+00 0.00000000e+00 1.00000000e+00 0.00000000e+00 -5.22953454e-01 -9.75941519e-01 0.00000000e+00 -2.18032454e-01 1.79991102e+01
9.2999670506e+00 -2.19621563e-01 0.00000000e+00 9.75585142e-01 -3.17866952e+00 0.00000000e+00 1.00000000e+00 0.00000000e+00 -5.09853462e-01 -9.75585142e-01 0.00000000e+00 -2.19621563e-01 1.79960469e+01
9.4001381397e+00 -2.23061395e-01 0.00000000e+00 9.74804398e-01 -3.17885750e+00 0.00000000e+00 1.00000000e+00 0.00000000e+00 -5.14253459e-01 -9.74804398e-01 0.00000000e+00 -2.23061395e-01 1.79981313e+01
9.5000398159e+00 -2.18393040e-01 0.00000000e+00 9.75860892e-01 -3.17511384e+00 0.00000000e+00 1.00000000e+00 0.00000000e+00 -5.04953459e-01 -9.75860892e-01 0.00000000e+00 -2.18393040e-01 1.79978658e+01
9.5999722481e+00 -2.23316713e-01 0.00000000e+00 9.74745939e-01 -3.17662995e+00 0.00000000e+00 1.00000000e+00 0.00000000e+00 -5.20053440e-01 -9.74745939e-01 0.00000000e+00 -2.23316713e-01 1.80050488e+01
9.6999597549e+00 -2.20406732e-01 0.00000000e+00 9.75408054e-01 -3.17667028e+00 0.00000000e+00 1.00000000e+00 0.00000000e+00 -5.23853466e-01 -9.75408054e-01 0.00000000e+00 -2.20406732e-01 1.79955359e+01
9.8001108170e+00 -2.15150455e-01 0.00000000e+00 9.76580914e-01 -3.17341075e+00 0.00000000e+00 1.00000000e+00 0.00000000e+00 -5.29453440e-01 -9.76580914e-01 0.00000000e+00 -2.15150455e-01 1.80035042e+01
9.8999764919e+00 -2.12238727e-01 0.00000000e+00 9.77217848e-01 -3.17146158e+00 0.00000000e+00 1.00000000e+00 0.00000000e+00 -5.27853445e-01 -9.77217848e-01 0.00000000e+00 -2.12238727e-01 1.80014866e+01
9.9999654293e+00 -2.10465125e-01 0.00000000e+00 9.77601366e-01 -3.16559499e+00 0.00000000e+00 1.00000000e+00 0.00000000e+00 -5.11853433e-01 -9.77601366e-01 0.00000000e+00 -2.10465125e-01 1.80054120e+01
1.0099962473e+01 -2.15697628e-01 0.00000000e+00 9.76460206e-01 -3.17350495e+00 0.00000000e+00 1.00000000e+00 0.00000000e+00 -5.14353449e-01 -9.76460206e-01 0.00000000e+00 -2.15697628e-01 1.80003675e+01
1.0200355530e+01 -2.16154919e-01 0.00000000e+00 9.76359079e-01 -3.17076408e+00 0.00000000e+00 1.00000000e+00 0.00000000e+00 -5.20553429e-01 -9.76359079e-01 0.00000000e+00 -2.16154919e-01 1.80079111e+01
1.0299964428e+01 -2.17651509e-01 0.00000000e+00 9.76026547e-01 -3.17036239e+00 0.00000000e+00 1.00000000e+00 0.00000000e+00 -5.17253443e-01 -9.76026547e-01 0.00000000e+00 -2.17651509e-01 1.80036013e+01
1.0400041819e+01 -2.24171259e-01 0.00000000e+00 9.74549766e-01 -3.17740854e+00 0.00000000e+00 1.00000000e+00 0.00000000e+00 -5.25153429e-01 -9.74549766e-01 0.00000000e+00 -2.24171259e-01 1.80092949e+01
1.0499997139e+01 -2.15810976e-01 0.00000000e+00 9.76435161e-01 -3.17345266e+00 0.00000000e+00 1.00000000e+00 0.00000000e+00 -5.19753415e-01 -9.76435161e-01 0.00000000e+00 -2.15810976e-01 1.80119686e+01
1.0599950552e+01 -2.22567877e-01 0.00000000e+00 9.74917197e-01 -3.18351309e+00 0.00000000e+00 1.00000000e+00 0.00000000e+00 -5.34453422e-01 -9.74917197e-01 0.00000000e+00 -2.22567877e-01 1.80097302e+01
1.0699976683e+01 -2.20521142e-01 0.00000000e+00 9.75382195e-01 -3.17583409e+00 0.00000000e+00 1.00000000e+00 0.00000000e+00 -5.29153418e-01 -9.75382195e-01 0.00000000e+00 -2.20521142e-01 1.80118153e+01
1.0799917698e+01 -2.32910642e-01 0.00000000e+00 9.72498140e-01 -3.19020036e+00 0.00000000e+00 1.00000000e+00 0.00000000e+00 -5.28153427e-01 -9.72498140e-01 0.00000000e+00 -2.32910642e-01 1.80098566e+01
1.0899976254e+01 -2.16893208e-01 0.00000000e+00 9.76195337e-01 -3.17862613e+00 0.00000000e+00 1.00000000e+00 0.00000000e+00 -5.29853421e-01 -9.76195337e-01 0.00000000e+00 -2.16893208e-01 1.80096394e+01
1.0999933481e+01 -2.20723516e-01 0.00000000e+00 9.75336419e-01 -3.17826592e+00 0.00000000e+00 1.00000000e+00 0.00000000e+00 -5.21653433e-01 -9.75336419e-01 0.00000000e+00 -2.20723516e-01 1.80067937e+01
1.1099956036e+01 -2.20546283e-01 0.00000000e+00 9.75376511e-01 -3.18476077e+00 0.00000000e+00 1.00000000e+00 0.00000000e+00 -5.32353418e-01 -9.75376511e-01 0.00000000e+00 -2.20546283e-01 1.80106279e+01
1.1199930906e+01 -2.14272165e-01 0.00000000e+00 9.76773996e-01 -3.17661438e+00 0.00000000e+00 1.00000000e+00 0.00000000e+00 -5.22853430e-01 -9.76773996e-01 0.00000000e+00 -2.14272165e-01 1.80061419e+01
1.1299940586e+01 -2.16861005e-01 0.00000000e+00 9.76202492e-01 -3.18386061e+00 0.00000000e+00 1.00000000e+00 0.00000000e+00 -5.27153421e-01 -9.76202492e-01 0.00000000e+00 -2.16861005e-01 1.80085128e+01
1.1399927616e+01 -2.24163852e-01 0.00000000e+00 9.74551470e-01 -3.18045931e+00 0.00000000e+00 1.00000000e+00 0.00000000e+00 -5.25153433e-01 -9.74551470e-01 0.00000000e+00 -2.24163852e-01 1.80070623e+01
1.1500014544e+01 -2.23260482e-01 0.00000000e+00 9.74758820e-01 -3.18418521e+00 0.00000000e+00 1.00000000e+00 0.00000000e+00 -5.33653446e-01 -9.74758820e-01 0.00000000e+00 -2.23260482e-01 1.80016831e+01
1.1600111723e+01 -2.32267262e-01 0.00000000e+00 9.72652003e-01 -3.19433348e+00 0.00000000e+00 1.00000000e+00 0.00000000e+00 -5.32553434e-01 -9.72652003e-01 0.00000000e+00 -2.32267262e-01 1.80067790e+01
1.1700021982e+01 -2.21313341e-01 0.00000000e+00 9.75202751e-01 -3.18668556e+00 0.00000000e+00 1.00000000e+00 0.00000000e+00 -5.36353424e-01 -9.75202751e-01 0.00000000e+00 -2.21313341e-01 1.80082462e+01
1.1799963713e+01 -2.13325952e-01 0.00000000e+00 9.76981084e-01 -3.17279544e+00 0.00000000e+00 1.00000000e+00 0.00000000e+00 -5.43753441e-01 -9.76981084e-01 0.00000000e+00 -2.13325952e-01 1.80029768e+01
1.1899966955e+01 -2.23072931e-01 0.00000000e+00 9.74801758e-01 -3.16913046e+00 0.00000000e+00 1.00000000e+00 0.00000000e+00 -5.28453439e-01 -9.74801758e-01 0.00000000e+00 -2.23072931e-01 1.80062798e+01
1.1999959946e+01 -2.39043759e-01 0.00000000e+00 9.71008796e-01 -3.17527890e+00 0.00000000e+00 1.00000000e+00 0.00000000e+00 -5.37753452e-01 -9.71008796e-01 0.00000000e+00 -2.39043759e-01 1.80057536e+01
1.2099991798e+01 -2.19630674e-01 0.00000000e+00 9.75583091e-01 -3.14410062e+00 0.00000000e+00 1.00000000e+00 0.00000000e+00 -5.33653452e-01 -9.75583091e-01 0.00000000e+00 -2.19630674e-01 1.80052584e+01
1.2200020313e+01 -2.22515794e-01 0.00000000e+00 9.74929085e-01 -3.12126145e+00 0.00000000e+00 1.00000000e+00 0.00000000e+00 -5.24253428e-01 -9.74929085e-01 0.00000000e+00 -2.22515794e-01 1.80174024e+01
1.2299946785e+01 -2.21638564e-01 0.00000000e+00 9.75128887e-01 -3.09349675e+00 0.00000000e+00 1.00000000e+00 0.00000000e+00 -5.26553442e-01 -9.75128887e-01 0.00000000e+00 -2.21638564e-01 1.80168518e+01
1.2399970293e+01 -2.34899592e-01 0.00000000e+00 9.72019641e-01 -3.06450611e+00 0.00000000e+00 1.00000000e+00 0.00000000e+00 -5.34453470e-01 -9.72019641e-01 0.00000000e+00 -2.34899592e-01 1.80153527e+01
1.2534422398e+01 -2.25560122e-01 0.00000000e+00 9.74229250e-01 -3.00724525e+00 0.00000000e+00 1.00000000e+00 0.00000000e+00 -5.45053469e-01 -9.74229250e-01 0.00000000e+00 -2.25560122e-01 1.80221561e+01
1.2599953890e+01 -2.28854753e-01 0.00000000e+00 9.73460581e-01 -2.94076864e+00 0.00000000e+00 1.00000000e+00 0.00000000e+00 -5.34953485e-01 -9.73460581e-01 0.00000000e+00 -2.28854753e-01 1.80275559e+01
1.2699949741e+01 -2.20530051e-01 0.00000000e+00 9.75380181e-01 -2.86665694e+00 0.00000000e+00 1.00000000e+00 0.00000000e+00 -5.33653480e-01 -9.75380181e-01 0.00000000e+00 -2.20530051e-01 1.80375556e+01
1.2799921989e+01 -2.23779671e-01 0.00000000e+00 9.74639759e-01 -2.79755383e+00 0.00000000e+00 1.00000000e+00 0.00000000e+00 -5.39753481e-01 -9.74639759e-01 0.00000000e+00 -2.23779671e-01 1.80481188e+01
1.2899925470e+01 -2.18497242e-01 0.00000000e+00 9.75837566e-01 -2.70887305e+00 0.00000000e+00 1.00000000e+00 0.00000000e+00 -5.33953502e-01 -9.75837566e-01 0.00000000e+00 -2.18497242e-01 1.80508532e+01
1.2999985218e+01 -2.23544162e-01 0.00000000e+00 9.74693802e-01 -2.63351265e+00 0.00000000e+00 1.00000000e+00 0.00000000e+00 -5.24553507e-01 -9.74693802e-01 0.00000000e+00 -2.23544162e-01 1.80609148e+01
1.3099960804e+01 -2.29506909e-01 0.00000000e+00 9.73307032e-01 -2.54928736e+00 0.00000000e+00 1.00000000e+00 0.00000000e+00 -5.42453525e-01 -9.73307032e-01 0.00000000e+00 -2.29506909e-01 1.80663635e+01
1.3199966669e+01 -2.31692462e-01 0.00000000e+00 9.72789085e-01 -2.43417855e+00 0.00000000e+00 1.00000000e+00 0.00000000e+00 -5.38953553e-01 -9.72789085e-01 0.00000000e+00 -2.31692462e-01 1.80724922e+01
1.3299973011e+01 -2.31751202e-01 0.00000000e+00 9.72775092e-01 -2.32372625e+00 0.00000000e+00 1.00000000e+00 0.00000000e+00 -5.19653579e-01 -9.72775092e-01 0.00000000e+00 -2.31751202e-01 1.80761656e+01
1.3400100231e+01 -2.29799924e-01 0.00000000e+00 9.73237892e-01 -2.21077953e+00 0.00000000e+00 1.00000000e+00 0.00000000e+00 -5.46753573e-01 -9.73237892e-01 0.00000000e+00 -2.29799924e-01 1.80898663e+01
1.3500458002e+01 -2.43223913e-01 0.00000000e+00 9.69970169e-01 -2.08752462e+00 0.00000000e+00 1.00000000e+00 0.00000000e+00 -5.47253575e-01 -9.69970169e-01 0.00000000e+00 -2.43223913e-01 1.81056491e+01
1.3599931002e+01 -2.46242297e-01 0.00000000e+00 9.69208301e-01 -1.94732784e+00 0.00000000e+00 1.00000000e+00 0.00000000e+00 -5.37953629e-01 -9.69208301e-01 0.00000000e+00 -2.46242297e-01 1.81016782e+01
1.3700093746e+01 -2.34065068e-01 0.00000000e+00 9.72220934e-01 -1.79699229e+00 0.00000000e+00 1.00000000e+00 0.00000000e+00 -5.40753591e-01 -9.72220934e-01 0.00000000e+00 -2.34065068e-01 1.81247771e+01
1.3800022602e+01 -2.42488133e-01 0.00000000e+00 9.70154372e-01 -1.63747645e+00 0.00000000e+00 1.00000000e+00 0.00000000e+00 -5.21253605e-01 -9.70154372e-01 0.00000000e+00 -2.42488133e-01 1.81345555e+01
1.3899982929e+01 -2.43624645e-01 0.00000000e+00 9.69869596e-01 -1.47547969e+00 0.00000000e+00 1.00000000e+00 0.00000000e+00 -5.47453617e-01 -9.69869596e-01 0.00000000e+00 -2.43624645e-01 1.81428118e+01
1.3999976635e+01 -2.27649019e-01 0.00000000e+00 9.73743254e-01 -1.29866697e+00 0.00000000e+00 1.00000000e+00 0.00000000e+00 -5.35353605e-01 -9.73743254e-01 0.00000000e+00 -2.27649019e-01 1.81540108e+01
1.4100118160e+01 -2.38655460e-01 0.00000000e+00 9.71104305e-01 -1.13625018e+00 0.00000000e+00 1.00000000e+00 0.00000000e+00 -5.27853586e-01 -9.71104305e-01 0.00000000e+00 -2.38655460e-01 1.81718615e+01
1.4200102806e+01 -2.49210517e-01 0.00000000e+00 9.68449337e-01 -9.66260645e-01 0.00000000e+00 1.00000000e+00 0.00000000e+00 -5.18653602e-01 -9.68449337e-01 0.00000000e+00 -2.49210517e-01 1.81754758e+01
1.4299955845e+01 -2.30324571e-01 0.00000000e+00 9.73113864e-01 -7.51542878e-01 0.00000000e+00 1.00000000e+00 0.00000000e+00 -5.08553566e-01 -9.73113864e-01 0.00000000e+00 -2.30324571e-01 1.81915269e+01
1.4399969816e+01 -2.34359446e-01 0.00000000e+00 9.72150014e-01 -5.59860865e-01 0.00000000e+00 1.00000000e+00 0.00000000e+00 -5.22653522e-01 -9.72150014e-01 0.00000000e+00 -2.34359446e-01 1.82112329e+01
1.4499969006e+01 -2.28509249e-01 0.00000000e+00 9.73541742e-01 -3.49750648e-01 0.00000000e+00 1.00000000e+00 0.00000000e+00 -5.01653486e-01 -9.73541742e-01 0.00000000e+00 -2.28509249e-01 1.82253500e+01
1.4599934101e+01 -2.20752462e-01 0.00000000e+00 9.75329868e-01 -1.33269296e-01 0.00000000e+00 1.00000000e+00 0.00000000e+00 -5.33653401e-01 -9.75329868e-01 0.00000000e+00 -2.20752462e-01 1.82523401e+01
1.4699972391e+01 -2.34812632e-01 0.00000000e+00 9.72040651e-01 9.03801110e-02 0.00000000e+00 1.00000000e+00 0.00000000e+00 -5.43453280e-01 -9.72040651e-01 0.00000000e+00 -2.34812632e-01 1.82936839e+01
1.4799940348e+01 -2.37628523e-01 0.00000000e+00 9.71356106e-01 3.21742371e-01 0.00000000e+00 1.00000000e+00 0.00000000e+00 -5.36353199e-01 -9.71356106e-01 0.00000000e+00 -2.37628523e-01 1.83165539e+01
1.4899976969e+01 -2.32629881e-01 0.00000000e+00 9.72565339e-01 5.61913793e-01 0.00000000e+00 1.00000000e+00 0.00000000e+00 -5.26153092e-01 -9.72565339e-01 0.00000000e+00 -2.32629881e-01 1.83434572e+01
1.4999925137e+01 -2.30305311e-01 0.00000000e+00 9.73118422e-01 8.05478290e-01 0.00000000e+00 1.00000000e+00 0.00000000e+00 -5.47452974e-01 -9.73118422e-01 0.00000000e+00 -2.30305311e-01 1.83712494e+01
1.5099911928e+01 -2.38975708e-01 0.00000000e+00 9.71025546e-01 1.05034257e+00 0.00000000e+00 1.00000000e+00 0.00000000e+00 -5.33052897e-01 -9.71025546e-01 0.00000000e+00 -2.38975708e-01 1.83834582e+01
1.5199977636e+01 -2.25257400e-01 0.00000000e+00 9.74299289e-01 1.31409589e+00 0.00000000e+00 1.00000000e+00 0.00000000e+00 -5.51952794e-01 -9.74299289e-01 0.00000000e+00 -2.25257400e-01 1.83960916e+01
1.5300098896e+01 -2.30814383e-01 0.00000000e+00 9.72997801e-01 1.57508246e+00 0.00000000e+00 1.00000000e+00 0.00000000e+00 -5.57252666e-01 -9.72997801e-01 0.00000000e+00 -2.30814383e-01 1.84168197e+01
1.5399972916e+01 -2.43268120e-01 0.00000000e+00 9.69959083e-01 1.83394348e+00 0.00000000e+00 1.00000000e+00 0.00000000e+00 -5.57752517e-01 -9.69959083e-01 0.00000000e+00 -2.43268120e-01 1.84424947e+01
1.5527875662e+01 -2.39241462e-01 0.00000000e+00 9.70960104e-01 2.10524701e+00 0.00000000e+00 1.00000000e+00 0.00000000e+00 -5.68852371e-01 -9.70960104e-01 0.00000000e+00 -2.39241462e-01 1.84590322e+01
1.5600082636e+01 -2.59559606e-01 0.00000000e+00 9.65727089e-01 2.36230737e+00 0.00000000e+00 1.00000000e+00 0.00000000e+00 -5.31352221e-01 -9.65727089e-01 0.00000000e+00 -2.59559606e-01 1.84786031e+01
1.5699926615e+01 -2.43967958e-01 0.00000000e+00 9.69783293e-01 2.66395958e+00 0.00000000e+00 1.00000000e+00 0.00000000e+00 -5.24952030e-01 -9.69783293e-01 0.00000000e+00 -2.43967958e-01 1.84969735e+01
1.5799971581e+01 -2.35643839e-01 0.00000000e+00 9.71839483e-01 2.95483321e+00 0.00000000e+00 1.00000000e+00 0.00000000e+00 -5.28251827e-01 -9.71839483e-01 0.00000000e+00 -2.35643839e-01 1.85173844e+01
1.5900012016e+01 -2.24787911e-01 0.00000000e+00 9.74407715e-01 3.26055326e+00 0.00000000e+00 1.00000000e+00 0.00000000e+00 -5.43051574e-01 -9.74407715e-01 0.00000000e+00 -2.24787911e-01 1.85471714e+01
1.5999973059e+01 -2.26396751e-01 0.00000000e+00 9.74035169e-01 3.58075840e+00 0.00000000e+00 1.00000000e+00 0.00000000e+00 -5.51651317e-01 -9.74035169e-01 0.00000000e+00 -2.26396751e-01 1.85710801e+01
1.6099932671e+01 -2.24434228e-01 0.00000000e+00 9.74489239e-01 3.89143729e+00 0.00000000e+00 1.00000000e+00 0.00000000e+00 -5.50351033e-01 -9.74489239e-01 0.00000000e+00 -2.24434228e-01 1.86010561e+01
1.6199972868e+01 -2.20949086e-01 0.00000000e+00 9.75285344e-01 4.20792381e+00 0.00000000e+00 1.00000000e+00 0.00000000e+00 -5.66150718e-01 -9.75285344e-01 0.00000000e+00 -2.20949086e-01 1.86348832e+01
1.6300006628e+01 -2.08881514e-01 0.00000000e+00 9.77940956e-01 4.53909994e+00 0.00000000e+00 1.00000000e+00 0.00000000e+00 -5.80150386e-01 -9.77940956e-01 0.00000000e+00 -2.08881514e-01 1.86648562e+01
1.6400068760e+01 -1.93108484e-01 0.00000000e+00 9.81177412e-01 4.88274024e+00 0.00000000e+00 1.00000000e+00 0.00000000e+00 -5.68850042e-01 -9.81177412e-01 0.00000000e+00 -1.93108484e-01 1.86893993e+01
1.6527892828e+01 -2.01305887e-01 0.00000000e+00 9.79528427e-01 5.20803904e+00 0.00000000e+00 1.00000000e+00 0.00000000e+00 -5.96149670e-01 -9.79528427e-01 0.00000000e+00 -2.01305887e-01 1.87233929e+01
1.6600007057e+01 -2.28689715e-01 0.00000000e+00 9.73499365e-01 5.55168386e+00 0.00000000e+00 1.00000000e+00 0.00000000e+00 -6.24749349e-01 -9.73499365e-01 0.00000000e+00 -2.28689715e-01 1.87303991e+01
1.6699977160e+01 -2.03707646e-01 0.00000000e+00 9.79031764e-01 5.91287735e+00 0.00000000e+00 1.00000000e+00 0.00000000e+00 -6.19448914e-01 -9.79031764e-01 0.00000000e+00 -2.03707646e-01 1.87616304e+01
1.6799954653e+01 -2.41928352e-01 0.00000000e+00 9.70294117e-01 6.23816800e+00 0.00000000e+00 1.00000000e+00 0.00000000e+00 -6.17548555e-01 -9.70294117e-01 0.00000000e+00 -2.41928352e-01 1.87743960e+01
1.6899954319e+01 -2.25125683e-01 0.00000000e+00 9.74329732e-01 6.60353015e+00 0.00000000e+00 1.00000000e+00 0.00000000e+00 -5.91248088e-01 -9.74329732e-01 0.00000000e+00 -2.25125683e-01 1.88016127e+01
1.6999979734e+01 -2.25764308e-01 0.00000000e+00 9.74181953e-01 6.96226888e+00 0.00000000e+00 1.00000000e+00 0.00000000e+00 -5.91447665e-01 -9.74181953e-01 0.00000000e+00 -2.25764308e-01 1.88106478e+01
1.7099983215e+01 -2.25531322e-01 0.00000000e+00 9.74235917e-01 7.33746091e+00 0.00000000e+00 1.00000000e+00 0.00000000e+00 -5.93047179e-01 -9.74235917e-01 0.00000000e+00 -2.25531322e-01 1.88268608e+01
1.7199944973e+01 -2.53080909e-01 0.00000000e+00 9.67445117e-01 7.70953882e+00 0.00000000e+00 1.00000000e+00 0.00000000e+00 -5.98846627e-01 -9.67445117e-01 0.00000000e+00 -2.53080909e-01 1.88588713e+01
1.7299962997e+01 -2.61302620e-01 0.00000000e+00 9.65256930e-01 8.08542923e+00 0.00000000e+00 1.00000000e+00 0.00000000e+00 -6.29045993e-01 -9.65256930e-01 0.00000000e+00 -2.61302620e-01 1.89081310e+01
1.7400001049e+01 -2.41430410e-01 0.00000000e+00 9.70418135e-01 8.47286044e+00 0.00000000e+00 1.00000000e+00 0.00000000e+00 -6.88845385e-01 -9.70418135e-01 0.00000000e+00 -2.41430410e-01 1.89377648e+01
1.7499951124e+01 -2.63048994e-01 0.00000000e+00 9.64782476e-01 8.76074599e+00 0.00000000e+00 1.00000000e+00 0.00000000e+00 -5.75244681e-01 -9.64782476e-01 0.00000000e+00 -2.63048994e-01 1.90356484e+01
1.7599941492e+01 -2.24514502e-01 0.00000000e+00 9.74470748e-01 9.13928571e+00 0.00000000e+00 1.00000000e+00 0.00000000e+00 -5.64044118e-01 -9.74470748e-01 0.00000000e+00 -2.24514502e-01 1.90422235e+01
1.7699987888e+01 -2.55417527e-01 0.00000000e+00 9.66830847e-01 9.48615668e+00 0.00000000e+00 1.00000000e+00 0.00000000e+00 -5.60443424e-01 -9.66830847e-01 0.00000000e+00 -2.55417527e-01 1.90964171e+01
1.7799936771e+01 -2.36326352e-01 0.00000000e+00 9.71673739e-01 9.84598589e+00 0.00000000e+00 1.00000000e+00 0.00000000e+00 -5.46942804e-01 -9.71673739e-01 0.00000000e+00 -2.36326352e-01 1.91166804e+01
1.7899914026e+01 -2.86341950e-01 0.00000000e+00 9.58127490e-01 1.01611222e+01 0.00000000e+00 1.00000000e+00 0.00000000e+00 -5.76542185e-01 -9.58127490e-01 0.00000000e+00 -2.86341950e-01 1.91496327e+01
1.7999921560e+01 -2.20457442e-01 0.00000000e+00 9.75396594e-01 1.05521818e+01 0.00000000e+00 1.00000000e+00 0.00000000e+00 -5.74841466e-01 -9.75396594e-01 0.00000000e+00 -2.20457442e-01 1.91752021e+01
1.8099983931e+01 -2.51382757e-01 0.00000000e+00 9.67887757e-01 1.08759783e+01 0.00000000e+00 1.00000000e+00 0.00000000e+00 -5.93440786e-01 -9.67887757e-01 0.00000000e+00 -2.51382757e-01 1.92117353e+01
1.8199986935e+01 -2.44581173e-01 0.00000000e+00 9.69628821e-01 1.12045292e+01 0.00000000e+00 1.00000000e+00 0.00000000e+00 -5.78140090e-01 -9.69628821e-01 0.00000000e+00 -2.44581173e-01 1.92480451e+01
1.8299967051e+01 -2.25784764e-01 0.00000000e+00 9.74177212e-01 1.15495529e+01 0.00000000e+00 1.00000000e+00 0.00000000e+00 -5.79539412e-01 -9.74177212e-01 0.00000000e+00 -2.25784764e-01 1.92646316e+01
1.8399942398e+01 -2.49316558e-01 0.00000000e+00 9.68422043e-01 1.18638317e+01 0.00000000e+00 1.00000000e+00 0.00000000e+00 -5.97438696e-01 -9.68422043e-01 0.00000000e+00 -2.49316558e-01 1.93026490e+01
1.8499961138e+01 -2.51071165e-01 0.00000000e+00 9.67968631e-01 1.21781255e+01 0.00000000e+00 1.00000000e+00 0.00000000e+00 -6.15537954e-01 -9.67968631e-01 0.00000000e+00 -2.51071165e-01 1.93460383e+01
1.8599973679e+01 -2.39892887e-01 0.00000000e+00 9.70799363e-01 1.25153694e+01 0.00000000e+00 1.00000000e+00 0.00000000e+00 -6.17437184e-01 -9.70799363e-01 0.00000000e+00 -2.39892887e-01 1.93794215e+01
1.8699958801e+01 -2.51817315e-01 0.00000000e+00 9.67774788e-01 1.28531172e+01 0.00000000e+00 1.00000000e+00 0.00000000e+00 -6.09836436e-01 -9.67774788e-01 0.00000000e+00 -2.51817315e-01 1.93968826e+01
1.8799975395e+01 -2.30603483e-01 0.00000000e+00 9.73047806e-01 1.31995823e+01 0.00000000e+00 1.00000000e+00 0.00000000e+00 -6.22035658e-01 -9.73047806e-01 0.00000000e+00 -2.30603483e-01 1.94171706e+01
1.8899957418e+01 -2.30330384e-01 0.00000000e+00 9.73112488e-01 1.35467374e+01 0.00000000e+00 1.00000000e+00 0.00000000e+00 -6.15234826e-01 -9.73112488e-01 0.00000000e+00 -2.30330384e-01 1.94451553e+01
1.8999970198e+01 -2.54973496e-01 0.00000000e+00 9.66948042e-01 1.38827139e+01 0.00000000e+00 1.00000000e+00 0.00000000e+00 -6.30933973e-01 -9.66948042e-01 0.00000000e+00 -2.54973496e-01 1.94779712e+01
1.9100413322e+01 -2.46644356e-01 0.00000000e+00 9.69106063e-01 1.42389710e+01 0.00000000e+00 1.00000000e+00 0.00000000e+00 -6.37833085e-01 -9.69106063e-01 0.00000000e+00 -2.46644356e-01 1.95058362e+01
1.9200019360e+01 -2.50581623e-01 0.00000000e+00 9.68095476e-01 1.46009564e+01 0.00000000e+00 1.00000000e+00 0.00000000e+00 -6.38132149e-01 -9.68095476e-01 0.00000000e+00 -2.50581623e-01 1.95371007e+01
1.9299976587e+01 -2.36346722e-01 0.00000000e+00 9.71668785e-01 1.49631316e+01 0.00000000e+00 1.00000000e+00 0.00000000e+00 -6.36431235e-01 -9.71668785e-01 0.00000000e+00 -2.36346722e-01 1.95575854e+01
1.9400010109e+01 -2.33974250e-01 0.00000000e+00 9.72242794e-01 1.53194482e+01 0.00000000e+00 1.00000000e+00 0.00000000e+00 -6.14430295e-01 -9.72242794e-01 0.00000000e+00 -2.33974250e-01 1.95823543e+01
1.9499953270e+01 -2.65459893e-01 0.00000000e+00 9.64121904e-01 1.56639766e+01 0.00000000e+00 1.00000000e+00 0.00000000e+00 -6.01529297e-01 -9.64121904e-01 0.00000000e+00 -2.65459893e-01 1.96219204e+01
1.9599997759e+01 -2.51946199e-01 0.00000000e+00 9.67741243e-01 1.60364646e+01 0.00000000e+00 1.00000000e+00 0.00000000e+00 -5.94828182e-01 -9.67741243e-01 0.00000000e+00 -2.51946199e-01 1.96781041e+01
1.9700009108e+01 -2.49359445e-01 0.00000000e+00 9.68411001e-01 1.63972540e+01 0.00000000e+00 1.00000000e+00 0.00000000e+00 -6.11827156e-01 -9.68411001e-01 0.00000000e+00 -2.49359445e-01 1.97068058e+01
1.9799944162e+01 -2.32349427e-01 0.00000000e+00 9.72632379e-01 1.67522021e+01 0.00000000e+00 1.00000000e+00 0.00000000e+00 -6.21326168e-01 -9.72632379e-01 0.00000000e+00 -2.32349427e-01 1.97254511e+01
1.9899939299e+01 -2.44400281e-01 0.00000000e+00 9.69674431e-01 1.70921342e+01 0.00000000e+00 1.00000000e+00 0.00000000e+00 -6.34925141e-01 -9.69674431e-01 0.00000000e+00 -2.44400281e-01 1.97565545e+01
1.9999982595e+01 -2.37343024e-01 0.00000000e+00 9.71425905e-01 1.74377732e+01 0.00000000e+00 1.00000000e+00 0.00000000e+00 -6.55324115e-01 -9.71425905e-01 0.00000000e+00 -2.37343024e-01 1.97808165e+01
2.0099985361e+01 -2.49109534e-01 0.00000000e+00 9.68475317e-01 1.77754941e+01 0.00000000e+00 1.00000000e+00 0.00000000e+00 -6.43723058e-01 -9.68475317e-01 0.00000000e+00 -2.49109534e-01 1.98116080e+01
2.0200107098e+01 -2.52252532e-01 0.00000000e+00 9.67661439e-01 1.81167609e+01 0.00000000e+00 1.00000000e+00 0.00000000e+00 -6.50321987e-01 -9.67661439e-01 0.00000000e+00 -2.52252532e-01 1.98398586e+01
2.0300030708e+01 -2.32170627e-01 0.00000000e+00 9.72675074e-01 1.84620219e+01 0.00000000e+00 1.00000000e+00 0.00000000e+00 -6.66420914e-01 -9.72675074e-01 0.00000000e+00 -2.32170627e-01 1.98654005e+01
2.0400058270e+01 -2.58467432e-01 0.00000000e+00 9.66019972e-01 1.87765246e+01 0.00000000e+00 1.00000000e+00 0.00000000e+00 -6.74419796e-01 -9.66019972e-01 0.00000000e+00 -2.58467432e-01 1.99155992e+01
2.0542944193e+01 -2.52279506e-01 0.00000000e+00 9.67654407e-01 1.91141239e+01 0.00000000e+00 1.00000000e+00 0.00000000e+00 -6.85018731e-01 -9.67654407e-01 0.00000000e+00 -2.52279506e-01 1.99308837e+01
2.0600092649e+01 -2.37313425e-01 0.00000000e+00 9.71433136e-01 1.94425655e+01 0.00000000e+00 1.00000000e+00 0.00000000e+00 -7.03217596e-01 -9.71433136e-01 0.00000000e+00 -2.37313425e-01 1.99734293e+01
2.0700206995e+01 -2.57201992e-01 0.00000000e+00 9.66357664e-01 1.97464130e+01 0.00000000e+00 1.00000000e+00 0.00000000e+00 -6.92416498e-01 -9.66357664e-01 0.00000000e+00 -2.57201992e-01 2.00138952e+01
2.0800009966e+01 -2.52342631e-01 0.00000000e+00 9.67637947e-01 2.00759257e+01 0.00000000e+00 1.00000000e+00 0.00000000e+00 -7.08015413e-01 -9.67637947e-01 0.00000000e+00 -2.52342631e-01 2.00272897e+01
2.0900006533e+01 -2.46826536e-01 0.00000000e+00 9.69059679e-01 2.03849583e+01 0.00000000e+00 1.00000000e+00 0.00000000e+00 -6.93214338e-01 -9.69059679e-01 0.00000000e+00 -2.46826536e-01 2.00530048e+01
2.0999977827e+01 -2.47715879e-01 0.00000000e+00 9.68832722e-01 2.07013328e+01 0.00000000e+00 1.00000000e+00 0.00000000e+00 -7.25113208e-01 -9.68832722e-01 0.00000000e+00 -2.47715879e-01 2.00818028e+01
2.1099992752e+01 -2.43580633e-01 0.00000000e+00 9.69880650e-01 2.10114352e+01 0.00000000e+00 1.00000000e+00 0.00000000e+00 -7.22312103e-01 -9.69880650e-01 0.00000000e+00 -2.43580633e-01 2.01056732e+01
2.1199977160e+01 -2.42847906e-01 0.00000000e+00 9.70064377e-01 2.13190159e+01 0.00000000e+00 1.00000000e+00 0.00000000e+00 -6.97510994e-01 -9.70064377e-01 0.00000000e+00 -2.42847906e-01 2.01280637e+01
2.1299969435e+01 -2.52224549e-01 0.00000000e+00 9.67668733e-01 2.16162204e+01 0.00000000e+00 1.00000000e+00 0.00000000e+00 -7.08609881e-01 -9.67668733e-01 0.00000000e+00 -2.52224549e-01 2.01543788e+01
2.1400021553e+01 -2.42401937e-01 0.00000000e+00 9.70175912e-01 2.19275152e+01 0.00000000e+00 1.00000000e+00 0.00000000e+00 -7.17708721e-01 -9.70175912e-01 0.00000000e+00 -2.42401937e-01 2.01820817e+01
2.1499961376e+01 -2.52522095e-01 0.00000000e+00 9.67591128e-01 2.22305036e+01 0.00000000e+00 1.00000000e+00 0.00000000e+00 -7.27107547e-01 -9.67591128e-01 0.00000000e+00 -2.52522095e-01 2.02119288e+01
2.1599992990e+01 -2.48276301e-01 0.00000000e+00 9.68689258e-01 2.25282153e+01 0.00000000e+00 1.00000000e+00 0.00000000e+00 -7.13106403e-01 -9.68689258e-01 0.00000000e+00 -2.48276301e-01 2.02384015e+01
2.1699992895e+01 -2.48044671e-01 0.00000000e+00 9.68748595e-01 2.28186789e+01 0.00000000e+00 1.00000000e+00 0.00000000e+00 -7.18905263e-01 -9.68748595e-01 0.00000000e+00 -2.48044671e-01 2.02663726e+01
2.1800023079e+01 -2.49209710e-01 0.00000000e+00 9.68449545e-01 2.31024174e+01 0.00000000e+00 1.00000000e+00 0.00000000e+00 -7.47304129e-01 -9.68449545e-01 0.00000000e+00 -2.49209710e-01 2.02952872e+01
2.1900009871e+01 -2.45574961e-01 0.00000000e+00 9.69377604e-01 2.33955647e+01 0.00000000e+00 1.00000000e+00 0.00000000e+00 -7.33902987e-01 -9.69377604e-01 0.00000000e+00 -2.45574961e-01 2.03145977e+01
2.2000019789e+01 -2.40287550e-01 0.00000000e+00 9.70701753e-01 2.36726159e+01 0.00000000e+00 1.00000000e+00 0.00000000e+00 -7.26701828e-01 -9.70701753e-01 0.00000000e+00 -2.40287550e-01 2.03529366e+01
2.2100026131e+01 -2.44234508e-01 0.00000000e+00 9.69716198e-01 2.39529239e+01 0.00000000e+00 1.00000000e+00 0.00000000e+00 -7.28800696e-01 -9.69716198e-01 0.00000000e+00 -2.44234508e-01 2.03724695e+01
2.2200071573e+01 -2.46880035e-01 0.00000000e+00 9.69046051e-01 2.42217624e+01 0.00000000e+00 1.00000000e+00 0.00000000e+00 -7.23099589e-01 -9.69046051e-01 0.00000000e+00 -2.46880035e-01 2.03954631e+01
2.2300017357e+01 -2.46642800e-01 0.00000000e+00 9.69106459e-01 2.44974763e+01 0.00000000e+00 1.00000000e+00 0.00000000e+00 -7.36798437e-01 -9.69106459e-01 0.00000000e+00 -2.46642800e-01 2.04196775e+01
2.2401066780e+01 -2.55664814e-01 0.00000000e+00 9.66765485e-01 2.47654366e+01 0.00000000e+00 1.00000000e+00 0.00000000e+00 -7.40397315e-01 -9.66765485e-01 0.00000000e+00 -2.55664814e-01 2.04380880e+01
2.2500781059e+01 -2.53322838e-01 0.00000000e+00 9.67381796e-01 2.50378928e+01 0.00000000e+00 1.00000000e+00 0.00000000e+00 -7.32196185e-01 -9.67381796e-01 0.00000000e+00 -2.53322838e-01 2.04543880e+01
2.2600104094e+01 -2.65956043e-01 0.00000000e+00 9.63985157e-01 2.53106998e+01 0.00000000e+00 1.00000000e+00 0.00000000e+00 -7.39895069e-01 -9.63985157e-01 0.00000000e+00 -2.65956043e-01 2.04561505e+01
2.2700068474e+01 -2.72000949e-01 0.00000000e+00 9.62296983e-01 2.55751144e+01 0.00000000e+00 1.00000000e+00 0.00000000e+00 -7.56893979e-01 -9.62296983e-01 0.00000000e+00 -2.72000949e-01 2.04592177e+01
2.2800047874e+01 -2.96790714e-01 0.00000000e+00 9.54942549e-01 2.58085668e+01 0.00000000e+00 1.00000000e+00 0.00000000e+00 -7.68692998e-01 -9.54942549e-01 0.00000000e+00 -2.96790714e-01 2.04571881e+01
2.2900061131e+01 -3.20193317e-01 0.00000000e+00 9.47352226e-01 2.60441563e+01 0.00000000e+00 1.00000000e+00 0.00000000e+00 -7.65292039e-01 -9.47352226e-01 0.00000000e+00 -3.20193317e-01 2.04436447e+01
2.3000095367e+01 -3.49540970e-01 0.00000000e+00 9.36921080e-01 2.62766368e+01 0.00000000e+00 1.00000000e+00 0.00000000e+00 -7.55491116e-01 -9.36921080e-01 0.00000000e+00 -3.49540970e-01 2.04188197e+01
2.3100058794e+01 -3.68879992e-01 0.00000000e+00 9.29477031e-01 2.64931569e+01 0.00000000e+00 1.00000000e+00 0.00000000e+00 -7.68790299e-01 -9.29477031e-01 0.00000000e+00 -3.68879992e-01 2.03827428e+01
2.3200103045e+01 -3.96614298e-01 0.00000000e+00 9.17985348e-01 2.67150149e+01 0.00000000e+00 1.00000000e+00 0.00000000e+00 -7.68289468e-01 -9.17985348e-01 0.00000000e+00 -3.96614298e-01 2.03399167e+01
2.3300056696e+01 -4.31334345e-01 0.00000000e+00 9.02192154e-01 2.69339687e+01 0.00000000e+00 1.00000000e+00 0.00000000e+00 -7.62588676e-01 -9.02192154e-01 0.00000000e+00 -4.31334345e-01 2.02831990e+01
2.3400083065e+01 -4.60165760e-01 0.00000000e+00 8.87833021e-01 2.71524718e+01 0.00000000e+00 1.00000000e+00 0.00000000e+00 -7.68787923e-01 -8.87833021e-01 0.00000000e+00 -4.60165760e-01 2.02154501e+01
2.3500180721e+01 -5.03098174e-01 0.00000000e+00 8.64229268e-01 2.73588623e+01 0.00000000e+00 1.00000000e+00 0.00000000e+00 -7.77787247e-01 -8.64229268e-01 0.00000000e+00 -5.03098174e-01 2.01347686e+01
2.3599999189e+01 -5.38387737e-01 0.00000000e+00 8.42697244e-01 2.75674404e+01 0.00000000e+00 1.00000000e+00 0.00000000e+00 -7.68886581e-01 -8.42697244e-01 0.00000000e+00 -5.38387737e-01 2.00479173e+01
2.3700003862e+01 -5.57385609e-01 0.00000000e+00 8.30253746e-01 2.77866652e+01 0.00000000e+00 1.00000000e+00 0.00000000e+00 -7.65885943e-01 -8.30253746e-01 0.00000000e+00 -5.57385609e-01 1.99400022e+01
2.3800025463e+01 -5.94263244e-01 0.00000000e+00 8.04270600e-01 2.79975084e+01 0.00000000e+00 1.00000000e+00 0.00000000e+00 -7.78385320e-01 -8.04270600e-01 0.00000000e+00 -5.94263244e-01 1.98318439e+01
2.3900016069e+01 -6.45873362e-01 0.00000000e+00 7.63444563e-01 2.81899062e+01 0.00000000e+00 1.00000000e+00 0.00000000e+00 -7.77184760e-01 -7.63444563e-01 0.00000000e+00 -6.45873362e-01 1.97260786e+01
2.4000013828e+01 -6.65498252e-01 0.00000000e+00 7.46399409e-01 2.83984994e+01 0.00000000e+00 1.00000000e+00 0.00000000e+00 -7.98584251e-01 -7.46399409e-01 0.00000000e+00 -6.65498252e-01 1.95851927e+01
2.4100008249e+01 -7.05864621e-01 0.00000000e+00 7.08346764e-01 2.85894195e+01 0.00000000e+00 1.00000000e+00 0.00000000e+00 -8.23183784e-01 -7.08346764e-01 0.00000000e+00 -7.05864621e-01 1.94517228e+01
2.4200081825e+01 -7.37039245e-01 0.00000000e+00 6.75849947e-01 2.87856369e+01 0.00000000e+00 1.00000000e+00 0.00000000e+00 -8.12583361e-01 -6.75849947e-01 0.00000000e+00 -7.37039245e-01 1.92958653e+01
2.4300426245e+01 -7.63468217e-01 0.00000000e+00 6.45845401e-01 2.89766741e+01 0.00000000e+00 1.00000000e+00 0.00000000e+00 -8.16682990e-01 -6.45845401e-01 0.00000000e+00 -7.63468217e-01 1.91283409e+01
2.4400020123e+01 -8.05779180e-01 0.00000000e+00 5.92216104e-01 2.91581168e+01 0.00000000e+00 1.00000000e+00 0.00000000e+00 -8.36482678e-01 -5.92216104e-01 0.00000000e+00 -8.05779180e-01 1.89554550e+01
2.4515025377e+01 -8.31249601e-01 0.00000000e+00 5.55899363e-01 2.93273729e+01 0.00000000e+00 1.00000000e+00 0.00000000e+00 -8.27082485e-01 -5.55899363e-01 0.00000000e+00 -8.31249601e-01 1.87599374e+01
2.4600034714e+01 -8.61884983e-01 0.00000000e+00 5.07103812e-01 2.95048273e+01 0.00000000e+00 1.00000000e+00 0.00000000e+00 -7.87382220e-01 -5.07103812e-01 0.00000000e+00 -8.61884983e-01 1.85751733e+01
2.4700045109e+01 -8.88905391e-01 0.00000000e+00 4.58090827e-01 2.96533794e+01 0.00000000e+00 1.00000000e+00 0.00000000e+00 -8.14282156e-01 -4.58090827e-01 0.00000000e+00 -8.88905391e-01 1.83669932e+01
2.4800339460e+01 -9.15612981e-01 0.00000000e+00 4.02060777e-01 2.97904474e+01 0.00000000e+00 1.00000000e+00 0.00000000e+00 -8.14082163e-01 -4.02060777e-01 0.00000000e+00 -9.15612981e-01 1.81542614e+01
2.4900317907e+01 -9.34536854e-01 0.00000000e+00 3.55866364e-01 2.99035160e+01 0.00000000e+00 1.00000000e+00 0.00000000e+00 -8.16982307e-01 -3.55866364e-01 0.00000000e+00 -9.34536854e-01 1.79291442e+01
2.5000332832e+01 -9.56633727e-01 0.00000000e+00 2.91293517e-01 2.99896476e+01 0.00000000e+00 1.00000000e+00 0.00000000e+00 -8.10582556e-01 -2.91293517e-01 0.00000000e+00 -9.56633727e-01 1.77178895e+01
2.5100268126e+01 -9.72639616e-01 0.00000000e+00 2.32319129e-01 3.00819822e+01 0.00000000e+00 1.00000000e+00 0.00000000e+00 -8.04682795e-01 -2.32319129e-01 0.00000000e+00 -9.72639616e-01 1.74971559e+01
2.5200079441e+01 -9.82220608e-01 0.00000000e+00 1.87730329e-01 3.01704297e+01 0.00000000e+00 1.00000000e+00 0.00000000e+00 -8.20383078e-01 -1.87730329e-01 0.00000000e+00 -9.82220608e-01 1.72587378e+01
2.5300014496e+01 -9.92170534e-01 0.00000000e+00 1.24890480e-01 3.02386162e+01 0.00000000e+00 1.00000000e+00 0.00000000e+00 -8.28883447e-01 -1.24890480e-01 0.00000000e+00 -9.92170534e-01 1.70321896e+01
2.5400189877e+01 -9.97413123e-01 0.00000000e+00 7.18822848e-02 3.02866604e+01 0.00000000e+00 1.00000000e+00 0.00000000e+00 -8.26383961e-01 -7.18822848e-02 0.00000000e+00 -9.97413123e-01 1.67810544e+01
2.5500076056e+01 -9.99960559e-01 0.00000000e+00 8.88143825e-03 3.03128240e+01 0.00000000e+00 1.00000000e+00 0.00000000e+00 -8.42984575e-01 -8.88143825e-03 0.00000000e+00 -9.99960559e-01 1.65378523e+01
2.5600014925e+01 -9.98727557e-01 0.00000000e+00 -5.04308031e-02 3.03375316e+01 0.00000000e+00 1.00000000e+00 0.00000000e+00 -8.92685206e-01 5.04308031e-02 0.00000000e+00 -9.98727557e-01 1.62855008e+01
2.5700020313e+01 -9.94115590e-01 0.00000000e+00 -1.08324487e-01 3.03508291e+01 0.00000000e+00 1.00000000e+00 0.00000000e+00 -8.89185899e-01 1.08324487e-01 0.00000000e+00 -9.94115590e-01 1.60291123e+01
2.5799972534e+01 -9.87405335e-01 0.00000000e+00 -1.58210952e-01 3.03376918e+01 0.00000000e+00 1.00000000e+00 0.00000000e+00 -9.01386716e-01 1.58210952e-01 0.00000000e+00 -9.87405335e-01 1.57650258e+01
2.5899986267e+01 -9.76778876e-01 0.00000000e+00 -2.14249918e-01 3.03130781e+01 0.00000000e+00 1.00000000e+00 0.00000000e+00 -9.06887594e-01 2.14249918e-01 0.00000000e+00 -9.76778876e-01 1.55018585e+01
2.6000004530e+01 -9.64200000e-01 0.00000000e+00 -2.65176091e-01 3.02930153e+01 0.00000000e+00 1.00000000e+00 0.00000000e+00 -9.20488430e-01 2.65176091e-01 0.00000000e+00 -9.64200000e-01 1.52399053e+01
2.6100002527e+01 -9.43884753e-01 0.00000000e+00 -3.30274995e-01 3.02461602e+01 0.00000000e+00 1.00000000e+00 0.00000000e+00 -9.27889429e-01 3.30274995e-01 0.00000000e+00 -9.43884753e-01 1.49759705e+01
2.6199986696e+01 -9.24973094e-01 0.00000000e+00 -3.80032598e-01 3.01879853e+01 0.00000000e+00 1.00000000e+00 0.00000000e+00 -9.30990453e-01 3.80032598e-01 0.00000000e+00 -9.24973094e-01 1.47066223e+01
2.6299965858e+01 -9.04182956e-01 0.00000000e+00 -4.27145387e-01 3.01073172e+01 0.00000000e+00 1.00000000e+00 0.00000000e+00 -9.30791570e-01 4.27145387e-01 0.00000000e+00 -9.04182956e-01 1.44374985e+01
2.6400002003e+01 -8.76148934e-01 0.00000000e+00 -4.82040503e-01 3.00189675e+01 0.00000000e+00 1.00000000e+00 0.00000000e+00 -9.40992728e-01 4.82040503e-01 0.00000000e+00 -8.76148934e-01 1.41738183e+01
2.6499989986e+01 -8.57551989e-01 0.00000000e+00 -5.14397303e-01 2.99042854e+01 0.00000000e+00 1.00000000e+00 0.00000000e+00 -9.41693952e-01 5.14397303e-01 0.00000000e+00 -8.57551989e-01 1.39036470e+01
2.6600179672e+01 -8.18156448e-01 0.00000000e+00 -5.74995675e-01 2.98063849e+01 0.00000000e+00 1.00000000e+00 0.00000000e+00 -9.17195143e-01 5.74995675e-01 0.00000000e+00 -8.18156448e-01 1.36476862e+01
2.6700134993e+01 -7.94726481e-01 0.00000000e+00 -6.06967726e-01 2.96744179e+01 0.00000000e+00 1.00000000e+00 0.00000000e+00 -9.32796437e-01 6.06967726e-01 0.00000000e+00 -7.94726481e-01 1.33752779e+01
2.6800257206e+01 -7.57799766e-01 0.00000000e+00 -6.52487176e-01 2.95420959e+01 0.00000000e+00 1.00000000e+00 0.00000000e+00 -9.25197744e-01 6.52487176e-01 0.00000000e+00 -7.57799766e-01 1.31124506e+01
2.6900056839e+01 -7.32694695e-01 0.00000000e+00 -6.80557480e-01 2.93782306e+01 0.00000000e+00 1.00000000e+00 0.00000000e+00 -9.35599148e-01 6.80557480e-01 0.00000000e+00 -7.32694695e-01 1.28435929e+01
2.6999993324e+01 -6.99848597e-01 0.00000000e+00 -7.14291216e-01 2.92028104e+01 0.00000000e+00 1.00000000e+00 0.00000000e+00 -9.27800571e-01 7.14291216e-01 0.00000000e+00 -6.99848597e-01 1.25943992e+01
2.7099954844e+01 -6.76131489e-01 0.00000000e+00 -7.36780978e-01 2.90027401e+01 0.00000000e+00 1.00000000e+00 0.00000000e+00 -9.40802061e-01 7.36780978e-01 0.00000000e+00 -6.76131489e-01 1.23423575e+01
2.7200130463e+01 -6.31629562e-01 0.00000000e+00 -7.75270338e-01 2.88256987e+01 0.00000000e+00 1.00000000e+00 0.00000000e+00 -9.09303516e-01 7.75270338e-01 0.00000000e+00 -6.31629562e-01 1.20814960e+01
2.7299938202e+01 -6.03985982e-01 0.00000000e+00 -7.96994939e-01 2.86110117e+01 0.00000000e+00 1.00000000e+00 0.00000000e+00 -9.37205065e-01 7.96994939e-01 0.00000000e+00 -6.03985982e-01 1.18186939e+01
2.7399981022e+01 -5.75661774e-01 0.00000000e+00 -8.17687912e-01 2.83894811e+01 0.00000000e+00 1.00000000e+00 0.00000000e+00 -9.51706586e-01 8.17687912e-01 0.00000000e+00 -5.75661774e-01 1.15782629e+01
2.7499920130e+01 -5.39051714e-01 0.00000000e+00 -8.42272669e-01 2.81529520e+01 0.00000000e+00 1.00000000e+00 0.00000000e+00 -9.40708193e-01 8.42272669e-01 0.00000000e+00 -5.39051714e-01 1.13288543e+01
2.7600026131e+01 -5.08904790e-01 0.00000000e+00 -8.60822812e-01 2.78979595e+01 0.00000000e+00 1.00000000e+00 0.00000000e+00 -9.46409834e-01 8.60822812e-01 0.00000000e+00 -5.08904790e-01 1.10834476e+01
2.7699939013e+01 -4.98546309e-01 0.00000000e+00 -8.66863068e-01 2.76153214e+01 0.00000000e+00 1.00000000e+00 0.00000000e+00 -9.67311536e-01 8.66863068e-01 0.00000000e+00 -4.98546309e-01 1.08258678e+01
2.7799953699e+01 -4.60541476e-01 0.00000000e+00 -8.87638186e-01 2.73560802e+01 0.00000000e+00 1.00000000e+00 0.00000000e+00 -9.71013149e-01 8.87638186e-01 0.00000000e+00 -4.60541476e-01 1.05934710e+01
2.7899899960e+01 -4.48890216e-01 0.00000000e+00 -8.93586915e-01 2.70729317e+01 0.00000000e+00 1.00000000e+00 0.00000000e+00 -9.80214806e-01 8.93586915e-01 0.00000000e+00 -4.48890216e-01 1.03382310e+01
2.7999977827e+01 -4.28519331e-01 0.00000000e+00 -9.03532613e-01 2.67755654e+01 0.00000000e+00 1.00000000e+00 0.00000000e+00 -9.80916515e-01 9.03532613e-01 0.00000000e+00 -4.28519331e-01 1.00874949e+01
2.8099932671e+01 -3.97451175e-01 0.00000000e+00 -9.17623323e-01 2.64901725e+01 0.00000000e+00 1.00000000e+00 0.00000000e+00 -9.73618177e-01 9.17623323e-01 0.00000000e+00 -3.97451175e-01 9.83685641e+00
2.8199928045e+01 -3.79570818e-01 0.00000000e+00 -9.25162685e-01 2.61784444e+01 0.00000000e+00 1.00000000e+00 0.00000000e+00 -9.62819889e-01 9.25162685e-01 0.00000000e+00 -3.79570818e-01 9.58491011e+00
2.8299920797e+01 -3.63566865e-01 0.00000000e+00 -9.31568105e-01 2.58717695e+01 0.00000000e+00 1.00000000e+00 0.00000000e+00 -9.74121539e-01 9.31568105e-01 0.00000000e+00 -3.63566865e-01 9.34063796e+00
2.8399974823e+01 -3.45816066e-01 0.00000000e+00 -9.38302322e-01 2.55667695e+01 0.00000000e+00 1.00000000e+00 0.00000000e+00 -9.71723149e-01 9.38302322e-01 0.00000000e+00 -3.45816066e-01 9.10555606e+00
2.8510264158e+01 -3.31842924e-01 0.00000000e+00 -9.43334656e-01 2.52566023e+01 0.00000000e+00 1.00000000e+00 0.00000000e+00 -9.58324740e-01 9.43334656e-01 0.00000000e+00 -3.31842924e-01 8.87439456e+00
2.8599936962e+01 -3.23462287e-01 0.00000000e+00 -9.46241063e-01 2.49580039e+01 0.00000000e+00 1.00000000e+00 0.00000000e+00 -9.10326278e-01 9.46241063e-01 0.00000000e+00 -3.23462287e-01 8.61964217e+00
2.8699968815e+01 -3.08867386e-01 0.00000000e+00 -9.51105114e-01 2.46408211e+01 0.00000000e+00 1.00000000e+00 0.00000000e+00 -9.10827843e-01 9.51105114e-01 0.00000000e+00 -3.08867386e-01 8.39255475e+00
2.8799977779e+01 -2.98417705e-01 0.00000000e+00 -9.54435369e-01 2.43319372e+01 0.00000000e+00 1.00000000e+00 0.00000000e+00 -9.10629326e-01 9.54435369e-01 0.00000000e+00 -2.98417705e-01 8.17930664e+00
2.8899981737e+01 -2.82279768e-01 0.00000000e+00 -9.59332128e-01 2.40199945e+01 0.00000000e+00 1.00000000e+00 0.00000000e+00 -9.07530822e-01 9.59332128e-01 0.00000000e+00 -2.82279768e-01 7.95416491e+00
2.8999957800e+01 -2.68540660e-01 0.00000000e+00 -9.63268350e-01 2.37096662e+01 0.00000000e+00 1.00000000e+00 0.00000000e+00 -8.95232255e-01 9.63268350e-01 0.00000000e+00 -2.68540660e-01 7.75303967e+00
2.9099960566e+01 -2.60821904e-01 0.00000000e+00 -9.65386935e-01 2.33933267e+01 0.00000000e+00 1.00000000e+00 0.00000000e+00 -9.04733681e-01 9.65386935e-01 0.00000000e+00 -2.60821904e-01 7.54853022e+00
2.9200037241e+01 -2.44384055e-01 0.00000000e+00 -9.69678521e-01 2.30744946e+01 0.00000000e+00 1.00000000e+00 0.00000000e+00 -9.17735094e-01 9.69678521e-01 0.00000000e+00 -2.44384055e-01 7.35917752e+00
2.9299965858e+01 -2.38927708e-01 0.00000000e+00 -9.71037358e-01 2.27558167e+01 0.00000000e+00 1.00000000e+00 0.00000000e+00 -9.10636451e-01 9.71037358e-01 0.00000000e+00 -2.38927708e-01 7.18030156e+00
2.9400048494e+01 -2.06918518e-01 0.00000000e+00 -9.78358179e-01 2.24562947e+01 0.00000000e+00 1.00000000e+00 0.00000000e+00 -9.25137757e-01 9.78358179e-01 0.00000000e+00 -2.06918518e-01 7.01424928e+00
2.9532323837e+01 -1.89872042e-01 0.00000000e+00 -9.81808845e-01 2.21383545e+01 0.00000000e+00 1.00000000e+00 0.00000000e+00 -9.06739087e-01 9.81808845e-01 0.00000000e+00 -1.89872042e-01 6.83924222e+00
2.9599930048e+01 -1.86979756e-01 0.00000000e+00 -9.82363767e-01 2.18032214e+01 0.00000000e+00 1.00000000e+00 0.00000000e+00 -8.99840415e-01 9.82363767e-01 0.00000000e+00 -1.86979756e-01 6.67534209e+00
2.9699929476e+01 -1.61356432e-01 0.00000000e+00 -9.86896196e-01 2.14917591e+01 0.00000000e+00 1.00000000e+00 0.00000000e+00 -8.89641667e-01 9.86896196e-01 0.00000000e+00 -1.61356432e-01 6.53106162e+00
2.9799923658e+01 -1.40842809e-01 0.00000000e+00 -9.90031971e-01 2.11846827e+01 0.00000000e+00 1.00000000e+00 0.00000000e+00 -8.85442879e-01 9.90031971e-01 0.00000000e+00 -1.40842809e-01 6.38023518e+00
2.9899943352e+01 -1.22069801e-01 0.00000000e+00 -9.92521518e-01 2.08720692e+01 0.00000000e+00 1.00000000e+00 0.00000000e+00 -8.90644087e-01 9.92521518e-01 0.00000000e+00 -1.22069801e-01 6.22883514e+00
2.9999945164e+01 -1.01849633e-01 0.00000000e+00 -9.94799805e-01 2.05624938e+01 0.00000000e+00 1.00000000e+00 0.00000000e+00 -9.01745244e-01 9.94799805e-01 0.00000000e+00 -1.01849633e-01 6.10335866e+00
3.0099922180e+01 -7.65359288e-02 0.00000000e+00 -9.97066824e-01 2.02610856e+01 0.00000000e+00 1.00000000e+00 0.00000000e+00 -9.12246365e-01 9.97066824e-01 0.00000000e+00 -7.65359288e-02 5.97993803e+00
3.0199919939e+01 -3.81709561e-02 0.00000000e+00 -9.99271223e-01 1.99588318e+01 0.00000000e+00 1.00000000e+00 0.00000000e+00 -9.10047478e-01 9.99271223e-01 0.00000000e+00 -3.81709561e-02 5.87102637e+00
3.0299976826e+01 -3.96390958e-02 0.00000000e+00 -9.99214062e-01 1.96349608e+01 0.00000000e+00 1.00000000e+00 0.00000000e+00 -9.22448560e-01 9.99214062e-01 0.00000000e+00 -3.96390958e-02 5.78095668e+00
3.0399964094e+01 -1.09892416e-02 0.00000000e+00 -9.99939616e-01 1.93248267e+01 0.00000000e+00 1.00000000e+00 0.00000000e+00 -9.13649629e-01 9.99939616e-01 0.00000000e+00 -1.09892416e-02 5.69022037e+00
3.0500006676e+01 7.84707250e-03 0.00000000e+00 -9.99969211e-01 1.90138632e+01 0.00000000e+00 1.00000000e+00 0.00000000e+00 -9.10450659e-01 9.99969211e-01 0.00000000e+00 7.84707250e-03 5.61098121e+00
3.0599942446e+01 4.11446858e-02 0.00000000e+00 -9.99153199e-01 1.86970900e+01 0.00000000e+00 1.00000000e+00 0.00000000e+00 -9.07951704e-01 9.99153199e-01 0.00000000e+00 4.11446858e-02 5.53903532e+00
3.0699951172e+01 4.99484133e-02 0.00000000e+00 -9.98751799e-01 1.83700258e+01 0.00000000e+00 1.00000000e+00 0.00000000e+00 -9.07852718e-01 9.98751799e-01 0.00000000e+00 4.99484133e-02 5.47343312e+00
3.0799949408e+01 9.47322404e-02 0.00000000e+00 -9.95502789e-01 1.80619574e+01 0.00000000e+00 1.00000000e+00 0.00000000e+00 -9.20453702e-01 9.95502789e-01 0.00000000e+00 9.47322404e-02 5.42066527e+00
3.0899920702e+01 1.18447990e-01 0.00000000e+00 -9.92960258e-01 1.77179787e+01 0.00000000e+00 1.00000000e+00 0.00000000e+00 -9.19454732e-01 9.92960258e-01 0.00000000e+00 1.18447990e-01 5.37830605e+00
3.0999937296e+01 1.70877409e-01 0.00000000e+00 -9.85292297e-01 1.73907399e+01 0.00000000e+00 1.00000000e+00 0.00000000e+00 -9.15755723e-01 9.85292297e-01 0.00000000e+00 1.70877409e-01 5.34387915e+00
3.1100128174e+01 1.94860690e-01 0.00000000e+00 -9.80830929e-01 1.70414649e+01 0.00000000e+00 1.00000000e+00 0.00000000e+00 -9.19556704e-01 9.80830929e-01 0.00000000e+00 1.94860690e-01 5.33156187e+00
3.1200000048e+01 2.29447388e-01 0.00000000e+00 -9.73321065e-01 1.67172406e+01 0.00000000e+00 1.00000000e+00 0.00000000e+00 -9.13757613e-01 9.73321065e-01 0.00000000e+00 2.29447388e-01 5.31422856e+00
3.1299968004e+01 2.43693513e-01 0.00000000e+00 -9.69852294e-01 1.63726045e+01 0.00000000e+00 1.00000000e+00 0.00000000e+00 -9.26558516e-01 9.69852294e-01 0.00000000e+00 2.43693513e-01 5.31568192e+00
3.1400479555e+01 2.75118102e-01 0.00000000e+00 -9.61410438e-01 1.60393102e+01 0.00000000e+00 1.00000000e+00 0.00000000e+00 -9.23859385e-01 9.61410438e-01 0.00000000e+00 2.75118102e-01 5.32561779e+00
3.1499978304e+01 3.08572433e-01 0.00000000e+00 -9.51200848e-01 1.57116532e+01 0.00000000e+00 1.00000000e+00 0.00000000e+00 -9.60460217e-01 9.51200848e-01 0.00000000e+00 3.08572433e-01 5.34152289e+00
3.1599996567e+01 3.69556979e-01 0.00000000e+00 -9.29208071e-01 1.53935159e+01 0.00000000e+00 1.00000000e+00 0.00000000e+00 -9.39561018e-01 9.29208071e-01 0.00000000e+00 3.69556979e-01 5.38029115e+00
3.1700104237e+01 4.10922196e-01 0.00000000e+00 -9.11670417e-01 1.50711838e+01 0.00000000e+00 1.00000000e+00 0.00000000e+00 -9.43561766e-01 9.11670417e-01 0.00000000e+00 4.10922196e-01 5.44436785e+00
3.1800056696e+01 4.26879326e-01 0.00000000e+00 -9.04308598e-01 1.47509871e+01 0.00000000e+00 1.00000000e+00 0.00000000e+00 -9.10662481e-01 9.04308598e-01 0.00000000e+00 4.26879326e-01 5.49271099e+00
3.1899977922e+01 4.60990807e-01 0.00000000e+00 -8.87404911e-01 1.44391743e+01 0.00000000e+00 1.00000000e+00 0.00000000e+00 -9.12063170e-01 8.87404911e-01 0.00000000e+00 4.60990807e-01 5.54704610e+00
3.1999987125e+01 4.76771311e-01 0.00000000e+00 -8.79027370e-01 1.41189513e+01 0.00000000e+00 1.00000000e+00 0.00000000e+00 -9.03763826e-01 8.79027370e-01 0.00000000e+00 4.76771311e-01 5.62253204e+00
3.2099939108e+01 5.03138451e-01 0.00000000e+00 -8.64205820e-01 1.37987366e+01 0.00000000e+00 1.00000000e+00 0.00000000e+00 -8.93964458e-01 8.64205820e-01 0.00000000e+00 5.03138451e-01 5.71618574e+00
3.2199951887e+01 5.61378055e-01 0.00000000e+00 -8.27559472e-01 1.35110165e+01 0.00000000e+00 1.00000000e+00 0.00000000e+00 -9.00065002e-01 8.27559472e-01 0.00000000e+00 5.61378055e-01 5.83243850e+00
3.2299969912e+01 5.56753905e-01 0.00000000e+00 -8.30677488e-01 1.32034201e+01 0.00000000e+00 1.00000000e+00 0.00000000e+00 -8.84965497e-01 8.30677488e-01 0.00000000e+00 5.56753905e-01 5.98797103e+00
3.2399983644e+01 5.92775580e-01 0.00000000e+00 -8.05367687e-01 1.28966088e+01 0.00000000e+00 1.00000000e+00 0.00000000e+00 -8.72166012e-01 8.05367687e-01 0.00000000e+00 5.92775580e-01 6.12138406e+00
3.2502183914e+01 6.37367811e-01 0.00000000e+00 -7.70559715e-01 1.25760143e+01 0.00000000e+00 1.00000000e+00 0.00000000e+00 -8.33766541e-01 7.70559715e-01 0.00000000e+00 6.37367811e-01 6.24893899e+00
3.2600078821e+01 6.61390157e-01 0.00000000e+00 -7.50042039e-01 1.22462956e+01 0.00000000e+00 1.00000000e+00 0.00000000e+00 -8.20267017e-01 7.50042039e-01 0.00000000e+00 6.61390157e-01 6.41667865e+00
3.2699937820e+01 6.79689942e-01 0.00000000e+00 -7.33499545e-01 1.19291163e+01 0.00000000e+00 1.00000000e+00 0.00000000e+00 -8.18767449e-01 7.33499545e-01 0.00000000e+00 6.79689942e-01 6.57906869e+00
3.2799985409e+01 6.77141275e-01 0.00000000e+00 -7.35853038e-01 1.15883254e+01 0.00000000e+00 1.00000000e+00 0.00000000e+00 -8.47567871e-01 7.35853038e-01 0.00000000e+00 6.77141275e-01 6.76812135e+00
3.2899942160e+01 7.03385766e-01 0.00000000e+00 -7.10808318e-01 1.12545105e+01 0.00000000e+00 1.00000000e+00 0.00000000e+00 -8.12668276e-01 7.10808318e-01 0.00000000e+00 7.03385766e-01 6.94376152e+00
3.2999978781e+01 7.27235647e-01 0.00000000e+00 -6.86387874e-01 1.09215818e+01 0.00000000e+00 1.00000000e+00 0.00000000e+00 -8.22068641e-01 6.86387874e-01 0.00000000e+00 7.27235647e-01 7.13001728e+00
3.3099936724e+01 7.12583702e-01 0.00000000e+00 -7.01587107e-01 1.05686627e+01 0.00000000e+00 1.00000000e+00 0.00000000e+00 -8.17868983e-01 7.01587107e-01 0.00000000e+00 7.12583702e-01 7.34290175e+00
3.3200000525e+01 7.36745069e-01 0.00000000e+00 -6.76170617e-01 1.02299906e+01 0.00000000e+00 1.00000000e+00 0.00000000e+00 -8.09869300e-01 6.76170617e-01 0.00000000e+00 7.36745069e-01 7.53700895e+00
3.3300010443e+01 7.26729579e-01 0.00000000e+00 -6.86923663e-01 9.85842067e+00 0.00000000e+00 1.00000000e+00 0.00000000e+00 -8.11869626e-01 6.86923663e-01 0.00000000e+00 7.26729579e-01 7.74412140e+00
3.3400016069e+01 7.44697298e-01 0.00000000e+00 -6.67402378e-01 9.50952826e+00 0.00000000e+00 1.00000000e+00 0.00000000e+00 -8.11469904e-01 6.67402378e-01 0.00000000e+00 7.44697298e-01 7.93734294e+00
3.3525130987e+01 9.99999198e-01 0.00000000e+00 -1.26670272e-03 9.24598304e+00 0.00000000e+00 1.00000000e+00 0.00000000e+00 -7.99370143e-01 1.26670272e-03 0.00000000e+00 9.99999198e-01 7.77288832e+00
3.3599937439e+01 7.44831527e-01 0.00000000e+00 -6.67252573e-01 8.80481724e+00 0.00000000e+00 1.00000000e+00 0.00000000e+00 -8.13870372e-01 6.67252573e-01 0.00000000e+00 7.44831527e-01 8.34405289e+00
3.3699951649e+01 7.38683941e-01 0.00000000e+00 -6.74051953e-01 8.43476339e+00 0.00000000e+00 1.00000000e+00 0.00000000e+00 -8.24170612e-01 6.74051953e-01 0.00000000e+00 7.38683941e-01 8.53089152e+00
3.3799904346e+01 7.31775735e-01 0.00000000e+00 -6.81545503e-01 8.05778538e+00 0.00000000e+00 1.00000000e+00 0.00000000e+00 -7.96970831e-01 6.81545503e-01 0.00000000e+00 7.31775735e-01 8.72071018e+00
3.3899910212e+01 7.16136449e-01 0.00000000e+00 -6.97960305e-01 7.66807816e+00 0.00000000e+00 1.00000000e+00 0.00000000e+00 -7.90371051e-01 6.97960305e-01 0.00000000e+00 7.16136449e-01 8.90237620e+00
3.3999918699e+01 7.06957019e-01 0.00000000e+00 -7.07256512e-01 7.28945933e+00 0.00000000e+00 1.00000000e+00 0.00000000e+00 -7.77671221e-01 7.07256512e-01 0.00000000e+00 7.06957019e-01 9.08840594e+00
3.4100006580e+01 6.93111383e-01 0.00000000e+00 -7.20830501e-01 6.90569488e+00 0.00000000e+00 1.00000000e+00 0.00000000e+00 -7.67271365e-01 7.20830501e-01 0.00000000e+00 6.93111383e-01 9.27924295e+00
3.4200479031e+01 6.91832498e-01 0.00000000e+00 -7.22058028e-01 6.53007650e+00 0.00000000e+00 1.00000000e+00 0.00000000e+00 -7.55471513e-01 7.22058028e-01 0.00000000e+00 6.91832498e-01 9.43948401e+00
3.4299952745e+01 6.75899513e-01 0.00000000e+00 -7.36993792e-01 6.14094242e+00 0.00000000e+00 1.00000000e+00 0.00000000e+00 -7.46371656e-01 7.36993792e-01 0.00000000e+00 6.75899513e-01 9.59752477e+00
3.4400167465e+01 6.61124697e-01 0.00000000e+00 -7.50276039e-01 5.75142909e+00 0.00000000e+00 1.00000000e+00 0.00000000e+00 -7.26371804e-01 7.50276039e-01 0.00000000e+00 6.61124697e-01 9.73281290e+00
3.4499959230e+01 6.52113713e-01 0.00000000e+00 -7.58121168e-01 5.37605252e+00 0.00000000e+00 1.00000000e+00 0.00000000e+00 -7.33571921e-01 7.58121168e-01 0.00000000e+00 6.52113713e-01 9.86327201e+00
3.4599993944e+01 6.33715210e-01 0.00000000e+00 -7.73566437e-01 4.97766915e+00 0.00000000e+00 1.00000000e+00 0.00000000e+00 -6.95272047e-01 7.73566437e-01 0.00000000e+00 6.33715210e-01 9.98625324e+00
3.4699943304e+01 6.06058347e-01 0.00000000e+00 -7.95420191e-01 4.57875797e+00 0.00000000e+00 1.00000000e+00 0.00000000e+00 -6.73072153e-01 7.95420191e-01 0.00000000e+00 6.06058347e-01 1.01061053e+01
3.4799932480e+01 5.90975988e-01 0.00000000e+00 -8.06689148e-01 4.19967178e+00 0.00000000e+00 1.00000000e+00 0.00000000e+00 -6.79772250e-01 8.06689148e-01 0.00000000e+00 5.90975988e-01 1.02039433e+01
3.4899940491e+01 5.88410657e-01 0.00000000e+00 -8.08562242e-01 3.82487529e+00 0.00000000e+00 1.00000000e+00 0.00000000e+00 -6.74172332e-01 8.08562242e-01 0.00000000e+00 5.88410657e-01 1.02913793e+01
3.4999938965e+01 5.69536872e-01 0.00000000e+00 -8.21965785e-01 3.42468147e+00 0.00000000e+00 1.00000000e+00 0.00000000e+00 -6.79872417e-01 8.21965785e-01 0.00000000e+00 5.69536872e-01 1.03749448e+01
3.5099952459e+01 5.48713741e-01 0.00000000e+00 -8.36010305e-01 3.02388015e+00 0.00000000e+00 1.00000000e+00 0.00000000e+00 -6.64472466e-01 8.36010305e-01 0.00000000e+00 5.48713741e-01 1.04661666e+01
3.5200022936e+01 5.33005483e-01 0.00000000e+00 -8.46111786e-01 2.62750791e+00 0.00000000e+00 1.00000000e+00 0.00000000e+00 -6.69372497e-01 8.46111786e-01 0.00000000e+00 5.33005483e-01 1.05489180e+01
3.5299953699e+01 5.21727673e-01 0.00000000e+00 -8.53112088e-01 2.22253701e+00 0.00000000e+00 1.00000000e+00 0.00000000e+00 -6.48272515e-01 8.53112088e-01 0.00000000e+00 5.21727673e-01 1.06256597e+01
3.5400159359e+01 5.05092193e-01 0.00000000e+00 -8.63065395e-01 1.80400610e+00 0.00000000e+00 1.00000000e+00 0.00000000e+00 -6.54772513e-01 8.63065395e-01 0.00000000e+00 5.05092193e-01 1.07020075e+01
3.5499948025e+01 4.77839309e-01 0.00000000e+00 -8.78447263e-01 1.36832083e+00 0.00000000e+00 1.00000000e+00 0.00000000e+00 -6.32472506e-01 8.78447263e-01 0.00000000e+00 4.77839309e-01 1.07699702e+01
3.5599970818e+01 4.51479678e-01 0.00000000e+00 -8.92281402e-01 9.31493466e-01 0.00000000e+00 1.00000000e+00 0.00000000e+00 -6.38672519e-01 8.92281402e-01 0.00000000e+00 4.51479678e-01 1.08060182e+01
3.5699969769e+01 4.33115502e-01 0.00000000e+00 -9.01338428e-01 4.87706642e-01 0.00000000e+00 1.00000000e+00 0.00000000e+00 -6.26672501e-01 9.01338428e-01 0.00000000e+00 4.33115502e-01 1.08408418e+01
3.5799932003e+01 4.19726520e-01 0.00000000e+00 -9.07650620e-01 4.16049922e-02 0.00000000e+00 1.00000000e+00 0.00000000e+00 -6.10572471e-01 9.07650620e-01 0.00000000e+00 4.19726520e-01 1.08630997e+01
3.5899936199e+01 3.87138067e-01 0.00000000e+00 -9.22021755e-01 -4.07278314e-01 0.00000000e+00 1.00000000e+00 0.00000000e+00 -6.12972433e-01 9.22021755e-01 0.00000000e+00 3.87138067e-01 1.08778711e+01
3.5999928474e+01 3.71041636e-01 0.00000000e+00 -9.28616231e-01 -8.41884602e-01 0.00000000e+00 1.00000000e+00 0.00000000e+00 -6.13772382e-01 9.28616231e-01 0.00000000e+00 3.71041636e-01 1.08782704e+01
3.6099967957e+01 3.34932103e-01 0.00000000e+00 -9.42242265e-01 -1.28932652e+00 0.00000000e+00 1.00000000e+00 0.00000000e+00 -6.04172336e-01 9.42242265e-01 0.00000000e+00 3.34932103e-01 1.08627255e+01
3.6199917316e+01 3.11797783e-01 0.00000000e+00 -9.50148484e-01 -1.72135795e+00 0.00000000e+00 1.00000000e+00 0.00000000e+00 -5.96472290e-01 9.50148484e-01 0.00000000e+00 3.11797783e-01 1.08255143e+01
3.6299941301e+01 2.70742854e-01 0.00000000e+00 -9.62651706e-01 -2.15930991e+00 0.00000000e+00 1.00000000e+00 0.00000000e+00 -6.13572225e-01 9.62651706e-01 0.00000000e+00 2.70742854e-01 1.07886068e+01
3.6399990320e+01 2.50988842e-01 0.00000000e+00 -9.67989980e-01 -2.58219945e+00 0.00000000e+00 1.00000000e+00 0.00000000e+00 -6.05872153e-01 9.67989980e-01 0.00000000e+00 2.50988842e-01 1.07340553e+01
3.6499980688e+01 2.14517266e-01 0.00000000e+00 -9.76720197e-01 -3.00129937e+00 0.00000000e+00 1.00000000e+00 0.00000000e+00 -5.93072095e-01 9.76720197e-01 0.00000000e+00 2.14517266e-01 1.06612584e+01
3.6599918127e+01 1.84493475e-01 0.00000000e+00 -9.82833739e-01 -3.41179855e+00 0.00000000e+00 1.00000000e+00 0.00000000e+00 -5.96372050e-01 9.82833739e-01 0.00000000e+00 1.84493475e-01 1.05625349e+01
3.6699929714e+01 1.31457664e-01 0.00000000e+00 -9.91321786e-01 -3.83517144e+00 0.00000000e+00 1.00000000e+00 0.00000000e+00 -5.77771992e-01 9.91321786e-01 0.00000000e+00 1.31457664e-01 1.04575711e+01
3.6799936295e+01 9.54810057e-02 0.00000000e+00 -9.95431252e-01 -4.24831928e+00 0.00000000e+00 1.00000000e+00 0.00000000e+00 -5.64371924e-01 9.95431252e-01 0.00000000e+00 9.54810057e-02 1.03395825e+01
3.6899943590e+01 5.39517613e-02 0.00000000e+00 -9.98543543e-01 -4.63352961e+00 0.00000000e+00 1.00000000e+00 0.00000000e+00 -5.68271869e-01 9.98543543e-01 0.00000000e+00 5.39517613e-02 1.02108160e+01
3.6999917030e+01 6.30835523e-03 0.00000000e+00 -9.99980102e-01 -5.01032854e+00 0.00000000e+00 1.00000000e+00 0.00000000e+00 -5.85071866e-01 9.99980102e-01 0.00000000e+00 6.30835523e-03 1.00359274e+01
3.7099963188e+01 -4.10739175e-02 0.00000000e+00 -9.99156111e-01 -5.37905183e+00 0.00000000e+00 1.00000000e+00 0.00000000e+00 -5.85471866e-01 9.99156111e-01 0.00000000e+00 -4.10739175e-02 9.84674489e+00
3.7199968338e+01 -8.22683689e-02 0.00000000e+00 -9.96610212e-01 -5.73581461e+00 0.00000000e+00 1.00000000e+00 0.00000000e+00 -5.77671866e-01 9.96610212e-01 0.00000000e+00 -8.22683689e-02 9.64467265e+00
3.7300016403e+01 -1.39322331e-01 0.00000000e+00 -9.90247084e-01 -6.09483875e+00 0.00000000e+00 1.00000000e+00 0.00000000e+00 -5.79571872e-01 9.90247084e-01 0.00000000e+00 -1.39322331e-01 9.42441039e+00
3.7400138855e+01 -1.86789265e-01 0.00000000e+00 -9.82400005e-01 -6.42360145e+00 0.00000000e+00 1.00000000e+00 0.00000000e+00 -5.82971894e-01 9.82400005e-01 0.00000000e+00 -1.86789265e-01 9.19078456e+00
3.7525287867e+01 -2.51804934e-01 0.00000000e+00 -9.67778009e-01 -6.74204580e+00 0.00000000e+00 1.00000000e+00 0.00000000e+00 -5.83471956e-01 9.67778009e-01 0.00000000e+00 -2.51804934e-01 8.92327631e+00
3.7600043774e+01 -3.06476258e-01 0.00000000e+00 -9.51878303e-01 -7.02919015e+00 0.00000000e+00 1.00000000e+00 0.00000000e+00 -6.32472030e-01 9.51878303e-01 0.00000000e+00 -3.06476258e-01 8.64848592e+00
3.7700052261e+01 -3.72273004e-01 0.00000000e+00 -9.28123273e-01 -7.31023534e+00 0.00000000e+00 1.00000000e+00 0.00000000e+00 -6.13372122e-01 9.28123273e-01 0.00000000e+00 -3.72273004e-01 8.34962997e+00
3.7800045490e+01 -4.33230836e-01 0.00000000e+00 -9.01282998e-01 -7.54934064e+00 0.00000000e+00 1.00000000e+00 0.00000000e+00 -6.06472266e-01 9.01282998e-01 0.00000000e+00 -4.33230836e-01 8.02572242e+00
3.7900197983e+01 -4.87574222e-01 0.00000000e+00 -8.73081542e-01 -7.77617483e+00 0.00000000e+00 1.00000000e+00 0.00000000e+00 -6.20772405e-01 8.73081542e-01 0.00000000e+00 -4.87574222e-01 7.69213489e+00
3.8000179052e+01 -5.35233196e-01 0.00000000e+00 -8.44704342e-01 -7.97661769e+00 0.00000000e+00 1.00000000e+00 0.00000000e+00 -6.10272558e-01 8.44704342e-01 0.00000000e+00 -5.35233196e-01 7.35271904e+00
3.8099993229e+01 -5.92179715e-01 0.00000000e+00 -8.05805922e-01 -8.14836508e+00 0.00000000e+00 1.00000000e+00 0.00000000e+00 -6.17672739e-01 8.05805922e-01 0.00000000e+00 -5.92179715e-01 7.00102842e+00
3.8200021267e+01 -6.54054157e-01 0.00000000e+00 -7.56447724e-01 -8.28512724e+00 0.00000000e+00 1.00000000e+00 0.00000000e+00 -6.24672961e-01 7.56447724e-01 0.00000000e+00 -6.54054157e-01 6.62842872e+00
3.8300002813e+01 -7.05811679e-01 0.00000000e+00 -7.08399515e-01 -8.38948907e+00 0.00000000e+00 1.00000000e+00 0.00000000e+00 -6.29273203e-01 7.08399515e-01 0.00000000e+00 -7.05811679e-01 6.25178349e+00
3.8400072575e+01 -7.54348979e-01 0.00000000e+00 -6.56473623e-01 -8.46175834e+00 0.00000000e+00 1.00000000e+00 0.00000000e+00 -6.30873454e-01 6.56473623e-01 0.00000000e+00 -7.54348979e-01 5.88291871e+00
3.8499960899e+01 -8.05635540e-01 0.00000000e+00 -5.92411493e-01 -8.51539241e+00 0.00000000e+00 1.00000000e+00 0.00000000e+00 -6.38173715e-01 5.92411493e-01 0.00000000e+00 -8.05635540e-01 5.50367094e+00
3.8599950790e+01 -8.51097946e-01 0.00000000e+00 -5.25006940e-01 -8.55737557e+00 0.00000000e+00 1.00000000e+00 0.00000000e+00 -6.62973964e-01 5.25006940e-01 0.00000000e+00 -8.51097946e-01 5.12890311e+00
3.8699979782e+01 -8.86349690e-01 0.00000000e+00 -4.63016444e-01 -8.54656010e+00 0.00000000e+00 1.00000000e+00 0.00000000e+00 -6.73874249e-01 4.63016444e-01 0.00000000e+00 -8.86349690e-01 4.76386238e+00
3.8799971581e+01 -9.21505170e-01 0.00000000e+00 -3.88366093e-01 -8.50767889e+00 0.00000000e+00 1.00000000e+00 0.00000000e+00 -6.73074550e-01 3.88366093e-01 0.00000000e+00 -9.21505170e-01 4.39842197e+00
3.8900069714e+01 -9.47581617e-01 0.00000000e+00 -3.19513817e-01 -8.44690875e+00 0.00000000e+00 1.00000000e+00 0.00000000e+00 -6.84574846e-01 3.19513817e-01 0.00000000e+00 -9.47581617e-01 4.04860736e+00
3.8999983311e+01 -9.66668036e-01 0.00000000e+00 -2.56033022e-01 -8.34148937e+00 0.00000000e+00 1.00000000e+00 0.00000000e+00 -6.99075166e-01 2.56033022e-01 0.00000000e+00 -9.66668036e-01 3.71729165e+00
3.9099938869e+01 -9.84049300e-01 0.00000000e+00 -1.77895967e-01 -8.22663280e+00 0.00000000e+00 1.00000000e+00 0.00000000e+00 -7.03875475e-01 1.77895967e-01 0.00000000e+00 -9.84049300e-01 3.39230447e+00
3.9200005770e+01 -9.96299522e-01 0.00000000e+00 -8.59491879e-02 -8.08896146e+00 0.00000000e+00 1.00000000e+00 0.00000000e+00 -7.19175792e-01 8.59491879e-02 0.00000000e+00 -9.96299522e-01 3.06363498e+00
3.9299941301e+01 -9.99901325e-01 0.00000000e+00 -1.40477655e-02 -7.93947748e+00 0.00000000e+00 1.00000000e+00 0.00000000e+00 -7.42176085e-01 1.40477655e-02 0.00000000e+00 -9.99901325e-01 2.77731249e+00
3.9400061846e+01 -9.99070506e-01 0.00000000e+00 4.31059660e-02 -7.75867503e+00 0.00000000e+00 1.00000000e+00 0.00000000e+00 -7.17376395e-01 -4.31059660e-02 0.00000000e+00 -9.99070506e-01 2.50649691e+00
3.9499976635e+01 -9.93405962e-01 0.00000000e+00 1.14649874e-01 -7.56492198e+00 0.00000000e+00 1.00000000e+00 0.00000000e+00 -7.20376695e-01 -1.14649874e-01 0.00000000e+00 -9.93405962e-01 2.24777033e+00
3.9599959612e+01 -9.85801118e-01 0.00000000e+00 1.67917110e-01 -7.36066853e+00 0.00000000e+00 1.00000000e+00 0.00000000e+00 -7.53876984e-01 -1.67917110e-01 0.00000000e+00 -9.85801118e-01 2.02479217e+00
3.9699912071e+01 -9.68463656e-01 0.00000000e+00 2.49154867e-01 -7.12742541e+00 0.00000000e+00 1.00000000e+00 0.00000000e+00 -7.78177284e-01 -2.49154867e-01 0.00000000e+00 -9.68463656e-01 1.78690976e+00
3.9800110340e+01 -9.44257273e-01 0.00000000e+00 3.29208449e-01 -6.88412978e+00 0.00000000e+00 1.00000000e+00 0.00000000e+00 -7.93877573e-01 -3.29208449e-01 0.00000000e+00 -9.44257273e-01 1.57017547e+00
3.9900005102e+01 -9.25986805e-01 0.00000000e+00 3.77555873e-01 -6.62872856e+00 0.00000000e+00 1.00000000e+00 0.00000000e+00 -7.99177859e-01 -3.77555873e-01 0.00000000e+00 -9.25986805e-01 1.38101093e+00
3.9999990702e+01 -8.93217919e-01 0.00000000e+00 4.49624010e-01 -6.35158937e+00 0.00000000e+00 1.00000000e+00 0.00000000e+00 -8.04678141e-01 -4.49624010e-01 0.00000000e+00 -8.93217919e-01 1.19444767e+00
4.0100005150e+01 -8.69947160e-01 0.00000000e+00 4.93144948e-01 -6.08078882e+00 0.00000000e+00 1.00000000e+00 0.00000000e+00 -8.11078400e-01 -4.93144948e-01 0.00000000e+00 -8.69947160e-01 1.05135464e+00
4.0200037718e+01 -8.21430094e-01 0.00000000e+00 5.70309215e-01 -5.78031658e+00 0.00000000e+00 1.00000000e+00 0.00000000e+00 -8.19978662e-01 -5.70309215e-01 0.00000000e+00 -8.21430094e-01 8.96020076e-01
4.0299983978e+01 -8.00250607e-01 0.00000000e+00 5.99665712e-01 -5.48576766e+00 0.00000000e+00 1.00000000e+00 0.00000000e+00 -8.42278909e-01 -5.99665712e-01 0.00000000e+00 -8.00250607e-01 7.90355939e-01
4.0400049686e+01 -7.49358760e-01 0.00000000e+00 6.62164216e-01 -5.17289136e+00 0.00000000e+00 1.00000000e+00 0.00000000e+00 -8.52879143e-01 -6.62164216e-01 0.00000000e+00 -7.49358760e-01 6.78040637e-01
4.0500103712e+01 -6.95149031e-01 0.00000000e+00 7.18865651e-01 -4.84509085e+00 0.00000000e+00 1.00000000e+00 0.00000000e+00 -8.60479371e-01 -7.18865651e-01 0.00000000e+00 -6.95149031e-01 5.90908103e-01
4.0599941492e+01 -6.54981962e-01 0.00000000e+00 7.55644513e-01 -4.50490649e+00 0.00000000e+00 1.00000000e+00 0.00000000e+00 -8.24679597e-01 -7.55644513e-01 0.00000000e+00 -6.54981962e-01 4.96103800e-01
4.0699995279e+01 -5.86946982e-01 0.00000000e+00 8.09625370e-01 -4.13264220e+00 0.00000000e+00 1.00000000e+00 0.00000000e+00 -8.08779813e-01 -8.09625370e-01 0.00000000e+00 -5.86946982e-01 4.22435718e-01
4.0799948454e+01 -5.51360146e-01 0.00000000e+00 8.34267337e-01 -3.80909545e+00 0.00000000e+00 1.00000000e+00 0.00000000e+00 -8.15679988e-01 -8.34267337e-01 0.00000000e+00 -5.51360146e-01 3.96740675e-01
4.0899915457e+01 -4.99731316e-01 0.00000000e+00 8.66180473e-01 -3.46532254e+00 0.00000000e+00 1.00000000e+00 0.00000000e+00 -8.34280152e-01 -8.66180473e-01 0.00000000e+00 -4.99731316e-01 3.94292249e-01
4.0999935389e+01 -4.51916460e-01 0.00000000e+00 8.92060263e-01 -3.11975160e+00 0.00000000e+00 1.00000000e+00 0.00000000e+00 -8.48580302e-01 -8.92060263e-01 0.00000000e+00 -4.51916460e-01 3.98327881e-01
4.1100000620e+01 -3.91486815e-01 0.00000000e+00 9.20183718e-01 -2.75907204e+00 0.00000000e+00 1.00000000e+00 0.00000000e+00 -8.41180434e-01 -9.20183718e-01 0.00000000e+00 -3.91486815e-01 3.99598484e-01
4.1199985266e+01 -3.44566192e-01 0.00000000e+00 9.38762025e-01 -2.40879322e+00 0.00000000e+00 1.00000000e+00 0.00000000e+00 -8.34280547e-01 -9.38762025e-01 0.00000000e+00 -3.44566192e-01 4.51337660e-01
4.1299941778e+01 -2.94757218e-01 0.00000000e+00 9.55572175e-01 -2.05390618e+00 0.00000000e+00 1.00000000e+00 0.00000000e+00 -8.40080643e-01 -9.55572175e-01 0.00000000e+00 -2.94757218e-01 4.76318345e-01
4.1399969816e+01 -2.47024081e-01 0.00000000e+00 9.69009341e-01 -1.69725533e+00 0.00000000e+00 1.00000000e+00 0.00000000e+00 -8.44780720e-01 -9.69009341e-01 0.00000000e+00 -2.47024081e-01 5.39952459e-01
4.1499945164e+01 -2.10806494e-01 0.00000000e+00 9.77527812e-01 -1.35644265e+00 0.00000000e+00 1.00000000e+00 0.00000000e+00 -7.99380779e-01 -9.77527812e-01 0.00000000e+00 -2.10806494e-01 5.82577723e-01
4.1615302801e+01 -1.78543994e-01 0.00000000e+00 9.83931930e-01 -1.00934032e+00 0.00000000e+00 1.00000000e+00 0.00000000e+00 -8.04680812e-01 -9.83931930e-01 0.00000000e+00 -1.78543994e-01 6.82546295e-01
4.1699931622e+01 -1.17504244e-01 0.00000000e+00 9.93072380e-01 -6.38102656e-01 0.00000000e+00 1.00000000e+00 0.00000000e+00 -7.88080825e-01 -9.93072380e-01 0.00000000e+00 -1.17504244e-01 7.89238075e-01
4.1799937725e+01 -1.00084301e-01 0.00000000e+00 9.94978961e-01 -3.20341420e-01 0.00000000e+00 1.00000000e+00 0.00000000e+00 -8.12680809e-01 -9.94978961e-01 0.00000000e+00 -1.00084301e-01 9.47111481e-01
4.1899943352e+01 -4.28516464e-02 0.00000000e+00 9.99081446e-01 3.95822530e-02 0.00000000e+00 1.00000000e+00 0.00000000e+00 -8.15980776e-01 -9.99081446e-01 0.00000000e+00 -4.28516464e-02 1.07390069e+00
4.1999938011e+01 1.80090206e-02 0.00000000e+00 9.99837824e-01 3.85694192e-01 0.00000000e+00 1.00000000e+00 0.00000000e+00 -7.94980719e-01 -9.99837824e-01 0.00000000e+00 1.80090206e-02 1.23404630e+00
4.2099962950e+01 4.33541567e-02 0.00000000e+00 9.99059767e-01 7.14549779e-01 0.00000000e+00 1.00000000e+00 0.00000000e+00 -7.84780642e-01 -9.99059767e-01 0.00000000e+00 4.33541567e-02 1.39357797e+00
4.2200024128e+01 9.08315827e-02 0.00000000e+00 9.95866268e-01 1.03038041e+00 0.00000000e+00 1.00000000e+00 0.00000000e+00 -7.82280537e-01 -9.95866268e-01 0.00000000e+00 9.08315827e-02 1.59066719e+00
4.2299964905e+01 1.26963361e-01 0.00000000e+00 9.91907408e-01 1.32594575e+00 0.00000000e+00 1.00000000e+00 0.00000000e+00 -7.95380416e-01 -9.91907408e-01 0.00000000e+00 1.26963361e-01 1.79092409e+00
4.2400035858e+01 1.57736337e-01 0.00000000e+00 9.87481265e-01 1.61731727e+00 0.00000000e+00 1.00000000e+00 0.00000000e+00 -7.95880276e-01 -9.87481265e-01 0.00000000e+00 1.57736337e-01 1.99083994e+00
4.2501325369e+01 1.88731110e-01 0.00000000e+00 9.82028802e-01 1.90351995e+00 0.00000000e+00 1.00000000e+00 0.00000000e+00 -7.88580112e-01 -9.82028802e-01 0.00000000e+00 1.88731110e-01 2.20413046e+00
4.2600007534e+01 2.27806039e-01 0.00000000e+00 9.73706531e-01 2.18361723e+00 0.00000000e+00 1.00000000e+00 0.00000000e+00 -8.22279920e-01 -9.73706531e-01 0.00000000e+00 2.27806039e-01 2.45566792e+00
4.2699987650e+01 2.52549530e-01 0.00000000e+00 9.67583968e-01 2.45950180e+00 0.00000000e+00 1.00000000e+00 0.00000000e+00 -8.11579719e-01 -9.67583968e-01 0.00000000e+00 2.52549530e-01 2.67279545e+00
4.2799926996e+01 2.91935507e-01 0.00000000e+00 9.56438006e-01 2.73531849e+00 0.00000000e+00 1.00000000e+00 0.00000000e+00 -8.41379492e-01 -9.56438006e-01 0.00000000e+00 2.91935507e-01 2.91647833e+00
4.2899945259e+01 3.10188894e-01 0.00000000e+00 9.50674945e-01 2.99802788e+00 0.00000000e+00 1.00000000e+00 0.00000000e+00 -8.38679249e-01 -9.50674945e-01 0.00000000e+00 3.10188894e-01 3.15655598e+00
4.2999935150e+01 3.40168746e-01 0.00000000e+00 9.40364410e-01 3.27014258e+00 0.00000000e+00 1.00000000e+00 0.00000000e+00 -8.46778976e-01 -9.40364410e-01 0.00000000e+00 3.40168746e-01 3.41137998e+00
4.3099956751e+01 3.60809062e-01 0.00000000e+00 9.32639706e-01 3.54907753e+00 0.00000000e+00 1.00000000e+00 0.00000000e+00 -8.33978681e-01 -9.32639706e-01 0.00000000e+00 3.60809062e-01 3.65838029e+00
4.3200017214e+01 3.73996620e-01 0.00000000e+00 9.27430067e-01 3.82238396e+00 0.00000000e+00 1.00000000e+00 0.00000000e+00 -8.49578362e-01 -9.27430067e-01 0.00000000e+00 3.73996620e-01 3.91030803e+00
4.3300020456e+01 3.80715913e-01 0.00000000e+00 9.24692053e-01 4.07791932e+00 0.00000000e+00 1.00000000e+00 0.00000000e+00 -8.49378030e-01 -9.24692053e-01 0.00000000e+00 3.80715913e-01 4.16355788e+00
4.3400624275e+01 3.93184799e-01 0.00000000e+00 9.19459468e-01 4.34507719e+00 0.00000000e+00 1.00000000e+00 0.00000000e+00 -8.61377671e-01 -9.19459468e-01 0.00000000e+00 3.93184799e-01 4.41799539e+00
4.3500162363e+01 3.86088290e-01 0.00000000e+00 9.22461833e-01 4.61275037e+00 0.00000000e+00 1.00000000e+00 0.00000000e+00 -8.53277269e-01 -9.22461833e-01 0.00000000e+00 3.86088290e-01 4.68862692e+00
4.3599985838e+01 3.84885528e-01 0.00000000e+00 9.22964317e-01 4.91751898e+00 0.00000000e+00 1.00000000e+00 0.00000000e+00 -8.22176838e-01 -9.22964317e-01 0.00000000e+00 3.84885528e-01 4.93764905e+00
4.3699931860e+01 3.91586323e-01 0.00000000e+00 9.20141376e-01 5.21052534e+00 0.00000000e+00 1.00000000e+00 0.00000000e+00 -8.09076398e-01 -9.20141376e-01 0.00000000e+00 3.91586323e-01 5.18453357e+00
4.3799967289e+01 3.84382447e-01 0.00000000e+00 9.23173946e-01 5.50087287e+00 0.00000000e+00 1.00000000e+00 0.00000000e+00 -8.16575915e-01 -9.23173946e-01 0.00000000e+00 3.84382447e-01 5.44287956e+00
4.3899924517e+01 3.71343226e-01 0.00000000e+00 9.28495669e-01 5.78539261e+00 0.00000000e+00 1.00000000e+00 0.00000000e+00 -8.17275406e-01 -9.28495669e-01 0.00000000e+00 3.71343226e-01 5.70918883e+00
4.3999986172e+01 3.65285306e-01 0.00000000e+00 9.30895615e-01 6.09199566e+00 0.00000000e+00 1.00000000e+00 0.00000000e+00 -8.20374871e-01 -9.30895615e-01 0.00000000e+00 3.65285306e-01 5.95812468e+00
4.4099950075e+01 3.49154884e-01 0.00000000e+00 9.37065028e-01 6.39152457e+00 0.00000000e+00 1.00000000e+00 0.00000000e+00 -8.23974324e-01 -9.37065028e-01 0.00000000e+00 3.49154884e-01 6.19655881e+00
4.4199971914e+01 3.35866546e-01 0.00000000e+00 9.41909583e-01 6.70302684e+00 0.00000000e+00 1.00000000e+00 0.00000000e+00 -8.23273728e-01 -9.41909583e-01 0.00000000e+00 3.35866546e-01 6.44719734e+00
4.4299956560e+01 3.26573947e-01 0.00000000e+00 9.45171655e-01 7.01634682e+00 0.00000000e+00 1.00000000e+00 0.00000000e+00 -8.21473128e-01 -9.45171655e-01 0.00000000e+00 3.26573947e-01 6.68114939e+00
4.4399970055e+01 3.04866987e-01 0.00000000e+00 9.52394939e-01 7.32959687e+00 0.00000000e+00 1.00000000e+00 0.00000000e+00 -8.11072508e-01 -9.52394939e-01 0.00000000e+00 3.04866987e-01 6.90081672e+00
4.4499958038e+01 2.88702444e-01 0.00000000e+00 9.57418873e-01 7.65219292e+00 0.00000000e+00 1.00000000e+00 0.00000000e+00 -7.96671864e-01 -9.57418873e-01 0.00000000e+00 2.88702444e-01 7.11558123e+00
4.4599974632e+01 2.84348247e-01 0.00000000e+00 9.58721062e-01 7.97581800e+00 0.00000000e+00 1.00000000e+00 0.00000000e+00 -7.97971193e-01 -9.58721062e-01 0.00000000e+00 2.84348247e-01 7.33953539e+00
4.4699944735e+01 2.76720527e-01 0.00000000e+00 9.60950441e-01 8.28753877e+00 0.00000000e+00 1.00000000e+00 0.00000000e+00 -8.07170503e-01 -9.60950441e-01 0.00000000e+00 2.76720527e-01 7.56892404e+00
4.4799951553e+01 2.67391757e-01 0.00000000e+00 9.63587904e-01 8.59814468e+00 0.00000000e+00 1.00000000e+00 0.00000000e+00 -8.06269793e-01 -9.63587904e-01 0.00000000e+00 2.67391757e-01 7.79479879e+00
4.4899962425e+01 2.48746479e-01 0.00000000e+00 9.68568629e-01 8.90327233e+00 0.00000000e+00 1.00000000e+00 0.00000000e+00 -8.00469104e-01 -9.68568629e-01 0.00000000e+00 2.48746479e-01 7.98789665e+00
4.4999976635e+01 2.43140929e-01 0.00000000e+00 9.69990974e-01 9.22871061e+00 0.00000000e+00 1.00000000e+00 0.00000000e+00 -7.82568369e-01 -9.69990974e-01 0.00000000e+00 2.43140929e-01 8.18425424e+00
4.5099933147e+01 2.18296593e-01 0.00000000e+00 9.75882471e-01 9.53566098e+00 0.00000000e+00 1.00000000e+00 0.00000000e+00 -7.85267637e-01 -9.75882471e-01 0.00000000e+00 2.18296593e-01 8.37138529e+00
4.5199939966e+01 2.03097411e-01 0.00000000e+00 9.79158537e-01 9.83887111e+00 0.00000000e+00 1.00000000e+00 0.00000000e+00 -7.73166900e-01 -9.79158537e-01 0.00000000e+00 2.03097411e-01 8.55578883e+00
4.5299942732e+01 2.05025389e-01 0.00000000e+00 9.78756655e-01 1.01609488e+01 0.00000000e+00 1.00000000e+00 0.00000000e+00 -7.94666111e-01 -9.78756655e-01 0.00000000e+00 2.05025389e-01 8.75222539e+00
4.5399953604e+01 1.87188267e-01 0.00000000e+00 9.82324057e-01 1.04654020e+01 0.00000000e+00 1.00000000e+00 0.00000000e+00 -7.85865375e-01 -9.82324057e-01 0.00000000e+00 1.87188267e-01 8.90489076e+00
4.5506624937e+01 1.73000089e-01 0.00000000e+00 9.84921809e-01 1.07660307e+01 0.00000000e+00 1.00000000e+00 0.00000000e+00 -7.68864630e-01 -9.84921809e-01 0.00000000e+00 1.73000089e-01 9.05946425e+00
4.5599949121e+01 1.59046704e-01 0.00000000e+00 9.87271060e-01 1.10655245e+01 0.00000000e+00 1.00000000e+00 0.00000000e+00 -7.47763874e-01 -9.87271060e-01 0.00000000e+00 1.59046704e-01 9.20836574e+00
4.5699944496e+01 1.41476596e-01 0.00000000e+00 9.89941601e-01 1.13716452e+01 0.00000000e+00 1.00000000e+00 0.00000000e+00 -7.53763077e-01 -9.89941601e-01 0.00000000e+00 1.41476596e-01 9.36335328e+00
4.5800031900e+01 1.20658815e-01 0.00000000e+00 9.92694037e-01 1.16859518e+01 0.00000000e+00 1.00000000e+00 0.00000000e+00 -7.51562276e-01 -9.92694037e-01 0.00000000e+00 1.20658815e-01 9.49528997e+00
4.5899941921e+01 9.49442907e-02 0.00000000e+00 9.95482587e-01 1.19729696e+01 0.00000000e+00 1.00000000e+00 0.00000000e+00 -7.70361539e-01 -9.95482587e-01 0.00000000e+00 9.49442907e-02 9.60621403e+00
4.5999939442e+01 9.09458042e-02 0.00000000e+00 9.95855843e-01 1.22956343e+01 0.00000000e+00 1.00000000e+00 0.00000000e+00 -7.55960711e-01 -9.95855843e-01 0.00000000e+00 9.09458042e-02 9.73296181e+00
4.6099943638e+01 7.52940075e-02 0.00000000e+00 9.97161377e-01 1.25975122e+01 0.00000000e+00 1.00000000e+00 0.00000000e+00 -7.46059910e-01 -9.97161377e-01 0.00000000e+00 7.52940075e-02 9.85134420e+00
4.6200208902e+01 5.94265179e-02 0.00000000e+00 9.98232683e-01 1.28971123e+01 0.00000000e+00 1.00000000e+00 0.00000000e+00 -7.67959115e-01 -9.98232683e-01 0.00000000e+00 5.94265179e-02 9.95735517e+00
4.6299987078e+01 1.12873055e-02 0.00000000e+00 9.99936296e-01 1.31802859e+01 0.00000000e+00 1.00000000e+00 0.00000000e+00 -7.59658335e-01 -9.99936296e-01 0.00000000e+00 1.12873055e-02 1.00457415e+01
4.6399990082e+01 2.63269812e-02 0.00000000e+00 9.99653385e-01 1.35020665e+01 0.00000000e+00 1.00000000e+00 0.00000000e+00 -7.57457521e-01 -9.99653385e-01 0.00000000e+00 2.63269812e-02 1.01337521e+01
4.6531446695e+01 -3.97600178e-03 0.00000000e+00 9.99992096e-01 1.38038646e+01 0.00000000e+00 1.00000000e+00 0.00000000e+00 -7.99656718e-01 -9.99992096e-01 0.00000000e+00 -3.97600178e-03 1.02049004e+01
4.6599946022e+01 -3.29107383e-02 0.00000000e+00 9.99458295e-01 1.40903748e+01 0.00000000e+00 1.00000000e+00 0.00000000e+00 -8.10055921e-01 -9.99458295e-01 0.00000000e+00 -3.29107383e-02 1.02835424e+01
4.6699971676e+01 -5.85241690e-02 0.00000000e+00 9.98285992e-01 1.43841669e+01 0.00000000e+00 1.00000000e+00 0.00000000e+00 -8.24355116e-01 -9.98285992e-01 0.00000000e+00 -5.85241690e-02 1.03500658e+01
4.6799968004e+01 -8.75220589e-02 0.00000000e+00 9.96162582e-01 1.46658223e+01 0.00000000e+00 1.00000000e+00 0.00000000e+00 -8.27354363e-01 -9.96162582e-01 0.00000000e+00 -8.75220589e-02 1.03923919e+01
4.6899957418e+01 -1.30079627e-01 0.00000000e+00 9.91503550e-01 1.49422226e+01 0.00000000e+00 1.00000000e+00 0.00000000e+00 -8.07453631e-01 -9.91503550e-01 0.00000000e+00 -1.30079627e-01 1.04133864e+01
4.6999954224e+01 -1.64127582e-01 0.00000000e+00 9.86439120e-01 1.52169305e+01 0.00000000e+00 1.00000000e+00 0.00000000e+00 -8.28652922e-01 -9.86439120e-01 0.00000000e+00 -1.64127582e-01 1.04235946e+01
4.7099957228e+01 -1.89856916e-01 0.00000000e+00 9.81811770e-01 1.55037781e+01 0.00000000e+00 1.00000000e+00 0.00000000e+00 -8.03152181e-01 -9.81811770e-01 0.00000000e+00 -1.89856916e-01 1.04302053e+01
4.7199954987e+01 -2.21055241e-01 0.00000000e+00 9.75261288e-01 1.57691719e+01 0.00000000e+00 1.00000000e+00 0.00000000e+00 -8.20451469e-01 -9.75261288e-01 0.00000000e+00 -2.21055241e-01 1.04411109e+01
4.7299956322e+01 -2.64671645e-01 0.00000000e+00 9.64338592e-01 1.60282273e+01 0.00000000e+00 1.00000000e+00 0.00000000e+00 -8.34550769e-01 -9.64338592e-01 0.00000000e+00 -2.64671645e-01 1.04413295e+01
4.7399971962e+01 -3.01851119e-01 0.00000000e+00 9.53355077e-01 1.62932858e+01 0.00000000e+00 1.00000000e+00 0.00000000e+00 -8.37950085e-01 -9.53355077e-01 0.00000000e+00 -3.01851119e-01 1.04217406e+01
4.7499960423e+01 -3.22519681e-01 0.00000000e+00 9.46562758e-01 1.65500198e+01 0.00000000e+00 1.00000000e+00 0.00000000e+00 -8.27449483e-01 -9.46562758e-01 0.00000000e+00 -3.22519681e-01 1.03674115e+01
4.7599954844e+01 -3.87766999e-01 0.00000000e+00 9.21757427e-01 1.67753031e+01 0.00000000e+00 1.00000000e+00 0.00000000e+00 -8.26548919e-01 -9.21757427e-01 0.00000000e+00 -3.87766999e-01 1.03123405e+01
4.7699955702e+01 -4.36860619e-01 0.00000000e+00 8.99529210e-01 1.70074966e+01 0.00000000e+00 1.00000000e+00 0.00000000e+00 -8.41648346e-01 -8.99529210e-01 0.00000000e+00 -4.36860619e-01 1.02549369e+01
4.7799946070e+01 -4.69538164e-01 0.00000000e+00 8.82912177e-01 1.72341724e+01 0.00000000e+00 1.00000000e+00 0.00000000e+00 -8.42847846e-01 -8.82912177e-01 0.00000000e+00 -4.69538164e-01 1.01650040e+01
4.7899947405e+01 -5.05806403e-01 0.00000000e+00 8.62647021e-01 1.74486374e+01 0.00000000e+00 1.00000000e+00 0.00000000e+00 -8.50347357e-01 -8.62647021e-01 0.00000000e+00 -5.05806403e-01 1.00841054e+01
4.7999946356e+01 -5.55694279e-01 0.00000000e+00 8.31386714e-01 1.76521361e+01 0.00000000e+00 1.00000000e+00 0.00000000e+00 -8.59346924e-01 -8.31386714e-01 0.00000000e+00 -5.55694279e-01 9.97628493e+00
4.8099943161e+01 -5.97021397e-01 0.00000000e+00 8.02225312e-01 1.78425165e+01 0.00000000e+00 1.00000000e+00 0.00000000e+00 -8.55446529e-01 -8.02225312e-01 0.00000000e+00 -5.97021397e-01 9.86755742e+00
4.8199956894e+01 -6.37522092e-01 0.00000000e+00 7.70432075e-01 1.80144062e+01 0.00000000e+00 1.00000000e+00 0.00000000e+00 -8.55746204e-01 -7.70432075e-01 0.00000000e+00 -6.37522092e-01 9.74582137e+00
4.8299948692e+01 -6.87979873e-01 0.00000000e+00 7.25729767e-01 1.81679890e+01 0.00000000e+00 1.00000000e+00 0.00000000e+00 -8.72745913e-01 -7.25729767e-01 0.00000000e+00 -6.87979873e-01 9.63112762e+00
4.8399997711e+01 -7.22001148e-01 0.00000000e+00 6.91891857e-01 1.83119318e+01 0.00000000e+00 1.00000000e+00 0.00000000e+00 -9.10645691e-01 -6.91891857e-01 0.00000000e+00 -7.22001148e-01 9.49167752e+00
4.8499972582e+01 -7.55059543e-01 0.00000000e+00 6.55656226e-01 1.84492479e+01 0.00000000e+00 1.00000000e+00 0.00000000e+00 -9.02145503e-01 -6.55656226e-01 0.00000000e+00 -7.55059543e-01 9.34127297e+00
4.8599957705e+01 -7.96122936e-01 0.00000000e+00 6.05134919e-01 1.85630273e+01 0.00000000e+00 1.00000000e+00 0.00000000e+00 -9.02645362e-01 -6.05134919e-01 0.00000000e+00 -7.96122936e-01 9.20142282e+00
4.8699943066e+01 -8.31432866e-01 0.00000000e+00 5.55625224e-01 1.86747692e+01 0.00000000e+00 1.00000000e+00 0.00000000e+00 -9.00845255e-01 -5.55625224e-01 0.00000000e+00 -8.31432866e-01 9.04453949e+00
4.8799956560e+01 -8.62377345e-01 0.00000000e+00 5.06266052e-01 1.87741738e+01 0.00000000e+00 1.00000000e+00 0.00000000e+00 -9.03645166e-01 -5.06266052e-01 0.00000000e+00 -8.62377345e-01 8.89874795e+00
4.8899952412e+01 -8.94646261e-01 0.00000000e+00 4.46775187e-01 1.88603655e+01 0.00000000e+00 1.00000000e+00 0.00000000e+00 -9.07845127e-01 -4.46775187e-01 0.00000000e+00 -8.94646261e-01 8.74776278e+00
4.8999949694e+01 -9.11080377e-01 0.00000000e+00 4.12228755e-01 1.89381162e+01 0.00000000e+00 1.00000000e+00 0.00000000e+00 -9.14445134e-01 -4.12228755e-01 0.00000000e+00 -9.11080377e-01 8.57756330e+00
4.9099911690e+01 -9.33956026e-01 0.00000000e+00 3.57387942e-01 1.89979256e+01 0.00000000e+00 1.00000000e+00 0.00000000e+00 -9.09345184e-01 -3.57387942e-01 0.00000000e+00 -9.33956026e-01 8.41719312e+00
4.9199962854e+01 -9.54900202e-01 0.00000000e+00 2.96926934e-01 1.90442551e+01 0.00000000e+00 1.00000000e+00 0.00000000e+00 -9.32345296e-01 -2.96926934e-01 0.00000000e+00 -9.54900202e-01 8.24437472e+00
4.9300004721e+01 -9.73766070e-01 0.00000000e+00 2.27551402e-01 1.90850306e+01 0.00000000e+00 1.00000000e+00 0.00000000e+00 -9.14445420e-01 -2.27551402e-01 0.00000000e+00 -9.73766070e-01 8.07787197e+00
4.9400724649e+01 -9.83806324e-01 0.00000000e+00 1.79234809e-01 1.91221112e+01 0.00000000e+00 1.00000000e+00 0.00000000e+00 -9.35745553e-01 -1.79234809e-01 0.00000000e+00 -9.83806324e-01 7.90334218e+00
4.9499936819e+01 -9.94885214e-01 0.00000000e+00 1.01011938e-01 1.91448617e+01 0.00000000e+00 1.00000000e+00 0.00000000e+00 -9.34845752e-01 -1.01011938e-01 0.00000000e+00 -9.94885214e-01 7.72582196e+00
4.9599962711e+01 -9.99145994e-01 0.00000000e+00 4.13192753e-02 1.91724060e+01 0.00000000e+00 1.00000000e+00 0.00000000e+00 -9.47145938e-01 -4.13192753e-02 0.00000000e+00 -9.99145994e-01 7.53670632e+00
4.9699963570e+01 -9.99997187e-01 0.00000000e+00 -2.37188046e-03 1.91740067e+01 0.00000000e+00 1.00000000e+00 0.00000000e+00 -9.40646207e-01 2.37188046e-03 0.00000000e+00 -9.99997187e-01 7.33133892e+00
4.9799965143e+01 -9.95592034e-01 0.00000000e+00 -9.37896656e-02 1.91523889e+01 0.00000000e+00 1.00000000e+00 0.00000000e+00 -9.52246550e-01 9.37896656e-02 0.00000000e+00 -9.95592034e-01 7.15981700e+00
4.9899912119e+01 -9.88339031e-01 0.00000000e+00 -1.52269365e-01 1.91213117e+01 0.00000000e+00 1.00000000e+00 0.00000000e+00 -9.56246919e-01 1.52269365e-01 0.00000000e+00 -9.88339031e-01 6.96260709e+00
4.9999953270e+01 -9.74862194e-01 0.00000000e+00 -2.22808668e-01 1.90776679e+01 0.00000000e+00 1.00000000e+00 0.00000000e+00 -9.46347334e-01 2.22808668e-01 0.00000000e+00 -9.74862194e-01 6.77031457e+00
5.0099950790e+01 -9.56843861e-01 0.00000000e+00 -2.90602522e-01 1.90166170e+01 0.00000000e+00 1.00000000e+00 0.00000000e+00 -9.45647798e-01 2.90602522e-01 0.00000000e+00 -9.56843861e-01 6.57884117e+00
5.0199910641e+01 -9.30916439e-01 0.00000000e+00 -3.65232232e-01 1.89418606e+01 0.00000000e+00 1.00000000e+00 0.00000000e+00 -9.61548299e-01 3.65232232e-01 0.00000000e+00 -9.30916439e-01 6.40130207e+00
5.0299916506e+01 -8.98621397e-01 0.00000000e+00 -4.38724954e-01 1.88591560e+01 0.00000000e+00 1.00000000e+00 0.00000000e+00 -9.71848821e-01 4.38724954e-01 0.00000000e+00 -8.98621397e-01 6.22651287e+00
5.0400055885e+01 -8.71285396e-01 0.00000000e+00 -4.90776688e-01 1.87567307e+01 0.00000000e+00 1.00000000e+00 0.00000000e+00 -9.75349388e-01 4.90776688e-01 0.00000000e+00 -8.71285396e-01 6.03224062e+00
5.0546458960e+01 -8.24020756e-01 0.00000000e+00 -5.66559612e-01 1.86393290e+01 0.00000000e+00 1.00000000e+00 0.00000000e+00 -9.71350015e-01 5.66559612e-01 0.00000000e+00 -8.24020756e-01 5.86615237e+00
5.0599994183e+01 -7.82830356e-01 0.00000000e+00 -6.22235192e-01 1.85105576e+01 0.00000000e+00 1.00000000e+00 0.00000000e+00 -9.48050641e-01 6.22235192e-01 0.00000000e+00 -7.82830356e-01 5.69916864e+00
5.0699990034e+01 -7.35814605e-01 0.00000000e+00 -6.77183038e-01 1.83603858e+01 0.00000000e+00 1.00000000e+00 0.00000000e+00 -9.42951321e-01 6.77183038e-01 0.00000000e+00 -7.35814605e-01 5.54266085e+00
5.0800094366e+01 -6.79601795e-01 0.00000000e+00 -7.33581216e-01 1.81967555e+01 0.00000000e+00 1.00000000e+00 0.00000000e+00 -9.45552040e-01 7.33581216e-01 0.00000000e+00 -6.79601795e-01 5.39533846e+00
5.0900101185e+01 -6.20440508e-01 0.00000000e+00 -7.84253515e-01 1.80234667e+01 0.00000000e+00 1.00000000e+00 0.00000000e+00 -9.58452765e-01 7.84253515e-01 0.00000000e+00 -6.20440508e-01 5.25920419e+00
5.0999961853e+01 -5.49981309e-01 0.00000000e+00 -8.35176963e-01 1.78406025e+01 0.00000000e+00 1.00000000e+00 0.00000000e+00 -9.44953511e-01 8.35176963e-01 0.00000000e+00 -5.49981309e-01 5.14367568e+00
5.1099952936e+01 -4.85825955e-01 0.00000000e+00 -8.74055571e-01 1.76331100e+01 0.00000000e+00 1.00000000e+00 0.00000000e+00 -9.44354291e-01 8.74055571e-01 0.00000000e+00 -4.85825955e-01 5.03699847e+00
5.1199941635e+01 -4.10006656e-01 0.00000000e+00 -9.12082530e-01 1.74349485e+01 0.00000000e+00 1.00000000e+00 0.00000000e+00 -9.51155039e-01 9.12082530e-01 0.00000000e+00 -4.10006656e-01 4.94427658e+00
5.1299982786e+01 -3.53346246e-01 0.00000000e+00 -9.35492614e-01 1.72089747e+01 0.00000000e+00 1.00000000e+00 0.00000000e+00 -9.44955826e-01 9.35492614e-01 0.00000000e+00 -3.53346246e-01 4.84234300e+00
5.1399969578e+01 -2.64228298e-01 0.00000000e+00 -9.64460163e-01 1.69937175e+01 0.00000000e+00 1.00000000e+00 0.00000000e+00 -9.33556598e-01 9.64460163e-01 0.00000000e+00 -2.64228298e-01 4.77031094e+00
5.1499950647e+01 -1.98367151e-01 0.00000000e+00 -9.80127784e-01 1.67603214e+01 0.00000000e+00 1.00000000e+00 0.00000000e+00 -9.27657362e-01 9.80127784e-01 0.00000000e+00 -1.98367151e-01 4.70605438e+00
5.1599937677e+01 -1.19320244e-01 0.00000000e+00 -9.92855820e-01 1.65293641e+01 0.00000000e+00 1.00000000e+00 0.00000000e+00 -9.49258124e-01 9.92855820e-01 0.00000000e+00 -1.19320244e-01 4.63994149e+00
5.1699978352e+01 -4.50092816e-02 0.00000000e+00 -9.98986569e-01 1.62707163e+01 0.00000000e+00 1.00000000e+00 0.00000000e+00 -9.48958919e-01 9.98986569e-01 0.00000000e+00 -4.50092816e-02 4.60155083e+00
5.1799910784e+01 2.59078065e-02 0.00000000e+00 -9.99664336e-01 1.60145617e+01 0.00000000e+00 1.00000000e+00 0.00000000e+00 -9.46259681e-01 9.99664336e-01 0.00000000e+00 2.59078065e-02 4.56938186e+00
5.1899949789e+01 8.15357793e-02 0.00000000e+00 -9.96670415e-01 1.57525398e+01 0.00000000e+00 1.00000000e+00 0.00000000e+00 -9.29360421e-01 9.96670415e-01 0.00000000e+00 8.15357793e-02 4.54317524e+00
5.1999980450e+01 1.27809542e-01 0.00000000e+00 -9.91798730e-01 1.54603224e+01 0.00000000e+00 1.00000000e+00 0.00000000e+00 -9.56661168e-01 9.91798730e-01 0.00000000e+00 1.27809542e-01 4.57371811e+00
5.2100071669e+01 2.13578107e-01 0.00000000e+00 -9.76925991e-01 1.52021683e+01 0.00000000e+00 1.00000000e+00 0.00000000e+00 -9.42961864e-01 9.76925991e-01 0.00000000e+00 2.13578107e-01 4.60542032e+00
5.2199964046e+01 2.90652595e-01 0.00000000e+00 -9.56828652e-01 1.49380721e+01 0.00000000e+00 1.00000000e+00 0.00000000e+00 -9.58962532e-01 9.56828652e-01 0.00000000e+00 2.90652595e-01 4.65097801e+00
5.2299911022e+01 3.60522183e-01 0.00000000e+00 -9.32750639e-01 1.46795909e+01 0.00000000e+00 1.00000000e+00 0.00000000e+00 -9.44463157e-01 9.32750639e-01 0.00000000e+00 3.60522183e-01 4.71040578e+00
5.2400111675e+01 4.29260545e-01 0.00000000e+00 -9.03180704e-01 1.44168871e+01 0.00000000e+00 1.00000000e+00 0.00000000e+00 -9.43563760e-01 9.03180704e-01 0.00000000e+00 4.29260545e-01 4.78534599e+00
5.2499964476e+01 4.91121346e-01 0.00000000e+00 -8.71091168e-01 1.41869235e+01 0.00000000e+00 1.00000000e+00 0.00000000e+00 -9.39364258e-01 8.71091168e-01 0.00000000e+00 4.91121346e-01 4.87628125e+00
5.2599963427e+01 5.23745437e-01 0.00000000e+00 -8.51874825e-01 1.39208142e+01 0.00000000e+00 1.00000000e+00 0.00000000e+00 -9.20264762e-01 8.51874825e-01 0.00000000e+00 5.23745437e-01 5.01157856e+00
5.2700155258e+01 5.85601045e-01 0.00000000e+00 -8.10599418e-01 1.36951828e+01 0.00000000e+00 1.00000000e+00 0.00000000e+00 -9.08065196e-01 8.10599418e-01 0.00000000e+00 5.85601045e-01 5.13113131e+00
5.2800503016e+01 6.41342424e-01 0.00000000e+00 -7.67254778e-01 1.34701972e+01 0.00000000e+00 1.00000000e+00 0.00000000e+00 -9.03765596e-01 7.67254778e-01 0.00000000e+00 6.41342424e-01 5.26544278e+00
5.2900060654e+01 6.60009921e-01 0.00000000e+00 -7.51256883e-01 1.32369500e+01 0.00000000e+00 1.00000000e+00 0.00000000e+00 -8.93665958e-01 7.51256883e-01 0.00000000e+00 6.60009921e-01 5.42404782e+00
5.2999985218e+01 6.98380302e-01 0.00000000e+00 -7.15726871e-01 1.30192329e+01 0.00000000e+00 1.00000000e+00 0.00000000e+00 -8.99166281e-01 7.15726871e-01 0.00000000e+00 6.98380302e-01 5.58576138e+00
5.3100120068e+01 7.26862794e-01 0.00000000e+00 -6.86782702e-01 1.28039458e+01 0.00000000e+00 1.00000000e+00 0.00000000e+00 -8.66466572e-01 6.86782702e-01 0.00000000e+00 7.26862794e-01 5.75629534e+00
5.3199931622e+01 7.48663313e-01 0.00000000e+00 -6.62950408e-01 1.25742763e+01 0.00000000e+00 1.00000000e+00 0.00000000e+00 -8.66366861e-01 6.62950408e-01 0.00000000e+00 7.48663313e-01 5.94317015e+00
5.3299952269e+01 7.68474227e-01 0.00000000e+00 -6.39880740e-01 1.23234336e+01 0.00000000e+00 1.00000000e+00 0.00000000e+00 -8.50167171e-01 6.39880740e-01 0.00000000e+00 7.68474227e-01 6.12864259e+00
5.3399942160e+01 7.99689624e-01 0.00000000e+00 -6.00413612e-01 1.20783164e+01 0.00000000e+00 1.00000000e+00 0.00000000e+00 -8.57067480e-01 6.00413612e-01 0.00000000e+00 7.99689624e-01 6.28950089e+00
5.3499973059e+01 7.90823217e-01 0.00000000e+00 -6.12044639e-01 1.18053657e+01 0.00000000e+00 1.00000000e+00 0.00000000e+00 -8.29067776e-01 6.12044639e-01 0.00000000e+00 7.90823217e-01 6.49438083e+00
5.3602555752e+01 8.00720123e-01 0.00000000e+00 -5.99038633e-01 1.15140810e+01 0.00000000e+00 1.00000000e+00 0.00000000e+00 -8.20568087e-01 5.99038633e-01 0.00000000e+00 8.00720123e-01 6.69879639e+00
5.3699963570e+01 8.04270810e-01 0.00000000e+00 -5.94262959e-01 1.12190720e+01 0.00000000e+00 1.00000000e+00 0.00000000e+00 -8.04368391e-01 5.94262959e-01 0.00000000e+00 8.04270810e-01 6.89470854e+00
5.3799965858e+01 7.99251797e-01 0.00000000e+00 -6.00996310e-01 1.09227706e+01 0.00000000e+00 1.00000000e+00 0.00000000e+00 -8.11768671e-01 6.00996310e-01 0.00000000e+00 7.99251797e-01 7.10023772e+00
5.3900042534e+01 7.97180407e-01 0.00000000e+00 -6.03741169e-01 1.06105517e+01 0.00000000e+00 1.00000000e+00 0.00000000e+00 -7.94668951e-01 6.03741169e-01 0.00000000e+00 7.97180407e-01 7.30804984e+00
5.3999961376e+01 7.98369797e-01 0.00000000e+00 -6.02167474e-01 1.02810091e+01 0.00000000e+00 1.00000000e+00 0.00000000e+00 -7.87869232e-01 6.02167474e-01 0.00000000e+00 7.98369797e-01 7.52010548e+00
5.4099951506e+01 7.91345932e-01 0.00000000e+00 -6.11368642e-01 9.93141791e+00 0.00000000e+00 1.00000000e+00 0.00000000e+00 -7.87269527e-01 6.11368642e-01 0.00000000e+00 7.91345932e-01 7.72628027e+00
5.4200109005e+01 7.81040826e-01 0.00000000e+00 -6.24479966e-01 9.58885141e+00 0.00000000e+00 1.00000000e+00 0.00000000e+00 -7.65669777e-01 6.24479966e-01 0.00000000e+00 7.81040826e-01 7.94114207e+00
5.4299943686e+01 7.69985903e-01 0.00000000e+00 -6.38060898e-01 9.23160421e+00 0.00000000e+00 1.00000000e+00 0.00000000e+00 -7.83570007e-01 6.38060898e-01 0.00000000e+00 7.69985903e-01 8.16799098e+00
5.4399929047e+01 7.79298091e-01 0.00000000e+00 -6.26653402e-01 8.87220196e+00 0.00000000e+00 1.00000000e+00 0.00000000e+00 -7.69570248e-01 6.26653402e-01 0.00000000e+00 7.79298091e-01 8.36296580e+00
5.4499938011e+01 7.51506491e-01 0.00000000e+00 -6.59725696e-01 8.48313176e+00 0.00000000e+00 1.00000000e+00 0.00000000e+00 -7.64870482e-01 6.59725696e-01 0.00000000e+00 7.51506491e-01 8.58161116e+00
5.4599931717e+01 7.43138339e-01 0.00000000e+00 -6.69137810e-01 8.08950370e+00 0.00000000e+00 1.00000000e+00 0.00000000e+00 -7.98670712e-01 6.69137810e-01 0.00000000e+00 7.43138339e-01 8.77846038e+00
5.4699965477e+01 7.31654777e-01 0.00000000e+00 -6.81675353e-01 7.67966240e+00 0.00000000e+00 1.00000000e+00 0.00000000e+00 -7.71370927e-01 6.81675353e-01 0.00000000e+00 7.31654777e-01 8.97938303e+00
5.4799970150e+01 7.15123480e-01 0.00000000e+00 -6.98998146e-01 7.25822430e+00 0.00000000e+00 1.00000000e+00 0.00000000e+00 -7.56871116e-01 6.98998146e-01 0.00000000e+00 7.15123480e-01 9.18741164e+00
5.4899940968e+01 7.15719602e-01 0.00000000e+00 -6.98387752e-01 6.86263553e+00 0.00000000e+00 1.00000000e+00 0.00000000e+00 -7.40271261e-01 6.98387752e-01 0.00000000e+00 7.15719602e-01 9.37862088e+00
5.4999977350e+01 6.91587724e-01 0.00000000e+00 -7.22292475e-01 6.44387593e+00 0.00000000e+00 1.00000000e+00 0.00000000e+00 -7.10371400e-01 7.22292475e-01 0.00000000e+00 6.91587724e-01 9.57627996e+00
5.5099930286e+01 6.63253612e-01 0.00000000e+00 -7.48394713e-01 6.00698077e+00 0.00000000e+00 1.00000000e+00 0.00000000e+00 -6.98171555e-01 7.48394713e-01 0.00000000e+00 6.63253612e-01 9.75049805e+00
5.5199975729e+01 6.63716394e-01 0.00000000e+00 -7.47984324e-01 5.59774992e+00 0.00000000e+00 1.00000000e+00 0.00000000e+00 -6.92171697e-01 7.47984324e-01 0.00000000e+00 6.63716394e-01 9.89036760e+00
5.5299928427e+01 6.44961317e-01 0.00000000e+00 -7.64215218e-01 5.17551999e+00 0.00000000e+00 1.00000000e+00 0.00000000e+00 -6.91271841e-01 7.64215218e-01 0.00000000e+00 6.44961317e-01 1.00219353e+01
5.5400116682e+01 6.32588232e-01 0.00000000e+00 -7.74488301e-01 4.75731715e+00 0.00000000e+00 1.00000000e+00 0.00000000e+00 -6.76871980e-01 7.74488301e-01 0.00000000e+00 6.32588232e-01 1.01331269e+01
5.5499998093e+01 6.17928381e-01 0.00000000e+00 -7.86234390e-01 4.34193667e+00 0.00000000e+00 1.00000000e+00 0.00000000e+00 -6.59872077e-01 7.86234390e-01 0.00000000e+00 6.17928381e-01 1.02507147e+01
5.5599972486e+01 5.87373088e-01 0.00000000e+00 -8.09316289e-01 3.92569703e+00 0.00000000e+00 1.00000000e+00 0.00000000e+00 -6.65072162e-01 8.09316289e-01 0.00000000e+00 5.87373088e-01 1.03639395e+01
5.5699923277e+01 5.69376718e-01 0.00000000e+00 -8.22076732e-01 3.50588893e+00 0.00000000e+00 1.00000000e+00 0.00000000e+00 -6.54072263e-01 8.22076732e-01 0.00000000e+00 5.69376718e-01 1.04471721e+01
5.5800002098e+01 5.50242658e-01 0.00000000e+00 -8.35004801e-01 3.08985725e+00 0.00000000e+00 1.00000000e+00 0.00000000e+00 -6.47372330e-01 8.35004801e-01 0.00000000e+00 5.50242658e-01 1.05335946e+01
5.5899984121e+01 5.40032738e-01 0.00000000e+00 -8.41644011e-01 2.67862523e+00 0.00000000e+00 1.00000000e+00 0.00000000e+00 -6.16472375e-01 8.41644011e-01 0.00000000e+00 5.40032738e-01 1.06120608e+01
5.5999983311e+01 5.06665689e-01 0.00000000e+00 -8.62142610e-01 2.26176593e+00 0.00000000e+00 1.00000000e+00 0.00000000e+00 -6.07372405e-01 8.62142610e-01 0.00000000e+00 5.06665689e-01 1.06914964e+01
5.6099900723e+01 4.98079710e-01 0.00000000e+00 -8.67131249e-01 1.86133495e+00 0.00000000e+00 1.00000000e+00 0.00000000e+00 -6.25772422e-01 8.67131249e-01 0.00000000e+00 4.98079710e-01 1.07510344e+01
5.6199920654e+01 4.77108127e-01 0.00000000e+00 -8.78844602e-01 1.45219869e+00 0.00000000e+00 1.00000000e+00 0.00000000e+00 -6.15872428e-01 8.78844602e-01 0.00000000e+00 4.77108127e-01 1.08075072e+01
5.6299939632e+01 4.53023742e-01 0.00000000e+00 -8.91498452e-01 1.05073735e+00 0.00000000e+00 1.00000000e+00 0.00000000e+00 -6.15672454e-01 8.91498452e-01 0.00000000e+00 4.53023742e-01 1.08361286e+01
5.6399952173e+01 4.19420958e-01 0.00000000e+00 -9.07791859e-01 6.44582927e-01 0.00000000e+00 1.00000000e+00 0.00000000e+00 -5.98372453e-01 9.07791859e-01 0.00000000e+00 4.19420958e-01 1.08697273e+01
5.6499942064e+01 4.07996774e-01 0.00000000e+00 -9.12983369e-01 2.45670811e-01 0.00000000e+00 1.00000000e+00 0.00000000e+00 -6.12072453e-01 9.12983369e-01 0.00000000e+00 4.07996774e-01 1.08796395e+01
5.6599923849e+01 3.81629140e-01 0.00000000e+00 -9.24315530e-01 -1.34653108e-01 0.00000000e+00 1.00000000e+00 0.00000000e+00 -6.35972450e-01 9.24315530e-01 0.00000000e+00 3.81629140e-01 1.08822830e+01
5.6699943066e+01 3.57359432e-01 0.00000000e+00 -9.33966935e-01 -5.27467811e-01 0.00000000e+00 1.00000000e+00 0.00000000e+00 -6.18272436e-01 9.33966935e-01 0.00000000e+00 3.57359432e-01 1.08773372e+01
5.6799940586e+01 3.29335360e-01 0.00000000e+00 -9.44213017e-01 -9.15768343e-01 0.00000000e+00 1.00000000e+00 0.00000000e+00 -6.20772425e-01 9.44213017e-01 0.00000000e+00 3.29335360e-01 1.08569208e+01
5.6899905205e+01 3.04256072e-01 0.00000000e+00 -9.52590281e-01 -1.30063704e+00 0.00000000e+00 1.00000000e+00 0.00000000e+00 -6.31072414e-01 9.52590281e-01 0.00000000e+00 3.04256072e-01 1.08224214e+01
5.6999933243e+01 2.62817085e-01 0.00000000e+00 -9.64845677e-01 -1.69329534e+00 0.00000000e+00 1.00000000e+00 0.00000000e+00 -6.30972397e-01 9.64845677e-01 0.00000000e+00 2.62817085e-01 1.07811650e+01
5.7099936008e+01 2.38576053e-01 0.00000000e+00 -9.71123816e-01 -2.06446550e+00 0.00000000e+00 1.00000000e+00 0.00000000e+00 -6.25172367e-01 9.71123816e-01 0.00000000e+00 2.38576053e-01 1.07320430e+01
5.7199995041e+01 2.22097516e-01 0.00000000e+00 -9.75024458e-01 -2.43212859e+00 0.00000000e+00 1.00000000e+00 0.00000000e+00 -6.23172342e-01 9.75024458e-01 0.00000000e+00 2.22097516e-01 1.06654263e+01
5.7299921513e+01 1.92929995e-01 0.00000000e+00 -9.81212524e-01 -2.79869704e+00 0.00000000e+00 1.00000000e+00 0.00000000e+00 -5.98772308e-01 9.81212524e-01 0.00000000e+00 1.92929995e-01 1.05954746e+01
5.7399950743e+01 1.66864225e-01 0.00000000e+00 -9.85979883e-01 -3.15673248e+00 0.00000000e+00 1.00000000e+00 0.00000000e+00 -6.13272284e-01 9.85979883e-01 0.00000000e+00 1.66864225e-01 1.05079211e+01
5.7499924183e+01 1.31930803e-01 0.00000000e+00 -9.91258929e-01 -3.51569393e+00 0.00000000e+00 1.00000000e+00 0.00000000e+00 -5.83872260e-01 9.91258929e-01 0.00000000e+00 1.31930803e-01 1.04081643e+01
5.7599997044e+01 9.81143494e-02 0.00000000e+00 -9.95175148e-01 -3.86775007e+00 0.00000000e+00 1.00000000e+00 0.00000000e+00 -6.12272254e-01 9.95175148e-01 0.00000000e+00 9.81143494e-02 1.02877847e+01
5.7700004578e+01 5.72684484e-02 0.00000000e+00 -9.98358816e-01 -4.21199646e+00 0.00000000e+00 1.00000000e+00 0.00000000e+00 -5.96372223e-01 9.98358816e-01 0.00000000e+00 5.72684484e-02 1.01735226e+01
5.7799946308e+01 2.16003017e-02 0.00000000e+00 -9.99766686e-01 -4.55113493e+00 0.00000000e+00 1.00000000e+00 0.00000000e+00 -5.93972192e-01 9.99766686e-01 0.00000000e+00 2.16003017e-02 1.00471918e+01
5.7899935007e+01 -1.39502689e-02 0.00000000e+00 -9.99902690e-01 -4.87740941e+00 0.00000000e+00 1.00000000e+00 0.00000000e+00 -6.01272207e-01 9.99902690e-01 0.00000000e+00 -1.39502689e-02 9.88406482e+00
5.7999965906e+01 -6.37128086e-02 0.00000000e+00 -9.97968275e-01 -5.19725756e+00 0.00000000e+00 1.00000000e+00 0.00000000e+00 -6.19372226e-01 9.97968275e-01 0.00000000e+00 -6.37128086e-02 9.71154293e+00
5.8099962711e+01 -1.06973106e-01 0.00000000e+00 -9.94261914e-01 -5.50587461e+00 0.00000000e+00 1.00000000e+00 0.00000000e+00 -6.12472256e-01 9.94261914e-01 0.00000000e+00 -1.06973106e-01 9.52103907e+00
5.8199964523e+01 -1.47451157e-01 0.00000000e+00 -9.89069338e-01 -5.80323571e+00 0.00000000e+00 1.00000000e+00 0.00000000e+00 -6.10372285e-01 9.89069338e-01 0.00000000e+00 -1.47451157e-01 9.32529926e+00
5.8299930573e+01 -1.95581664e-01 0.00000000e+00 -9.80687419e-01 -6.09216474e+00 0.00000000e+00 1.00000000e+00 0.00000000e+00 -6.07172315e-01 9.80687419e-01 0.00000000e+00 -1.95581664e-01 9.12259390e+00
5.8400004864e+01 -2.43461252e-01 0.00000000e+00 -9.69910624e-01 -6.37095243e+00 0.00000000e+00 1.00000000e+00 0.00000000e+00 -6.20572354e-01 9.69910624e-01 0.00000000e+00 -2.43461252e-01 8.90601184e+00
5.8499968767e+01 -2.82845141e-01 0.00000000e+00 -9.59165589e-01 -6.62653326e+00 0.00000000e+00 1.00000000e+00 0.00000000e+00 -6.10072423e-01 9.59165589e-01 0.00000000e+00 -2.82845141e-01 8.66707302e+00
5.8599942207e+01 -3.25759742e-01 0.00000000e+00 -9.45452585e-01 -6.85224082e+00 0.00000000e+00 1.00000000e+00 0.00000000e+00 -6.13872520e-01 9.45452585e-01 0.00000000e+00 -3.25759742e-01 8.41751328e+00
5.8699968338e+01 -3.88004453e-01 0.00000000e+00 -9.21657498e-01 -7.07846313e+00 0.00000000e+00 1.00000000e+00 0.00000000e+00 -6.37372631e-01 9.21657498e-01 0.00000000e+00 -3.88004453e-01 8.14831968e+00
5.8800068855e+01 -4.33769407e-01 0.00000000e+00 -9.01023918e-01 -7.28171765e+00 0.00000000e+00 1.00000000e+00 0.00000000e+00 -6.30772748e-01 9.01023918e-01 0.00000000e+00 -4.33769407e-01 7.87310694e+00
5.8899953127e+01 -4.94288224e-01 0.00000000e+00 -8.69298080e-01 -7.48251595e+00 0.00000000e+00 1.00000000e+00 0.00000000e+00 -6.39272887e-01 8.69298080e-01 0.00000000e+00 -4.94288224e-01 7.57225231e+00
5.8999955654e+01 -5.45534637e-01 0.00000000e+00 -8.38088277e-01 -7.64346311e+00 0.00000000e+00 1.00000000e+00 0.00000000e+00 -6.33373051e-01 8.38088277e-01 0.00000000e+00 -5.45534637e-01 7.26671562e+00
5.9099922419e+01 -5.93231980e-01 0.00000000e+00 -8.05031564e-01 -7.78115640e+00 0.00000000e+00 1.00000000e+00 0.00000000e+00 -6.27373231e-01 8.05031564e-01 0.00000000e+00 -5.93231980e-01 6.95427988e+00
5.9199961185e+01 -6.55431610e-01 0.00000000e+00 -7.55254530e-01 -7.90553409e+00 0.00000000e+00 1.00000000e+00 0.00000000e+00 -6.45573429e-01 7.55254530e-01 0.00000000e+00 -6.55431610e-01 6.62854186e+00
5.9299978495e+01 -6.99916924e-01 0.00000000e+00 -7.14224264e-01 -7.98825057e+00 0.00000000e+00 1.00000000e+00 0.00000000e+00 -6.39973651e-01 7.14224264e-01 0.00000000e+00 -6.99916924e-01 6.30109047e+00
5.9399969816e+01 -7.46875457e-01 0.00000000e+00 -6.64963948e-01 -8.05043735e+00 0.00000000e+00 1.00000000e+00 0.00000000e+00 -6.41473886e-01 6.64963948e-01 0.00000000e+00 -7.46875457e-01 5.97117956e+00
5.9512632370e+01 -7.92011025e-01 0.00000000e+00 -6.10506786e-01 -8.09259076e+00 0.00000000e+00 1.00000000e+00 0.00000000e+00 -6.61074126e-01 6.10506786e-01 0.00000000e+00 -7.92011025e-01 5.64256175e+00
5.9599948168e+01 -8.29489939e-01 0.00000000e+00 -5.58521657e-01 -8.11351319e+00 0.00000000e+00 1.00000000e+00 0.00000000e+00 -6.71074368e-01 5.58521657e-01 0.00000000e+00 -8.29489939e-01 5.31838133e+00
5.9699978590e+01 -8.68986852e-01 0.00000000e+00 -4.94835176e-01 -8.12070736e+00 0.00000000e+00 1.00000000e+00 0.00000000e+00 -6.76074614e-01 4.94835176e-01 0.00000000e+00 -8.68986852e-01 4.98992418e+00
5.9800000191e+01 -8.99610526e-01 0.00000000e+00 -4.36693144e-01 -8.08950076e+00 0.00000000e+00 1.00000000e+00 0.00000000e+00 -6.68674887e-01 4.36693144e-01 0.00000000e+00 -8.99610526e-01 4.66499020e+00
5.9899907827e+01 -9.32810271e-01 0.00000000e+00 -3.60367864e-01 -8.03268965e+00 0.00000000e+00 1.00000000e+00 0.00000000e+00 -6.96875162e-01 3.60367864e-01 0.00000000e+00 -9.32810271e-01 4.35216132e+00
5.9999950171e+01 -9.52779295e-01 0.00000000e+00 -3.03663654e-01 -7.95700793e+00 0.00000000e+00 1.00000000e+00 0.00000000e+00 -6.75775433e-01 3.03663654e-01 0.00000000e+00 -9.52779295e-01 4.06096106e+00
6.0099930763e+01 -9.73916296e-01 0.00000000e+00 -2.26907575e-01 -7.87744452e+00 0.00000000e+00 1.00000000e+00 0.00000000e+00 -7.28675693e-01 2.26907575e-01 0.00000000e+00 -9.73916296e-01 3.76672646e+00
6.0199941874e+01 -9.84712152e-01 0.00000000e+00 -1.74189488e-01 -7.75511471e+00 0.00000000e+00 1.00000000e+00 0.00000000e+00 -7.29575976e-01 1.74189488e-01 0.00000000e+00 -9.84712152e-01 3.49805800e+00
6.0299895287e+01 -9.96111201e-01 0.00000000e+00 -8.81049137e-02 -7.62419566e+00 0.00000000e+00 1.00000000e+00 0.00000000e+00 -7.34176263e-01 8.81049137e-02 0.00000000e+00 -9.96111201e-01 3.20449493e+00
6.0399932861e+01 -9.99840193e-01 0.00000000e+00 -1.78770558e-02 -7.48580034e+00 0.00000000e+00 1.00000000e+00 0.00000000e+00 -7.48476529e-01 1.78770558e-02 0.00000000e+00 -9.99840193e-01 2.93551295e+00
6.0517671108e+01 -9.98232851e-01 0.00000000e+00 5.94236987e-02 -7.31023358e+00 0.00000000e+00 1.00000000e+00 0.00000000e+00 -7.32476820e-01 -5.94236987e-02 0.00000000e+00 -9.98232851e-01 2.67263875e+00
6.0599911213e+01 -9.92619022e-01 0.00000000e+00 1.21274392e-01 -7.11208040e+00 0.00000000e+00 1.00000000e+00 0.00000000e+00 -6.87177113e-01 -1.21274392e-01 0.00000000e+00 -9.92619022e-01 2.43108668e+00
6.0699940681e+01 -9.75851092e-01 0.00000000e+00 2.18436824e-01 -6.90152043e+00 0.00000000e+00 1.00000000e+00 0.00000000e+00 -7.05077400e-01 -2.18436824e-01 0.00000000e+00 -9.75851092e-01 2.17681690e+00
6.0799948454e+01 -9.61402785e-01 0.00000000e+00 2.75144845e-01 -6.66835866e+00 0.00000000e+00 1.00000000e+00 0.00000000e+00 -7.38877689e-01 -2.75144845e-01 0.00000000e+00 -9.61402785e-01 1.95859773e+00
6.0899958611e+01 -9.46945854e-01 0.00000000e+00 3.21393139e-01 -6.41630269e+00 0.00000000e+00 1.00000000e+00 0.00000000e+00 -7.43177975e-01 -3.21393139e-01 0.00000000e+00 -9.46945854e-01 1.75677158e+00
6.0999921560e+01 -9.09477653e-01 0.00000000e+00 4.15752811e-01 -6.13420639e+00 0.00000000e+00 1.00000000e+00 0.00000000e+00 -7.34478263e-01 -4.15752811e-01 0.00000000e+00 -9.09477653e-01 1.54931082e+00
6.1099909544e+01 -8.84898530e-01 0.00000000e+00 4.65783846e-01 -5.85801943e+00 0.00000000e+00 1.00000000e+00 0.00000000e+00 -7.70478523e-01 -4.65783846e-01 0.00000000e+00 -8.84898530e-01 1.40457155e+00
6.1199958086e+01 -8.57385156e-01 0.00000000e+00 5.14675329e-01 -5.56210368e+00 0.00000000e+00 1.00000000e+00 0.00000000e+00 -7.96478787e-01 -5.14675329e-01 0.00000000e+00 -8.57385156e-01 1.25388279e+00
6.1299988270e+01 -8.07710834e-01 0.00000000e+00 5.89578839e-01 -5.25053533e+00 0.00000000e+00 1.00000000e+00 0.00000000e+00 -7.84979035e-01 -5.89578839e-01 0.00000000e+00 -8.07710834e-01 1.10744843e+00
6.1400053978e+01 -7.80644238e-01 0.00000000e+00 6.24975659e-01 -4.94059178e+00 0.00000000e+00 1.00000000e+00 0.00000000e+00 -8.05879274e-01 -6.24975659e-01 0.00000000e+00 -7.80644238e-01 9.89920155e-01
6.1500047922e+01 -7.20411455e-01 0.00000000e+00 6.93546924e-01 -4.61044488e+00 0.00000000e+00 1.00000000e+00 0.00000000e+00 -8.02779492e-01 -6.93546924e-01 0.00000000e+00 -7.20411455e-01 8.73331095e-01
6.1600078344e+01 -6.86528756e-01 0.00000000e+00 7.27102652e-01 -4.29887554e+00 0.00000000e+00 1.00000000e+00 0.00000000e+00 -7.98879694e-01 -7.27102652e-01 0.00000000e+00 -6.86528756e-01 7.83285539e-01
6.1700023174e+01 -6.29843940e-01 0.00000000e+00 7.76721708e-01 -3.94176035e+00 0.00000000e+00 1.00000000e+00 0.00000000e+00 -8.07179896e-01 -7.76721708e-01 0.00000000e+00 -6.29843940e-01 7.07651819e-01
6.1799997091e+01 -5.87253250e-01 0.00000000e+00 8.09403249e-01 -3.59759456e+00 0.00000000e+00 1.00000000e+00 0.00000000e+00 -8.31180071e-01 -8.09403249e-01 0.00000000e+00 -5.87253250e-01 6.74829235e-01
6.1899938822e+01 -5.26707770e-01 0.00000000e+00 8.50046425e-01 -3.24484043e+00 0.00000000e+00 1.00000000e+00 0.00000000e+00 -8.27280228e-01 -8.50046425e-01 0.00000000e+00 -5.26707770e-01 6.39068033e-01
6.1999948740e+01 -4.65885802e-01 0.00000000e+00 8.84844856e-01 -2.87692928e+00 0.00000000e+00 1.00000000e+00 0.00000000e+00 -8.28380374e-01 -8.84844856e-01 0.00000000e+00 -4.65885802e-01 6.25493864e-01
6.2099940062e+01 -4.28206832e-01 0.00000000e+00 9.03680756e-01 -2.52277753e+00 0.00000000e+00 1.00000000e+00 0.00000000e+00 -8.15080500e-01 -9.03680756e-01 0.00000000e+00 -4.28206832e-01 6.15912103e-01
6.2199944258e+01 -3.87233663e-01 0.00000000e+00 9.21981611e-01 -2.18163699e+00 0.00000000e+00 1.00000000e+00 0.00000000e+00 -8.14080598e-01 -9.21981611e-01 0.00000000e+00 -3.87233663e-01 6.41578786e-01
6.2299945354e+01 -3.21982961e-01 0.00000000e+00 9.46745464e-01 -1.81745438e+00 0.00000000e+00 1.00000000e+00 0.00000000e+00 -8.14580677e-01 -9.46745464e-01 0.00000000e+00 -3.21982961e-01 6.90061283e-01
6.2400128841e+01 -2.67782889e-01 0.00000000e+00 9.63479281e-01 -1.45188061e+00 0.00000000e+00 1.00000000e+00 0.00000000e+00 -8.01080741e-01 -9.63479281e-01 0.00000000e+00 -2.67782889e-01 7.30215679e-01
6.2499931812e+01 -2.15223212e-01 0.00000000e+00 9.76564882e-01 -1.09359221e+00 0.00000000e+00 1.00000000e+00 0.00000000e+00 -8.15980782e-01 -9.76564882e-01 0.00000000e+00 -2.15223212e-01 7.92571390e-01
6.2600070000e+01 -1.76868223e-01 0.00000000e+00 9.84234541e-01 -7.52396864e-01 0.00000000e+00 1.00000000e+00 0.00000000e+00 -8.42080791e-01 -9.84234541e-01 0.00000000e+00 -1.76868223e-01 9.23644917e-01
6.2699995518e+01 -1.36900257e-01 0.00000000e+00 9.90584837e-01 -3.97230698e-01 0.00000000e+00 1.00000000e+00 0.00000000e+00 -8.22680792e-01 -9.90584837e-01 0.00000000e+00 -1.36900257e-01 1.01733564e+00
6.2799975157e+01 -9.00525520e-02 0.00000000e+00 9.95937015e-01 -4.66335680e-02 0.00000000e+00 1.00000000e+00 0.00000000e+00 -8.37480761e-01 -9.95937015e-01 0.00000000e+00 -9.00525520e-02 1.14985327e+00
6.2899925470e+01 -5.38325601e-02 0.00000000e+00 9.98549976e-01 2.99065530e-01 0.00000000e+00 1.00000000e+00 0.00000000e+00 -8.22680709e-01 -9.98549976e-01 0.00000000e+00 -5.38325601e-02 1.29111877e+00
6.2999943256e+01 1.56653600e-02 0.00000000e+00 9.99877291e-01 6.71961827e-01 0.00000000e+00 1.00000000e+00 0.00000000e+00 -8.18580631e-01 -9.99877291e-01 0.00000000e+00 1.56653600e-02 1.44281944e+00
6.3099952936e+01 5.57101318e-02 0.00000000e+00 9.98446985e-01 1.00879261e+00 0.00000000e+00 1.00000000e+00 0.00000000e+00 -7.93580525e-01 -9.98446985e-01 0.00000000e+00 5.57101318e-02 1.62725981e+00
6.3199934721e+01 1.13615694e-01 0.00000000e+00 9.93524773e-01 1.36642101e+00 0.00000000e+00 1.00000000e+00 0.00000000e+00 -8.09480388e-01 -9.93524773e-01 0.00000000e+00 1.13615694e-01 1.83589685e+00
6.3299918413e+01 1.50117062e-01 0.00000000e+00 9.88668229e-01 1.70351980e+00 0.00000000e+00 1.00000000e+00 0.00000000e+00 -8.17880219e-01 -9.88668229e-01 0.00000000e+00 1.50117062e-01 2.07282275e+00
6.3399968386e+01 1.93730881e-01 0.00000000e+00 9.81054711e-01 2.03631453e+00 0.00000000e+00 1.00000000e+00 0.00000000e+00 -8.06480025e-01 -9.81054711e-01 0.00000000e+00 1.93730881e-01 2.31364512e+00
6.3499951839e+01 2.37734841e-01 0.00000000e+00 9.71330091e-01 2.35830664e+00 0.00000000e+00 1.00000000e+00 0.00000000e+00 -8.23479802e-01 -9.71330091e-01 0.00000000e+00 2.37734841e-01 2.57766467e+00
6.3599974155e+01 2.86999837e-01 0.00000000e+00 9.57930631e-01 2.67519388e+00 0.00000000e+00 1.00000000e+00 0.00000000e+00 -8.15279546e-01 -9.57930631e-01 0.00000000e+00 2.86999837e-01 2.86079910e+00
6.3699975491e+01 2.98703802e-01 0.00000000e+00 9.54345869e-01 2.97533397e+00 0.00000000e+00 1.00000000e+00 0.00000000e+00 -8.07279271e-01 -9.54345869e-01 0.00000000e+00 2.98703802e-01 3.12652866e+00
6.3799971581e+01 3.30735840e-01 0.00000000e+00 9.43723373e-01 3.27497525e+00 0.00000000e+00 1.00000000e+00 0.00000000e+00 -8.21878966e-01 -9.43723373e-01 0.00000000e+00 3.30735840e-01 3.41865134e+00
6.3899968624e+01 3.73835982e-01 0.00000000e+00 9.27494829e-01 3.59488992e+00 0.00000000e+00 1.00000000e+00 0.00000000e+00 -8.05478632e-01 -9.27494829e-01 0.00000000e+00 3.73835982e-01 3.70223746e+00
6.3999965429e+01 3.75951643e-01 0.00000000e+00 9.26639284e-01 3.89015218e+00 0.00000000e+00 1.00000000e+00 0.00000000e+00 -8.10378279e-01 -9.26639284e-01 0.00000000e+00 3.75951643e-01 3.97246396e+00
6.4099978924e+01 3.74104103e-01 0.00000000e+00 9.27386715e-01 4.18458705e+00 0.00000000e+00 1.00000000e+00 0.00000000e+00 -8.33577888e-01 -9.27386715e-01 0.00000000e+00 3.74104103e-01 4.25778083e+00
6.4200054884e+01 3.86037118e-01 0.00000000e+00 9.22483248e-01 4.47965788e+00 0.00000000e+00 1.00000000e+00 0.00000000e+00 -8.43677465e-01 -9.22483248e-01 0.00000000e+00 3.86037118e-01 4.56080716e+00
6.4300118446e+01 3.93525533e-01 0.00000000e+00 9.19313687e-01 4.79690258e+00 0.00000000e+00 1.00000000e+00 0.00000000e+00 -8.09076997e-01 -9.19313687e-01 0.00000000e+00 3.93525533e-01 4.86075998e+00
6.4400168896e+01 3.91359094e-01 0.00000000e+00 9.20238045e-01 5.11650438e+00 0.00000000e+00 1.00000000e+00 0.00000000e+00 -7.85376516e-01 -9.20238045e-01 0.00000000e+00 3.91359094e-01 5.13451751e+00
6.4504793882e+01 3.77983896e-01 0.00000000e+00 9.25812170e-01 5.41113421e+00 0.00000000e+00 1.00000000e+00 0.00000000e+00 -8.12076012e-01 -9.25812170e-01 0.00000000e+00 3.77983896e-01 5.41632810e+00
6.4600029230e+01 3.88403620e-01 0.00000000e+00 9.21489353e-01 5.71859962e+00 0.00000000e+00 1.00000000e+00 0.00000000e+00 -8.21775494e-01 -9.21489353e-01 0.00000000e+00 3.88403620e-01 5.69028649e+00
6.4700069189e+01 3.92510603e-01 0.00000000e+00 9.19747480e-01 6.02766845e+00 0.00000000e+00 1.00000000e+00 0.00000000e+00 -8.20674938e-01 -9.19747480e-01 0.00000000e+00 3.92510603e-01 5.96969250e+00
6.4800119638e+01 3.79077397e-01 0.00000000e+00 9.25364970e-01 6.32276523e+00 0.00000000e+00 1.00000000e+00 0.00000000e+00 -8.16274389e-01 -9.25364970e-01 0.00000000e+00 3.79077397e-01 6.21853026e+00
6.4899929047e+01 3.63620293e-01 0.00000000e+00 9.31547252e-01 6.61671630e+00 0.00000000e+00 1.00000000e+00 0.00000000e+00 -8.26973814e-01 -9.31547252e-01 0.00000000e+00 3.63620293e-01 6.46846688e+00
6.5000008821e+01 3.51226092e-01 0.00000000e+00 9.36290677e-01 6.91352770e+00 0.00000000e+00 1.00000000e+00 0.00000000e+00 -8.35773217e-01 -9.36290677e-01 0.00000000e+00 3.51226092e-01 6.71662959e+00
6.5100017786e+01 3.49971436e-01 0.00000000e+00 9.36760372e-01 7.22972411e+00 0.00000000e+00 1.00000000e+00 0.00000000e+00 -8.18772587e-01 -9.36760372e-01 0.00000000e+00 3.49971436e-01 6.95895946e+00
6.5199943542e+01 3.36056017e-01 0.00000000e+00 9.41842000e-01 7.54110301e+00 0.00000000e+00 1.00000000e+00 0.00000000e+00 -8.15571950e-01 -9.41842000e-01 0.00000000e+00 3.36056017e-01 7.18555681e+00
6.5300025463e+01 3.27548721e-01 0.00000000e+00 9.44834290e-01 7.84718886e+00 0.00000000e+00 1.00000000e+00 0.00000000e+00 -7.90771289e-01 -9.44834290e-01 0.00000000e+00 3.27548721e-01 7.41823047e+00
6.5400519371e+01 3.14248646e-01 0.00000000e+00 9.49340713e-01 8.13905744e+00 0.00000000e+00 1.00000000e+00 0.00000000e+00 -7.94470604e-01 -9.49340713e-01 0.00000000e+00 3.14248646e-01 7.66332321e+00
6.5500015259e+01 3.06961780e-01 0.00000000e+00 9.51721842e-01 8.42332143e+00 0.00000000e+00 1.00000000e+00 0.00000000e+00 -7.98969937e-01 -9.51721842e-01 0.00000000e+00 3.06961780e-01 7.88849193e+00
6.5599990129e+01 2.81799828e-01 0.00000000e+00 9.59473218e-01 8.70765630e+00 0.00000000e+00 1.00000000e+00 0.00000000e+00 -8.10169271e-01 -9.59473218e-01 0.00000000e+00 2.81799828e-01 8.08619185e+00
6.5700026035e+01 2.77709352e-01 0.00000000e+00 9.60665142e-01 9.02739037e+00 0.00000000e+00 1.00000000e+00 0.00000000e+00 -7.82468563e-01 -9.60665142e-01 0.00000000e+00 2.77709352e-01 8.27552453e+00
6.5800069094e+01 2.46298404e-01 0.00000000e+00 9.69194045e-01 9.31508454e+00 0.00000000e+00 1.00000000e+00 0.00000000e+00 -7.82567854e-01 -9.69194045e-01 0.00000000e+00 2.46298404e-01 8.46687998e+00
6.5900024176e+01 2.34874778e-01 0.00000000e+00 9.72025637e-01 9.61104886e+00 0.00000000e+00 1.00000000e+00 0.00000000e+00 -8.03867146e-01 -9.72025637e-01 0.00000000e+00 2.34874778e-01 8.64720411e+00
6.6000003338e+01 2.06716606e-01 0.00000000e+00 9.78400861e-01 9.90113557e+00 0.00000000e+00 1.00000000e+00 0.00000000e+00 -7.95566429e-01 -9.78400861e-01 0.00000000e+00 2.06716606e-01 8.81666693e+00
6.6100007057e+01 1.86732949e-01 0.00000000e+00 9.82410711e-01 1.02154454e+01 0.00000000e+00 1.00000000e+00 0.00000000e+00 -7.89365677e-01 -9.82410711e-01 0.00000000e+00 1.86732949e-01 8.97548622e+00
6.6200133801e+01 1.68553518e-01 0.00000000e+00 9.85692504e-01 1.05250320e+01 0.00000000e+00 1.00000000e+00 0.00000000e+00 -7.75664947e-01 -9.85692504e-01 0.00000000e+00 1.68553518e-01 9.11410027e+00
6.6300125837e+01 1.38042719e-01 0.00000000e+00 9.90426276e-01 1.08206302e+01 0.00000000e+00 1.00000000e+00 0.00000000e+00 -7.77564230e-01 -9.90426276e-01 0.00000000e+00 1.38042719e-01 9.23913119e+00
6.6400181532e+01 1.30222057e-01 0.00000000e+00 9.91484854e-01 1.11277991e+01 0.00000000e+00 1.00000000e+00 0.00000000e+00 -7.89563502e-01 -9.91484854e-01 0.00000000e+00 1.30222057e-01 9.36084951e+00
6.6500107050e+01 1.17304137e-01 0.00000000e+00 9.93096037e-01 1.14311115e+01 0.00000000e+00 1.00000000e+00 0.00000000e+00 -7.97662743e-01 -9.93096037e-01 0.00000000e+00 1.17304137e-01 9.49188502e+00
6.6600152969e+01 8.52914527e-02 0.00000000e+00 9.96356045e-01 1.17435036e+01 0.00000000e+00 1.00000000e+00 0.00000000e+00 -7.75661991e-01 -9.96356045e-01 0.00000000e+00 8.52914527e-02 9.58697948e+00
6.6700016260e+01 6.68211906e-02 0.00000000e+00 9.97764967e-01 1.20533941e+01 0.00000000e+00 1.00000000e+00 0.00000000e+00 -7.86561236e-01 -9.97764967e-01 0.00000000e+00 6.68211906e-02 9.68357349e+00
6.6800032854e+01 2.30961845e-02 0.00000000e+00 9.99733248e-01 1.23378386e+01 0.00000000e+00 1.00000000e+00 0.00000000e+00 -7.84360465e-01 -9.99733248e-01 0.00000000e+00 2.30961845e-02 9.79354359e+00
6.6900043011e+01 1.56808868e-02 0.00000000e+00 9.99877047e-01 1.26471922e+01 0.00000000e+00 1.00000000e+00 0.00000000e+00 -7.83459701e-01 -9.99877047e-01 0.00000000e+00 1.56808868e-02 9.88252419e+00
6.7000201464e+01 -2.80996399e-02 0.00000000e+00 9.99605127e-01 1.29333559e+01 0.00000000e+00 1.00000000e+00 0.00000000e+00 -7.98658955e-01 -9.99605127e-01 0.00000000e+00 -2.80996399e-02 9.95670538e+00
6.7100016832e+01 -4.39761468e-02 0.00000000e+00 9.99032581e-01 1.32388602e+01 0.00000000e+00 1.00000000e+00 0.00000000e+00 -7.93158193e-01 -9.99032581e-01 0.00000000e+00 -4.39761468e-02 1.00243109e+01
6.7200261116e+01 -6.29548762e-02 0.00000000e+00 9.98016374e-01 1.35400754e+01 0.00000000e+00 1.00000000e+00 0.00000000e+00 -7.68657422e-01 -9.98016374e-01 0.00000000e+00 -6.29548762e-02 1.00914116e+01
6.7300262690e+01 -9.18125856e-02 0.00000000e+00 9.95776305e-01 1.38356381e+01 0.00000000e+00 1.00000000e+00 0.00000000e+00 -7.89256654e-01 -9.95776305e-01 0.00000000e+00 -9.18125856e-02 1.01494865e+01
6.7400082827e+01 -9.72673690e-02 0.00000000e+00 9.95258288e-01 1.41459658e+01 0.00000000e+00 1.00000000e+00 0.00000000e+00 -7.87655870e-01 -9.95258288e-01 0.00000000e+00 -9.72673690e-02 1.02016082e+01
6.7517802954e+01 -1.22776332e-01 0.00000000e+00 9.92434367e-01 1.44403262e+01 0.00000000e+00 1.00000000e+00 0.00000000e+00 -7.95855089e-01 -9.92434367e-01 0.00000000e+00 -1.22776332e-01 1.02524353e+01
6.7600028753e+01 -1.52967836e-01 0.00000000e+00 9.88231168e-01 1.47308721e+01 0.00000000e+00 1.00000000e+00 0.00000000e+00 -8.05754320e-01 -9.88231168e-01 0.00000000e+00 -1.52967836e-01 1.02903424e+01
6.7700057030e+01 -1.77951872e-01 0.00000000e+00 9.84039192e-01 1.50202826e+01 0.00000000e+00 1.00000000e+00 0.00000000e+00 -8.07153576e-01 -9.84039192e-01 0.00000000e+00 -1.77951872e-01 1.03092702e+01
6.7800060511e+01 -1.89255743e-01 0.00000000e+00 9.81927830e-01 1.53152158e+01 0.00000000e+00 1.00000000e+00 0.00000000e+00 -8.02452847e-01 -9.81927830e-01 0.00000000e+00 -1.89255743e-01 1.03122612e+01
6.7900167704e+01 -2.19681403e-01 0.00000000e+00 9.75571669e-01 1.55951832e+01 0.00000000e+00 1.00000000e+00 0.00000000e+00 -8.06652110e-01 -9.75571669e-01 0.00000000e+00 -2.19681403e-01 1.03227410e+01
6.8000162840e+01 -2.45711200e-01 0.00000000e+00 9.69343080e-01 1.58746130e+01 0.00000000e+00 1.00000000e+00 0.00000000e+00 -7.96651373e-01 -9.69343080e-01 0.00000000e+00 -2.45711200e-01 1.03284419e+01
6.8100045443e+01 -2.82475224e-01 0.00000000e+00 9.59274595e-01 1.61397188e+01 0.00000000e+00 1.00000000e+00 0.00000000e+00 -8.06750668e-01 -9.59274595e-01 0.00000000e+00 -2.82475224e-01 1.03233147e+01
6.8200075626e+01 -3.10991488e-01 0.00000000e+00 9.50412697e-01 1.64094155e+01 0.00000000e+00 1.00000000e+00 0.00000000e+00 -8.13549972e-01 -9.50412697e-01 0.00000000e+00 -3.10991488e-01 1.03032903e+01
6.8300058365e+01 -3.47044721e-01 0.00000000e+00 9.37848581e-01 1.66571374e+01 0.00000000e+00 1.00000000e+00 0.00000000e+00 -8.11749357e-01 -9.37848581e-01 0.00000000e+00 -3.47044721e-01 1.02605546e+01
6.8400218725e+01 -3.86993910e-01 0.00000000e+00 9.22082271e-01 1.69015264e+01 0.00000000e+00 1.00000000e+00 0.00000000e+00 -8.24748758e-01 -9.22082271e-01 0.00000000e+00 -3.86993910e-01 1.02050421e+01
6.8500069618e+01 -4.30965806e-01 0.00000000e+00 9.02368259e-01 1.71482118e+01 0.00000000e+00 1.00000000e+00 0.00000000e+00 -8.33648165e-01 -9.02368259e-01 0.00000000e+00 -4.30965806e-01 1.01349435e+01
6.8600003958e+01 -4.77139878e-01 0.00000000e+00 8.78827365e-01 1.73810443e+01 0.00000000e+00 1.00000000e+00 0.00000000e+00 -8.24147611e-01 -8.78827365e-01 0.00000000e+00 -4.77139878e-01 1.00571072e+01
6.8700221539e+01 -5.08922780e-01 0.00000000e+00 8.60812177e-01 1.76275309e+01 0.00000000e+00 1.00000000e+00 0.00000000e+00 -8.45047059e-01 -8.60812177e-01 0.00000000e+00 -5.08922780e-01 9.95655721e+00
6.8800236225e+01 -5.69014370e-01 0.00000000e+00 8.22327579e-01 1.78585501e+01 0.00000000e+00 1.00000000e+00 0.00000000e+00 -8.46246515e-01 -8.22327579e-01 0.00000000e+00 -5.69014370e-01 9.85997583e+00
6.8900031090e+01 -6.16720822e-01 0.00000000e+00 7.87181953e-01 1.80783331e+01 0.00000000e+00 1.00000000e+00 0.00000000e+00 -8.56646038e-01 -7.87181953e-01 0.00000000e+00 -6.16720822e-01 9.74160870e+00
6.8999994755e+01 -6.45447098e-01 0.00000000e+00 7.63804977e-01 1.82927382e+01 0.00000000e+00 1.00000000e+00 0.00000000e+00 -8.60345606e-01 -7.63804977e-01 0.00000000e+00 -6.45447098e-01 9.60610653e+00
6.9099993944e+01 -6.95134974e-01 0.00000000e+00 7.18879244e-01 1.84792285e+01 0.00000000e+00 1.00000000e+00 0.00000000e+00 -8.74945239e-01 -7.18879244e-01 0.00000000e+00 -6.95134974e-01 9.46949723e+00
6.9200011492e+01 -7.40552449e-01 0.00000000e+00 6.71998564e-01 1.86442052e+01 0.00000000e+00 1.00000000e+00 0.00000000e+00 -8.82944958e-01 -6.71998564e-01 0.00000000e+00 -7.40552449e-01 9.31782822e+00
6.9300492525e+01 -7.89069934e-01 0.00000000e+00 6.14303377e-01 1.87985992e+01 0.00000000e+00 1.00000000e+00 0.00000000e+00 -8.72444699e-01 -6.14303377e-01 0.00000000e+00 -7.89069934e-01 9.16947759e+00
6.9400089741e+01 -8.13983185e-01 0.00000000e+00 5.80888436e-01 1.89548709e+01 0.00000000e+00 1.00000000e+00 0.00000000e+00 -8.79244484e-01 -5.80888436e-01 0.00000000e+00 -8.13983185e-01 8.98975156e+00
6.9500098705e+01 -8.55164872e-01 0.00000000e+00 5.18356095e-01 1.90787983e+01 0.00000000e+00 1.00000000e+00 0.00000000e+00 -8.87644344e-01 -5.18356095e-01 0.00000000e+00 -8.55164872e-01 8.82023462e+00
6.9600406408e+01 -8.82903732e-01 0.00000000e+00 4.69554045e-01 1.91834255e+01 0.00000000e+00 1.00000000e+00 0.00000000e+00 -8.86644286e-01 -4.69554045e-01 0.00000000e+00 -8.82903732e-01 8.63440243e+00
6.9700160503e+01 -9.16824308e-01 0.00000000e+00 3.99290856e-01 1.92663156e+01 0.00000000e+00 1.00000000e+00 0.00000000e+00 -8.87144292e-01 -3.99290856e-01 0.00000000e+00 -9.16824308e-01 8.45230088e+00
6.9800092459e+01 -9.36692642e-01 0.00000000e+00 3.50152673e-01 1.93309567e+01 0.00000000e+00 1.00000000e+00 0.00000000e+00 -8.83844363e-01 -3.50152673e-01 0.00000000e+00 -9.36692642e-01 8.25882381e+00
6.9900166988e+01 -9.61375066e-01 0.00000000e+00 2.75241679e-01 1.93678194e+01 0.00000000e+00 1.00000000e+00 0.00000000e+00 -9.01644502e-01 -2.75241679e-01 0.00000000e+00 -9.61375066e-01 8.08726152e+00
7.0000181675e+01 -9.81243769e-01 0.00000000e+00 1.92771019e-01 1.93912455e+01 0.00000000e+00 1.00000000e+00 0.00000000e+00 -8.86544682e-01 -1.92771019e-01 0.00000000e+00 -9.81243769e-01 7.92225925e+00
7.0100481272e+01 -9.94245041e-01 0.00000000e+00 1.07129819e-01 1.93942127e+01 0.00000000e+00 1.00000000e+00 0.00000000e+00 -8.88144950e-01 -1.07129819e-01 0.00000000e+00 -9.94245041e-01 7.74089765e+00
7.0200843096e+01 -9.99391322e-01 0.00000000e+00 3.48853155e-02 1.93775318e+01 0.00000000e+00 1.00000000e+00 0.00000000e+00 -8.88745261e-01 -3.48853155e-02 0.00000000e+00 -9.99391322e-01 7.57072851e+00
7.0300420761e+01 -9.98876572e-01 0.00000000e+00 -4.73876955e-02 1.93402615e+01 0.00000000e+00 1.00000000e+00 0.00000000e+00 -9.00245637e-01 4.73876955e-02 0.00000000e+00 -9.98876572e-01 7.41012936e+00
7.0400074720e+01 -9.90232416e-01 0.00000000e+00 -1.39426550e-01 1.92982330e+01 0.00000000e+00 1.00000000e+00 0.00000000e+00 -9.02546022e-01 1.39426550e-01 0.00000000e+00 -9.90232416e-01 7.26570854e+00
7.0500066996e+01 -9.77043763e-01 0.00000000e+00 -2.13038692e-01 1.92353835e+01 0.00000000e+00 1.00000000e+00 0.00000000e+00 -8.96346466e-01 2.13038692e-01 0.00000000e+00 -9.77043763e-01 7.11521982e+00
7.0627898216e+01 -9.55749375e-01 0.00000000e+00 -2.94182142e-01 1.91653135e+01 0.00000000e+00 1.00000000e+00 0.00000000e+00 -9.20746946e-01 2.94182142e-01 0.00000000e+00 -9.55749375e-01 6.96365592e+00
7.0700029850e+01 -9.27003979e-01 0.00000000e+00 -3.75051495e-01 1.90728612e+01 0.00000000e+00 1.00000000e+00 0.00000000e+00 -9.13947478e-01 3.75051495e-01 0.00000000e+00 -9.27003979e-01 6.83098481e+00
7.0800001144e+01 -8.93913897e-01 0.00000000e+00 -4.48238714e-01 1.89581168e+01 0.00000000e+00 1.00000000e+00 0.00000000e+00 -9.13548080e-01 4.48238714e-01 0.00000000e+00 -8.93913897e-01 6.69160497e+00
7.0899981499e+01 -8.50214384e-01 0.00000000e+00 -5.26436606e-01 1.88539226e+01 0.00000000e+00 1.00000000e+00 0.00000000e+00 -9.08948644e-01 5.26436606e-01 0.00000000e+00 -8.50214384e-01 6.57225280e+00
7.0999992132e+01 -8.10844005e-01 0.00000000e+00 -5.85262334e-01 1.87234896e+01 0.00000000e+00 1.00000000e+00 0.00000000e+00 -9.01449267e-01 5.85262334e-01 0.00000000e+00 -8.10844005e-01 6.44288027e+00
7.1099958181e+01 -7.51110734e-01 0.00000000e+00 -6.60176238e-01 1.85990411e+01 0.00000000e+00 1.00000000e+00 0.00000000e+00 -9.09549889e-01 6.60176238e-01 0.00000000e+00 -7.51110734e-01 6.33126964e+00
7.1200031281e+01 -7.02148713e-01 0.00000000e+00 -7.12030326e-01 1.84390819e+01 0.00000000e+00 1.00000000e+00 0.00000000e+00 -9.13050569e-01 7.12030326e-01 0.00000000e+00 -7.02148713e-01 6.23107572e+00
7.1299989939e+01 -6.46271276e-01 0.00000000e+00 -7.63107750e-01 1.82876110e+01 0.00000000e+00 1.00000000e+00 0.00000000e+00 -9.11051243e-01 7.63107750e-01 0.00000000e+00 -6.46271276e-01 6.10922142e+00
7.1399997950e+01 -5.83458560e-01 0.00000000e+00 -8.12142911e-01 1.81267566e+01 0.00000000e+00 1.00000000e+00 0.00000000e+00 -9.02351925e-01 8.12142911e-01 0.00000000e+00 -5.83458560e-01 6.01221222e+00
7.1527001858e+01 -5.24633102e-01 0.00000000e+00 -8.51328437e-01 1.79414965e+01 0.00000000e+00 1.00000000e+00 0.00000000e+00 -9.12352657e-01 8.51328437e-01 0.00000000e+00 -5.24633102e-01 5.91148392e+00
7.1599984407e+01 -4.72500354e-01 0.00000000e+00 -8.81330480e-01 1.77693905e+01 0.00000000e+00 1.00000000e+00 0.00000000e+00 -9.38553337e-01 8.81330480e-01 0.00000000e+00 -4.72500354e-01 5.80019918e+00
7.1700205803e+01 -4.10471945e-01 0.00000000e+00 -9.11873227e-01 1.75729884e+01 0.00000000e+00 1.00000000e+00 0.00000000e+00 -9.43454068e-01 9.11873227e-01 0.00000000e+00 -4.10471945e-01 5.71590120e+00
7.1799992561e+01 -3.32284181e-01 0.00000000e+00 -9.43179316e-01 1.73840701e+01 0.00000000e+00 1.00000000e+00 0.00000000e+00 -9.41154783e-01 9.43179316e-01 0.00000000e+00 -3.32284181e-01 5.64108944e+00
7.1899988174e+01 -2.65715557e-01 0.00000000e+00 -9.64051473e-01 1.71690597e+01 0.00000000e+00 1.00000000e+00 0.00000000e+00 -9.42755528e-01 9.64051473e-01 0.00000000e+00 -2.65715557e-01 5.57918240e+00
7.1999973536e+01 -2.03174653e-01 0.00000000e+00 -9.79142513e-01 1.69480056e+01 0.00000000e+00 1.00000000e+00 0.00000000e+00 -9.37056263e-01 9.79142513e-01 0.00000000e+00 -2.03174653e-01 5.52233624e+00
7.2099908352e+01 -1.33774366e-01 0.00000000e+00 -9.91011816e-01 1.67333692e+01 0.00000000e+00 1.00000000e+00 0.00000000e+00 -9.38656969e-01 9.91011816e-01 0.00000000e+00 -1.33774366e-01 5.48068117e+00
7.2199909210e+01 -5.77877509e-02 0.00000000e+00 -9.98328892e-01 1.65023899e+01 0.00000000e+00 1.00000000e+00 0.00000000e+00 -9.42057691e-01 9.98328892e-01 0.00000000e+00 -5.77877509e-02 5.46333819e+00
7.2299991608e+01 -3.83636978e-03 0.00000000e+00 -9.99992641e-01 1.62476381e+01 0.00000000e+00 1.00000000e+00 0.00000000e+00 -9.23158443e-01 9.99992641e-01 0.00000000e+00 -3.83636978e-03 5.43453489e+00
7.2399970293e+01 4.86435798e-02 0.00000000e+00 -9.98816200e-01 1.59965276e+01 0.00000000e+00 1.00000000e+00 0.00000000e+00 -9.23159159e-01 9.98816200e-01 0.00000000e+00 4.86435798e-02 5.41434079e+00
7.2499925137e+01 1.03805051e-01 0.00000000e+00 -9.94597663e-01 1.57409214e+01 0.00000000e+00 1.00000000e+00 0.00000000e+00 -9.53759875e-01 9.94597663e-01 0.00000000e+00 1.03805051e-01 5.39744482e+00
7.2599928379e+01 1.47048607e-01 0.00000000e+00 -9.89129267e-01 1.54556411e+01 0.00000000e+00 1.00000000e+00 0.00000000e+00 -9.50960619e-01 9.89129267e-01 0.00000000e+00 1.47048607e-01 5.39995870e+00
7.2700068712e+01 2.06916749e-01 0.00000000e+00 -9.78358553e-01 1.51772670e+01 0.00000000e+00 1.00000000e+00 0.00000000e+00 -9.19861353e-01 9.78358553e-01 0.00000000e+00 2.06916749e-01 5.39458253e+00
7.2800137281e+01 2.50019758e-01 0.00000000e+00 -9.68240735e-01 1.48948875e+01 0.00000000e+00 1.00000000e+00 0.00000000e+00 -9.32862040e-01 9.68240735e-01 0.00000000e+00 2.50019758e-01 5.42133320e+00
7.2899951458e+01 3.06636185e-01 0.00000000e+00 -9.51826796e-01 1.46204217e+01 0.00000000e+00 1.00000000e+00 0.00000000e+00 -9.33162697e-01 9.51826796e-01 0.00000000e+00 3.06636185e-01 5.45569231e+00
7.2999927759e+01 3.49099228e-01 0.00000000e+00 -9.37085764e-01 1.43227873e+01 0.00000000e+00 1.00000000e+00 0.00000000e+00 -9.30463380e-01 9.37085764e-01 0.00000000e+00 3.49099228e-01 5.48658143e+00
7.3099987268e+01 3.93996963e-01 0.00000000e+00 -9.19111741e-01 1.40268443e+01 0.00000000e+00 1.00000000e+00 0.00000000e+00 -9.34664034e-01 9.19111741e-01 0.00000000e+00 3.93996963e-01 5.53205487e+00
7.3199941158e+01 4.39144092e-01 0.00000000e+00 -8.98416644e-01 1.37170825e+01 0.00000000e+00 1.00000000e+00 0.00000000e+00 -9.14464678e-01 8.98416644e-01 0.00000000e+00 4.39144092e-01 5.60156280e+00
7.3299907684e+01 4.72023616e-01 0.00000000e+00 -8.81585904e-01 1.34228726e+01 0.00000000e+00 1.00000000e+00 0.00000000e+00 -9.00065222e-01 8.81585904e-01 0.00000000e+00 4.72023616e-01 5.71699730e+00
7.3400017262e+01 5.17983694e-01 0.00000000e+00 -8.55390491e-01 1.31241626e+01 0.00000000e+00 1.00000000e+00 0.00000000e+00 -8.88265756e-01 8.55390491e-01 0.00000000e+00 5.17983694e-01 5.84495180e+00
7.3499979496e+01 5.41506166e-01 0.00000000e+00 -8.40696778e-01 1.28307711e+01 0.00000000e+00 1.00000000e+00 0.00000000e+00 -8.81766249e-01 8.40696778e-01 0.00000000e+00 5.41506166e-01 5.96746062e+00
7.3599932432e+01 6.10586584e-01 0.00000000e+00 -7.91949508e-01 1.25491458e+01 0.00000000e+00 1.00000000e+00 0.00000000e+00 -8.73066728e-01 7.91949508e-01 0.00000000e+00 6.10586584e-01 6.08648111e+00
7.3700046539e+01 6.58924583e-01 0.00000000e+00 -7.52209010e-01 1.22486927e+01 0.00000000e+00 1.00000000e+00 0.00000000e+00 -8.49267184e-01 7.52209010e-01 0.00000000e+00 6.58924583e-01 6.23423115e+00
7.3800101757e+01 6.79707180e-01 0.00000000e+00 -7.33483571e-01 1.19396816e+01 0.00000000e+00 1.00000000e+00 0.00000000e+00 -8.55067589e-01 7.33483571e-01 0.00000000e+00 6.79707180e-01 6.41716474e+00
7.3899912596e+01 6.89173344e-01 0.00000000e+00 -7.24596510e-01 1.16143920e+01 0.00000000e+00 1.00000000e+00 0.00000000e+00 -8.71267993e-01 7.24596510e-01 0.00000000e+00 6.89173344e-01 6.60312793e+00
7.3999979734e+01 7.29482122e-01 0.00000000e+00 -6.83999878e-01 1.13097254e+01 0.00000000e+00 1.00000000e+00 0.00000000e+00 -8.45568362e-01 6.83999878e-01 0.00000000e+00 7.29482122e-01 6.77078358e+00
7.4099934340e+01 7.45695457e-01 0.00000000e+00 -6.66286939e-01 1.10044738e+01 0.00000000e+00 1.00000000e+00 0.00000000e+00 -8.59568690e-01 6.66286939e-01 0.00000000e+00 7.45695457e-01 6.95721889e+00
7.4199908733e+01 7.57596024e-01 0.00000000e+00 -6.52723728e-01 1.06979612e+01 0.00000000e+00 1.00000000e+00 0.00000000e+00 -8.34568985e-01 6.52723728e-01 0.00000000e+00 7.57596024e-01 7.15194260e+00
7.4299897671e+01 7.58691007e-01 0.00000000e+00 -6.51450655e-01 1.03913810e+01 0.00000000e+00 1.00000000e+00 0.00000000e+00 -8.40669255e-01 6.51450655e-01 0.00000000e+00 7.58691007e-01 7.35095454e+00
7.4399948835e+01 7.59908277e-01 0.00000000e+00 -6.50030315e-01 1.00575772e+01 0.00000000e+00 1.00000000e+00 0.00000000e+00 -8.30869542e-01 6.50030315e-01 0.00000000e+00 7.59908277e-01 7.55313027e+00
7.4500144720e+01 7.52683239e-01 0.00000000e+00 -6.58382823e-01 9.72069023e+00 0.00000000e+00 1.00000000e+00 0.00000000e+00 -8.34369826e-01 6.58382823e-01 0.00000000e+00 7.52683239e-01 7.74252101e+00
7.4599955797e+01 7.76656486e-01 0.00000000e+00 -6.29924363e-01 9.41100601e+00 0.00000000e+00 1.00000000e+00 0.00000000e+00 -7.99970050e-01 6.29924363e-01 0.00000000e+00 7.76656486e-01 7.92579207e+00
7.4705329180e+01 7.50331092e-01 0.00000000e+00 -6.61062215e-01 9.06229658e+00 0.00000000e+00 1.00000000e+00 0.00000000e+00 -8.20670269e-01 6.61062215e-01 0.00000000e+00 7.50331092e-01 8.14875860e+00
7.4799922943e+01 7.38766080e-01 0.00000000e+00 -6.73961927e-01 8.70309259e+00 0.00000000e+00 1.00000000e+00 0.00000000e+00 -8.16570516e-01 6.73961927e-01 0.00000000e+00 7.38766080e-01 8.33586785e+00
7.4899924278e+01 7.33886615e-01 0.00000000e+00 -6.79271990e-01 8.33956161e+00 0.00000000e+00 1.00000000e+00 0.00000000e+00 -8.03870759e-01 6.79271990e-01 0.00000000e+00 7.33886615e-01 8.51065750e+00
7.4999910593e+01 7.26246912e-01 0.00000000e+00 -6.87433941e-01 7.95995209e+00 0.00000000e+00 1.00000000e+00 0.00000000e+00 -7.86970981e-01 6.87433941e-01 0.00000000e+00 7.26246912e-01 8.69694646e+00
7.5099920273e+01 7.12006349e-01 0.00000000e+00 -7.02173026e-01 7.56326320e+00 0.00000000e+00 1.00000000e+00 0.00000000e+00 -7.73071205e-01 7.02173026e-01 0.00000000e+00 7.12006349e-01 8.87685785e+00
7.5199936867e+01 7.02102468e-01 0.00000000e+00 -7.12075926e-01 7.15885699e+00 0.00000000e+00 1.00000000e+00 0.00000000e+00 -7.44071411e-01 7.12075926e-01 0.00000000e+00 7.02102468e-01 9.05332724e+00
7.5300058126e+01 6.79235235e-01 0.00000000e+00 -7.33920633e-01 6.74546286e+00 0.00000000e+00 1.00000000e+00 0.00000000e+00 -7.43371582e-01 7.33920633e-01 0.00000000e+00 6.79235235e-01 9.24371482e+00
7.5400002241e+01 6.48743632e-01 0.00000000e+00 -7.61007030e-01 6.31239402e+00 0.00000000e+00 1.00000000e+00 0.00000000e+00 -7.29171764e-01 7.61007030e-01 0.00000000e+00 6.48743632e-01 9.41793818e+00
7.5499924660e+01 6.28507194e-01 0.00000000e+00 -7.77803771e-01 5.86811057e+00 0.00000000e+00 1.00000000e+00 0.00000000e+00 -7.25171954e-01 7.77803771e-01 0.00000000e+00 6.28507194e-01 9.57070252e+00
7.5599918842e+01 6.24669204e-01 0.00000000e+00 -7.80889483e-01 5.43344391e+00 0.00000000e+00 1.00000000e+00 0.00000000e+00 -7.15072135e-01 7.80889483e-01 0.00000000e+00 6.24669204e-01 9.69546488e+00
7.5699927807e+01 5.88047952e-01 0.00000000e+00 -8.08826066e-01 4.96373268e+00 0.00000000e+00 1.00000000e+00 0.00000000e+00 -7.03672343e-01 8.08826066e-01 0.00000000e+00 5.88047952e-01 9.80655920e+00
7.5799955845e+01 5.56357277e-01 0.00000000e+00 -8.30943187e-01 4.48434909e+00 0.00000000e+00 1.00000000e+00 0.00000000e+00 -6.94872521e-01 8.30943187e-01 0.00000000e+00 5.56357277e-01 9.91462996e+00
7.5900064468e+01 5.20461084e-01 0.00000000e+00 -8.53885390e-01 4.01535057e+00 0.00000000e+00 1.00000000e+00 0.00000000e+00 -6.90272701e-01 8.53885390e-01 0.00000000e+00 5.20461084e-01 9.99664787e+00
7.6000100136e+01 4.88813313e-01 0.00000000e+00 -8.72388414e-01 3.54807951e+00 0.00000000e+00 1.00000000e+00 0.00000000e+00 -6.77772880e-01 8.72388414e-01 0.00000000e+00 4.88813313e-01 1.00541900e+01
7.6099921227e+01 4.62703189e-01 0.00000000e+00 -8.86513259e-01 3.08107395e+00 0.00000000e+00 1.00000000e+00 0.00000000e+00 -6.69973098e-01 8.86513259e-01 0.00000000e+00 4.62703189e-01 1.00621986e+01
7.6200025320e+01 4.45980307e-01 0.00000000e+00 -8.95042773e-01 2.63279285e+00 0.00000000e+00 1.00000000e+00 0.00000000e+00 -6.81373255e-01 8.95042773e-01 0.00000000e+00 4.45980307e-01 1.00823873e+01
7.6299966574e+01 3.92980937e-01 0.00000000e+00 -9.19546618e-01 2.15907808e+00 0.00000000e+00 1.00000000e+00 0.00000000e+00 -6.68473400e-01 9.19546618e-01 0.00000000e+00 3.92980937e-01 1.01024690e+01
7.6400390148e+01 3.73799264e-01 0.00000000e+00 -9.27509628e-01 1.71840803e+00 0.00000000e+00 1.00000000e+00 0.00000000e+00 -6.76573538e-01 9.27509628e-01 0.00000000e+00 3.73799264e-01 1.00921166e+01
7.6500153780e+01 3.44622959e-01 0.00000000e+00 -9.38741187e-01 1.27777271e+00 0.00000000e+00 1.00000000e+00 0.00000000e+00 -6.60373658e-01 9.38741187e-01 0.00000000e+00 3.44622959e-01 1.00766175e+01
7.6600006342e+01 3.05671138e-01 0.00000000e+00 -9.52137152e-01 8.36320521e-01 0.00000000e+00 1.00000000e+00 0.00000000e+00 -6.51773723e-01 9.52137152e-01 0.00000000e+00 3.05671138e-01 1.00809691e+01
7.6699986458e+01 3.04009408e-01 0.00000000e+00 -9.52669030e-01 4.16565104e-01 0.00000000e+00 1.00000000e+00 0.00000000e+00 -6.48473792e-01 9.52669030e-01 0.00000000e+00 3.04009408e-01 1.00526726e+01
7.6799984932e+01 2.81759378e-01 0.00000000e+00 -9.59485098e-01 -1.69591734e-03 0.00000000e+00 1.00000000e+00 0.00000000e+00 -6.47673844e-01 9.59485098e-01 0.00000000e+00 2.81759378e-01 1.00233597e+01
7.6899970293e+01 2.61542134e-01 0.00000000e+00 -9.65192060e-01 -4.22415255e-01 0.00000000e+00 1.00000000e+00 0.00000000e+00 -6.55373875e-01 9.65192060e-01 0.00000000e+00 2.61542134e-01 9.98939321e+00
7.6999927759e+01 2.73340171e-01 0.00000000e+00 -9.61917435e-01 -8.21730985e-01 0.00000000e+00 1.00000000e+00 0.00000000e+00 -6.41773874e-01 9.61917435e-01 0.00000000e+00 2.73340171e-01 9.95282051e+00
7.7099944592e+01 2.35958400e-01 0.00000000e+00 -9.71763157e-01 -1.23640538e+00 0.00000000e+00 1.00000000e+00 0.00000000e+00 -6.45073876e-01 9.71763157e-01 0.00000000e+00 2.35958400e-01 9.90940823e+00
7.7200021744e+01 2.16511866e-01 0.00000000e+00 -9.76279986e-01 -1.63116689e+00 0.00000000e+00 1.00000000e+00 0.00000000e+00 -6.38173850e-01 9.76279986e-01 0.00000000e+00 2.16511866e-01 9.86332462e+00
7.7299915075e+01 2.07241617e-01 0.00000000e+00 -9.78289789e-01 -2.01332212e+00 0.00000000e+00 1.00000000e+00 0.00000000e+00 -6.42573809e-01 9.78289789e-01 0.00000000e+00 2.07241617e-01 9.81242044e+00
7.7400365591e+01 1.99786617e-01 0.00000000e+00 -9.79839429e-01 -2.38927502e+00 0.00000000e+00 1.00000000e+00 0.00000000e+00 -6.38973769e-01 9.79839429e-01 0.00000000e+00 1.99786617e-01 9.74580583e+00
7.7499971390e+01 1.82237226e-01 0.00000000e+00 -9.83254592e-01 -2.75931562e+00 0.00000000e+00 1.00000000e+00 0.00000000e+00 -6.33973721e-01 9.83254592e-01 0.00000000e+00 1.82237226e-01 9.67459763e+00
7.7599985123e+01 1.56264225e-01 0.00000000e+00 -9.87715289e-01 -3.12403768e+00 0.00000000e+00 1.00000000e+00 0.00000000e+00 -6.32173677e-01 9.87715289e-01 0.00000000e+00 1.56264225e-01 9.59027272e+00
7.7699898243e+01 1.37163378e-01 0.00000000e+00 -9.90548438e-01 -3.48283761e+00 0.00000000e+00 1.00000000e+00 0.00000000e+00 -6.38773629e-01 9.90548438e-01 0.00000000e+00 1.37163378e-01 9.49355272e+00
7.7799914598e+01 1.06392355e-01 0.00000000e+00 -9.94324226e-01 -3.83395481e+00 0.00000000e+00 1.00000000e+00 0.00000000e+00 -6.27773572e-01 9.94324226e-01 0.00000000e+00 1.06392355e-01 9.39575659e+00
7.7899942160e+01 7.46521187e-02 0.00000000e+00 -9.97209638e-01 -4.17746883e+00 0.00000000e+00 1.00000000e+00 0.00000000e+00 -6.32373517e-01 9.97209638e-01 0.00000000e+00 7.46521187e-02 9.28547302e+00
7.7999963999e+01 4.05732663e-02 0.00000000e+00 -9.99176566e-01 -4.51217780e+00 0.00000000e+00 1.00000000e+00 0.00000000e+00 -6.23173477e-01 9.99176566e-01 0.00000000e+00 4.05732663e-02 9.15693490e+00
7.8099930525e+01 8.30649823e-03 0.00000000e+00 -9.99965500e-01 -4.83867031e+00 0.00000000e+00 1.00000000e+00 0.00000000e+00 -6.23773438e-01 9.99965500e-01 0.00000000e+00 8.30649823e-03 9.01619372e+00
7.8199941158e+01 -2.88922978e-02 0.00000000e+00 -9.99582530e-01 -5.14596707e+00 0.00000000e+00 1.00000000e+00 0.00000000e+00 -6.18373426e-01 9.99582530e-01 0.00000000e+00 -2.88922978e-02 8.85336871e+00
7.8300088406e+01 -7.25197340e-02 0.00000000e+00 -9.97366978e-01 -5.44909642e+00 0.00000000e+00 1.00000000e+00 0.00000000e+00 -6.38673405e-01 9.97366978e-01 0.00000000e+00 -7.25197340e-02 8.68976678e+00
7.8399980068e+01 -1.35362113e-01 0.00000000e+00 -9.90796194e-01 -5.75025944e+00 0.00000000e+00 1.00000000e+00 0.00000000e+00 -6.28973403e-01 9.90796194e-01 0.00000000e+00 -1.35362113e-01 8.50559616e+00
7.8499939680e+01 -1.80565571e-01 0.00000000e+00 -9.83562949e-01 -6.01555647e+00 0.00000000e+00 1.00000000e+00 0.00000000e+00 -6.29473436e-01 9.83562949e-01 0.00000000e+00 -1.80565571e-01 8.29842166e+00
7.8599917650e+01 -2.26482422e-01 0.00000000e+00 -9.74015253e-01 -6.26977897e+00 0.00000000e+00 1.00000000e+00 0.00000000e+00 -6.16173483e-01 9.74015253e-01 0.00000000e+00 -2.26482422e-01 8.07230340e+00
7.8699930668e+01 -2.81394570e-01 0.00000000e+00 -9.59592151e-01 -6.50499971e+00 0.00000000e+00 1.00000000e+00 0.00000000e+00 -6.23073559e-01 9.59592151e-01 0.00000000e+00 -2.81394570e-01 7.82927294e+00
7.8799958467e+01 -3.37400941e-01 0.00000000e+00 -9.41361039e-01 -6.72298500e+00 0.00000000e+00 1.00000000e+00 0.00000000e+00 -6.31273645e-01 9.41361039e-01 0.00000000e+00 -3.37400941e-01 7.57560280e+00
7.8900120735e+01 -4.02817092e-01 0.00000000e+00 -9.15280498e-01 -6.91846289e+00 0.00000000e+00 1.00000000e+00 0.00000000e+00 -6.18773758e-01 9.15280498e-01 0.00000000e+00 -4.02817092e-01 7.30960726e+00
7.8999964952e+01 -4.62382121e-01 0.00000000e+00 -8.86680762e-01 -7.09453519e+00 0.00000000e+00 1.00000000e+00 0.00000000e+00 -6.27773877e-01 8.86680762e-01 0.00000000e+00 -4.62382121e-01 7.03606076e+00
7.9099959135e+01 -5.31353237e-01 0.00000000e+00 -8.47150363e-01 -7.25082077e+00 0.00000000e+00 1.00000000e+00 0.00000000e+00 -6.42074026e-01 8.47150363e-01 0.00000000e+00 -5.31353237e-01 6.74310223e+00
7.9199975014e+01 -5.80220984e-01 0.00000000e+00 -8.14459090e-01 -7.37203497e+00 0.00000000e+00 1.00000000e+00 0.00000000e+00 -6.43874196e-01 8.14459090e-01 0.00000000e+00 -5.80220984e-01 6.44426579e+00
7.9299914598e+01 -6.41096075e-01 0.00000000e+00 -7.67460633e-01 -7.47930527e+00 0.00000000e+00 1.00000000e+00 0.00000000e+00 -6.38474364e-01 7.67460633e-01 0.00000000e+00 -6.41096075e-01 6.15115842e+00
7.9400339603e+01 -6.97209179e-01 0.00000000e+00 -7.16867742e-01 -7.55852801e+00 0.00000000e+00 1.00000000e+00 0.00000000e+00 -6.24174558e-01 7.16867742e-01 0.00000000e+00 -6.97209179e-01 5.84519355e+00
7.9500068665e+01 -7.51330541e-01 0.00000000e+00 -6.59926070e-01 -7.61595863e+00 0.00000000e+00 1.00000000e+00 0.00000000e+00 -6.42174758e-01 6.59926070e-01 0.00000000e+00 -7.51330541e-01 5.54401666e+00
7.9599966526e+01 -7.90774910e-01 0.00000000e+00 -6.12107050e-01 -7.64117849e+00 0.00000000e+00 1.00000000e+00 0.00000000e+00 -6.71274976e-01 6.12107050e-01 0.00000000e+00 -7.90774910e-01 5.24073342e+00
7.9699942350e+01 -8.41860379e-01 0.00000000e+00 -5.39695379e-01 -7.65411865e+00 0.00000000e+00 1.00000000e+00 0.00000000e+00 -6.87875197e-01 5.39695379e-01 0.00000000e+00 -8.41860379e-01 4.93635317e+00
7.9799992561e+01 -8.78414009e-01 0.00000000e+00 -4.77900438e-01 -7.63781119e+00 0.00000000e+00 1.00000000e+00 0.00000000e+00 -6.93775431e-01 4.77900438e-01 0.00000000e+00 -8.78414009e-01 4.63503964e+00
7.9899934292e+01 -9.13306426e-01 0.00000000e+00 -4.07273093e-01 -7.59443471e+00 0.00000000e+00 1.00000000e+00 0.00000000e+00 -6.93975684e-01 4.07273093e-01 0.00000000e+00 -9.13306426e-01 4.33188871e+00
7.9999974251e+01 -9.44531467e-01 0.00000000e+00 -3.28420931e-01 -7.53035897e+00 0.00000000e+00 1.00000000e+00 0.00000000e+00 -7.01075940e-01 3.28420931e-01 0.00000000e+00 -9.44531467e-01 4.03020497e+00
8.0099913120e+01 -9.66304287e-01 0.00000000e+00 -2.57402457e-01 -7.44353084e+00 0.00000000e+00 1.00000000e+00 0.00000000e+00 -7.23276209e-01 2.57402457e-01 0.00000000e+00 -9.66304287e-01 3.72178795e+00
8.0199954271e+01 -9.84334413e-01 0.00000000e+00 -1.76311553e-01 -7.31779835e+00 0.00000000e+00 1.00000000e+00 0.00000000e+00 -7.08476499e-01 1.76311553e-01 0.00000000e+00 -9.84334413e-01 3.42099062e+00
8.0299912691e+01 -9.94763543e-01 0.00000000e+00 -1.02203200e-01 -7.18258625e+00 0.00000000e+00 1.00000000e+00 0.00000000e+00 -7.45276776e-01 1.02203200e-01 0.00000000e+00 -9.94763543e-01 3.13572560e+00
8.0399967909e+01 -9.99930482e-01 0.00000000e+00 -1.17911236e-02 -7.00807316e+00 0.00000000e+00 1.00000000e+00 0.00000000e+00 -7.33677070e-01 1.17911236e-02 0.00000000e+00 -9.99930482e-01 2.85645171e+00
8.0500074387e+01 -9.98048137e-01 0.00000000e+00 6.24493167e-02 -6.79796545e+00 0.00000000e+00 1.00000000e+00 0.00000000e+00 -7.32377376e-01 -6.24493167e-02 0.00000000e+00 -9.98048137e-01 2.60071103e+00
8.0600037098e+01 -9.85006582e-01 0.00000000e+00 1.72516765e-01 -6.56751892e+00 0.00000000e+00 1.00000000e+00 0.00000000e+00 -7.09677693e-01 -1.72516765e-01 0.00000000e+00 -9.85006582e-01 2.29629647e+00
8.0699923992e+01 -9.67178396e-01 0.00000000e+00 2.54098309e-01 -6.32757904e+00 0.00000000e+00 1.00000000e+00 0.00000000e+00 -7.39677982e-01 -2.54098309e-01 0.00000000e+00 -9.67178396e-01 2.05460740e+00
8.0799945116e+01 -9.35486020e-01 0.00000000e+00 3.53363701e-01 -6.05320760e+00 0.00000000e+00 1.00000000e+00 0.00000000e+00 -7.48678273e-01 -3.53363701e-01 0.00000000e+00 -9.35486020e-01 1.82897294e+00
8.0899912834e+01 -9.06207687e-01 0.00000000e+00 4.22832860e-01 -5.75510555e+00 0.00000000e+00 1.00000000e+00 0.00000000e+00 -7.76678554e-01 -4.22832860e-01 0.00000000e+00 -9.06207687e-01 1.66252128e+00
8.0999970436e+01 -8.58636609e-01 0.00000000e+00 5.12584796e-01 -5.45618909e+00 0.00000000e+00 1.00000000e+00 0.00000000e+00 -7.79478812e-01 -5.12584796e-01 0.00000000e+00 -8.58636609e-01 1.49648047e+00
8.1099981546e+01 -8.36064759e-01 0.00000000e+00 5.48630768e-01 -5.14940205e+00 0.00000000e+00 1.00000000e+00 0.00000000e+00 -7.91379064e-01 -5.48630768e-01 0.00000000e+00 -8.36064759e-01 1.36892386e+00
8.1200117111e+01 -7.89413293e-01 0.00000000e+00 6.13862080e-01 -4.82025546e+00 0.00000000e+00 1.00000000e+00 0.00000000e+00 -8.00879308e-01 -6.13862080e-01 0.00000000e+00 -7.89413293e-01 1.22989602e+00
8.1299956799e+01 -7.36690937e-01 0.00000000e+00 6.76229594e-01 -4.50519842e+00 0.00000000e+00 1.00000000e+00 0.00000000e+00 -7.88279520e-01 -6.76229594e-01 0.00000000e+00 -7.36690937e-01 1.11231581e+00
8.1400127172e+01 -6.96104171e-01 0.00000000e+00 7.17940793e-01 -4.17190189e+00 0.00000000e+00 1.00000000e+00 0.00000000e+00 -7.91579726e-01 -7.17940793e-01 0.00000000e+00 -6.96104171e-01 1.03827445e+00
8.1500047922e+01 -6.77075612e-01 0.00000000e+00 7.35913456e-01 -3.84692944e+00 0.00000000e+00 1.00000000e+00 0.00000000e+00 -8.22679908e-01 -7.35913456e-01 0.00000000e+00 -6.77075612e-01 1.00509819e+00
8.1599976063e+01 -6.00712133e-01 0.00000000e+00 7.99465405e-01 -3.49659615e+00 0.00000000e+00 1.00000000e+00 0.00000000e+00 -8.05780078e-01 -7.99465405e-01 0.00000000e+00 -6.00712133e-01 9.33767395e-01
8.1699924469e+01 -5.62288777e-01 0.00000000e+00 8.26940948e-01 -3.16732433e+00 0.00000000e+00 1.00000000e+00 0.00000000e+00 -8.14080226e-01 -8.26940948e-01 0.00000000e+00 -5.62288777e-01 9.02715062e-01
8.1799982786e+01 -5.10373798e-01 0.00000000e+00 8.59952665e-01 -2.82062655e+00 0.00000000e+00 1.00000000e+00 0.00000000e+00 -8.31880358e-01 -8.59952665e-01 0.00000000e+00 -5.10373798e-01 8.93448022e-01
8.1899919987e+01 -4.41146632e-01 0.00000000e+00 8.97435039e-01 -2.46425394e+00 0.00000000e+00 1.00000000e+00 0.00000000e+00 -7.94080474e-01 -8.97435039e-01 0.00000000e+00 -4.41146632e-01 8.71212841e-01
8.1999934912e+01 -3.91269728e-01 0.00000000e+00 9.20276045e-01 -2.12902315e+00 0.00000000e+00 1.00000000e+00 0.00000000e+00 -8.14180565e-01 -9.20276045e-01 0.00000000e+00 -3.91269728e-01 9.01341066e-01
8.2100027323e+01 -3.25202306e-01 0.00000000e+00 9.45644468e-01 -1.76043207e+00 0.00000000e+00 1.00000000e+00 0.00000000e+00 -8.24080643e-01 -9.45644468e-01 0.00000000e+00 -3.25202306e-01 9.29419506e-01
8.2199969530e+01 -2.89963104e-01 0.00000000e+00 9.57037825e-01 -1.42091344e+00 0.00000000e+00 1.00000000e+00 0.00000000e+00 -8.13680696e-01 -9.57037825e-01 0.00000000e+00 -2.89963104e-01 9.87937644e-01
8.2299964190e+01 -2.48682303e-01 0.00000000e+00 9.68585108e-01 -1.08206967e+00 0.00000000e+00 1.00000000e+00 0.00000000e+00 -8.35380729e-01 -9.68585108e-01 0.00000000e+00 -2.48682303e-01 1.06338768e+00
8.2400006771e+01 -1.95028203e-01 0.00000000e+00 9.80797635e-01 -7.26775850e-01 0.00000000e+00 1.00000000e+00 0.00000000e+00 -8.31580744e-01 -9.80797635e-01 0.00000000e+00 -1.95028203e-01 1.13956833e+00
8.2499944448e+01 -1.48941584e-01 0.00000000e+00 9.88845996e-01 -3.73597159e-01 0.00000000e+00 1.00000000e+00 0.00000000e+00 -8.06180734e-01 -9.88845996e-01 0.00000000e+00 -1.48941584e-01 1.23562287e+00
8.2599983215e+01 -9.42923076e-02 0.00000000e+00 9.95544555e-01 -3.79164625e-02 0.00000000e+00 1.00000000e+00 0.00000000e+00 -8.11080698e-01 -9.95544555e-01 0.00000000e+00 -9.42923076e-02 1.37158075e+00
8.2699923038e+01 -4.41960984e-02 0.00000000e+00 9.99022875e-01 3.05617343e-01 0.00000000e+00 1.00000000e+00 0.00000000e+00 -8.08880638e-01 -9.99022875e-01 0.00000000e+00 -4.41960984e-02 1.51874603e+00
8.2799934387e+01 -1.24892332e-02 0.00000000e+00 9.99922006e-01 6.37492091e-01 0.00000000e+00 1.00000000e+00 0.00000000e+00 -8.21480554e-01 -9.99922006e-01 0.00000000e+00 -1.24892332e-02 1.68606741e+00
8.2899943113e+01 3.91375852e-02 0.00000000e+00 9.99233831e-01 9.75453821e-01 0.00000000e+00 1.00000000e+00 0.00000000e+00 -8.12980448e-01 -9.99233831e-01 0.00000000e+00 3.91375852e-02 1.85669621e+00
8.2999966145e+01 9.04507848e-02 0.00000000e+00 9.95900927e-01 1.30784388e+00 0.00000000e+00 1.00000000e+00 0.00000000e+00 -8.30180310e-01 -9.95900927e-01 0.00000000e+00 9.04507848e-02 2.06068377e+00
8.3099954367e+01 1.41417920e-01 0.00000000e+00 9.89949985e-01 1.64362611e+00 0.00000000e+00 1.00000000e+00 0.00000000e+00 -8.08480145e-01 -9.89949985e-01 0.00000000e+00 1.41417920e-01 2.28067687e+00
8.3199949980e+01 1.78969917e-01 0.00000000e+00 9.83854547e-01 1.96863445e+00 0.00000000e+00 1.00000000e+00 0.00000000e+00 -8.13079952e-01 -9.83854547e-01 0.00000000e+00 1.78969917e-01 2.51072908e+00
8.3299963713e+01 2.08733614e-01 0.00000000e+00 9.77972534e-01 2.27966998e+00 0.00000000e+00 1.00000000e+00 0.00000000e+00 -7.91879749e-01 -9.77972534e-01 0.00000000e+00 2.08733614e-01 2.72607751e+00
8.3400105238e+01 2.30163568e-01 0.00000000e+00 9.73151957e-01 2.57151920e+00 0.00000000e+00 1.00000000e+00 0.00000000e+00 -7.93679513e-01 -9.73151957e-01 0.00000000e+00 2.30163568e-01 2.97359288e+00
8.3500064373e+01 2.68179887e-01 0.00000000e+00 9.63368854e-01 2.88996080e+00 0.00000000e+00 1.00000000e+00 0.00000000e+00 -7.96979249e-01 -9.63368854e-01 0.00000000e+00 2.68179887e-01 3.21949706e+00
8.3599956989e+01 3.10354066e-01 0.00000000e+00 9.50621036e-01 3.22046092e+00 0.00000000e+00 1.00000000e+00 0.00000000e+00 -7.81978947e-01 -9.50621036e-01 0.00000000e+00 3.10354066e-01 3.48222829e+00
8.3699933290e+01 3.12795032e-01 0.00000000e+00 9.49820650e-01 3.50388088e+00 0.00000000e+00 1.00000000e+00 0.00000000e+00 -7.59078653e-01 -9.49820650e-01 0.00000000e+00 3.12795032e-01 3.71020028e+00
8.3799953938e+01 3.33225313e-01 0.00000000e+00 9.42847226e-01 3.80725859e+00 0.00000000e+00 1.00000000e+00 0.00000000e+00 -7.81978307e-01 -9.42847226e-01 0.00000000e+00 3.33225313e-01 3.97729507e+00
8.3899953127e+01 3.50106105e-01 0.00000000e+00 9.36710049e-01 4.10958076e+00 0.00000000e+00 1.00000000e+00 0.00000000e+00 -8.05977924e-01 -9.36710049e-01 0.00000000e+00 3.50106105e-01 4.26108846e+00
8.3999969482e+01 3.62524060e-01 0.00000000e+00 9.31974413e-01 4.41426626e+00 0.00000000e+00 1.00000000e+00 0.00000000e+00 -8.05077516e-01 -9.31974413e-01 0.00000000e+00 3.62524060e-01 4.53911573e+00
8.4099931002e+01 3.72814642e-01 0.00000000e+00 9.27905837e-01 4.71847178e+00 0.00000000e+00 1.00000000e+00 0.00000000e+00 -7.84777080e-01 -9.27905837e-01 0.00000000e+00 3.72814642e-01 4.81666330e+00
8.4199980974e+01 3.76044117e-01 0.00000000e+00 9.26601760e-01 5.02522803e+00 0.00000000e+00 1.00000000e+00 0.00000000e+00 -7.69076610e-01 -9.26601760e-01 0.00000000e+00 3.76044117e-01 5.09911376e+00
8.4299945354e+01 3.79253753e-01 0.00000000e+00 9.25292705e-01 5.33319554e+00 0.00000000e+00 1.00000000e+00 0.00000000e+00 -7.63876122e-01 -9.25292705e-01 0.00000000e+00 3.79253753e-01 5.36811718e+00
8.4399966002e+01 3.87880700e-01 0.00000000e+00 9.21709587e-01 5.65242942e+00 0.00000000e+00 1.00000000e+00 0.00000000e+00 -7.72075586e-01 -9.21709587e-01 0.00000000e+00 3.87880700e-01 5.65462928e+00
8.4499919653e+01 3.90979718e-01 0.00000000e+00 9.20399294e-01 5.96520487e+00 0.00000000e+00 1.00000000e+00 0.00000000e+00 -7.71075017e-01 -9.20399294e-01 0.00000000e+00 3.90979718e-01 5.94672802e+00
8.4599933386e+01 3.89528274e-01 0.00000000e+00 9.21014508e-01 6.27251527e+00 0.00000000e+00 1.00000000e+00 0.00000000e+00 -8.16874428e-01 -9.21014508e-01 0.00000000e+00 3.89528274e-01 6.23519424e+00
8.4699938774e+01 3.96268630e-01 0.00000000e+00 9.18134616e-01 6.58648804e+00 0.00000000e+00 1.00000000e+00 0.00000000e+00 -8.01873799e-01 -9.18134616e-01 0.00000000e+00 3.96268630e-01 6.53208073e+00
8.4799939156e+01 3.97814754e-01 0.00000000e+00 9.17465760e-01 6.90352181e+00 0.00000000e+00 1.00000000e+00 0.00000000e+00 -8.26273125e-01 -9.17465760e-01 0.00000000e+00 3.97814754e-01 6.83682384e+00
8.4899938107e+01 4.04487478e-01 0.00000000e+00 9.14543537e-01 7.23922282e+00 0.00000000e+00 1.00000000e+00 0.00000000e+00 -8.10572399e-01 -9.14543537e-01 0.00000000e+00 4.04487478e-01 7.14432008e+00
8.4999963045e+01 4.04611552e-01 0.00000000e+00 9.14488650e-01 7.59032838e+00 0.00000000e+00 1.00000000e+00 0.00000000e+00 -8.07971631e-01 -9.14488650e-01 0.00000000e+00 4.04611552e-01 7.44320311e+00
8.5099957466e+01 4.03779809e-01 0.00000000e+00 9.14856200e-01 7.92309866e+00 0.00000000e+00 1.00000000e+00 0.00000000e+00 -7.86570826e-01 -9.14856200e-01 0.00000000e+00 4.03779809e-01 7.76056946e+00
8.5200392723e+01 3.84261284e-01 0.00000000e+00 9.23224385e-01 8.23330867e+00 0.00000000e+00 1.00000000e+00 0.00000000e+00 -7.82369988e-01 -9.23224385e-01 0.00000000e+00 3.84261284e-01 8.08584910e+00
8.5299926758e+01 3.77608445e-01 0.00000000e+00 9.25965368e-01 8.57270776e+00 0.00000000e+00 1.00000000e+00 0.00000000e+00 -7.86769128e-01 -9.25965368e-01 0.00000000e+00 3.77608445e-01 8.38472158e+00
8.5400430679e+01 3.55858946e-01 0.00000000e+00 9.34539678e-01 8.90423438e+00 0.00000000e+00 1.00000000e+00 0.00000000e+00 -7.83368271e-01 -9.34539678e-01 0.00000000e+00 3.55858946e-01 8.65518765e+00
8.5499993324e+01 3.55559296e-01 0.00000000e+00 9.34653726e-01 9.27246110e+00 0.00000000e+00 1.00000000e+00 0.00000000e+00 -7.69267352e-01 -9.34653726e-01 0.00000000e+00 3.55559296e-01 8.92681476e+00
8.5599969864e+01 3.32395008e-01 0.00000000e+00 9.43140265e-01 9.60017547e+00 0.00000000e+00 1.00000000e+00 0.00000000e+00 -7.67566447e-01 -9.43140265e-01 0.00000000e+00 3.32395008e-01 9.19132587e+00
8.5699937105e+01 3.35987788e-01 0.00000000e+00 9.41866342e-01 9.95803872e+00 0.00000000e+00 1.00000000e+00 0.00000000e+00 -7.44165494e-01 -9.41866342e-01 0.00000000e+00 3.35987788e-01 9.45619116e+00
8.5800200224e+01 3.05005509e-01 0.00000000e+00 9.52350587e-01 1.02989462e+01 0.00000000e+00 1.00000000e+00 0.00000000e+00 -7.42664546e-01 -9.52350587e-01 0.00000000e+00 3.05005509e-01 9.69371068e+00
8.5899939775e+01 2.87403422e-01 0.00000000e+00 9.57809622e-01 1.06550541e+01 0.00000000e+00 1.00000000e+00 0.00000000e+00 -7.52263580e-01 -9.57809622e-01 0.00000000e+00 2.87403422e-01 9.91672770e+00
8.5999956131e+01 2.75563738e-01 0.00000000e+00 9.61282802e-01 1.10068391e+01 0.00000000e+00 1.00000000e+00 0.00000000e+00 -7.55962582e-01 -9.61282802e-01 0.00000000e+00 2.75563738e-01 1.01501759e+01
8.6099916697e+01 2.45256271e-01 0.00000000e+00 9.69458282e-01 1.13299525e+01 0.00000000e+00 1.00000000e+00 0.00000000e+00 -7.57761596e-01 -9.69458282e-01 0.00000000e+00 2.45256271e-01 1.03788441e+01
8.6199946165e+01 2.23269891e-01 0.00000000e+00 9.74756665e-01 1.16711794e+01 0.00000000e+00 1.00000000e+00 0.00000000e+00 -7.63160597e-01 -9.74756665e-01 0.00000000e+00 2.23269891e-01 1.05863620e+01
8.6299911261e+01 2.00731973e-01 0.00000000e+00 9.79646199e-01 1.20338553e+01 0.00000000e+00 1.00000000e+00 0.00000000e+00 -7.54259572e-01 -9.79646199e-01 0.00000000e+00 2.00731973e-01 1.07704216e+01
8.6399962187e+01 1.68876096e-01 0.00000000e+00 9.85637288e-01 1.23799987e+01 0.00000000e+00 1.00000000e+00 0.00000000e+00 -7.36058567e-01 -9.85637288e-01 0.00000000e+00 1.68876096e-01 1.09401038e+01
8.6499951601e+01 1.33435541e-01 0.00000000e+00 9.91057494e-01 1.27219701e+01 0.00000000e+00 1.00000000e+00 0.00000000e+00 -7.66457560e-01 -9.91057494e-01 0.00000000e+00 1.33435541e-01 1.10993972e+01
8.6599981785e+01 1.06061609e-01 0.00000000e+00 9.94359560e-01 1.30694486e+01 0.00000000e+00 1.00000000e+00 0.00000000e+00 -7.53156574e-01 -9.94359560e-01 0.00000000e+00 1.06061609e-01 1.12355417e+01
8.6699981451e+01 6.56197684e-02 0.00000000e+00 9.97844700e-01 1.34153374e+01 0.00000000e+00 1.00000000e+00 0.00000000e+00 -7.52955587e-01 -9.97844700e-01 0.00000000e+00 6.56197684e-02 1.13522233e+01
8.6799904585e+01 1.81204036e-02 0.00000000e+00 9.99835812e-01 1.37589255e+01 0.00000000e+00 1.00000000e+00 0.00000000e+00 -7.35454617e-01 -9.99835812e-01 0.00000000e+00 1.81204036e-02 1.14494489e+01
8.6899901152e+01 -1.51515455e-02 0.00000000e+00 9.99885209e-01 1.41082768e+01 0.00000000e+00 1.00000000e+00 0.00000000e+00 -7.31853647e-01 -9.99885209e-01 0.00000000e+00 -1.51515455e-02 1.15353041e+01
8.6999940157e+01 -4.59018208e-02 0.00000000e+00 9.98945956e-01 1.44556521e+01 0.00000000e+00 1.00000000e+00 0.00000000e+00 -7.52452693e-01 -9.98945956e-01 0.00000000e+00 -4.59018208e-02 1.16060741e+01
8.7099905968e+01 -8.48694935e-02 0.00000000e+00 9.96392076e-01 1.48031092e+01 0.00000000e+00 1.00000000e+00 0.00000000e+00 -7.55451745e-01 -9.96392076e-01 0.00000000e+00 -8.48694935e-02 1.16586002e+01
8.7199899673e+01 -1.49508117e-01 0.00000000e+00 9.88760498e-01 1.51277401e+01 0.00000000e+00 1.00000000e+00 0.00000000e+00 -7.50250849e-01 -9.88760498e-01 0.00000000e+00 -1.49508117e-01 1.16882356e+01
8.7299901247e+01 -1.88877546e-01 0.00000000e+00 9.82000648e-01 1.54557065e+01 0.00000000e+00 1.00000000e+00 0.00000000e+00 -7.69849982e-01 -9.82000648e-01 0.00000000e+00 -1.88877546e-01 1.17045842e+01
8.7399953127e+01 -2.11465363e-01 0.00000000e+00 9.77385492e-01 1.57952691e+01 0.00000000e+00 1.00000000e+00 0.00000000e+00 -7.72349104e-01 -9.77385492e-01 0.00000000e+00 -2.11465363e-01 1.17090609e+01
8.7499934673e+01 -2.73519696e-01 0.00000000e+00 9.61866402e-01 1.61069197e+01 0.00000000e+00 1.00000000e+00 0.00000000e+00 -7.57348304e-01 -9.61866402e-01 0.00000000e+00 -2.73519696e-01 1.16827522e+01
8.7599978685e+01 -3.13866379e-01 0.00000000e+00 9.49467164e-01 1.64083836e+01 0.00000000e+00 1.00000000e+00 0.00000000e+00 -7.58647544e-01 -9.49467164e-01 0.00000000e+00 -3.13866379e-01 1.16515999e+01
8.7699932337e+01 -3.70341967e-01 0.00000000e+00 9.28895488e-01 1.66947057e+01 0.00000000e+00 1.00000000e+00 0.00000000e+00 -7.75746833e-01 -9.28895488e-01 0.00000000e+00 -3.70341967e-01 1.16009811e+01
8.7799960852e+01 -4.15763220e-01 0.00000000e+00 9.09472894e-01 1.69882002e+01 0.00000000e+00 1.00000000e+00 0.00000000e+00 -7.81146097e-01 -9.09472894e-01 0.00000000e+00 -4.15763220e-01 1.15530078e+01
8.7899905205e+01 -4.47218734e-01 0.00000000e+00 8.94424622e-01 1.72884431e+01 0.00000000e+00 1.00000000e+00 0.00000000e+00 -7.84345397e-01 -8.94424622e-01 0.00000000e+00 -4.47218734e-01 1.14728619e+01
8.7999938250e+01 -4.91055398e-01 0.00000000e+00 8.71128346e-01 1.75686838e+01 0.00000000e+00 1.00000000e+00 0.00000000e+00 -8.05144749e-01 -8.71128346e-01 0.00000000e+00 -4.91055398e-01 1.13827610e+01
8.8099897385e+01 -5.46007829e-01 0.00000000e+00 8.37780073e-01 1.78264325e+01 0.00000000e+00 1.00000000e+00 0.00000000e+00 -8.07244137e-01 -8.37780073e-01 0.00000000e+00 -5.46007829e-01 1.12973665e+01
8.8199969053e+01 -5.80626820e-01 0.00000000e+00 8.14169820e-01 1.80922432e+01 0.00000000e+00 1.00000000e+00 0.00000000e+00 -8.30743535e-01 -8.14169820e-01 0.00000000e+00 -5.80626820e-01 1.11954544e+01
8.8299909830e+01 -6.19282551e-01 0.00000000e+00 7.85168213e-01 1.83407863e+01 0.00000000e+00 1.00000000e+00 0.00000000e+00 -8.42743011e-01 -7.85168213e-01 0.00000000e+00 -6.19282551e-01 1.10707845e+01
8.8400030375e+01 -6.47720201e-01 0.00000000e+00 7.61878298e-01 1.85785273e+01 0.00000000e+00 1.00000000e+00 0.00000000e+00 -8.49242522e-01 -7.61878298e-01 0.00000000e+00 -6.47720201e-01 1.09413174e+01
8.8517163754e+01 -6.98862964e-01 0.00000000e+00 7.15255589e-01 1.87913757e+01 0.00000000e+00 1.00000000e+00 0.00000000e+00 -8.66742105e-01 -7.15255589e-01 0.00000000e+00 -6.98862964e-01 1.08019291e+01
8.8599927902e+01 -7.18240573e-01 0.00000000e+00 6.95794855e-01 1.90027980e+01 0.00000000e+00 1.00000000e+00 0.00000000e+00 -8.74541716e-01 -6.95794855e-01 0.00000000e+00 -7.18240573e-01 1.06512566e+01
8.8699958324e+01 -7.55928039e-01 0.00000000e+00 6.54654718e-01 1.91916133e+01 0.00000000e+00 1.00000000e+00 0.00000000e+00 -8.80141409e-01 -6.54654718e-01 0.00000000e+00 -7.55928039e-01 1.04840247e+01
8.8799995899e+01 -7.75721813e-01 0.00000000e+00 6.31075010e-01 1.93950963e+01 0.00000000e+00 1.00000000e+00 0.00000000e+00 -8.67241096e-01 -6.31075010e-01 0.00000000e+00 -7.75721813e-01 1.02905490e+01
8.8899924994e+01 -8.07738002e-01 0.00000000e+00 5.89541619e-01 1.95628235e+01 0.00000000e+00 1.00000000e+00 0.00000000e+00 -8.92340857e-01 -5.89541619e-01 0.00000000e+00 -8.07738002e-01 1.01137559e+01
8.8999912024e+01 -8.47908271e-01 0.00000000e+00 5.30142966e-01 1.97089238e+01 0.00000000e+00 1.00000000e+00 0.00000000e+00 -8.82640683e-01 -5.30142966e-01 0.00000000e+00 -8.47908271e-01 9.93530765e+00
8.9099944353e+01 -8.76013528e-01 0.00000000e+00 4.82286531e-01 1.98564526e+01 0.00000000e+00 1.00000000e+00 0.00000000e+00 -8.86340515e-01 -4.82286531e-01 0.00000000e+00 -8.76013528e-01 9.74704544e+00
8.9199928045e+01 -9.01757343e-01 0.00000000e+00 4.32242634e-01 2.00011517e+01 0.00000000e+00 1.00000000e+00 0.00000000e+00 -9.03140378e-01 -4.32242634e-01 0.00000000e+00 -9.01757343e-01 9.54180496e+00
8.9299916744e+01 -9.17012590e-01 0.00000000e+00 3.98858257e-01 2.01332259e+01 0.00000000e+00 1.00000000e+00 0.00000000e+00 -9.21440288e-01 -3.98858257e-01 0.00000000e+00 -9.17012590e-01 9.32362828e+00
8.9399939537e+01 -9.44124817e-01 0.00000000e+00 3.29588122e-01 2.02555677e+01 0.00000000e+00 1.00000000e+00 0.00000000e+00 -9.33540217e-01 -3.29588122e-01 0.00000000e+00 -9.44124817e-01 9.11823622e+00
8.9499946356e+01 -9.57796178e-01 0.00000000e+00 2.87448224e-01 2.03596253e+01 0.00000000e+00 1.00000000e+00 0.00000000e+00 -9.24440243e-01 -2.87448224e-01 0.00000000e+00 -9.57796178e-01 8.87530295e+00
8.9599939823e+01 -9.73839690e-01 0.00000000e+00 2.27236129e-01 2.04705216e+01 0.00000000e+00 1.00000000e+00 0.00000000e+00 -8.96940252e-01 -2.27236129e-01 0.00000000e+00 -9.73839690e-01 8.62808503e+00
8.9699966192e+01 -9.86848362e-01 0.00000000e+00 1.61648728e-01 2.05461505e+01 0.00000000e+00 1.00000000e+00 0.00000000e+00 -8.83540371e-01 -1.61648728e-01 0.00000000e+00 -9.86848362e-01 8.38410787e+00
8.9799974442e+01 -9.94736471e-01 0.00000000e+00 1.02466350e-01 2.06013817e+01 0.00000000e+00 1.00000000e+00 0.00000000e+00 -8.97240549e-01 -1.02466350e-01 0.00000000e+00 -9.94736471e-01 8.13706298e+00
8.9899981499e+01 -9.99421771e-01 0.00000000e+00 3.40018100e-02 2.06288959e+01 0.00000000e+00 1.00000000e+00 0.00000000e+00 -9.12540806e-01 -3.40018100e-02 0.00000000e+00 -9.99421771e-01 7.90355819e+00
8.9999998331e+01 -9.99510789e-01 0.00000000e+00 -3.12759279e-02 2.06436328e+01 0.00000000e+00 1.00000000e+00 0.00000000e+00 -9.00141101e-01 3.12759279e-02 0.00000000e+00 -9.99510789e-01 7.66833395e+00
9.0099933386e+01 -9.94361924e-01 0.00000000e+00 -1.06039444e-01 2.06378202e+01 0.00000000e+00 1.00000000e+00 0.00000000e+00 -9.20041466e-01 1.06039444e-01 0.00000000e+00 -9.94361924e-01 7.43534503e+00
9.0199903727e+01 -9.83936909e-01 0.00000000e+00 -1.78516550e-01 2.06228317e+01 0.00000000e+00 1.00000000e+00 0.00000000e+00 -9.05241863e-01 1.78516550e-01 0.00000000e+00 -9.83936909e-01 7.19814576e+00
9.0299947500e+01 -9.72530702e-01 0.00000000e+00 -2.32774641e-01 2.05811878e+01 0.00000000e+00 1.00000000e+00 0.00000000e+00 -9.19342332e-01 2.32774641e-01 0.00000000e+00 -9.72530702e-01 6.95386353e+00
9.0400024652e+01 -9.45390132e-01 0.00000000e+00 -3.25940944e-01 2.05325004e+01 0.00000000e+00 1.00000000e+00 0.00000000e+00 -9.15042836e-01 3.25940944e-01 0.00000000e+00 -9.45390132e-01 6.74086261e+00
9.0499905348e+01 -9.24260179e-01 0.00000000e+00 -3.81763175e-01 2.04511972e+01 0.00000000e+00 1.00000000e+00 0.00000000e+00 -9.29443418e-01 3.81763175e-01 0.00000000e+00 -9.24260179e-01 6.50666234e+00
9.0599922419e+01 -8.97996142e-01 0.00000000e+00 -4.40003328e-01 2.03798081e+01 0.00000000e+00 1.00000000e+00 0.00000000e+00 -9.59543968e-01 4.40003328e-01 0.00000000e+00 -8.97996142e-01 6.27023640e+00
9.0699947119e+01 -8.68124228e-01 0.00000000e+00 -4.96346981e-01 2.02655561e+01 0.00000000e+00 1.00000000e+00 0.00000000e+00 -9.70944644e-01 4.96346981e-01 0.00000000e+00 -8.68124228e-01 6.04361920e+00
9.0799910069e+01 -8.25569001e-01 0.00000000e+00 -5.64301183e-01 2.01453874e+01 0.00000000e+00 1.00000000e+00 0.00000000e+00 -9.69545334e-01 5.64301183e-01 0.00000000e+00 -8.25569001e-01 5.83778501e+00
9.0899897575e+01 -7.86661147e-01 0.00000000e+00 -6.17385002e-01 2.00119385e+01 0.00000000e+00 1.00000000e+00 0.00000000e+00 -9.63146040e-01 6.17385002e-01 0.00000000e+00 -7.86661147e-01 5.62937339e+00
9.0999899149e+01 -7.49341096e-01 0.00000000e+00 -6.62184205e-01 1.98454505e+01 0.00000000e+00 1.00000000e+00 0.00000000e+00 -9.78546833e-01 6.62184205e-01 0.00000000e+00 -7.49341096e-01 5.42048231e+00
9.1099923849e+01 -6.94783314e-01 0.00000000e+00 -7.19219123e-01 1.96805333e+01 0.00000000e+00 1.00000000e+00 0.00000000e+00 -9.83447624e-01 7.19219123e-01 0.00000000e+00 -6.94783314e-01 5.23614811e+00
9.1199918509e+01 -6.31574448e-01 0.00000000e+00 -7.75315237e-01 1.95048836e+01 0.00000000e+00 1.00000000e+00 0.00000000e+00 -9.97948446e-01 7.75315237e-01 0.00000000e+00 -6.31574448e-01 5.05468410e+00
9.1299921751e+01 -5.79841672e-01 0.00000000e+00 -8.14729179e-01 1.92988190e+01 0.00000000e+00 1.00000000e+00 0.00000000e+00 -9.98849317e-01 8.14729179e-01 0.00000000e+00 -5.79841672e-01 4.88064028e+00
9.1399948359e+01 -5.08614224e-01 0.00000000e+00 -8.60994524e-01 1.91038157e+01 0.00000000e+00 1.00000000e+00 0.00000000e+00 -9.89450169e-01 8.60994524e-01 0.00000000e+00 -5.08614224e-01 4.71032433e+00
9.1499977350e+01 -4.55038077e-01 0.00000000e+00 -8.90471981e-01 1.88598326e+01 0.00000000e+00 1.00000000e+00 0.00000000e+00 -9.96751100e-01 8.90471981e-01 0.00000000e+00 -4.55038077e-01 4.56767158e+00
9.1599993944e+01 -3.88605198e-01 0.00000000e+00 -9.21404363e-01 1.86305584e+01 0.00000000e+00 1.00000000e+00 0.00000000e+00 -9.79251987e-01 9.21404363e-01 0.00000000e+00 -3.88605198e-01 4.43121245e+00
9.1699905872e+01 -3.11145991e-01 0.00000000e+00 -9.50362127e-01 1.83915695e+01 0.00000000e+00 1.00000000e+00 0.00000000e+00 -9.54352898e-01 9.50362127e-01 0.00000000e+00 -3.11145991e-01 4.30631754e+00
9.1799943209e+01 -2.39444486e-01 0.00000000e+00 -9.70910057e-01 1.81308398e+01 0.00000000e+00 1.00000000e+00 0.00000000e+00 -9.60953826e-01 9.70910057e-01 0.00000000e+00 -2.39444486e-01 4.21366804e+00
9.1899986506e+01 -1.80354916e-01 0.00000000e+00 -9.83601598e-01 1.78598057e+01 0.00000000e+00 1.00000000e+00 0.00000000e+00 -9.67254747e-01 9.83601598e-01 0.00000000e+00 -1.80354916e-01 4.11244982e+00
9.1999942064e+01 -1.02383771e-01 0.00000000e+00 -9.94744974e-01 1.75874544e+01 0.00000000e+00 1.00000000e+00 0.00000000e+00 -9.67455667e-01 9.94744974e-01 0.00000000e+00 -1.02383771e-01 4.03877546e+00
9.2099936008e+01 -3.14077163e-02 0.00000000e+00 -9.99506656e-01 1.73118030e+01 0.00000000e+00 1.00000000e+00 0.00000000e+00 -9.56256553e-01 9.99506656e-01 0.00000000e+00 -3.14077163e-02 3.98692036e+00
9.2199926138e+01 3.81638902e-02 0.00000000e+00 -9.99271493e-01 1.70203492e+01 0.00000000e+00 1.00000000e+00 0.00000000e+00 -9.77757445e-01 9.99271493e-01 0.00000000e+00 3.81638902e-02 3.96953536e+00
9.2299964666e+01 1.18145387e-01 0.00000000e+00 -9.92996308e-01 1.67253137e+01 0.00000000e+00 1.00000000e+00 0.00000000e+00 -9.54958344e-01 9.92996308e-01 0.00000000e+00 1.18145387e-01 3.94693108e+00
9.2399992943e+01 1.92548013e-01 0.00000000e+00 -9.81287553e-01 1.64191287e+01 0.00000000e+00 1.00000000e+00 0.00000000e+00 -9.46859233e-01 9.81287553e-01 0.00000000e+00 1.92548013e-01 3.94300732e+00
9.2514239073e+01 2.34893736e-01 0.00000000e+00 -9.72021056e-01 1.61023230e+01 0.00000000e+00 1.00000000e+00 0.00000000e+00 -9.41760064e-01 9.72021056e-01 0.00000000e+00 2.34893736e-01 3.98345454e+00
9.2599959135e+01 3.00594210e-01 0.00000000e+00 -9.53752127e-01 1.57841764e+01 0.00000000e+00 1.00000000e+00 0.00000000e+00 -9.57460900e-01 9.53752127e-01 0.00000000e+00 3.00594210e-01 4.03381372e+00
9.2699940443e+01 3.81180811e-01 0.00000000e+00 -9.24500508e-01 1.54774150e+01 0.00000000e+00 1.00000000e+00 0.00000000e+00 -9.30161704e-01 9.24500508e-01 0.00000000e+00 3.81180811e-01 4.08184984e+00
9.2799902201e+01 4.27013328e-01 0.00000000e+00 -9.04245331e-01 1.51507301e+01 0.00000000e+00 1.00000000e+00 0.00000000e+00 -9.16962477e-01 9.04245331e-01 0.00000000e+00 4.27013328e-01 4.16439595e+00
9.2899896860e+01 4.87469285e-01 0.00000000e+00 -8.73140136e-01 1.48392635e+01 0.00000000e+00 1.00000000e+00 0.00000000e+00 -9.30863202e-01 8.73140136e-01 0.00000000e+00 4.87469285e-01 4.25103168e+00
9.2999910116e+01 5.49366024e-01 0.00000000e+00 -8.35581816e-01 1.45535915e+01 0.00000000e+00 1.00000000e+00 0.00000000e+00 -9.48963833e-01 8.35581816e-01 0.00000000e+00 5.49366024e-01 4.36432802e+00
9.3099910975e+01 6.07044078e-01 0.00000000e+00 -7.94668161e-01 1.42441247e+01 0.00000000e+00 1.00000000e+00 0.00000000e+00 -9.08064484e-01 7.94668161e-01 0.00000000e+00 6.07044078e-01 4.48649537e+00
9.3199902058e+01 6.28859556e-01 0.00000000e+00 -7.77518913e-01 1.39124002e+01 0.00000000e+00 1.00000000e+00 0.00000000e+00 -9.14065098e-01 7.77518913e-01 0.00000000e+00 6.28859556e-01 4.66379525e+00
9.3299916267e+01 6.82194433e-01 0.00000000e+00 -7.31170811e-01 1.36063193e+01 0.00000000e+00 1.00000000e+00 0.00000000e+00 -9.16165661e-01 7.31170811e-01 0.00000000e+00 6.82194433e-01 4.82709354e+00
9.3399977446e+01 7.11099401e-01 0.00000000e+00 -7.03091489e-01 1.32838934e+01 0.00000000e+00 1.00000000e+00 0.00000000e+00 -9.13166215e-01 7.03091489e-01 0.00000000e+00 7.11099401e-01 5.00032604e+00
9.3534319162e+01 7.35336378e-01 0.00000000e+00 -6.77702303e-01 1.29593844e+01 0.00000000e+00 1.00000000e+00 0.00000000e+00 -9.11166709e-01 6.77702303e-01 0.00000000e+00 7.35336378e-01 5.22015765e+00
9.3600055695e+01 7.65227789e-01 0.00000000e+00 -6.43759607e-01 1.26682923e+01 0.00000000e+00 1.00000000e+00 0.00000000e+00 -9.02467100e-01 6.43759607e-01 0.00000000e+00 7.65227789e-01 5.45563657e+00
9.3699944019e+01 7.82264034e-01 0.00000000e+00 -6.22947013e-01 1.23655404e+01 0.00000000e+00 1.00000000e+00 0.00000000e+00 -8.85767490e-01 6.22947013e-01 0.00000000e+00 7.82264034e-01 5.68369226e+00
9.3799955606e+01 8.02143153e-01 0.00000000e+00 -5.97131779e-01 1.20732689e+01 0.00000000e+00 1.00000000e+00 0.00000000e+00 -8.73567820e-01 5.97131779e-01 0.00000000e+00 8.02143153e-01 5.92917039e+00
9.3900057316e+01 8.02844331e-01 0.00000000e+00 -5.96188712e-01 1.17749030e+01 0.00000000e+00 1.00000000e+00 0.00000000e+00 -8.56468125e-01 5.96188712e-01 0.00000000e+00 8.02844331e-01 6.18619019e+00
9.3999914408e+01 8.20859941e-01 0.00000000e+00 -5.71129545e-01 1.14817012e+01 0.00000000e+00 1.00000000e+00 0.00000000e+00 -8.49168422e-01 5.71129545e-01 0.00000000e+00 8.20859941e-01 6.41619643e+00
9.4099954605e+01 8.34521610e-01 0.00000000e+00 -5.50975211e-01 1.11942793e+01 0.00000000e+00 1.00000000e+00 0.00000000e+00 -8.60068682e-01 5.50975211e-01 0.00000000e+00 8.34521610e-01 6.64866463e+00
9.4199977875e+01 8.43433389e-01 0.00000000e+00 -5.37233766e-01 1.09112277e+01 0.00000000e+00 1.00000000e+00 0.00000000e+00 -8.55168921e-01 5.37233766e-01 0.00000000e+00 8.43433389e-01 6.87423984e+00
9.4299967051e+01 8.43920022e-01 0.00000000e+00 -5.36469008e-01 1.06189266e+01 0.00000000e+00 1.00000000e+00 0.00000000e+00 -8.31169138e-01 5.36469008e-01 0.00000000e+00 8.43920022e-01 7.11553555e+00
9.4399968386e+01 8.41352265e-01 0.00000000e+00 -5.40487157e-01 1.03304187e+01 0.00000000e+00 1.00000000e+00 0.00000000e+00 -8.20069338e-01 5.40487157e-01 0.00000000e+00 8.41352265e-01 7.34784041e+00
9.4499961138e+01 8.45109370e-01 0.00000000e+00 -5.34593447e-01 1.00429053e+01 0.00000000e+00 1.00000000e+00 0.00000000e+00 -8.29369513e-01 5.34593447e-01 0.00000000e+00 8.45109370e-01 7.57998597e+00
9.4599964857e+01 8.40811857e-01 0.00000000e+00 -5.41327462e-01 9.74017032e+00 0.00000000e+00 1.00000000e+00 0.00000000e+00 -8.11869670e-01 5.41327462e-01 0.00000000e+00 8.40811857e-01 7.82953493e+00
9.4699953079e+01 8.43300844e-01 0.00000000e+00 -5.37441798e-01 9.44568282e+00 0.00000000e+00 1.00000000e+00 0.00000000e+00 -8.04069816e-01 5.37441798e-01 0.00000000e+00 8.43300844e-01 8.05823086e+00
9.4799920797e+01 8.38431350e-01 0.00000000e+00 -5.45007221e-01 9.14188161e+00 0.00000000e+00 1.00000000e+00 0.00000000e+00 -7.98569935e-01 5.45007221e-01 0.00000000e+00 8.38431350e-01 8.30289618e+00
9.4899915218e+01 8.36652534e-01 0.00000000e+00 -5.47734003e-01 8.81458910e+00 0.00000000e+00 1.00000000e+00 0.00000000e+00 -7.92770067e-01 5.47734003e-01 0.00000000e+00 8.36652534e-01 8.54202984e+00
9.4999929667e+01 8.29409894e-01 0.00000000e+00 -5.58640517e-01 8.48490580e+00 0.00000000e+00 1.00000000e+00 0.00000000e+00 -7.69970166e-01 5.58640517e-01 0.00000000e+00 8.29409894e-01 8.79059255e+00
9.5099938631e+01 8.33682194e-01 0.00000000e+00 -5.52244511e-01 8.15743471e+00 0.00000000e+00 1.00000000e+00 0.00000000e+00 -7.67070244e-01 5.52244511e-01 0.00000000e+00 8.33682194e-01 9.02976571e+00
9.5199886322e+01 8.21466985e-01 0.00000000e+00 -5.70256077e-01 7.79810442e+00 0.00000000e+00 1.00000000e+00 0.00000000e+00 -7.54070325e-01 5.70256077e-01 0.00000000e+00 8.21466985e-01 9.28094175e+00
9.5299918890e+01 8.11764617e-01 0.00000000e+00 -5.83984765e-01 7.44478347e+00 0.00000000e+00 1.00000000e+00 0.00000000e+00 -7.47070355e-01 5.83984765e-01 0.00000000e+00 8.11764617e-01 9.54256081e+00
9.5400021315e+01 8.03348270e-01 0.00000000e+00 -5.95509494e-01 7.09082214e+00 0.00000000e+00 1.00000000e+00 0.00000000e+00 -7.27970374e-01 5.95509494e-01 0.00000000e+00 8.03348270e-01 9.79142323e+00
9.5499917507e+01 7.94012547e-01 0.00000000e+00 -6.07901370e-01 6.72383296e+00 0.00000000e+00 1.00000000e+00 0.00000000e+00 -7.30770375e-01 6.07901370e-01 0.00000000e+00 7.94012547e-01 1.00408344e+01
9.5599895477e+01 7.84315934e-01 0.00000000e+00 -6.20361601e-01 6.33269870e+00 0.00000000e+00 1.00000000e+00 0.00000000e+00 -7.30770405e-01 6.20361601e-01 0.00000000e+00 7.84315934e-01 1.02681839e+01
9.5699937344e+01 7.67838923e-01 0.00000000e+00 -6.40642949e-01 5.92319645e+00 0.00000000e+00 1.00000000e+00 0.00000000e+00 -7.29670405e-01 6.40642949e-01 0.00000000e+00 7.67838923e-01 1.05079908e+01
9.5799941063e+01 7.57446502e-01 0.00000000e+00 -6.52897233e-01 5.50321728e+00 0.00000000e+00 1.00000000e+00 0.00000000e+00 -7.12270418e-01 6.52897233e-01 0.00000000e+00 7.57446502e-01 1.07200287e+01
9.5899921179e+01 7.44139080e-01 0.00000000e+00 -6.68024722e-01 5.07449158e+00 0.00000000e+00 1.00000000e+00 0.00000000e+00 -7.10970415e-01 6.68024722e-01 0.00000000e+00 7.44139080e-01 1.09267733e+01
9.5999885798e+01 7.22962321e-01 0.00000000e+00 -6.90887460e-01 4.63381520e+00 0.00000000e+00 1.00000000e+00 0.00000000e+00 -6.94570368e-01 6.90887460e-01 0.00000000e+00 7.22962321e-01 1.11481294e+01
9.6100104094e+01 7.07052013e-01 0.00000000e+00 -7.07161546e-01 4.18982761e+00 0.00000000e+00 1.00000000e+00 0.00000000e+00 -6.79070302e-01 7.07161546e-01 0.00000000e+00 7.07052013e-01 1.13570046e+01
9.6199975967e+01 6.90753763e-01 0.00000000e+00 -7.23090062e-01 3.71434537e+00 0.00000000e+00 1.00000000e+00 0.00000000e+00 -6.80070226e-01 7.23090062e-01 0.00000000e+00 6.90753763e-01 1.15597348e+01
9.6300014734e+01 6.58289792e-01 0.00000000e+00 -7.52764604e-01 3.23251755e+00 0.00000000e+00 1.00000000e+00 0.00000000e+00 -6.74570155e-01 7.52764604e-01 0.00000000e+00 6.58289792e-01 1.17452689e+01
9.6400100946e+01 6.40824028e-01 0.00000000e+00 -7.67687804e-01 2.76160904e+00 0.00000000e+00 1.00000000e+00 0.00000000e+00 -6.61070092e-01 7.67687804e-01 0.00000000e+00 6.40824028e-01 1.18960094e+01
9.6500204563e+01 6.14993309e-01 0.00000000e+00 -7.88532326e-01 2.27788766e+00 0.00000000e+00 1.00000000e+00 0.00000000e+00 -6.68170045e-01 7.88532326e-01 0.00000000e+00 6.14993309e-01 1.20235576e+01
9.6599932432e+01 5.84834394e-01 0.00000000e+00 -8.11152718e-01 1.78108994e+00 0.00000000e+00 1.00000000e+00 0.00000000e+00 -6.47069961e-01 8.11152718e-01 0.00000000e+00 5.84834394e-01 1.21518969e+01
9.6699996948e+01 5.66906796e-01 0.00000000e+00 -8.23781940e-01 1.30641903e+00 0.00000000e+00 1.00000000e+00 0.00000000e+00 -6.26469873e-01 8.23781940e-01 0.00000000e+00 5.66906796e-01 1.22560821e+01
9.6799957037e+01 5.44341764e-01 0.00000000e+00 -8.38863543e-01 8.32463411e-01 0.00000000e+00 1.00000000e+00 0.00000000e+00 -6.18769775e-01 8.38863543e-01 0.00000000e+00 5.44341764e-01 1.23463668e+01
9.6900104284e+01 5.17754003e-01 0.00000000e+00 -8.55529539e-01 3.49465270e-01 0.00000000e+00 1.00000000e+00 0.00000000e+00 -6.23669722e-01 8.55529539e-01 0.00000000e+00 5.17754003e-01 1.23957128e+01
9.6999919653e+01 4.65015238e-01 0.00000000e+00 -8.85302676e-01 -1.49758783e-01 0.00000000e+00 1.00000000e+00 0.00000000e+00 -6.11669613e-01 8.85302676e-01 0.00000000e+00 4.65015238e-01 1.24659614e+01
9.7099998951e+01 4.55257655e-01 0.00000000e+00 -8.90359741e-01 -6.14141652e-01 0.00000000e+00 1.00000000e+00 0.00000000e+00 -5.92769526e-01 8.90359741e-01 0.00000000e+00 4.55257655e-01 1.24892004e+01
9.7199986935e+01 4.15423641e-01 0.00000000e+00 -9.09628055e-01 -1.09051587e+00 0.00000000e+00 1.00000000e+00 0.00000000e+00 -6.02669425e-01 9.09628055e-01 0.00000000e+00 4.15423641e-01 1.25127704e+01
9.7300026655e+01 3.73694558e-01 0.00000000e+00 -9.27551819e-01 -1.56713536e+00 0.00000000e+00 1.00000000e+00 0.00000000e+00 -6.01869338e-01 9.27551819e-01 0.00000000e+00 3.73694558e-01 1.25115318e+01
9.7399961472e+01 3.30624847e-01 0.00000000e+00 -9.43762264e-01 -2.04083022e+00 0.00000000e+00 1.00000000e+00 0.00000000e+00 -5.96969240e-01 9.43762264e-01 0.00000000e+00 3.30624847e-01 1.24983555e+01
9.7513444424e+01 2.97787364e-01 0.00000000e+00 -9.54632226e-01 -2.50527558e+00 0.00000000e+00 1.00000000e+00 0.00000000e+00 -5.96469140e-01 9.54632226e-01 0.00000000e+00 2.97787364e-01 1.24662250e+01
9.7599998474e+01 2.70492071e-01 0.00000000e+00 -9.62722203e-01 -2.95902838e+00 0.00000000e+00 1.00000000e+00 0.00000000e+00 -5.96869068e-01 9.62722203e-01 0.00000000e+00 2.70492071e-01 1.24033320e+01
9.7700098753e+01 2.26578898e-01 0.00000000e+00 -9.73992815e-01 -3.41470470e+00 0.00000000e+00 1.00000000e+00 0.00000000e+00 -5.79368986e-01 9.73992815e-01 0.00000000e+00 2.26578898e-01 1.23329251e+01
9.7800058842e+01 1.95121802e-01 0.00000000e+00 -9.80779018e-01 -3.85592643e+00 0.00000000e+00 1.00000000e+00 0.00000000e+00 -5.71968876e-01 9.80779018e-01 0.00000000e+00 1.95121802e-01 1.22594177e+01
9.7899961472e+01 1.44469620e-01 0.00000000e+00 -9.89509236e-01 -4.31026893e+00 0.00000000e+00 1.00000000e+00 0.00000000e+00 -5.69668810e-01 9.89509236e-01 0.00000000e+00 1.44469620e-01 1.21493350e+01
9.8000052691e+01 1.02299696e-01 0.00000000e+00 -9.94753624e-01 -4.74313784e+00 0.00000000e+00 1.00000000e+00 0.00000000e+00 -5.74768756e-01 9.94753624e-01 0.00000000e+00 1.02299696e-01 1.20189736e+01
9.8099918127e+01 9.50623505e-02 0.00000000e+00 -9.95471320e-01 -5.15175347e+00 0.00000000e+00 1.00000000e+00 0.00000000e+00 -5.61668680e-01 9.95471320e-01 0.00000000e+00 9.50623505e-02 1.18822765e+01
9.8200305700e+01 3.60940545e-02 0.00000000e+00 -9.99348397e-01 -5.56714470e+00 0.00000000e+00 1.00000000e+00 0.00000000e+00 -5.62068651e-01 9.99348397e-01 0.00000000e+00 3.60940545e-02 1.17184244e+01
9.8299955368e+01 -1.85868668e-02 0.00000000e+00 -9.99827249e-01 -5.98161859e+00 0.00000000e+00 1.00000000e+00 0.00000000e+00 -5.71768616e-01 9.99827249e-01 0.00000000e+00 -1.85868668e-02 1.15397724e+01
9.8400021791e+01 -3.51014597e-02 0.00000000e+00 -9.99383754e-01 -6.35467056e+00 0.00000000e+00 1.00000000e+00 0.00000000e+00 -5.71068599e-01 9.99383754e-01 0.00000000e+00 -3.51014597e-02 1.13420296e+01
9.8500088453e+01 -1.02924499e-01 0.00000000e+00 -9.94689171e-01 -6.74814510e+00 0.00000000e+00 1.00000000e+00 0.00000000e+00 -5.95468604e-01 9.94689171e-01 0.00000000e+00 -1.02924499e-01 1.11205925e+01
9.8600005388e+01 -1.47894381e-01 0.00000000e+00 -9.89003161e-01 -7.10892600e+00 0.00000000e+00 1.00000000e+00 0.00000000e+00 -5.85868630e-01 9.89003161e-01 0.00000000e+00 -1.47894381e-01 1.08817308e+01
9.8699999571e+01 -1.93333413e-01 0.00000000e+00 -9.81133116e-01 -7.45899914e+00 0.00000000e+00 1.00000000e+00 0.00000000e+00 -5.67468639e-01 9.81133116e-01 0.00000000e+00 -1.93333413e-01 1.06424046e+01
9.8800080538e+01 -2.40316823e-01 0.00000000e+00 -9.70694506e-01 -7.79936180e+00 0.00000000e+00 1.00000000e+00 0.00000000e+00 -5.90968658e-01 9.70694506e-01 0.00000000e+00 -2.40316823e-01 1.03885039e+01
9.8900018930e+01 -2.86111244e-01 0.00000000e+00 -9.58196408e-01 -8.12130336e+00 0.00000000e+00 1.00000000e+00 0.00000000e+00 -5.95668715e-01 9.58196408e-01 0.00000000e+00 -2.86111244e-01 1.01063555e+01
9.8999986172e+01 -3.36682469e-01 0.00000000e+00 -9.41618243e-01 -8.43119709e+00 0.00000000e+00 1.00000000e+00 0.00000000e+00 -6.08468750e-01 9.41618243e-01 0.00000000e+00 -3.36682469e-01 9.83100474e+00
9.9099961281e+01 -3.73012433e-01 0.00000000e+00 -9.27826344e-01 -8.70399594e+00 0.00000000e+00 1.00000000e+00 0.00000000e+00 -6.12868833e-01 9.27826344e-01 0.00000000e+00 -3.73012433e-01 9.53572307e+00
9.9199973822e+01 -4.21454811e-01 0.00000000e+00 -9.06849405e-01 -8.98595028e+00 0.00000000e+00 1.00000000e+00 0.00000000e+00 -6.28868902e-01 9.06849405e-01 0.00000000e+00 -4.21454811e-01 9.22503874e+00
9.9299940109e+01 -4.61648165e-01 0.00000000e+00 -8.87063116e-01 -9.23613759e+00 0.00000000e+00 1.00000000e+00 0.00000000e+00 -6.37368991e-01 8.87063116e-01 0.00000000e+00 -4.61648165e-01 8.91421492e+00
9.9399976969e+01 -4.92147858e-01 0.00000000e+00 -8.70511623e-01 -9.46602854e+00 0.00000000e+00 1.00000000e+00 0.00000000e+00 -6.28769087e-01 8.70511623e-01 0.00000000e+00 -4.92147858e-01 8.59509545e+00
9.9499942780e+01 -5.37681076e-01 0.00000000e+00 -8.43148303e-01 -9.68152765e+00 0.00000000e+00 1.00000000e+00 0.00000000e+00 -6.32669210e-01 8.43148303e-01 0.00000000e+00 -5.37681076e-01 8.25986327e+00
9.9600022554e+01 -5.77585246e-01 0.00000000e+00 -8.16330376e-01 -9.89995487e+00 0.00000000e+00 1.00000000e+00 0.00000000e+00 -6.38669297e-01 8.16330376e-01 0.00000000e+00 -5.77585246e-01 7.92984706e+00
9.9700020075e+01 -6.17380116e-01 0.00000000e+00 -7.86664981e-01 -1.00778891e+01 0.00000000e+00 1.00000000e+00 0.00000000e+00 -6.37969454e-01 7.86664981e-01 0.00000000e+00 -6.17380116e-01 7.57096939e+00
9.9800064087e+01 -6.67046658e-01 0.00000000e+00 -7.45015944e-01 -1.02360916e+01 0.00000000e+00 1.00000000e+00 0.00000000e+00 -6.37969624e-01 7.45015944e-01 0.00000000e+00 -6.67046658e-01 7.21147222e+00
9.9899975538e+01 -6.97982376e-01 0.00000000e+00 -7.16114937e-01 -1.03668326e+01 0.00000000e+00 1.00000000e+00 0.00000000e+00 -6.38669803e-01 7.16114937e-01 0.00000000e+00 -6.97982376e-01 6.85330239e+00
9.9999980927e+01 -7.38250708e-01 0.00000000e+00 -6.74526421e-01 -1.04850854e+01 0.00000000e+00 1.00000000e+00 0.00000000e+00 -6.35770001e-01 6.74526421e-01 0.00000000e+00 -7.38250708e-01 6.47983473e+00
1.0009995198e+02 -7.76024739e-01 0.00000000e+00 -6.30702469e-01 -1.05739709e+01 0.00000000e+00 1.00000000e+00 0.00000000e+00 -6.49870221e-01 6.30702469e-01 0.00000000e+00 -7.76024739e-01 6.10471392e+00
1.0019997931e+02 -8.02873196e-01 0.00000000e+00 -5.96149839e-01 -1.06274621e+01 0.00000000e+00 1.00000000e+00 0.00000000e+00 -6.43170458e-01 5.96149839e-01 0.00000000e+00 -8.02873196e-01 5.74813067e+00
1.0029995942e+02 -8.33585704e-01 0.00000000e+00 -5.52390147e-01 -1.06635239e+01 0.00000000e+00 1.00000000e+00 0.00000000e+00 -6.46270710e-01 5.52390147e-01 0.00000000e+00 -8.33585704e-01 5.38186399e+00
1.0040019155e+02 -8.70112640e-01 0.00000000e+00 -4.92852914e-01 -1.06907178e+01 0.00000000e+00 1.00000000e+00 0.00000000e+00 -6.51670975e-01 4.92852914e-01 0.00000000e+00 -8.70112640e-01 4.99777571e+00
1.0050003314e+02 -8.97022233e-01 0.00000000e+00 -4.41985421e-01 -1.06910915e+01 0.00000000e+00 1.00000000e+00 0.00000000e+00 -6.62071244e-01 4.41985421e-01 0.00000000e+00 -8.97022233e-01 4.62963864e+00
1.0060156965e+02 -9.25265798e-01 0.00000000e+00 -3.79319395e-01 -1.06642222e+01 0.00000000e+00 1.00000000e+00 0.00000000e+00 -6.70271538e-01 3.79319395e-01 0.00000000e+00 -9.25265798e-01 4.25968352e+00
1.0069999671e+02 -9.47721058e-01 0.00000000e+00 -3.19099980e-01 -1.06017645e+01 0.00000000e+00 1.00000000e+00 0.00000000e+00 -6.65771862e-01 3.19099980e-01 0.00000000e+00 -9.47721058e-01 3.89674277e+00
1.0080001163e+02 -9.65955786e-01 0.00000000e+00 -2.58707208e-01 -1.05215226e+01 0.00000000e+00 1.00000000e+00 0.00000000e+00 -6.83772185e-01 2.58707208e-01 0.00000000e+00 -9.65955786e-01 3.55012124e+00
1.0089995384e+02 -9.76021044e-01 0.00000000e+00 -2.17676185e-01 -1.04151557e+01 0.00000000e+00 1.00000000e+00 0.00000000e+00 -7.00772515e-01 2.17676185e-01 0.00000000e+00 -9.76021044e-01 3.22781239e+00
1.0099992871e+02 -9.90540331e-01 0.00000000e+00 -1.37221908e-01 -1.02909263e+01 0.00000000e+00 1.00000000e+00 0.00000000e+00 -6.98472865e-01 1.37221908e-01 0.00000000e+00 -9.90540331e-01 2.88486488e+00
1.0109995794e+02 -9.97237937e-01 0.00000000e+00 -7.42731284e-02 -1.01506399e+01 0.00000000e+00 1.00000000e+00 0.00000000e+00 -7.12873209e-01 7.42731284e-02 0.00000000e+00 -9.97237937e-01 2.56373762e+00
1.0119993424e+02 -9.99907968e-01 0.00000000e+00 -1.35666959e-02 -9.98659017e+00 0.00000000e+00 1.00000000e+00 0.00000000e+00 -7.24573561e-01 1.35666959e-02 0.00000000e+00 -9.99907968e-01 2.26100040e+00
1.0130009866e+02 -9.99259216e-01 0.00000000e+00 3.84840003e-02 -9.79680682e+00 0.00000000e+00 1.00000000e+00 0.00000000e+00 -7.21273934e-01 -3.84840003e-02 0.00000000e+00 -9.99259216e-01 1.95518867e+00
1.0140001321e+02 -9.91235829e-01 0.00000000e+00 1.32104244e-01 -9.58647120e+00 0.00000000e+00 1.00000000e+00 0.00000000e+00 -7.24974314e-01 -1.32104244e-01 0.00000000e+00 -9.91235829e-01 1.64501972e+00
1.0152197933e+02 -9.78044900e-01 0.00000000e+00 2.08394276e-01 -9.35676448e+00 0.00000000e+00 1.00000000e+00 0.00000000e+00 -7.43774692e-01 -2.08394276e-01 0.00000000e+00 -9.78044900e-01 1.35849145e+00
1.0159991622e+02 -9.56963760e-01 0.00000000e+00 2.90207447e-01 -9.08468688e+00 0.00000000e+00 1.00000000e+00 0.00000000e+00 -7.32375106e-01 -2.90207447e-01 0.00000000e+00 -9.56963760e-01 1.06784691e+00
1.0169999313e+02 -9.43414097e-01 0.00000000e+00 3.31617010e-01 -8.81002432e+00 0.00000000e+00 1.00000000e+00 0.00000000e+00 -7.42175499e-01 -3.31617010e-01 0.00000000e+00 -9.43414097e-01 8.36965454e-01
1.0180005383e+02 -9.23305123e-01 0.00000000e+00 3.84067246e-01 -8.50543346e+00 0.00000000e+00 1.00000000e+00 0.00000000e+00 -7.49975906e-01 -3.84067246e-01 0.00000000e+00 -9.23305123e-01 6.10138684e-01
1.0190012217e+02 -8.71510074e-01 0.00000000e+00 4.90377601e-01 -8.17634928e+00 0.00000000e+00 1.00000000e+00 0.00000000e+00 -7.61476308e-01 -4.90377601e-01 0.00000000e+00 -8.71510074e-01 3.69215081e-01
1.0200000072e+02 -8.52057704e-01 0.00000000e+00 5.23447866e-01 -7.85896116e+00 0.00000000e+00 1.00000000e+00 0.00000000e+00 -8.09076685e-01 -5.23447866e-01 0.00000000e+00 -8.52057704e-01 2.23787412e-01
1.0210001779e+02 -8.11477033e-01 0.00000000e+00 5.84384313e-01 -7.52485766e+00 0.00000000e+00 1.00000000e+00 0.00000000e+00 -8.11077051e-01 -5.84384313e-01 0.00000000e+00 -8.11477033e-01 6.78964560e-02
1.0219999647e+02 -7.80419682e-01 0.00000000e+00 6.25256043e-01 -7.19935357e+00 0.00000000e+00 1.00000000e+00 0.00000000e+00 -8.03277393e-01 -6.25256043e-01 0.00000000e+00 -7.80419682e-01 -4.72766159e-02
1.0230003810e+02 -7.30103009e-01 0.00000000e+00 6.83337103e-01 -6.85815673e+00 0.00000000e+00 1.00000000e+00 0.00000000e+00 -8.36277726e-01 -6.83337103e-01 0.00000000e+00 -7.30103009e-01 -1.57501510e-01
1.0240016842e+02 -7.11334005e-01 0.00000000e+00 7.02854134e-01 -6.52921653e+00 0.00000000e+00 1.00000000e+00 0.00000000e+00 -8.47978045e-01 -7.02854134e-01 0.00000000e+00 -7.11334005e-01 -2.27346684e-01
1.0250146270e+02 -6.58026538e-01 0.00000000e+00 7.52994738e-01 -6.16225001e+00 0.00000000e+00 1.00000000e+00 0.00000000e+00 -8.55878364e-01 -7.52994738e-01 0.00000000e+00 -6.58026538e-01 -3.27153230e-01
1.0260009599e+02 -6.01879887e-01 0.00000000e+00 7.98586628e-01 -5.80861922e+00 0.00000000e+00 1.00000000e+00 0.00000000e+00 -8.52978653e-01 -7.98586628e-01 0.00000000e+00 -6.01879887e-01 -4.22772205e-01
1.0270005345e+02 -5.41905009e-01 0.00000000e+00 8.40439743e-01 -5.44967622e+00 0.00000000e+00 1.00000000e+00 0.00000000e+00 -8.53278927e-01 -8.40439743e-01 0.00000000e+00 -5.41905009e-01 -4.75428230e-01
1.0280000854e+02 -5.02777994e-01 0.00000000e+00 8.64415576e-01 -5.10548914e+00 0.00000000e+00 1.00000000e+00 0.00000000e+00 -8.51079180e-01 -8.64415576e-01 0.00000000e+00 -5.02777994e-01 -5.10263210e-01
1.0289998507e+02 -4.62245533e-01 0.00000000e+00 8.86751976e-01 -4.73651699e+00 0.00000000e+00 1.00000000e+00 0.00000000e+00 -8.40679434e-01 -8.86751976e-01 0.00000000e+00 -4.62245533e-01 -5.31080144e-01
1.0299995995e+02 -4.51641525e-01 0.00000000e+00 8.92199492e-01 -4.38178193e+00 0.00000000e+00 1.00000000e+00 0.00000000e+00 -8.48179669e-01 -8.92199492e-01 0.00000000e+00 -4.51641525e-01 -5.23351656e-01
1.0309996819e+02 -4.08379434e-01 0.00000000e+00 9.12812269e-01 -4.00657407e+00 0.00000000e+00 1.00000000e+00 0.00000000e+00 -8.35079884e-01 -9.12812269e-01 0.00000000e+00 -4.08379434e-01 -5.25793832e-01
1.0319996381e+02 -3.64471321e-01 0.00000000e+00 9.31214613e-01 -3.63709401e+00 0.00000000e+00 1.00000000e+00 0.00000000e+00 -8.27480080e-01 -9.31214613e-01 0.00000000e+00 -3.64471321e-01 -5.14220158e-01
1.0330000234e+02 -3.48379574e-01 0.00000000e+00 9.37353547e-01 -3.27510535e+00 0.00000000e+00 1.00000000e+00 0.00000000e+00 -8.59480260e-01 -9.37353547e-01 0.00000000e+00 -3.48379574e-01 -4.64374495e-01
1.0339998388e+02 -2.88735666e-01 0.00000000e+00 9.57408855e-01 -2.88340684e+00 0.00000000e+00 1.00000000e+00 0.00000000e+00 -8.50880420e-01 -9.57408855e-01 0.00000000e+00 -2.88735666e-01 -4.16589177e-01
1.0350013661e+02 -2.64016479e-01 0.00000000e+00 9.64518169e-01 -2.51815567e+00 0.00000000e+00 1.00000000e+00 0.00000000e+00 -8.37280558e-01 -9.64518169e-01 0.00000000e+00 -2.64016479e-01 -3.78692915e-01
1.0360006285e+02 -2.33566945e-01 0.00000000e+00 9.72340723e-01 -2.13621377e+00 0.00000000e+00 1.00000000e+00 0.00000000e+00 -8.22780680e-01 -9.72340723e-01 0.00000000e+00 -2.33566945e-01 -3.37452795e-01
1.0369991922e+02 -1.93916383e-01 0.00000000e+00 9.81018061e-01 -1.75526956e+00 0.00000000e+00 1.00000000e+00 0.00000000e+00 -8.22980777e-01 -9.81018061e-01 0.00000000e+00 -1.93916383e-01 -2.32843253e-01
1.0379993916e+02 -1.26324629e-01 0.00000000e+00 9.91988956e-01 -1.35835888e+00 0.00000000e+00 1.00000000e+00 0.00000000e+00 -8.39880850e-01 -9.91988956e-01 0.00000000e+00 -1.26324629e-01 -1.29417004e-01
1.0389994907e+02 -9.93454099e-02 0.00000000e+00 9.95053008e-01 -9.70414288e-01 0.00000000e+00 1.00000000e+00 0.00000000e+00 -8.01880903e-01 -9.95053008e-01 0.00000000e+00 -9.93454099e-02 -1.14363164e-02
1.0399997973e+02 -1.00753470e-01 0.00000000e+00 9.94911422e-01 -6.26130372e-01 0.00000000e+00 1.00000000e+00 0.00000000e+00 -8.26880925e-01 -9.94911422e-01 0.00000000e+00 -1.00753470e-01 1.56748527e-01
1.0409990740e+02 2.58294430e-02 0.00000000e+00 9.99666364e-01 -1.83815717e-01 0.00000000e+00 1.00000000e+00 0.00000000e+00 -7.91680923e-01 -9.99666364e-01 0.00000000e+00 2.58294430e-02 3.06946774e-01
1.0420003510e+02 9.99996533e-01 0.00000000e+00 2.63314813e-03 7.50417025e-01 0.00000000e+00 1.00000000e+00 0.00000000e+00 -7.91080892e-01 -2.63314813e-03 0.00000000e+00 9.99996533e-01 9.58312398e-01
1.0429991269e+02 1.00000000e+00 0.00000000e+00 0.00000000e+00 1.09371896e+00 0.00000000e+00 1.00000000e+00 0.00000000e+00 -8.25980826e-01 0.00000000e+00 0.00000000e+00 1.00000000e+00 1.20271287e+00
1.0439997172e+02 1.00000000e+00 0.00000000e+00 0.00000000e+00 1.45067463e+00 0.00000000e+00 1.00000000e+00 0.00000000e+00 -7.76080740e-01 0.00000000e+00 0.00000000e+00 1.00000000e+00 1.41052278e+00
1.0449993253e+02 1.93108756e-01 0.00000000e+00 9.81177358e-01 1.29829592e+00 0.00000000e+00 1.00000000e+00 0.00000000e+00 -8.66580603e-01 -9.81177358e-01 0.00000000e+00 1.93108756e-01 1.25211515e+00
1.0459991884e+02 9.99997225e-01 0.00000000e+00 2.35588232e-03 2.12721469e+00 0.00000000e+00 1.00000000e+00 0.00000000e+00 -8.56780442e-01 -2.35588232e-03 0.00000000e+00 9.99997225e-01 1.99121046e+00
1.0469994450e+02 1.00000000e+00 0.00000000e+00 0.00000000e+00 2.43484880e+00 0.00000000e+00 1.00000000e+00 0.00000000e+00 -8.72180258e-01 0.00000000e+00 0.00000000e+00 1.00000000e+00 2.27929598e+00
1.0480011296e+02 1.00000000e+00 0.00000000e+00 0.00000000e+00 2.76198568e+00 0.00000000e+00 1.00000000e+00 0.00000000e+00 -8.74180035e-01 0.00000000e+00 0.00000000e+00 1.00000000e+00 2.57503522e+00
1.0490004635e+02 1.00000000e+00 0.00000000e+00 0.00000000e+00 3.07707438e+00 0.00000000e+00 1.00000000e+00 0.00000000e+00 -8.70279779e-01 0.00000000e+00 0.00000000e+00 1.00000000e+00 2.88183678e+00
1.0499992204e+02 1.00000000e+00 0.00000000e+00 0.00000000e+00 3.38711647e+00 0.00000000e+00 1.00000000e+00 0.00000000e+00 -8.77779495e-01 0.00000000e+00 0.00000000e+00 1.00000000e+00 3.19527362e+00
1.0509994841e+02 1.00000000e+00 0.00000000e+00 0.00000000e+00 3.67515423e+00 0.00000000e+00 1.00000000e+00 0.00000000e+00 -8.71679175e-01 0.00000000e+00 0.00000000e+00 1.00000000e+00 3.53414261e+00
1.0519996333e+02 1.00000000e+00 0.00000000e+00 0.00000000e+00 3.98293741e+00 0.00000000e+00 1.00000000e+00 0.00000000e+00 -8.68378813e-01 0.00000000e+00 0.00000000e+00 1.00000000e+00 3.87337407e+00
1.0529997420e+02 1.00000000e+00 0.00000000e+00 0.00000000e+00 4.30361996e+00 0.00000000e+00 1.00000000e+00 0.00000000e+00 -8.52878434e-01 0.00000000e+00 0.00000000e+00 1.00000000e+00 4.18088211e+00
1.0540000463e+02 1.00000000e+00 0.00000000e+00 0.00000000e+00 4.60462482e+00 0.00000000e+00 1.00000000e+00 0.00000000e+00 -8.42178009e-01 0.00000000e+00 0.00000000e+00 1.00000000e+00 4.52347514e+00
1.0553653383e+02 1.00000000e+00 0.00000000e+00 0.00000000e+00 4.88845898e+00 0.00000000e+00 1.00000000e+00 0.00000000e+00 -8.79277539e-01 0.00000000e+00 0.00000000e+00 1.00000000e+00 4.89662782e+00
1.0559991980e+02 1.37013135e-01 0.00000000e+00 9.90569231e-01 4.66157219e+00 0.00000000e+00 1.00000000e+00 0.00000000e+00 -8.51877050e-01 -9.90569231e-01 0.00000000e+00 1.37013135e-01 4.77462621e+00
1.0569993043e+02 1.55148188e-01 0.00000000e+00 9.87891208e-01 4.98896000e+00 0.00000000e+00 1.00000000e+00 0.00000000e+00 -8.46376487e-01 -9.87891208e-01 0.00000000e+00 1.55148188e-01 5.14648833e+00
1.0579995084e+02 1.47878348e-01 0.00000000e+00 9.89005558e-01 5.30361234e+00 0.00000000e+00 1.00000000e+00 0.00000000e+00 -8.41075901e-01 -9.89005558e-01 0.00000000e+00 1.47878348e-01 5.50161392e+00
1.0589999723e+02 1.50936685e-01 0.00000000e+00 9.88543432e-01 5.60524215e+00 0.00000000e+00 1.00000000e+00 0.00000000e+00 -8.56375288e-01 -9.88543432e-01 0.00000000e+00 1.50936685e-01 5.86517376e+00
1.0599991632e+02 1.57854857e-01 0.00000000e+00 9.87462325e-01 5.91380802e+00 0.00000000e+00 1.00000000e+00 0.00000000e+00 -8.38374651e-01 -9.87462325e-01 0.00000000e+00 1.57854857e-01 6.21320449e+00
1.0609991264e+02 1.51822320e-01 0.00000000e+00 9.88407802e-01 6.20117970e+00 0.00000000e+00 1.00000000e+00 0.00000000e+00 -8.46373983e-01 -9.88407802e-01 0.00000000e+00 1.51822320e-01 6.57102614e+00
1.0620006275e+02 1.54755571e-01 0.00000000e+00 9.87952789e-01 6.49005665e+00 0.00000000e+00 1.00000000e+00 0.00000000e+00 -8.23273270e-01 -9.87952789e-01 0.00000000e+00 1.54755571e-01 6.94341764e+00
1.0629995918e+02 1.71301625e-01 0.00000000e+00 9.85218632e-01 6.78416740e+00 0.00000000e+00 1.00000000e+00 0.00000000e+00 -8.42772543e-01 -9.85218632e-01 0.00000000e+00 1.71301625e-01 7.29958094e+00
1.0640016532e+02 1.62327825e-01 0.00000000e+00 9.86736883e-01 7.07604512e+00 0.00000000e+00 1.00000000e+00 0.00000000e+00 -8.21071789e-01 -9.86736883e-01 0.00000000e+00 1.62327825e-01 7.64217523e+00
1.0649995685e+02 1.60050800e-01 0.00000000e+00 9.87108779e-01 7.36515869e+00 0.00000000e+00 1.00000000e+00 0.00000000e+00 -8.08571010e-01 -9.87108779e-01 0.00000000e+00 1.60050800e-01 7.98403257e+00
1.0660002565e+02 1.35276399e-01 0.00000000e+00 9.90807901e-01 7.61749833e+00 0.00000000e+00 1.00000000e+00 0.00000000e+00 -7.97470236e-01 -9.90807901e-01 0.00000000e+00 1.35276399e-01 8.32049585e+00
1.0669996071e+02 1.40563335e-01 0.00000000e+00 9.90071689e-01 7.88853818e+00 0.00000000e+00 1.00000000e+00 0.00000000e+00 -7.95069437e-01 -9.90071689e-01 0.00000000e+00 1.40563335e-01 8.65271498e+00
1.0679996753e+02 1.16926521e-01 0.00000000e+00 9.93140568e-01 8.15540633e+00 0.00000000e+00 1.00000000e+00 0.00000000e+00 -8.07768618e-01 -9.93140568e-01 0.00000000e+00 1.16926521e-01 8.96922437e+00
1.0690002131e+02 1.07677762e-01 0.00000000e+00 9.94185848e-01 8.45767282e+00 0.00000000e+00 1.00000000e+00 0.00000000e+00 -7.80867779e-01 -9.94185848e-01 0.00000000e+00 1.07677762e-01 9.25652921e+00
1.0699994230e+02 8.12771850e-02 0.00000000e+00 9.96691537e-01 8.74602059e+00 0.00000000e+00 1.00000000e+00 0.00000000e+00 -7.56366927e-01 -9.96691537e-01 0.00000000e+00 8.12771850e-02 9.53879343e+00
1.0710000682e+02 5.97187776e-02 0.00000000e+00 9.98215241e-01 9.04247914e+00 0.00000000e+00 1.00000000e+00 0.00000000e+00 -7.76166022e-01 -9.98215241e-01 0.00000000e+00 5.97187776e-02 9.83269417e+00
1.0719993854e+02 4.91783048e-02 0.00000000e+00 9.98790015e-01 9.34634413e+00 0.00000000e+00 1.00000000e+00 0.00000000e+00 -7.68065112e-01 -9.98790015e-01 0.00000000e+00 4.91783048e-02 1.01110394e+01
1.0730010891e+02 2.83874644e-02 0.00000000e+00 9.99596995e-01 9.62951512e+00 0.00000000e+00 1.00000000e+00 0.00000000e+00 -7.74664216e-01 -9.99596995e-01 0.00000000e+00 2.83874644e-02 1.03789331e+01
1.0740011120e+02 -2.13973852e-02 0.00000000e+00 9.99771050e-01 9.90538721e+00 0.00000000e+00 1.00000000e+00 0.00000000e+00 -7.65963301e-01 -9.99771050e-01 0.00000000e+00 -2.13973852e-02 1.06392898e+01
1.0749998569e+02 -4.71002071e-02 0.00000000e+00 9.98890169e-01 1.02078218e+01 0.00000000e+00 1.00000000e+00 0.00000000e+00 -7.51562395e-01 -9.98890169e-01 0.00000000e+00 -4.71002071e-02 1.08675569e+01
1.0759997511e+02 3.17311832e-01 0.00000000e+00 9.48321254e-01 1.07063632e+01 0.00000000e+00 1.00000000e+00 0.00000000e+00 -7.44161499e-01 -9.48321254e-01 0.00000000e+00 3.17311832e-01 1.10870486e+01
1.0769994283e+02 3.10276868e-01 0.00000000e+00 9.50646236e-01 1.10283456e+01 0.00000000e+00 1.00000000e+00 0.00000000e+00 -7.51260547e-01 -9.50646236e-01 0.00000000e+00 3.10276868e-01 1.13028927e+01
1.0779994178e+02 2.67760801e-01 0.00000000e+00 9.63485419e-01 1.13361594e+01 0.00000000e+00 1.00000000e+00 0.00000000e+00 -7.34359658e-01 -9.63485419e-01 0.00000000e+00 2.67760801e-01 1.14636986e+01
1.0789995670e+02 2.34389756e-01 0.00000000e+00 9.72142707e-01 1.16531764e+01 0.00000000e+00 1.00000000e+00 0.00000000e+00 -7.33558681e-01 -9.72142707e-01 0.00000000e+00 2.34389756e-01 1.16567956e+01
1.0799994087e+02 2.12187437e-01 0.00000000e+00 9.77228986e-01 1.19710172e+01 0.00000000e+00 1.00000000e+00 0.00000000e+00 -7.15357755e-01 -9.77228986e-01 0.00000000e+00 2.12187437e-01 1.18179168e+01
1.0810008264e+02 1.84763849e-01 0.00000000e+00 9.82782947e-01 1.23009994e+01 0.00000000e+00 1.00000000e+00 0.00000000e+00 -7.19256790e-01 -9.82782947e-01 0.00000000e+00 1.84763849e-01 1.19740289e+01
1.0819992757e+02 1.58067731e-01 0.00000000e+00 9.87428272e-01 1.26251595e+01 0.00000000e+00 1.00000000e+00 0.00000000e+00 -7.02155829e-01 -9.87428272e-01 0.00000000e+00 1.58067731e-01 1.21224273e+01
1.0829991603e+02 1.23782524e-01 0.00000000e+00 9.92309370e-01 1.29431044e+01 0.00000000e+00 1.00000000e+00 0.00000000e+00 -7.28554871e-01 -9.92309370e-01 0.00000000e+00 1.23782524e-01 1.22615597e+01
1.0840008259e+02 8.24131254e-02 0.00000000e+00 9.96598252e-01 1.32557408e+01 0.00000000e+00 1.00000000e+00 0.00000000e+00 -7.37653961e-01 -9.96598252e-01 0.00000000e+00 8.24131254e-02 1.23693943e+01
1.0849999881e+02 5.52702185e-02 0.00000000e+00 9.98471433e-01 1.35918217e+01 0.00000000e+00 1.00000000e+00 0.00000000e+00 -7.31852995e-01 -9.98471433e-01 0.00000000e+00 5.52702185e-02 1.24794092e+01
1.0860000396e+02 2.98439580e-02 0.00000000e+00 9.99554570e-01 1.39305484e+01 0.00000000e+00 1.00000000e+00 0.00000000e+00 -7.50551995e-01 -9.99554570e-01 0.00000000e+00 2.98439580e-02 1.25934625e+01
1.0869999647e+02 -1.09097177e-02 0.00000000e+00 9.99940487e-01 1.42819317e+01 0.00000000e+00 1.00000000e+00 0.00000000e+00 -7.64650975e-01 -9.99940487e-01 0.00000000e+00 -1.09097177e-02 1.26851053e+01
1.0879994130e+02 -6.41939205e-02 0.00000000e+00 9.97937443e-01 1.46164954e+01 0.00000000e+00 1.00000000e+00 0.00000000e+00 -7.58249997e-01 -9.97937443e-01 0.00000000e+00 -6.41939205e-02 1.27599032e+01
1.0889993238e+02 -8.49788074e-02 0.00000000e+00 9.96382759e-01 1.49807489e+01 0.00000000e+00 1.00000000e+00 0.00000000e+00 -7.52748991e-01 -9.96382759e-01 0.00000000e+00 -8.49788074e-02 1.28221201e+01
1.0899993348e+02 -1.50201414e-01 0.00000000e+00 9.88655418e-01 1.53288560e+01 0.00000000e+00 1.00000000e+00 0.00000000e+00 -7.52447981e-01 -9.88655418e-01 0.00000000e+00 -1.50201414e-01 1.28713754e+01
1.0910018802e+02 -1.58860393e-01 0.00000000e+00 9.87301056e-01 1.57221402e+01 0.00000000e+00 1.00000000e+00 0.00000000e+00 -7.70346932e-01 -9.87301056e-01 0.00000000e+00 -1.58860393e-01 1.29031765e+01
1.0920004296e+02 -2.24054696e-01 0.00000000e+00 9.74576571e-01 1.60752734e+01 0.00000000e+00 1.00000000e+00 0.00000000e+00 -7.84545917e-01 -9.74576571e-01 0.00000000e+00 -2.24054696e-01 1.29312318e+01
1.0929998207e+02 -2.45203742e-01 0.00000000e+00 9.69471570e-01 1.64617261e+01 0.00000000e+00 1.00000000e+00 0.00000000e+00 -7.77344876e-01 -9.69471570e-01 0.00000000e+00 -2.45203742e-01 1.29386659e+01
1.0940033317e+02 -2.79056758e-01 0.00000000e+00 9.60274610e-01 1.68436874e+01 0.00000000e+00 1.00000000e+00 0.00000000e+00 -7.61843851e-01 -9.60274610e-01 0.00000000e+00 -2.79056758e-01 1.29285789e+01
1.0950001955e+02 -3.39936435e-01 0.00000000e+00 9.40448415e-01 1.72034202e+01 0.00000000e+00 1.00000000e+00 0.00000000e+00 -7.58442881e-01 -9.40448415e-01 0.00000000e+00 -3.39936435e-01 1.28986102e+01
1.0961057186e+02 -3.78629132e-01 0.00000000e+00 9.25548476e-01 1.75841289e+01 0.00000000e+00 1.00000000e+00 0.00000000e+00 -7.69541901e-01 -9.25548476e-01 0.00000000e+00 -3.78629132e-01 1.28458052e+01
1.0969999385e+02 -4.26226313e-01 0.00000000e+00 9.04616565e-01 1.79284525e+01 0.00000000e+00 1.00000000e+00 0.00000000e+00 -7.74241029e-01 -9.04616565e-01 0.00000000e+00 -4.26226313e-01 1.27755628e+01
1.0979994631e+02 -4.90686621e-01 0.00000000e+00 8.71336124e-01 1.82573915e+01 0.00000000e+00 1.00000000e+00 0.00000000e+00 -8.03740185e-01 -8.71336124e-01 0.00000000e+00 -4.90686621e-01 1.26995974e+01
1.0989994550e+02 -5.16526910e-01 0.00000000e+00 8.56270957e-01 1.85968506e+01 0.00000000e+00 1.00000000e+00 0.00000000e+00 -8.20739373e-01 -8.56270957e-01 0.00000000e+00 -5.16526910e-01 1.25978252e+01
1.0999992061e+02 -5.67597560e-01 0.00000000e+00 8.23306146e-01 1.89168301e+01 0.00000000e+00 1.00000000e+00 0.00000000e+00 -8.27838603e-01 -8.23306146e-01 0.00000000e+00 -5.67597560e-01 1.24868087e+01
1.1009999323e+02 -5.97733979e-01 0.00000000e+00 8.01694512e-01 1.92318805e+01 0.00000000e+00 1.00000000e+00 0.00000000e+00 -8.23537888e-01 -8.01694512e-01 0.00000000e+00 -5.97733979e-01 1.23529378e+01
1.1019989991e+02 -6.30547574e-01 0.00000000e+00 7.76150602e-01 1.95335363e+01 0.00000000e+00 1.00000000e+00 0.00000000e+00 -8.32737208e-01 -7.76150602e-01 0.00000000e+00 -6.30547574e-01 1.22138920e+01
1.1030012250e+02 -6.80484258e-01 0.00000000e+00 7.32762700e-01 1.98016305e+01 0.00000000e+00 1.00000000e+00 0.00000000e+00 -8.68236610e-01 -7.32762700e-01 0.00000000e+00 -6.80484258e-01 1.20748382e+01
1.1040004086e+02 -7.02041400e-01 0.00000000e+00 7.12136133e-01 2.00802770e+01 0.00000000e+00 1.00000000e+00 0.00000000e+00 -8.86236063e-01 -7.12136133e-01 0.00000000e+00 -7.02041400e-01 1.18918081e+01
1.1053301573e+02 -7.34727544e-01 0.00000000e+00 6.78362319e-01 2.03364708e+01 0.00000000e+00 1.00000000e+00 0.00000000e+00 -9.06135531e-01 -6.78362319e-01 0.00000000e+00 -7.34727544e-01 1.17274471e+01
1.1059997845e+02 -7.73651135e-01 0.00000000e+00 6.33611807e-01 2.05763818e+01 0.00000000e+00 1.00000000e+00 0.00000000e+00 -8.90135063e-01 -6.33611807e-01 0.00000000e+00 -7.73651135e-01 1.15512859e+01
1.1070004749e+02 -7.95612386e-01 0.00000000e+00 6.05806018e-01 2.08347096e+01 0.00000000e+00 1.00000000e+00 0.00000000e+00 -8.67734589e-01 -6.05806018e-01 0.00000000e+00 -7.95612386e-01 1.13392244e+01
1.1080014467e+02 -8.28325082e-01 0.00000000e+00 5.60247765e-01 2.10815578e+01 0.00000000e+00 1.00000000e+00 0.00000000e+00 -8.80134154e-01 -5.60247765e-01 0.00000000e+00 -8.28325082e-01 1.11189115e+01
1.1089999008e+02 -8.61951947e-01 0.00000000e+00 5.06989981e-01 2.13062278e+01 0.00000000e+00 1.00000000e+00 0.00000000e+00 -8.96433795e-01 -5.06989981e-01 0.00000000e+00 -8.61951947e-01 1.08901406e+01
1.1099997354e+02 -8.77224033e-01 0.00000000e+00 4.80081238e-01 2.15050242e+01 0.00000000e+00 1.00000000e+00 0.00000000e+00 -9.03733558e-01 -4.80081238e-01 0.00000000e+00 -8.77224033e-01 1.06329582e+01
1.1109995675e+02 -9.11575225e-01 0.00000000e+00 4.11133323e-01 2.16990276e+01 0.00000000e+00 1.00000000e+00 0.00000000e+00 -8.97033314e-01 -4.11133323e-01 0.00000000e+00 -9.11575225e-01 1.03875000e+01
1.1119996142e+02 -9.35655541e-01 0.00000000e+00 3.52914591e-01 2.18617368e+01 0.00000000e+00 1.00000000e+00 0.00000000e+00 -8.97833184e-01 -3.52914591e-01 0.00000000e+00 -9.35655541e-01 1.01313407e+01
1.1129999137e+02 -9.51479884e-01 0.00000000e+00 3.07710952e-01 2.19990615e+01 0.00000000e+00 1.00000000e+00 0.00000000e+00 -9.09933156e-01 -3.07710952e-01 0.00000000e+00 -9.51479884e-01 9.85598538e+00
1.1140028214e+02 -9.69089239e-01 0.00000000e+00 2.46710450e-01 2.21203607e+01 0.00000000e+00 1.00000000e+00 0.00000000e+00 -9.32233146e-01 -2.46710450e-01 0.00000000e+00 -9.69089239e-01 9.60488907e+00
1.1150006843e+02 -9.78357723e-01 0.00000000e+00 2.06920674e-01 2.22334160e+01 0.00000000e+00 1.00000000e+00 0.00000000e+00 -9.19833179e-01 -2.06920674e-01 0.00000000e+00 -9.78357723e-01 9.33046014e+00
1.1160010552e+02 -9.90211313e-01 0.00000000e+00 1.39576341e-01 2.23352140e+01 0.00000000e+00 1.00000000e+00 0.00000000e+00 -9.42133254e-01 -1.39576341e-01 0.00000000e+00 -9.90211313e-01 9.05992358e+00
1.1170008707e+02 -9.96897568e-01 0.00000000e+00 7.87098442e-02 2.23940017e+01 0.00000000e+00 1.00000000e+00 0.00000000e+00 -9.27033485e-01 -7.87098442e-02 0.00000000e+00 -9.96897568e-01 8.77883625e+00
1.1180001020e+02 -9.99947135e-01 0.00000000e+00 1.02824061e-02 2.24381225e+01 0.00000000e+00 1.00000000e+00 0.00000000e+00 -9.34633739e-01 -1.02824061e-02 0.00000000e+00 -9.99947135e-01 8.51897892e+00
1.1189999080e+02 -9.99172548e-01 0.00000000e+00 -4.06721003e-02 2.24747566e+01 0.00000000e+00 1.00000000e+00 0.00000000e+00 -9.45734008e-01 4.06721003e-02 0.00000000e+00 -9.99172548e-01 8.25062266e+00
1.1200023794e+02 -9.95274214e-01 0.00000000e+00 -9.71042675e-02 2.24960804e+01 0.00000000e+00 1.00000000e+00 0.00000000e+00 -9.58334336e-01 9.71042675e-02 0.00000000e+00 -9.95274214e-01 7.97597852e+00
1.1210003948e+02 -9.87174268e-01 0.00000000e+00 -1.59646370e-01 2.24897062e+01 0.00000000e+00 1.00000000e+00 0.00000000e+00 -9.63434774e-01 1.59646370e-01 0.00000000e+00 -9.87174268e-01 7.69331865e+00
1.1220035148e+02 -9.73074084e-01 0.00000000e+00 -2.30492576e-01 2.24808214e+01 0.00000000e+00 1.00000000e+00 0.00000000e+00 -9.59735211e-01 2.30492576e-01 0.00000000e+00 -9.73074084e-01 7.42359841e+00
1.1230003572e+02 -9.56552596e-01 0.00000000e+00 -2.91559823e-01 2.24587988e+01 0.00000000e+00 1.00000000e+00 0.00000000e+00 -9.45635679e-01 2.91559823e-01 0.00000000e+00 -9.56552596e-01 7.14765212e+00
1.1240011597e+02 -9.39072145e-01 0.00000000e+00 -3.43720100e-01 2.24107017e+01 0.00000000e+00 1.00000000e+00 0.00000000e+00 -9.67336227e-01 3.43720100e-01 0.00000000e+00 -9.39072145e-01 6.86724534e+00
1.1250002980e+02 -9.09661213e-01 0.00000000e+00 -4.15351030e-01 2.23316354e+01 0.00000000e+00 1.00000000e+00 0.00000000e+00 -9.76436900e-01 4.15351030e-01 0.00000000e+00 -9.09661213e-01 6.59837113e+00
1.1260006261e+02 -8.88521308e-01 0.00000000e+00 -4.58835358e-01 2.22277121e+01 0.00000000e+00 1.00000000e+00 0.00000000e+00 -9.89637618e-01 4.58835358e-01 0.00000000e+00 -8.88521308e-01 6.31634319e+00
1.1270004797e+02 -8.50346553e-01 0.00000000e+00 -5.26223090e-01 2.21194899e+01 0.00000000e+00 1.00000000e+00 0.00000000e+00 -9.90238347e-01 5.26223090e-01 0.00000000e+00 -8.50346553e-01 6.07598896e+00
1.1280055380e+02 -8.21120186e-01 0.00000000e+00 -5.70755324e-01 2.19914012e+01 0.00000000e+00 1.00000000e+00 0.00000000e+00 -9.90639128e-01 5.70755324e-01 0.00000000e+00 -8.21120186e-01 5.80228567e+00
1.1290009189e+02 -7.72952083e-01 0.00000000e+00 -6.34464402e-01 2.18502188e+01 0.00000000e+00 1.00000000e+00 0.00000000e+00 -1.01203996e+00 6.34464402e-01 0.00000000e+00 -7.72952083e-01 5.56216023e+00
1.1300006366e+02 -7.28859987e-01 0.00000000e+00 -6.84662777e-01 2.16769810e+01 0.00000000e+00 1.00000000e+00 0.00000000e+00 -1.00714087e+00 6.84662777e-01 0.00000000e+00 -7.28859987e-01 5.31753233e+00
1.1310004520e+02 -6.82431097e-01 0.00000000e+00 -7.30949928e-01 2.14878822e+01 0.00000000e+00 1.00000000e+00 0.00000000e+00 -1.01874181e+00 7.30949928e-01 0.00000000e+00 -6.82431097e-01 5.08119050e+00
1.1320040202e+02 -6.23917541e-01 0.00000000e+00 -7.81490181e-01 2.12885903e+01 0.00000000e+00 1.00000000e+00 0.00000000e+00 -1.03944278e+00 7.81490181e-01 0.00000000e+00 -6.23917541e-01 4.86910158e+00
1.1330030107e+02 -5.79857367e-01 0.00000000e+00 -8.14718008e-01 2.10696553e+01 0.00000000e+00 1.00000000e+00 0.00000000e+00 -1.04324376e+00 8.14718008e-01 0.00000000e+00 -5.79857367e-01 4.65477915e+00
1.1340025711e+02 -5.05701727e-01 0.00000000e+00 -8.62708388e-01 2.08543500e+01 0.00000000e+00 1.00000000e+00 0.00000000e+00 -1.02584476e+00 8.62708388e-01 0.00000000e+00 -5.05701727e-01 4.46476252e+00
1.1350667024e+02 -4.45005912e-01 0.00000000e+00 -8.95527631e-01 2.06029198e+01 0.00000000e+00 1.00000000e+00 0.00000000e+00 -1.02044582e+00 8.95527631e-01 0.00000000e+00 -4.45005912e-01 4.28394032e+00
1.1360000038e+02 -3.67870011e-01 0.00000000e+00 -9.29877226e-01 2.03436493e+01 0.00000000e+00 1.00000000e+00 0.00000000e+00 -1.02814691e+00 9.29877226e-01 0.00000000e+00 -3.67870011e-01 4.11453345e+00
1.1370008898e+02 -3.33911694e-01 0.00000000e+00 -9.42604361e-01 2.00608431e+01 0.00000000e+00 1.00000000e+00 0.00000000e+00 -1.02444798e+00 9.42604361e-01 0.00000000e+00 -3.33911694e-01 3.94071440e+00
1.1379998684e+02 -2.67760285e-01 0.00000000e+00 -9.63485563e-01 1.97813806e+01 0.00000000e+00 1.00000000e+00 0.00000000e+00 -9.82449052e-01 9.63485563e-01 0.00000000e+00 -2.67760285e-01 3.80289999e+00
1.1390022731e+02 -1.99422692e-01 0.00000000e+00 -9.79913562e-01 1.94879928e+01 0.00000000e+00 1.00000000e+00 0.00000000e+00 -9.79750149e-01 9.79913562e-01 0.00000000e+00 -1.99422692e-01 3.67186313e+00
1.1400017309e+02 -1.59587854e-01 0.00000000e+00 -9.87183730e-01 1.91550554e+01 0.00000000e+00 1.00000000e+00 0.00000000e+00 -9.91351290e-01 9.87183730e-01 0.00000000e+00 -1.59587854e-01 3.55035728e+00
1.1409999323e+02 -9.78765042e-02 0.00000000e+00 -9.95198568e-01 1.88377578e+01 0.00000000e+00 1.00000000e+00 0.00000000e+00 -9.89852389e-01 9.95198568e-01 0.00000000e+00 -9.78765042e-02 3.44445797e+00
1.1420000339e+02 -1.86331942e-02 0.00000000e+00 -9.99826387e-01 1.85254318e+01 0.00000000e+00 1.00000000e+00 0.00000000e+00 -9.84153467e-01 9.99826387e-01 0.00000000e+00 -1.86331942e-02 3.36248784e+00
1.1430005479e+02 1.53271033e-02 0.00000000e+00 -9.99882533e-01 1.81766568e+01 0.00000000e+00 1.00000000e+00 0.00000000e+00 -9.90754552e-01 9.99882533e-01 0.00000000e+00 1.53271033e-02 3.29757236e+00
1.1439999676e+02 1.14895553e-01 0.00000000e+00 -9.93377578e-01 1.78488690e+01 0.00000000e+00 1.00000000e+00 0.00000000e+00 -9.78655640e-01 9.93377578e-01 0.00000000e+00 1.14895553e-01 3.25457333e+00
1.1453341961e+02 1.41296412e-01 0.00000000e+00 -9.89967335e-01 1.74997616e+01 0.00000000e+00 1.00000000e+00 0.00000000e+00 -9.79756645e-01 9.89967335e-01 0.00000000e+00 1.41296412e-01 3.24290493e+00
1.1460002041e+02 1.79594461e-01 0.00000000e+00 -9.83740733e-01 1.71535766e+01 0.00000000e+00 1.00000000e+00 0.00000000e+00 -9.81457630e-01 9.83740733e-01 0.00000000e+00 1.79594461e-01 3.25182375e+00
1.1469998336e+02 2.68899840e-01 0.00000000e+00 -9.63168145e-01 1.68414169e+01 0.00000000e+00 1.00000000e+00 0.00000000e+00 -9.72558568e-01 9.63168145e-01 0.00000000e+00 2.68899840e-01 3.26006473e+00
1.1480001020e+02 3.30689340e-01 0.00000000e+00 -9.43739668e-01 1.65118334e+01 0.00000000e+00 1.00000000e+00 0.00000000e+00 -9.67259475e-01 9.43739668e-01 0.00000000e+00 3.30689340e-01 3.31042000e+00
1.1490000606e+02 3.80479017e-01 0.00000000e+00 -9.24789553e-01 1.61904819e+01 0.00000000e+00 1.00000000e+00 0.00000000e+00 -9.62560313e-01 9.24789553e-01 0.00000000e+00 3.80479017e-01 3.38584558e+00
1.1500003719e+02 4.44099361e-01 0.00000000e+00 -8.95977543e-01 1.58954482e+01 0.00000000e+00 1.00000000e+00 0.00000000e+00 -9.44661088e-01 8.95977543e-01 0.00000000e+00 4.44099361e-01 3.44271233e+00
1.1509995532e+02 4.95442009e-01 0.00000000e+00 -8.68641016e-01 1.55893776e+01 0.00000000e+00 1.00000000e+00 0.00000000e+00 -9.41661837e-01 8.68641016e-01 0.00000000e+00 4.95442009e-01 3.54715901e+00
1.1519999766e+02 5.28163114e-01 0.00000000e+00 -8.49142935e-01 1.52986498e+01 0.00000000e+00 1.00000000e+00 0.00000000e+00 -9.39562498e-01 8.49142935e-01 0.00000000e+00 5.28163114e-01 3.66761779e+00
1.1529997015e+02 5.89879213e-01 0.00000000e+00 -8.07491494e-01 1.50224393e+01 0.00000000e+00 1.00000000e+00 0.00000000e+00 -9.18463145e-01 8.07491494e-01 0.00000000e+00 5.89879213e-01 3.76726874e+00
1.1540003037e+02 6.11306283e-01 0.00000000e+00 -7.91394105e-01 1.47389090e+01 0.00000000e+00 1.00000000e+00 0.00000000e+00 -9.33263724e-01 7.91394105e-01 0.00000000e+00 6.11306283e-01 3.92649291e+00
1.1550014257e+02 6.67274546e-01 0.00000000e+00 -7.44811843e-01 1.44952475e+01 0.00000000e+00 1.00000000e+00 0.00000000e+00 -9.34864227e-01 7.44811843e-01 0.00000000e+00 6.67274546e-01 4.07636154e+00
1.1560008740e+02 7.03381847e-01 0.00000000e+00 -7.10812196e-01 1.42325355e+01 0.00000000e+00 1.00000000e+00 0.00000000e+00 -9.61964723e-01 7.10812196e-01 0.00000000e+00 7.03381847e-01 4.25349148e+00
1.1570013928e+02 7.27157696e-01 0.00000000e+00 -6.86470455e-01 1.39588525e+01 0.00000000e+00 1.00000000e+00 0.00000000e+00 -9.45765210e-01 6.86470455e-01 0.00000000e+00 7.27157696e-01 4.43972116e+00
1.1580009890e+02 7.66680447e-01 0.00000000e+00 -6.42028888e-01 1.36847082e+01 0.00000000e+00 1.00000000e+00 0.00000000e+00 -9.33565680e-01 6.42028888e-01 0.00000000e+00 7.66680447e-01 4.62743770e+00
1.1590012884e+02 7.99366461e-01 0.00000000e+00 -6.00843790e-01 1.34161363e+01 0.00000000e+00 1.00000000e+00 0.00000000e+00 -9.38066103e-01 6.00843790e-01 0.00000000e+00 7.99366461e-01 4.83331220e+00
1.1600010848e+02 8.16565154e-01 0.00000000e+00 -5.77253279e-01 1.31569870e+01 0.00000000e+00 1.00000000e+00 0.00000000e+00 -9.20266478e-01 5.77253279e-01 0.00000000e+00 8.16565154e-01 5.04257743e+00
1.1609999371e+02 8.36057571e-01 0.00000000e+00 -5.48641721e-01 1.28871111e+01 0.00000000e+00 1.00000000e+00 0.00000000e+00 -9.06466828e-01 5.48641721e-01 0.00000000e+00 8.36057571e-01 5.28291681e+00
1.1620004153e+02 8.41535252e-01 0.00000000e+00 -5.40202202e-01 1.26179174e+01 0.00000000e+00 1.00000000e+00 0.00000000e+00 -8.99567140e-01 5.40202202e-01 0.00000000e+00 8.41535252e-01 5.53965504e+00
1.1630003548e+02 8.51973580e-01 0.00000000e+00 -5.23584777e-01 1.23521997e+01 0.00000000e+00 1.00000000e+00 0.00000000e+00 -8.75767388e-01 5.23584777e-01 0.00000000e+00 8.51973580e-01 5.83606112e+00
1.1640008831e+02 8.62960237e-01 0.00000000e+00 -5.05271837e-01 1.20993476e+01 0.00000000e+00 1.00000000e+00 0.00000000e+00 -8.62267599e-01 5.05271837e-01 0.00000000e+00 8.62960237e-01 6.11865027e+00
1.1650018454e+02 8.85734327e-01 0.00000000e+00 -4.64192526e-01 1.18267071e+01 0.00000000e+00 1.00000000e+00 0.00000000e+00 -8.49167819e-01 4.64192526e-01 0.00000000e+00 8.85734327e-01 6.39827767e+00
1.1660015893e+02 8.95322912e-01 0.00000000e+00 -4.45417650e-01 1.15443140e+01 0.00000000e+00 1.00000000e+00 0.00000000e+00 -8.53668017e-01 4.45417650e-01 0.00000000e+00 8.95322912e-01 6.69414204e+00
1.1670013380e+02 9.05897324e-01 0.00000000e+00 -4.23497388e-01 1.12611470e+01 0.00000000e+00 1.00000000e+00 0.00000000e+00 -8.44468197e-01 4.23497388e-01 0.00000000e+00 9.05897324e-01 6.97918572e+00
1.1680007768e+02 9.00066749e-01 0.00000000e+00 -4.35752049e-01 1.09599861e+01 0.00000000e+00 1.00000000e+00 0.00000000e+00 -8.43568349e-01 4.35752049e-01 0.00000000e+00 9.00066749e-01 7.30474501e+00
1.1689999676e+02 9.06533092e-01 0.00000000e+00 -4.22134756e-01 1.06599911e+01 0.00000000e+00 1.00000000e+00 0.00000000e+00 -8.51368468e-01 4.22134756e-01 0.00000000e+00 9.06533092e-01 7.62103793e+00
1.1699999547e+02 9.12423214e-01 0.00000000e+00 -4.09247943e-01 1.03522483e+01 0.00000000e+00 1.00000000e+00 0.00000000e+00 -8.50568565e-01 4.09247943e-01 0.00000000e+00 9.12423214e-01 7.94100350e+00
1.1709993076e+02 9.05422521e-01 0.00000000e+00 -4.24511553e-01 1.00285017e+01 0.00000000e+00 1.00000000e+00 0.00000000e+00 -8.48768622e-01 4.24511553e-01 0.00000000e+00 9.05422521e-01 8.29551486e+00
1.1719994068e+02 9.04454474e-01 0.00000000e+00 -4.26570165e-01 9.70834289e+00 0.00000000e+00 1.00000000e+00 0.00000000e+00 -8.40168626e-01 4.26570165e-01 0.00000000e+00 9.04454474e-01 8.65435691e+00
1.1729995251e+02 8.99290059e-01 0.00000000e+00 -4.37352707e-01 9.34710628e+00 0.00000000e+00 1.00000000e+00 0.00000000e+00 -7.99968664e-01 4.37352707e-01 0.00000000e+00 8.99290059e-01 9.00799907e+00
1.1739994216e+02 8.87989120e-01 0.00000000e+00 -4.59864462e-01 8.97634252e+00 0.00000000e+00 1.00000000e+00 0.00000000e+00 -7.82068682e-01 4.59864462e-01 0.00000000e+00 8.87989120e-01 9.36312787e+00
1.1749995804e+02 8.82783462e-01 0.00000000e+00 -4.69780118e-01 8.61230866e+00 0.00000000e+00 1.00000000e+00 0.00000000e+00 -7.80068668e-01 4.69780118e-01 0.00000000e+00 8.82783462e-01 9.70109658e+00
1.1760592484e+02 8.73403590e-01 0.00000000e+00 -4.86997093e-01 8.23324296e+00 0.00000000e+00 1.00000000e+00 0.00000000e+00 -7.42468629e-01 4.86997093e-01 0.00000000e+00 8.73403590e-01 1.00454248e+01
1.1769992661e+02 8.69566252e-01 0.00000000e+00 -4.93816296e-01 7.83290529e+00 0.00000000e+00 1.00000000e+00 0.00000000e+00 -7.09268577e-01 4.93816296e-01 0.00000000e+00 8.69566252e-01 1.03837242e+01
1.1779998422e+02 8.52180417e-01 0.00000000e+00 -5.23248065e-01 7.41756480e+00 0.00000000e+00 1.00000000e+00 0.00000000e+00 -7.06268494e-01 5.23248065e-01 0.00000000e+00 8.52180417e-01 1.07351649e+01
1.1789995027e+02 8.61147198e-01 0.00000000e+00 -5.08355686e-01 7.00808707e+00 0.00000000e+00 1.00000000e+00 0.00000000e+00 -6.67868406e-01 5.08355686e-01 0.00000000e+00 8.61147198e-01 1.10407809e+01
1.1799997425e+02 8.43241035e-01 0.00000000e+00 -5.37535634e-01 6.58263560e+00 0.00000000e+00 1.00000000e+00 0.00000000e+00 -6.68068283e-01 5.37535634e-01 0.00000000e+00 8.43241035e-01 1.13702882e+01
1.1809996080e+02 8.29008539e-01 0.00000000e+00 -5.59235945e-01 6.17337375e+00 0.00000000e+00 1.00000000e+00 0.00000000e+00 -6.66068113e-01 5.59235945e-01 0.00000000e+00 8.29008539e-01 1.16909096e+01
1.1820009828e+02 8.22834978e-01 0.00000000e+00 -5.68280388e-01 5.76775178e+00 0.00000000e+00 1.00000000e+00 0.00000000e+00 -6.41867921e-01 5.68280388e-01 0.00000000e+00 8.22834978e-01 1.19941104e+01
1.1829996443e+02 8.13520901e-01 0.00000000e+00 -5.81535677e-01 5.33810131e+00 0.00000000e+00 1.00000000e+00 0.00000000e+00 -6.30467746e-01 5.81535677e-01 0.00000000e+00 8.13520901e-01 1.22785858e+01
1.1839999914e+02 8.07101233e-01 0.00000000e+00 -5.90413076e-01 4.91292284e+00 0.00000000e+00 1.00000000e+00 0.00000000e+00 -6.71367572e-01 5.90413076e-01 0.00000000e+00 8.07101233e-01 1.25389538e+01
1.1851973200e+02 8.00408463e-01 0.00000000e+00 -5.99454996e-01 4.48407443e+00 0.00000000e+00 1.00000000e+00 0.00000000e+00 -6.59467377e-01 5.99454996e-01 0.00000000e+00 8.00408463e-01 1.27905078e+01
1.1859997439e+02 7.87314227e-01 0.00000000e+00 -6.16551951e-01 4.05056451e+00 0.00000000e+00 1.00000000e+00 0.00000000e+00 -6.13867112e-01 6.16551951e-01 0.00000000e+00 7.87314227e-01 1.30636915e+01
1.1869993281e+02 7.76102266e-01 0.00000000e+00 -6.30607067e-01 3.62106532e+00 0.00000000e+00 1.00000000e+00 0.00000000e+00 -6.14266860e-01 6.30607067e-01 0.00000000e+00 7.76102266e-01 1.33082921e+01
1.1879997206e+02 7.68916694e-01 0.00000000e+00 -6.39348980e-01 3.18195668e+00 0.00000000e+00 1.00000000e+00 0.00000000e+00 -6.02566627e-01 6.39348980e-01 0.00000000e+00 7.68916694e-01 1.35256964e+01
1.1889996719e+02 7.47566530e-01 0.00000000e+00 -6.64186934e-01 2.74183084e+00 0.00000000e+00 1.00000000e+00 0.00000000e+00 -5.98366334e-01 6.64186934e-01 0.00000000e+00 7.47566530e-01 1.37621214e+01
1.1900001764e+02 7.37757933e-01 0.00000000e+00 -6.75065354e-01 2.29866393e+00 0.00000000e+00 1.00000000e+00 0.00000000e+00 -5.73466073e-01 6.75065354e-01 0.00000000e+00 7.37757933e-01 1.39603220e+01
1.1909998035e+02 7.18670607e-01 0.00000000e+00 -6.95350673e-01 1.86583541e+00 0.00000000e+00 1.00000000e+00 0.00000000e+00 -5.69465735e-01 6.95350673e-01 0.00000000e+00 7.18670607e-01 1.41811901e+01
1.1919998384e+02 7.07518356e-01 0.00000000e+00 -7.06694966e-01 1.44550128e+00 0.00000000e+00 1.00000000e+00 0.00000000e+00 -5.62265368e-01 7.06694966e-01 0.00000000e+00 7.07518356e-01 1.43928438e+01
1.1929994464e+02 6.86652044e-01 0.00000000e+00 -7.26986225e-01 9.99114052e-01 0.00000000e+00 1.00000000e+00 0.00000000e+00 -5.48865054e-01 7.26986225e-01 0.00000000e+00 6.86652044e-01 1.45723858e+01
1.1940002823e+02 6.67943073e-01 0.00000000e+00 -7.44212370e-01 5.47987757e-01 0.00000000e+00 1.00000000e+00 0.00000000e+00 -5.23964745e-01 7.44212370e-01 0.00000000e+00 6.67943073e-01 1.47322892e+01
1.1949995327e+02 6.47026620e-01 0.00000000e+00 -7.62467411e-01 1.07262432e-01 0.00000000e+00 1.00000000e+00 0.00000000e+00 -5.25364418e-01 7.62467411e-01 0.00000000e+00 6.47026620e-01 1.48861865e+01
1.1959995818e+02 6.07047987e-01 0.00000000e+00 -7.94665176e-01 -3.44433454e-01 0.00000000e+00 1.00000000e+00 0.00000000e+00 -5.69164179e-01 7.94665176e-01 0.00000000e+00 6.07047987e-01 1.49958369e+01
1.1969992518e+02 5.84220887e-01 0.00000000e+00 -8.11594699e-01 -7.97291193e-01 0.00000000e+00 1.00000000e+00 0.00000000e+00 -5.49563870e-01 8.11594699e-01 0.00000000e+00 5.84220887e-01 1.51130981e+01
1.1979995823e+02 5.57246687e-01 0.00000000e+00 -8.30346994e-01 -1.25677598e+00 0.00000000e+00 1.00000000e+00 0.00000000e+00 -5.32063575e-01 8.30346994e-01 0.00000000e+00 5.57246687e-01 1.52112253e+01
1.1990000558e+02 5.38249623e-01 0.00000000e+00 -8.42785467e-01 -1.70529867e+00 0.00000000e+00 1.00000000e+00 0.00000000e+00 -5.52263309e-01 8.42785467e-01 0.00000000e+00 5.38249623e-01 1.52805604e+01
1.2000001526e+02 4.90024717e-01 0.00000000e+00 -8.71708539e-01 -2.16996657e+00 0.00000000e+00 1.00000000e+00 0.00000000e+00 -5.38363048e-01 8.71708539e-01 0.00000000e+00 4.90024717e-01 1.53436804e+01
1.2009997845e+02 4.57566580e-01 0.00000000e+00 -8.89175362e-01 -2.62517806e+00 0.00000000e+00 1.00000000e+00 0.00000000e+00 -5.28162781e-01 8.89175362e-01 0.00000000e+00 4.57566580e-01 1.53898839e+01
1.2019994545e+02 4.36613649e-01 0.00000000e+00 -8.99649110e-01 -3.07827865e+00 0.00000000e+00 1.00000000e+00 0.00000000e+00 -5.26962534e-01 8.99649110e-01 0.00000000e+00 4.36613649e-01 1.54090345e+01
1.2030001879e+02 3.99827488e-01 0.00000000e+00 -9.16590410e-01 -3.51930561e+00 0.00000000e+00 1.00000000e+00 0.00000000e+00 -5.28762335e-01 9.16590410e-01 0.00000000e+00 3.99827488e-01 1.54050882e+01
1.2039999580e+02 3.66718522e-01 0.00000000e+00 -9.30331944e-01 -3.97155841e+00 0.00000000e+00 1.00000000e+00 0.00000000e+00 -5.10462104e-01 9.30331944e-01 0.00000000e+00 3.66718522e-01 1.53966775e+01
1.2049995685e+02 3.18529495e-01 0.00000000e+00 -9.47912950e-01 -4.41919758e+00 0.00000000e+00 1.00000000e+00 0.00000000e+00 -5.07361929e-01 9.47912950e-01 0.00000000e+00 3.18529495e-01 1.53576388e+01
1.2060001135e+02 2.95552051e-01 0.00000000e+00 -9.55326638e-01 -4.83767875e+00 0.00000000e+00 1.00000000e+00 0.00000000e+00 -5.25561763e-01 9.55326638e-01 0.00000000e+00 2.95552051e-01 1.53018917e+01
1.2070001268e+02 2.41688897e-01 0.00000000e+00 -9.70353790e-01 -5.27529301e+00 0.00000000e+00 1.00000000e+00 0.00000000e+00 -5.08461607e-01 9.70353790e-01 0.00000000e+00 2.41688897e-01 1.52347433e+01
1.2080002117e+02 1.97662105e-01 0.00000000e+00 -9.80270214e-01 -5.70525508e+00 0.00000000e+00 1.00000000e+00 0.00000000e+00 -5.04061450e-01 9.80270214e-01 0.00000000e+00 1.97662105e-01 1.51536421e+01
1.2089996958e+02 1.65074342e-01 0.00000000e+00 -9.86281127e-01 -6.12959116e+00 0.00000000e+00 1.00000000e+00 0.00000000e+00 -4.98861319e-01 9.86281127e-01 0.00000000e+00 1.65074342e-01 1.50466683e+01
1.2099998903e+02 1.40251661e-01 0.00000000e+00 -9.90115888e-01 -6.52789154e+00 0.00000000e+00 1.00000000e+00 0.00000000e+00 -4.94061211e-01 9.90115888e-01 0.00000000e+00 1.40251661e-01 1.49248782e+01
1.2109999776e+02 9.78405264e-02 0.00000000e+00 -9.95202106e-01 -6.92959147e+00 0.00000000e+00 1.00000000e+00 0.00000000e+00 -4.97661070e-01 9.95202106e-01 0.00000000e+00 9.78405264e-02 1.48115939e+01
1.2119998741e+02 5.37840730e-02 0.00000000e+00 -9.98552589e-01 -7.32362114e+00 0.00000000e+00 1.00000000e+00 0.00000000e+00 -4.91561027e-01 9.98552589e-01 0.00000000e+00 5.37840730e-02 1.46463261e+01
1.2129993081e+02 3.30010296e-03 0.00000000e+00 -9.99994555e-01 -7.74622410e+00 0.00000000e+00 1.00000000e+00 0.00000000e+00 -4.99360937e-01 9.99994555e-01 0.00000000e+00 3.30010296e-03 1.44765334e+01
1.2139996982e+02 -4.19561916e-02 0.00000000e+00 -9.99119451e-01 -8.15203827e+00 0.00000000e+00 1.00000000e+00 0.00000000e+00 -5.06060868e-01 9.99119451e-01 0.00000000e+00 -4.19561916e-02 1.42891857e+01
1.2150016499e+02 -8.18620422e-02 0.00000000e+00 -9.96643671e-01 -8.54273087e+00 0.00000000e+00 1.00000000e+00 0.00000000e+00 -5.23860832e-01 9.96643671e-01 0.00000000e+00 -8.18620422e-02 1.40805284e+01
1.2160007358e+02 -1.35428655e-01 0.00000000e+00 -9.90787101e-01 -8.94743760e+00 0.00000000e+00 1.00000000e+00 0.00000000e+00 -5.21460811e-01 9.90787101e-01 0.00000000e+00 -1.35428655e-01 1.38446284e+01
1.2170007038e+02 -1.77162033e-01 0.00000000e+00 -9.84181698e-01 -9.34065260e+00 0.00000000e+00 1.00000000e+00 0.00000000e+00 -5.23360783e-01 9.84181698e-01 0.00000000e+00 -1.77162033e-01 1.36005931e+01
1.2180008817e+02 -2.24195092e-01 0.00000000e+00 -9.74544284e-01 -9.72204150e+00 0.00000000e+00 1.00000000e+00 0.00000000e+00 -5.36660804e-01 9.74544284e-01 0.00000000e+00 -2.24195092e-01 1.33261098e+01
1.2189993644e+02 -2.76801754e-01 0.00000000e+00 -9.60927047e-01 -1.00982050e+01 0.00000000e+00 1.00000000e+00 0.00000000e+00 -5.37060848e-01 9.60927047e-01 0.00000000e+00 -2.76801754e-01 1.30291434e+01
1.2199993873e+02 -3.16498134e-01 0.00000000e+00 -9.48593133e-01 -1.04520764e+01 0.00000000e+00 1.00000000e+00 0.00000000e+00 -5.47160899e-01 9.48593133e-01 0.00000000e+00 -3.16498134e-01 1.27236553e+01
1.2210006285e+02 -3.72604980e-01 0.00000000e+00 -9.27990048e-01 -1.08088477e+01 0.00000000e+00 1.00000000e+00 0.00000000e+00 -5.46760999e-01 9.27990048e-01 0.00000000e+00 -3.72604980e-01 1.23775045e+01
1.2219997835e+02 -4.12043247e-01 0.00000000e+00 -9.11164290e-01 -1.11149627e+01 0.00000000e+00 1.00000000e+00 0.00000000e+00 -5.53761134e-01 9.11164290e-01 0.00000000e+00 -4.12043247e-01 1.20335782e+01
1.2229998279e+02 -4.63323162e-01 0.00000000e+00 -8.86189397e-01 -1.14427171e+01 0.00000000e+00 1.00000000e+00 0.00000000e+00 -5.61561237e-01 8.86189397e-01 0.00000000e+00 -4.63323162e-01 1.16719515e+01
1.2239998555e+02 -4.99321840e-01 0.00000000e+00 -8.66416586e-01 -1.17135295e+01 0.00000000e+00 1.00000000e+00 0.00000000e+00 -5.69261405e-01 8.66416586e-01 0.00000000e+00 -4.99321840e-01 1.13065407e+01
1.2250276470e+02 -5.46486428e-01 0.00000000e+00 -8.37467960e-01 -1.19667250e+01 0.00000000e+00 1.00000000e+00 0.00000000e+00 -5.57461618e-01 8.37467960e-01 0.00000000e+00 -5.46486428e-01 1.09179715e+01
1.2260002518e+02 -5.87152569e-01 0.00000000e+00 -8.09476288e-01 -1.22098574e+01 0.00000000e+00 1.00000000e+00 0.00000000e+00 -5.80561797e-01 8.09476288e-01 0.00000000e+00 -5.87152569e-01 1.05391088e+01
1.2269994378e+02 -6.24859982e-01 0.00000000e+00 -7.80736833e-01 -1.24130045e+01 0.00000000e+00 1.00000000e+00 0.00000000e+00 -5.94262053e-01 7.80736833e-01 0.00000000e+00 -6.24859982e-01 1.01381491e+01
1.2280001736e+02 -6.65253660e-01 0.00000000e+00 -7.46617417e-01 -1.25970714e+01 0.00000000e+00 1.00000000e+00 0.00000000e+00 -5.90162323e-01 7.46617417e-01 0.00000000e+00 -6.65253660e-01 9.73276822e+00
1.2289996386e+02 -6.98511333e-01 0.00000000e+00 -7.15598992e-01 -1.27549352e+01 0.00000000e+00 1.00000000e+00 0.00000000e+00 -6.04262615e-01 7.15598992e-01 0.00000000e+00 -6.98511333e-01 9.32542043e+00
1.2299998951e+02 -7.38958917e-01 0.00000000e+00 -6.73750487e-01 -1.29049881e+01 0.00000000e+00 1.00000000e+00 0.00000000e+00 -6.00562909e-01 6.73750487e-01 0.00000000e+00 -7.38958917e-01 8.90729549e+00
1.2309997821e+02 -7.71616638e-01 0.00000000e+00 -6.36087858e-01 -1.30216520e+01 0.00000000e+00 1.00000000e+00 0.00000000e+00 -6.20263225e-01 6.36087858e-01 0.00000000e+00 -7.71616638e-01 8.49877362e+00
1.2320018482e+02 -7.98705177e-01 0.00000000e+00 -6.01722560e-01 -1.31017514e+01 0.00000000e+00 1.00000000e+00 0.00000000e+00 -6.32163583e-01 6.01722560e-01 0.00000000e+00 -7.98705177e-01 8.09179798e+00
1.2329997063e+02 -8.28978545e-01 0.00000000e+00 -5.59280405e-01 -1.31744940e+01 0.00000000e+00 1.00000000e+00 0.00000000e+00 -6.15063939e-01 5.59280405e-01 0.00000000e+00 -8.28978545e-01 7.67747184e+00
1.2340002489e+02 -8.57244609e-01 0.00000000e+00 -5.14909391e-01 -1.32285924e+01 0.00000000e+00 1.00000000e+00 0.00000000e+00 -6.24864301e-01 5.14909391e-01 0.00000000e+00 -8.57244609e-01 7.26635945e+00
1.2349998379e+02 -8.80020332e-01 0.00000000e+00 -4.74936012e-01 -1.32504541e+01 0.00000000e+00 1.00000000e+00 0.00000000e+00 -6.53664707e-01 4.74936012e-01 0.00000000e+00 -8.80020332e-01 6.84616951e+00
1.2359992146e+02 -9.04934692e-01 0.00000000e+00 -4.25550471e-01 -1.32423675e+01 0.00000000e+00 1.00000000e+00 0.00000000e+00 -6.29265171e-01 4.25550471e-01 0.00000000e+00 -9.04934692e-01 6.40348463e+00
1.2369999218e+02 -9.23818880e-01 0.00000000e+00 -3.82829827e-01 -1.32277008e+01 0.00000000e+00 1.00000000e+00 0.00000000e+00 -6.40565599e-01 3.82829827e-01 0.00000000e+00 -9.23818880e-01 5.97748405e+00
1.2380001283e+02 -9.44806058e-01 0.00000000e+00 -3.27630148e-01 -1.31999518e+01 0.00000000e+00 1.00000000e+00 0.00000000e+00 -6.44366031e-01 3.27630148e-01 0.00000000e+00 -9.44806058e-01 5.54858331e+00
1.2389997768e+02 -9.62151941e-01 0.00000000e+00 -2.72513564e-01 -1.31342566e+01 0.00000000e+00 1.00000000e+00 0.00000000e+00 -6.66366507e-01 2.72513564e-01 0.00000000e+00 -9.62151941e-01 5.11967863e+00
1.2400000000e+02 -9.72683968e-01 0.00000000e+00 -2.32133363e-01 -1.30446342e+01 0.00000000e+00 1.00000000e+00 0.00000000e+00 -6.72266990e-01 2.32133363e-01 0.00000000e+00 -9.72683968e-01 4.70773371e+00
1.2410008478e+02 -9.84469466e-01 0.00000000e+00 -1.75555887e-01 -1.29486946e+01 0.00000000e+00 1.00000000e+00 0.00000000e+00 -6.64467455e-01 1.75555887e-01 0.00000000e+00 -9.84469466e-01 4.30031019e+00
1.2419998455e+02 -9.93296383e-01 0.00000000e+00 -1.15595396e-01 -1.28136149e+01 0.00000000e+00 1.00000000e+00 0.00000000e+00 -6.62767970e-01 1.15595396e-01 0.00000000e+00 -9.93296383e-01 3.88972592e+00
1.2430015516e+02 -9.97810667e-01 0.00000000e+00 -6.61352608e-02 -1.26621796e+01 0.00000000e+00 1.00000000e+00 0.00000000e+00 -6.89768472e-01 6.61352608e-02 0.00000000e+00 -9.97810667e-01 3.50368559e+00
1.2440024757e+02 -9.99996560e-01 0.00000000e+00 2.62298934e-03 -1.24850452e+01 0.00000000e+00 1.00000000e+00 0.00000000e+00 -6.98968995e-01 -2.62298934e-03 0.00000000e+00 -9.99996560e-01 3.11941851e+00
1.2451179767e+02 -9.99244274e-01 0.00000000e+00 3.88700414e-02 -1.22911955e+01 0.00000000e+00 1.00000000e+00 0.00000000e+00 -7.10769504e-01 -3.88700414e-02 0.00000000e+00 -9.99244274e-01 2.78212454e+00
1.2459999490e+02 -9.94457988e-01 0.00000000e+00 1.05134725e-01 -1.20894502e+01 0.00000000e+00 1.00000000e+00 0.00000000e+00 -6.93770004e-01 -1.05134725e-01 0.00000000e+00 -9.94457988e-01 2.43168352e+00
1.2469998693e+02 -9.85438322e-01 0.00000000e+00 1.70033270e-01 -1.18621317e+01 0.00000000e+00 1.00000000e+00 0.00000000e+00 -7.10470520e-01 -1.70033270e-01 0.00000000e+00 -9.85438322e-01 2.10148078e+00
1.2480004072e+02 -9.77072253e-01 0.00000000e+00 2.12907991e-01 -1.16192777e+01 0.00000000e+00 1.00000000e+00 0.00000000e+00 -7.26171031e-01 -2.12907991e-01 0.00000000e+00 -9.77072253e-01 1.80429094e+00
1.2489999390e+02 -9.65017877e-01 0.00000000e+00 2.62184091e-01 -1.13550000e+01 0.00000000e+00 1.00000000e+00 0.00000000e+00 -7.12171552e-01 -2.62184091e-01 0.00000000e+00 -9.65017877e-01 1.51633037e+00
1.2499996972e+02 -9.41249053e-01 0.00000000e+00 3.37713222e-01 -1.10587441e+01 0.00000000e+00 1.00000000e+00 0.00000000e+00 -7.43372092e-01 -3.37713222e-01 0.00000000e+00 -9.41249053e-01 1.23531079e+00
1.2509996343e+02 -9.18647975e-01 0.00000000e+00 3.95077078e-01 -1.07698978e+01 0.00000000e+00 1.00000000e+00 0.00000000e+00 -7.49572595e-01 -3.95077078e-01 0.00000000e+00 -9.18647975e-01 9.77294755e-01
1.2519997549e+02 -8.92850137e-01 0.00000000e+00 4.50353897e-01 -1.04632861e+01 0.00000000e+00 1.00000000e+00 0.00000000e+00 -7.59373098e-01 -4.50353897e-01 0.00000000e+00 -8.92850137e-01 7.50571962e-01
1.2529995799e+02 -8.65980384e-01 0.00000000e+00 5.00077969e-01 -1.01232914e+01 0.00000000e+00 1.00000000e+00 0.00000000e+00 -7.77673630e-01 -5.00077969e-01 0.00000000e+00 -8.65980384e-01 5.40641700e-01
1.2540003395e+02 -8.30803015e-01 0.00000000e+00 5.56566573e-01 -9.77741861e+00 0.00000000e+00 1.00000000e+00 0.00000000e+00 -7.77574142e-01 -5.56566573e-01 0.00000000e+00 -8.30803015e-01 3.32122230e-01
1.2551512003e+02 -8.01722392e-01 0.00000000e+00 5.97696584e-01 -9.42480186e+00 0.00000000e+00 1.00000000e+00 0.00000000e+00 -7.75274643e-01 -5.97696584e-01 0.00000000e+00 -8.01722392e-01 1.56810341e-01
1.2559998536e+02 -7.68874579e-01 0.00000000e+00 6.39399626e-01 -9.07542967e+00 0.00000000e+00 1.00000000e+00 0.00000000e+00 -7.83975114e-01 -6.39399626e-01 0.00000000e+00 -7.68874579e-01 1.45341536e-02
1.2569998503e+02 -7.19349093e-01 0.00000000e+00 6.94648748e-01 -8.69344015e+00 0.00000000e+00 1.00000000e+00 0.00000000e+00 -8.15575595e-01 -6.94648748e-01 0.00000000e+00 -7.19349093e-01 -1.07804097e-01
1.2580004358e+02 -6.91353365e-01 0.00000000e+00 7.22516799e-01 -8.33069468e+00 0.00000000e+00 1.00000000e+00 0.00000000e+00 -8.17676044e-01 -7.22516799e-01 0.00000000e+00 -6.91353365e-01 -2.23112447e-01
1.2589995480e+02 -6.68986926e-01 0.00000000e+00 7.43274171e-01 -7.96236821e+00 0.00000000e+00 1.00000000e+00 0.00000000e+00 -8.26876480e-01 -7.43274171e-01 0.00000000e+00 -6.68986926e-01 -3.22076254e-01
1.2599995041e+02 -6.43635001e-01 0.00000000e+00 7.65332598e-01 -7.60198278e+00 0.00000000e+00 1.00000000e+00 0.00000000e+00 -7.72876886e-01 -7.65332598e-01 0.00000000e+00 -6.43635001e-01 -4.25941898e-01
1.2609994411e+02 -6.02721961e-01 0.00000000e+00 7.97951275e-01 -7.23077306e+00 0.00000000e+00 1.00000000e+00 0.00000000e+00 -8.10077275e-01 -7.97951275e-01 0.00000000e+00 -6.02721961e-01 -5.01472389e-01
1.2619992399e+02 9.99992283e-01 0.00000000e+00 3.92848439e-03 -5.96793453e+00 0.00000000e+00 1.00000000e+00 0.00000000e+00 -8.01277650e-01 -3.92848439e-03 0.00000000e+00 9.99992283e-01 -2.57801014e-01
1.2629995966e+02 1.00000000e+00 0.00000000e+00 0.00000000e+00 -5.62967118e+00 0.00000000e+00 1.00000000e+00 0.00000000e+00 -8.26277984e-01 0.00000000e+00 0.00000000e+00 1.00000000e+00 -3.03649114e-01
1.2639995885e+02 1.00000000e+00 0.00000000e+00 0.00000000e+00 -5.31991646e+00 0.00000000e+00 1.00000000e+00 0.00000000e+00 -8.83178278e-01 0.00000000e+00 0.00000000e+00 1.00000000e+00 -3.17310380e-01
1.2650010490e+02 1.00000000e+00 0.00000000e+00 0.00000000e+00 -4.98813783e+00 0.00000000e+00 1.00000000e+00 0.00000000e+00 -9.08978570e-01 0.00000000e+00 0.00000000e+00 1.00000000e+00 -4.03899121e-01
1.2660015154e+02 1.00000000e+00 0.00000000e+00 0.00000000e+00 -4.64850944e+00 0.00000000e+00 1.00000000e+00 0.00000000e+00 -9.09478856e-01 0.00000000e+00 0.00000000e+00 1.00000000e+00 -4.27834133e-01
1.2670007038e+02 1.00000000e+00 0.00000000e+00 0.00000000e+00 -4.27316691e+00 0.00000000e+00 1.00000000e+00 0.00000000e+00 -9.06779149e-01 0.00000000e+00 0.00000000e+00 1.00000000e+00 -4.69466801e-01
1.2680006456e+02 1.00000000e+00 0.00000000e+00 0.00000000e+00 -3.90839080e+00 0.00000000e+00 1.00000000e+00 0.00000000e+00 -9.23279415e-01 0.00000000e+00 0.00000000e+00 1.00000000e+00 -4.57836112e-01
1.2690006208e+02 1.00000000e+00 0.00000000e+00 0.00000000e+00 -3.54997224e+00 0.00000000e+00 1.00000000e+00 0.00000000e+00 -9.41379656e-01 0.00000000e+00 0.00000000e+00 1.00000000e+00 -4.34292201e-01
1.2700007486e+02 1.00000000e+00 0.00000000e+00 0.00000000e+00 -3.17817996e+00 0.00000000e+00 1.00000000e+00 0.00000000e+00 -9.30079885e-01 0.00000000e+00 0.00000000e+00 1.00000000e+00 -4.30591904e-01
1.2709998775e+02 1.00000000e+00 0.00000000e+00 0.00000000e+00 -2.80616187e+00 0.00000000e+00 1.00000000e+00 0.00000000e+00 -9.25480095e-01 0.00000000e+00 0.00000000e+00 1.00000000e+00 -4.00368063e-01
1.2720006466e+02 1.00000000e+00 0.00000000e+00 0.00000000e+00 -2.42271848e+00 0.00000000e+00 1.00000000e+00 0.00000000e+00 -9.41880286e-01 0.00000000e+00 0.00000000e+00 1.00000000e+00 -3.54947122e-01
1.2729997540e+02 1.00000000e+00 0.00000000e+00 0.00000000e+00 -2.04001679e+00 0.00000000e+00 1.00000000e+00 0.00000000e+00 -9.35580454e-01 0.00000000e+00 0.00000000e+00 1.00000000e+00 -2.94538268e-01
1.2740008235e+02 1.00000000e+00 0.00000000e+00 0.00000000e+00 -1.65332828e+00 0.00000000e+00 1.00000000e+00 0.00000000e+00 -9.54380604e-01 0.00000000e+00 0.00000000e+00 1.00000000e+00 -1.93892858e-01
1.2750192809e+02 1.00000000e+00 0.00000000e+00 0.00000000e+00 -1.26796503e+00 0.00000000e+00 1.00000000e+00 0.00000000e+00 -9.46280725e-01 0.00000000e+00 0.00000000e+00 1.00000000e+00 -7.42830346e-02
1.2760004020e+02 -4.86493075e-02 0.00000000e+00 9.98815921e-01 -1.51335906e+00 0.00000000e+00 1.00000000e+00 0.00000000e+00 -9.52580819e-01 -9.98815921e-01 0.00000000e+00 -4.86493075e-02 -3.75790507e-01
1.2769999480e+02 -1.04123925e-01 0.00000000e+00 9.94564331e-01 -1.13682053e+00 0.00000000e+00 1.00000000e+00 0.00000000e+00 -9.15580894e-01 -9.94564331e-01 0.00000000e+00 -1.04123925e-01 -2.86078452e-01
1.2780004621e+02 9.57831917e-02 0.00000000e+00 9.95402220e-01 -6.74575816e-01 0.00000000e+00 1.00000000e+00 0.00000000e+00 -9.55680929e-01 -9.95402220e-01 0.00000000e+00 9.57831917e-02 -6.98894111e-02
1.2790006971e+02 1.12444250e-01 0.00000000e+00 9.93658035e-01 -2.89707130e-01 0.00000000e+00 1.00000000e+00 0.00000000e+00 -9.52080943e-01 -9.93658035e-01 0.00000000e+00 1.12444250e-01 9.60311675e-02
1.2799996209e+02 1.21831619e-01 0.00000000e+00 9.92550783e-01 6.18946397e-02 0.00000000e+00 1.00000000e+00 0.00000000e+00 -9.56980924e-01 -9.92550783e-01 0.00000000e+00 1.21831619e-01 3.06065728e-01
1.2810001183e+02 1.99478025e-01 0.00000000e+00 9.79902300e-01 4.69225601e-01 0.00000000e+00 1.00000000e+00 0.00000000e+00 -9.30780876e-01 -9.79902300e-01 0.00000000e+00 1.99478025e-01 5.22180150e-01
1.2820003653e+02 2.60122494e-01 0.00000000e+00 9.65575625e-01 8.54548011e-01 0.00000000e+00 1.00000000e+00 0.00000000e+00 -9.80880794e-01 -9.65575625e-01 0.00000000e+00 2.60122494e-01 7.86335366e-01
1.2829998827e+02 3.00592746e-01 0.00000000e+00 9.53752589e-01 1.24100419e+00 0.00000000e+00 1.00000000e+00 0.00000000e+00 -9.52980673e-01 -9.53752589e-01 0.00000000e+00 3.00592746e-01 1.07135767e+00
1.2840000701e+02 3.63949052e-01 0.00000000e+00 9.31418857e-01 1.60167300e+00 0.00000000e+00 1.00000000e+00 0.00000000e+00 -9.70880528e-01 -9.31418857e-01 0.00000000e+00 3.63949052e-01 1.36768279e+00
1.2850004101e+02 9.99997058e-01 0.00000000e+00 2.42553988e-03 2.33947885e+00 0.00000000e+00 1.00000000e+00 0.00000000e+00 -9.89980337e-01 -2.42553988e-03 0.00000000e+00 9.99997058e-01 2.13359070e+00
1.2860001373e+02 4.37058546e-01 0.00000000e+00 8.99433059e-01 2.28875475e+00 0.00000000e+00 1.00000000e+00 0.00000000e+00 -9.95980121e-01 -8.99433059e-01 0.00000000e+00 4.37058546e-01 2.01865160e+00
1.2870006752e+02 4.04749111e-01 0.00000000e+00 9.14427776e-01 2.57759007e+00 0.00000000e+00 1.00000000e+00 0.00000000e+00 -9.99379867e-01 -9.14427776e-01 0.00000000e+00 4.04749111e-01 2.35541483e+00
1.2880004239e+02 4.15742227e-01 0.00000000e+00 9.09482491e-01 2.89084416e+00 0.00000000e+00 1.00000000e+00 0.00000000e+00 -9.89979584e-01 -9.09482491e-01 0.00000000e+00 4.15742227e-01 2.68745118e+00
1.2890007281e+02 4.17929899e-01 0.00000000e+00 9.08479278e-01 3.19244901e+00 0.00000000e+00 1.00000000e+00 0.00000000e+00 -9.81479263e-01 -9.08479278e-01 0.00000000e+00 4.17929899e-01 3.03460394e+00
1.2900000954e+02 4.55324852e-01 0.00000000e+00 8.90325378e-01 3.49573886e+00 0.00000000e+00 1.00000000e+00 0.00000000e+00 -9.87478930e-01 -8.90325378e-01 0.00000000e+00 4.55324852e-01 3.36921755e+00
1.2910005689e+02 4.91963160e-01 0.00000000e+00 8.70616017e-01 3.79636393e+00 0.00000000e+00 1.00000000e+00 0.00000000e+00 -9.70778561e-01 -8.70616017e-01 0.00000000e+00 4.91963160e-01 3.71803863e+00
1.2920012641e+02 4.91876900e-01 0.00000000e+00 8.70664755e-01 4.07640914e+00 0.00000000e+00 1.00000000e+00 0.00000000e+00 -9.68778180e-01 -8.70664755e-01 0.00000000e+00 4.91876900e-01 4.02881060e+00
1.2930008793e+02 4.94879645e-01 0.00000000e+00 8.68961528e-01 4.32363869e+00 0.00000000e+00 1.00000000e+00 0.00000000e+00 -9.85177759e-01 -8.68961528e-01 0.00000000e+00 4.94879645e-01 4.39131408e+00
1.2939999342e+02 5.18601880e-01 0.00000000e+00 8.55015842e-01 4.58030500e+00 0.00000000e+00 1.00000000e+00 0.00000000e+00 -9.79977328e-01 -8.55015842e-01 0.00000000e+00 5.18601880e-01 4.73378013e+00
1.2949998283e+02 5.37303375e-01 0.00000000e+00 8.43389046e-01 4.85112832e+00 0.00000000e+00 1.00000000e+00 0.00000000e+00 -9.72476859e-01 -8.43389046e-01 0.00000000e+00 5.37303375e-01 5.07367768e+00
1.2960009050e+02 6.38039340e-01 0.00000000e+00 7.70003767e-01 5.17537544e+00 0.00000000e+00 1.00000000e+00 0.00000000e+00 -9.79876372e-01 -7.70003767e-01 0.00000000e+00 6.38039340e-01 5.42589894e+00
1.2969997120e+02 6.34063897e-01 0.00000000e+00 7.73280657e-01 5.41468245e+00 0.00000000e+00 1.00000000e+00 0.00000000e+00 -9.64875868e-01 -7.73280657e-01 0.00000000e+00 6.34063897e-01 5.75294421e+00
1.2980004072e+02 6.45200143e-01 0.00000000e+00 7.64013597e-01 5.65180285e+00 0.00000000e+00 1.00000000e+00 0.00000000e+00 -9.69975333e-01 -7.64013597e-01 0.00000000e+00 6.45200143e-01 6.09986003e+00
1.2990004110e+02 6.53841687e-01 0.00000000e+00 7.56631382e-01 5.89208385e+00 0.00000000e+00 1.00000000e+00 0.00000000e+00 -9.75574779e-01 -7.56631382e-01 0.00000000e+00 6.53841687e-01 6.43547176e+00
1.3000003076e+02 6.68896443e-01 0.00000000e+00 7.43355600e-01 6.13321515e+00 0.00000000e+00 1.00000000e+00 0.00000000e+00 -9.62874212e-01 -7.43355600e-01 0.00000000e+00 6.68896443e-01 6.76462020e+00
1.3010011888e+02 6.82705396e-01 0.00000000e+00 7.30693741e-01 6.36976723e+00 0.00000000e+00 1.00000000e+00 0.00000000e+00 -9.57973597e-01 -7.30693741e-01 0.00000000e+00 6.82705396e-01 7.11602341e+00
1.3020010686e+02 6.81872352e-01 0.00000000e+00 7.31471186e-01 6.60470081e+00 0.00000000e+00 1.00000000e+00 0.00000000e+00 -9.48972954e-01 -7.31471186e-01 0.00000000e+00 6.81872352e-01 7.45638354e+00
1.3030001688e+02 6.82961431e-01 0.00000000e+00 7.30454437e-01 6.84379339e+00 0.00000000e+00 1.00000000e+00 0.00000000e+00 -9.52772281e-01 -7.30454437e-01 0.00000000e+00 6.82961431e-01 7.79597011e+00
1.3040002322e+02 6.85423737e-01 0.00000000e+00 7.28144423e-01 7.08176777e+00 0.00000000e+00 1.00000000e+00 0.00000000e+00 -9.40171567e-01 -7.28144423e-01 0.00000000e+00 6.85423737e-01 8.14966470e+00
1.3050702739e+02 6.72110948e-01 0.00000000e+00 7.40450453e-01 7.31796262e+00 0.00000000e+00 1.00000000e+00 0.00000000e+00 -9.32870823e-01 -7.40450453e-01 0.00000000e+00 6.72110948e-01 8.49193689e+00
1.3060002017e+02 6.82486501e-01 0.00000000e+00 7.30898198e-01 7.56720479e+00 0.00000000e+00 1.00000000e+00 0.00000000e+00 -9.19970031e-01 -7.30898198e-01 0.00000000e+00 6.82486501e-01 8.85813681e+00
1.3069997978e+02 6.71777959e-01 0.00000000e+00 7.40752573e-01 7.82179567e+00 0.00000000e+00 1.00000000e+00 0.00000000e+00 -9.18369209e-01 -7.40752573e-01 0.00000000e+00 6.71777959e-01 9.20049937e+00
1.3080004954e+02 6.72795020e-01 0.00000000e+00 7.39828940e-01 8.07935722e+00 0.00000000e+00 1.00000000e+00 0.00000000e+00 -9.11368316e-01 -7.39828940e-01 0.00000000e+00 6.72795020e-01 9.57843107e+00
1.3090012336e+02 6.79530017e-01 0.00000000e+00 7.33647706e-01 8.37216031e+00 0.00000000e+00 1.00000000e+00 0.00000000e+00 -9.02367362e-01 -7.33647706e-01 0.00000000e+00 6.79530017e-01 9.95114673e+00
1.3100002265e+02 6.68623119e-01 0.00000000e+00 7.43601456e-01 8.64785103e+00 0.00000000e+00 1.00000000e+00 0.00000000e+00 -8.87366413e-01 -7.43601456e-01 0.00000000e+00 6.68623119e-01 1.02981515e+01
1.3110013771e+02 6.77720494e-01 0.00000000e+00 7.35319612e-01 8.92961233e+00 0.00000000e+00 1.00000000e+00 0.00000000e+00 -8.78565393e-01 -7.35319612e-01 0.00000000e+00 6.77720494e-01 1.06801344e+01
1.3119997287e+02 6.52541929e-01 0.00000000e+00 7.57752618e-01 9.17542312e+00 0.00000000e+00 1.00000000e+00 0.00000000e+00 -9.00764342e-01 -7.57752618e-01 0.00000000e+00 6.52541929e-01 1.10584842e+01
1.3129995704e+02 6.49843208e-01 0.00000000e+00 7.60068290e-01 9.46005041e+00 0.00000000e+00 1.00000000e+00 0.00000000e+00 -8.72863233e-01 -7.60068290e-01 0.00000000e+00 6.49843208e-01 1.14384009e+01
1.3139997888e+02 6.36892231e-01 0.00000000e+00 7.70952843e-01 9.77540445e+00 0.00000000e+00 1.00000000e+00 0.00000000e+00 -8.87162064e-01 -7.70952843e-01 0.00000000e+00 6.36892231e-01 1.17991993e+01
1.3149999499e+02 6.13096611e-01 0.00000000e+00 7.90007940e-01 1.00794189e+01 0.00000000e+00 1.00000000e+00 0.00000000e+00 -8.75160890e-01 -7.90007940e-01 0.00000000e+00 6.13096611e-01 1.21429187e+01
1.3160000420e+02 6.12426718e-01 0.00000000e+00 7.90527365e-01 1.03970564e+01 0.00000000e+00 1.00000000e+00 0.00000000e+00 -8.54459649e-01 -7.90527365e-01 0.00000000e+00 6.12426718e-01 1.25114453e+01
1.3170000052e+02 5.94487328e-01 0.00000000e+00 8.04104978e-01 1.07031859e+01 0.00000000e+00 1.00000000e+00 0.00000000e+00 -8.59258420e-01 -8.04104978e-01 0.00000000e+00 5.94487328e-01 1.28516676e+01
1.3179995418e+02 5.77389632e-01 0.00000000e+00 8.16468745e-01 1.10225925e+01 0.00000000e+00 1.00000000e+00 0.00000000e+00 -8.39457156e-01 -8.16468745e-01 0.00000000e+00 5.77389632e-01 1.31821505e+01
1.3189996839e+02 5.57970624e-01 0.00000000e+00 8.29860701e-01 1.13468471e+01 0.00000000e+00 1.00000000e+00 0.00000000e+00 -8.65455870e-01 -8.29860701e-01 0.00000000e+00 5.57970624e-01 1.35014962e+01
1.3199993896e+02 5.43737863e-01 0.00000000e+00 8.39255108e-01 1.16800731e+01 0.00000000e+00 1.00000000e+00 0.00000000e+00 -8.63254530e-01 -8.39255108e-01 0.00000000e+00 5.43737863e-01 1.38267200e+01
1.3209994340e+02 5.21443735e-01 0.00000000e+00 8.53285668e-01 1.20085021e+01 0.00000000e+00 1.00000000e+00 0.00000000e+00 -8.48953191e-01 -8.53285668e-01 0.00000000e+00 5.21443735e-01 1.41344379e+01
1.3220013309e+02 4.91288007e-01 0.00000000e+00 8.70997184e-01 1.23363435e+01 0.00000000e+00 1.00000000e+00 0.00000000e+00 -8.49551822e-01 -8.70997184e-01 0.00000000e+00 4.91288007e-01 1.44358867e+01
1.3230003023e+02 4.73599291e-01 0.00000000e+00 8.80740434e-01 1.26579970e+01 0.00000000e+00 1.00000000e+00 0.00000000e+00 -8.50850491e-01 -8.80740434e-01 0.00000000e+00 4.73599291e-01 1.47215463e+01
1.3240005994e+02 4.57014060e-01 0.00000000e+00 8.89459470e-01 1.29982666e+01 0.00000000e+00 1.00000000e+00 0.00000000e+00 -8.71849093e-01 -8.89459470e-01 0.00000000e+00 4.57014060e-01 1.50076180e+01
1.3250010371e+02 4.11245522e-01 0.00000000e+00 9.11524613e-01 1.33436180e+01 0.00000000e+00 1.00000000e+00 0.00000000e+00 -8.67447712e-01 -9.11524613e-01 0.00000000e+00 4.11245522e-01 1.52515348e+01
1.3260003114e+02 4.09665907e-01 0.00000000e+00 9.12235630e-01 1.37061667e+01 0.00000000e+00 1.00000000e+00 0.00000000e+00 -8.44846292e-01 -9.12235630e-01 0.00000000e+00 4.09665907e-01 1.55118910e+01
1.3269996643e+02 3.75436867e-01 0.00000000e+00 9.26847970e-01 1.40560984e+01 0.00000000e+00 1.00000000e+00 0.00000000e+00 -8.26744889e-01 -9.26847970e-01 0.00000000e+00 3.75436867e-01 1.57442840e+01
1.3279992771e+02 3.40346572e-01 0.00000000e+00 9.40300064e-01 1.44423290e+01 0.00000000e+00 1.00000000e+00 0.00000000e+00 -8.41143372e-01 -9.40300064e-01 0.00000000e+00 3.40346572e-01 1.59769199e+01
1.3289994955e+02 2.93102984e-01 0.00000000e+00 9.56080876e-01 1.48107750e+01 0.00000000e+00 1.00000000e+00 0.00000000e+00 -8.37641897e-01 -9.56080876e-01 0.00000000e+00 2.93102984e-01 1.61906351e+01
1.3299997783e+02 2.47404432e-01 0.00000000e+00 9.68912301e-01 1.51991042e+01 0.00000000e+00 1.00000000e+00 0.00000000e+00 -8.19640388e-01 -9.68912301e-01 0.00000000e+00 2.47404432e-01 1.63885335e+01
1.3309999490e+02 2.11942641e-01 0.00000000e+00 9.77282107e-01 1.55933423e+01 0.00000000e+00 1.00000000e+00 0.00000000e+00 -8.23838899e-01 -9.77282107e-01 0.00000000e+00 2.11942641e-01 1.65694376e+01
1.3319998884e+02 1.75752640e-01 0.00000000e+00 9.84434360e-01 1.59883266e+01 0.00000000e+00 1.00000000e+00 0.00000000e+00 -8.27537436e-01 -9.84434360e-01 0.00000000e+00 1.75752640e-01 1.67272206e+01
1.3329997396e+02 1.25824073e-01 0.00000000e+00 9.92052570e-01 1.63823586e+01 0.00000000e+00 1.00000000e+00 0.00000000e+00 -8.31635988e-01 -9.92052570e-01 0.00000000e+00 1.25824073e-01 1.68638240e+01
1.3340006113e+02 7.73394325e-02 0.00000000e+00 9.97004821e-01 1.67694332e+01 0.00000000e+00 1.00000000e+00 0.00000000e+00 -8.45834577e-01 -9.97004821e-01 0.00000000e+00 7.73394325e-02 1.69840156e+01
1.3350001121e+02 2.49196316e-02 0.00000000e+00 9.99689458e-01 1.71507590e+01 0.00000000e+00 1.00000000e+00 0.00000000e+00 -8.55733208e-01 -9.99689458e-01 0.00000000e+00 2.49196316e-02 1.70844853e+01
1.3359999752e+02 -1.06489290e-01 0.00000000e+00 9.94313849e-01 1.74922026e+01 0.00000000e+00 1.00000000e+00 0.00000000e+00 -8.39031875e-01 -9.94313849e-01 0.00000000e+00 -1.06489290e-01 1.71698167e+01
1.3369997406e+02 -1.67162299e-01 0.00000000e+00 9.85929392e-01 1.78705860e+01 0.00000000e+00 1.00000000e+00 0.00000000e+00 -8.49730596e-01 -9.85929392e-01 0.00000000e+00 -1.67162299e-01 1.72234390e+01
1.3379998899e+02 -2.23009762e-01 0.00000000e+00 9.74816211e-01 1.82403046e+01 0.00000000e+00 1.00000000e+00 0.00000000e+00 -8.61529354e-01 -9.74816211e-01 0.00000000e+00 -2.23009762e-01 1.72675823e+01
1.3390005350e+02 -2.64924481e-01 0.00000000e+00 9.64269163e-01 1.86179459e+01 0.00000000e+00 1.00000000e+00 0.00000000e+00 -8.61828138e-01 -9.64269163e-01 0.00000000e+00 -2.64924481e-01 1.72909623e+01
1.3399999547e+02 -3.01470851e-01 0.00000000e+00 9.53475393e-01 1.90096747e+01 0.00000000e+00 1.00000000e+00 0.00000000e+00 -8.67126941e-01 -9.53475393e-01 0.00000000e+00 -3.01470851e-01 1.72871316e+01
1.3410006785e+02 -3.65745276e-01 0.00000000e+00 9.30714990e-01 1.93655805e+01 0.00000000e+00 1.00000000e+00 0.00000000e+00 -8.52725821e-01 -9.30714990e-01 0.00000000e+00 -3.65745276e-01 1.72775965e+01
1.3420008183e+02 -4.34514039e-01 0.00000000e+00 9.00665060e-01 1.97153146e+01 0.00000000e+00 1.00000000e+00 0.00000000e+00 -8.51124768e-01 -9.00665060e-01 0.00000000e+00 -4.34514039e-01 1.72455962e+01
1.3430011511e+02 -4.88976136e-01 0.00000000e+00 8.72297162e-01 2.00671774e+01 0.00000000e+00 1.00000000e+00 0.00000000e+00 -8.61523751e-01 -8.72297162e-01 0.00000000e+00 -4.88976136e-01 1.71960045e+01
1.3440008903e+02 -5.31486765e-01 0.00000000e+00 8.47066596e-01 2.04002568e+01 0.00000000e+00 1.00000000e+00 0.00000000e+00 -8.63022851e-01 -8.47066596e-01 0.00000000e+00 -5.31486765e-01 1.71223491e+01
1.3450004649e+02 -5.94285638e-01 0.00000000e+00 8.04254052e-01 2.07208180e+01 0.00000000e+00 1.00000000e+00 0.00000000e+00 -8.79821986e-01 -8.04254052e-01 0.00000000e+00 -5.94285638e-01 1.70427473e+01
1.3460019660e+02 -6.25540604e-01 0.00000000e+00 7.80191613e-01 2.10447797e+01 0.00000000e+00 1.00000000e+00 0.00000000e+00 -7.83021220e-01 -7.80191613e-01 0.00000000e+00 -6.25540604e-01 1.69216404e+01
1.3470005059e+02 -5.75753308e-01 0.00000000e+00 8.17623464e-01 2.13948018e+01 0.00000000e+00 1.00000000e+00 0.00000000e+00 -7.86920474e-01 -8.17623464e-01 0.00000000e+00 -5.75753308e-01 1.67625923e+01
1.3480009675e+02 -6.12876563e-01 0.00000000e+00 7.90178662e-01 2.17006769e+01 0.00000000e+00 1.00000000e+00 0.00000000e+00 -7.83619802e-01 -7.90178662e-01 0.00000000e+00 -6.12876563e-01 1.66136070e+01
1.3490008664e+02 -6.48823537e-01 0.00000000e+00 7.60938906e-01 2.19789701e+01 0.00000000e+00 1.00000000e+00 0.00000000e+00 -7.89819203e-01 -7.60938906e-01 0.00000000e+00 -6.48823537e-01 1.64670481e+01
1.3500003886e+02 -6.80654291e-01 0.00000000e+00 7.32604762e-01 2.22475717e+01 0.00000000e+00 1.00000000e+00 0.00000000e+00 -7.93018674e-01 -7.32604762e-01 0.00000000e+00 -6.80654291e-01 1.63025991e+01
1.3510003948e+02 -7.18751241e-01 0.00000000e+00 6.95267325e-01 2.25019269e+01 0.00000000e+00 1.00000000e+00 0.00000000e+00 -8.13318198e-01 -6.95267325e-01 0.00000000e+00 -7.18751241e-01 1.61321041e+01
1.3520023417e+02 -7.44193575e-01 0.00000000e+00 6.67964014e-01 2.27574728e+01 0.00000000e+00 1.00000000e+00 0.00000000e+00 -8.23717710e-01 -6.67964014e-01 0.00000000e+00 -7.44193575e-01 1.59601021e+01
1.3529996824e+02 -7.78100743e-01 0.00000000e+00 6.28139502e-01 2.30034370e+01 0.00000000e+00 1.00000000e+00 0.00000000e+00 -8.19317277e-01 -6.28139502e-01 0.00000000e+00 -7.78100743e-01 1.57754457e+01
1.3540006590e+02 -8.01604880e-01 0.00000000e+00 5.97854176e-01 2.32309923e+01 0.00000000e+00 1.00000000e+00 0.00000000e+00 -8.35816933e-01 -5.97854176e-01 0.00000000e+00 -8.01604880e-01 1.55776222e+01
1.3551708388e+02 -8.43128495e-01 0.00000000e+00 5.37712136e-01 2.34409550e+01 0.00000000e+00 1.00000000e+00 0.00000000e+00 -8.54516640e-01 -5.37712136e-01 0.00000000e+00 -8.43128495e-01 1.53847080e+01
1.3560004115e+02 -8.54283892e-01 0.00000000e+00 5.19806726e-01 2.36569654e+01 0.00000000e+00 1.00000000e+00 0.00000000e+00 -8.31416406e-01 -5.19806726e-01 0.00000000e+00 -8.54283892e-01 1.51476110e+01
1.3570003033e+02 -8.85527339e-01 0.00000000e+00 4.64587271e-01 2.38435460e+01 0.00000000e+00 1.00000000e+00 0.00000000e+00 -8.40216264e-01 -4.64587271e-01 0.00000000e+00 -8.85527339e-01 1.49200203e+01
1.3579995227e+02 -9.08687700e-01 0.00000000e+00 4.17476542e-01 2.40141414e+01 0.00000000e+00 1.00000000e+00 0.00000000e+00 -8.50316218e-01 -4.17476542e-01 0.00000000e+00 -9.08687700e-01 1.46726784e+01
1.3590006423e+02 -9.28785544e-01 0.00000000e+00 3.70617611e-01 2.41804674e+01 0.00000000e+00 1.00000000e+00 0.00000000e+00 -8.54816192e-01 -3.70617611e-01 0.00000000e+00 -9.28785544e-01 1.44183680e+01
1.3600020695e+02 -9.47027504e-01 0.00000000e+00 3.21152468e-01 2.43339447e+01 0.00000000e+00 1.00000000e+00 0.00000000e+00 -8.71016209e-01 -3.21152468e-01 0.00000000e+00 -9.47027504e-01 1.41638328e+01
1.3609996819e+02 -9.64376098e-01 0.00000000e+00 2.64534952e-01 2.44813527e+01 0.00000000e+00 1.00000000e+00 0.00000000e+00 -8.75416260e-01 -2.64534952e-01 0.00000000e+00 -9.64376098e-01 1.39015639e+01
1.3620040059e+02 -9.72097714e-01 0.00000000e+00 2.34576286e-01 2.46103030e+01 0.00000000e+00 1.00000000e+00 0.00000000e+00 -8.81416414e-01 -2.34576286e-01 0.00000000e+00 -9.72097714e-01 1.36091484e+01
1.3630000663e+02 -9.86096994e-01 0.00000000e+00 1.66170750e-01 2.47214459e+01 0.00000000e+00 1.00000000e+00 0.00000000e+00 -8.86416640e-01 -1.66170750e-01 0.00000000e+00 -9.86096994e-01 1.33275037e+01
1.3640003896e+02 -9.93081212e-01 0.00000000e+00 1.17429584e-01 2.48279279e+01 0.00000000e+00 1.00000000e+00 0.00000000e+00 -8.84916895e-01 -1.17429584e-01 0.00000000e+00 -9.93081212e-01 1.30261210e+01
1.3650402951e+02 -9.98761166e-01 0.00000000e+00 4.97607517e-02 2.49071036e+01 0.00000000e+00 1.00000000e+00 0.00000000e+00 -9.08617256e-01 -4.97607517e-02 0.00000000e+00 -9.98761166e-01 1.27298967e+01
1.3659999156e+02 -9.99998941e-01 0.00000000e+00 1.45538267e-03 2.49757347e+01 0.00000000e+00 1.00000000e+00 0.00000000e+00 -9.31817665e-01 -1.45538267e-03 0.00000000e+00 -9.99998941e-01 1.24145908e+01
1.3669993162e+02 -9.98687446e-01 0.00000000e+00 -5.12189877e-02 2.50351678e+01 0.00000000e+00 1.00000000e+00 0.00000000e+00 -9.48318111e-01 5.12189877e-02 0.00000000e+00 -9.98687446e-01 1.20941355e+01
1.3680001998e+02 -9.94668333e-01 0.00000000e+00 -1.03125688e-01 2.50705381e+01 0.00000000e+00 1.00000000e+00 0.00000000e+00 -9.61218645e-01 1.03125688e-01 0.00000000e+00 -9.94668333e-01 1.17703127e+01
1.3689996815e+02 -9.85702894e-01 0.00000000e+00 -1.68492746e-01 2.50876590e+01 0.00000000e+00 1.00000000e+00 0.00000000e+00 -9.66219245e-01 1.68492746e-01 0.00000000e+00 -9.85702894e-01 1.14547258e+01
1.3699995232e+02 -9.74743204e-01 0.00000000e+00 -2.23328649e-01 2.50863434e+01 0.00000000e+00 1.00000000e+00 0.00000000e+00 -9.68019911e-01 2.23328649e-01 0.00000000e+00 -9.74743204e-01 1.11288324e+01
1.3710005450e+02 -9.60686230e-01 0.00000000e+00 -2.77636394e-01 2.50677736e+01 0.00000000e+00 1.00000000e+00 0.00000000e+00 -9.78120631e-01 2.77636394e-01 0.00000000e+00 -9.60686230e-01 1.08033505e+01
1.3719994998e+02 -9.44138304e-01 0.00000000e+00 -3.29549485e-01 2.50328327e+01 0.00000000e+00 1.00000000e+00 0.00000000e+00 -9.89021421e-01 3.29549485e-01 0.00000000e+00 -9.44138304e-01 1.04644528e+01
1.3730001092e+02 -9.23282658e-01 0.00000000e+00 -3.84121248e-01 2.49702776e+01 0.00000000e+00 1.00000000e+00 0.00000000e+00 -9.89122290e-01 3.84121248e-01 0.00000000e+00 -9.23282658e-01 1.01385921e+01
1.3740000200e+02 -8.97398166e-01 0.00000000e+00 -4.41221635e-01 2.48973139e+01 0.00000000e+00 1.00000000e+00 0.00000000e+00 -9.90123196e-01 4.41221635e-01 0.00000000e+00 -8.97398166e-01 9.81246350e+00
1.3749999142e+02 -8.73128192e-01 0.00000000e+00 -4.87490678e-01 2.47939124e+01 0.00000000e+00 1.00000000e+00 0.00000000e+00 -9.93324196e-01 4.87490678e-01 0.00000000e+00 -8.73128192e-01 9.47892604e+00
1.3759996271e+02 -8.40621341e-01 0.00000000e+00 -5.41623265e-01 2.46705238e+01 0.00000000e+00 1.00000000e+00 0.00000000e+00 -9.60325243e-01 5.41623265e-01 0.00000000e+00 -8.40621341e-01 9.17187503e+00
1.3769998670e+02 -8.10284680e-01 0.00000000e+00 -5.86036464e-01 2.45434832e+01 0.00000000e+00 1.00000000e+00 0.00000000e+00 -9.76626286e-01 5.86036464e-01 0.00000000e+00 -8.10284680e-01 8.85247822e+00
1.3779999781e+02 -7.76260535e-01 0.00000000e+00 -6.30412232e-01 2.43857215e+01 0.00000000e+00 1.00000000e+00 0.00000000e+00 -9.67827418e-01 6.30412232e-01 0.00000000e+00 -7.76260535e-01 8.54481117e+00
1.3789998174e+02 -7.43207428e-01 0.00000000e+00 -6.69061072e-01 2.42240941e+01 0.00000000e+00 1.00000000e+00 0.00000000e+00 -9.69528550e-01 6.69061072e-01 0.00000000e+00 -7.43207428e-01 8.22599208e+00
1.3799995112e+02 -7.19048388e-01 0.00000000e+00 -6.94960010e-01 2.40526922e+01 0.00000000e+00 1.00000000e+00 0.00000000e+00 -9.74529667e-01 6.94960010e-01 0.00000000e+00 -7.19048388e-01 7.90941100e+00
1.3810003519e+02 -6.80548056e-01 0.00000000e+00 -7.32703449e-01 2.38566600e+01 0.00000000e+00 1.00000000e+00 0.00000000e+00 -9.77930844e-01 7.32703449e-01 0.00000000e+00 -6.80548056e-01 7.63434313e+00
1.3819993830e+02 -6.52369157e-01 0.00000000e+00 -7.57901367e-01 2.36401641e+01 0.00000000e+00 1.00000000e+00 0.00000000e+00 -9.80732046e-01 7.57901367e-01 0.00000000e+00 -6.52369157e-01 7.36161288e+00
1.3829997587e+02 -6.18674940e-01 0.00000000e+00 -7.85647070e-01 2.34245020e+01 0.00000000e+00 1.00000000e+00 0.00000000e+00 -9.84033221e-01 7.85647070e-01 0.00000000e+00 -6.18674940e-01 7.09932724e+00
1.3840004563e+02 -5.81195667e-01 0.00000000e+00 -8.13763846e-01 2.31988659e+01 0.00000000e+00 1.00000000e+00 0.00000000e+00 -9.69934404e-01 8.13763846e-01 0.00000000e+00 -5.81195667e-01 6.85721743e+00
1.3850319290e+02 -5.48049077e-01 0.00000000e+00 -8.36446179e-01 2.29719226e+01 0.00000000e+00 1.00000000e+00 0.00000000e+00 -9.74435564e-01 8.36446179e-01 0.00000000e+00 -5.48049077e-01 6.60923553e+00
1.3860001826e+02 -5.08740865e-01 0.00000000e+00 -8.60919702e-01 2.27424082e+01 0.00000000e+00 1.00000000e+00 0.00000000e+00 -9.67736706e-01 8.60919702e-01 0.00000000e+00 -5.08740865e-01 6.38357990e+00
1.3869994426e+02 -4.65558969e-01 0.00000000e+00 -8.85016862e-01 2.24920868e+01 0.00000000e+00 1.00000000e+00 0.00000000e+00 -9.77637893e-01 8.85016862e-01 0.00000000e+00 -4.65558969e-01 6.17533736e+00
1.3879992747e+02 -4.39788812e-01 0.00000000e+00 -8.98101220e-01 2.22191348e+01 0.00000000e+00 1.00000000e+00 0.00000000e+00 -9.74439101e-01 8.98101220e-01 0.00000000e+00 -4.39788812e-01 5.96912980e+00
1.3889995623e+02 -3.86763588e-01 0.00000000e+00 -9.22178902e-01 2.19585637e+01 0.00000000e+00 1.00000000e+00 0.00000000e+00 -9.87740291e-01 9.22178902e-01 0.00000000e+00 -3.86763588e-01 5.77669297e+00
1.3899995923e+02 -3.55899720e-01 0.00000000e+00 -9.34524151e-01 2.16636709e+01 0.00000000e+00 1.00000000e+00 0.00000000e+00 -9.67041532e-01 9.34524151e-01 0.00000000e+00 -3.55899720e-01 5.58409497e+00
1.3909995961e+02 -3.00098515e-01 0.00000000e+00 -9.53908214e-01 2.13838653e+01 0.00000000e+00 1.00000000e+00 0.00000000e+00 -9.58742739e-01 9.53908214e-01 0.00000000e+00 -3.00098515e-01 5.40237714e+00
1.3920048356e+02 -2.37695350e-01 0.00000000e+00 -9.71339755e-01 2.10948410e+01 0.00000000e+00 1.00000000e+00 0.00000000e+00 -9.65543950e-01 9.71339755e-01 0.00000000e+00 -2.37695350e-01 5.24064566e+00
1.3929996467e+02 -2.07770729e-01 0.00000000e+00 -9.78177552e-01 2.07722301e+01 0.00000000e+00 1.00000000e+00 0.00000000e+00 -9.78945196e-01 9.78177552e-01 0.00000000e+00 -2.07770729e-01 5.07600551e+00
1.3940000677e+02 -1.60001446e-01 0.00000000e+00 -9.87116780e-01 2.04337480e+01 0.00000000e+00 1.00000000e+00 0.00000000e+00 -9.86846473e-01 9.87116780e-01 0.00000000e+00 -1.60001446e-01 4.94608802e+00
1.3950008106e+02 -1.19780282e-01 0.00000000e+00 -9.92800425e-01 2.00940765e+01 0.00000000e+00 1.00000000e+00 0.00000000e+00 -9.84347706e-01 9.92800425e-01 0.00000000e+00 -1.19780282e-01 4.83257430e+00
1.3960006785e+02 -8.40592608e-02 0.00000000e+00 -9.96460757e-01 1.97307031e+01 0.00000000e+00 1.00000000e+00 0.00000000e+00 -9.16648997e-01 9.96460757e-01 0.00000000e+00 -8.40592608e-02 4.69600081e+00
1.3970001030e+02 -1.54802198e-02 0.00000000e+00 -9.99880174e-01 1.93947852e+01 0.00000000e+00 1.00000000e+00 0.00000000e+00 -9.14450212e-01 9.99880174e-01 0.00000000e+00 -1.54802198e-02 4.58958840e+00
1.3979993796e+02 1.71420495e-02 0.00000000e+00 -9.99853064e-01 1.90426207e+01 0.00000000e+00 1.00000000e+00 0.00000000e+00 -9.21251370e-01 9.99853064e-01 0.00000000e+00 1.71420495e-02 4.51778032e+00
1.3990000963e+02 4.35318498e-02 0.00000000e+00 -9.99052040e-01 1.86837005e+01 0.00000000e+00 1.00000000e+00 0.00000000e+00 -9.15852510e-01 9.99052040e-01 0.00000000e+00 4.35318498e-02 4.45832144e+00
1.3999997497e+02 1.11805796e-01 0.00000000e+00 -9.93730076e-01 1.83469538e+01 0.00000000e+00 1.00000000e+00 0.00000000e+00 -9.16653609e-01 9.93730076e-01 0.00000000e+00 1.11805796e-01 4.42090756e+00
1.4009996843e+02 1.43809033e-01 0.00000000e+00 -9.89605458e-01 1.79947008e+01 0.00000000e+00 1.00000000e+00 0.00000000e+00 -9.09054670e-01 9.89605458e-01 0.00000000e+00 1.43809033e-01 4.39697490e+00
1.4019993901e+02 1.93607222e-01 0.00000000e+00 -9.81079122e-01 1.76542146e+01 0.00000000e+00 1.00000000e+00 0.00000000e+00 -9.08855694e-01 9.81079122e-01 0.00000000e+00 1.93607222e-01 4.38480189e+00
1.4029998732e+02 2.35112695e-01 0.00000000e+00 -9.71968117e-01 1.73244005e+01 0.00000000e+00 1.00000000e+00 0.00000000e+00 -9.22656648e-01 9.71968117e-01 0.00000000e+00 2.35112695e-01 4.38516518e+00
1.4040001345e+02 3.04846192e-01 0.00000000e+00 -9.52401596e-01 1.70079239e+01 0.00000000e+00 1.00000000e+00 0.00000000e+00 -9.36957575e-01 9.52401596e-01 0.00000000e+00 3.04846192e-01 4.38966875e+00
1.4050014615e+02 3.36498587e-01 0.00000000e+00 -9.41683971e-01 1.66777297e+01 0.00000000e+00 1.00000000e+00 0.00000000e+00 -9.03158452e-01 9.41683971e-01 0.00000000e+00 3.36498587e-01 4.42862804e+00
1.4060007930e+02 3.74850681e-01 0.00000000e+00 -9.27085200e-01 1.63513911e+01 0.00000000e+00 1.00000000e+00 0.00000000e+00 -9.04659299e-01 9.27085200e-01 0.00000000e+00 3.74850681e-01 4.48092311e+00
1.4069997358e+02 3.97447398e-01 0.00000000e+00 -9.17624959e-01 1.60121067e+01 0.00000000e+00 1.00000000e+00 0.00000000e+00 -8.98960128e-01 9.17624959e-01 0.00000000e+00 3.97447398e-01 4.55716644e+00
1.4079998374e+02 4.46697831e-01 0.00000000e+00 -8.94684887e-01 1.57092507e+01 0.00000000e+00 1.00000000e+00 0.00000000e+00 -8.94560866e-01 8.94684887e-01 0.00000000e+00 4.46697831e-01 4.63864166e+00
1.4089996791e+02 5.00911394e-01 0.00000000e+00 -8.65498570e-01 1.53885088e+01 0.00000000e+00 1.00000000e+00 0.00000000e+00 -9.10861631e-01 8.65498570e-01 0.00000000e+00 5.00911394e-01 4.72066968e+00
1.4099997211e+02 5.33790162e-01 0.00000000e+00 -8.45616972e-01 1.50719727e+01 0.00000000e+00 1.00000000e+00 0.00000000e+00 -9.08062342e-01 8.45616972e-01 0.00000000e+00 5.33790162e-01 4.81251700e+00
1.4109994078e+02 5.55515748e-01 0.00000000e+00 -8.31506016e-01 1.47364412e+01 0.00000000e+00 1.00000000e+00 0.00000000e+00 -9.11963044e-01 8.31506016e-01 0.00000000e+00 5.55515748e-01 4.93359397e+00
1.4119994235e+02 5.85841926e-01 0.00000000e+00 -8.10425344e-01 1.43967947e+01 0.00000000e+00 1.00000000e+00 0.00000000e+00 -8.99563737e-01 8.10425344e-01 0.00000000e+00 5.85841926e-01 5.05720101e+00
1.4129995251e+02 6.18724898e-01 0.00000000e+00 -7.85607727e-01 1.40618501e+01 0.00000000e+00 1.00000000e+00 0.00000000e+00 -9.02064393e-01 7.85607727e-01 0.00000000e+00 6.18724898e-01 5.18934269e+00
1.4140001225e+02 6.64535698e-01 0.00000000e+00 -7.47256520e-01 1.37335631e+01 0.00000000e+00 1.00000000e+00 0.00000000e+00 -8.70764999e-01 7.47256520e-01 0.00000000e+00 6.64535698e-01 5.34543200e+00
1.4150000095e+02 6.72796602e-01 0.00000000e+00 -7.39827501e-01 1.33848631e+01 0.00000000e+00 1.00000000e+00 0.00000000e+00 -8.76365558e-01 7.39827501e-01 0.00000000e+00 6.72796602e-01 5.55596958e+00
1.4159998608e+02 7.14210258e-01 0.00000000e+00 -6.99931217e-01 1.30752579e+01 0.00000000e+00 1.00000000e+00 0.00000000e+00 -8.77866057e-01 6.99931217e-01 0.00000000e+00 7.14210258e-01 5.72777322e+00
1.4169998574e+02 7.14273628e-01 0.00000000e+00 -6.99866547e-01 1.27276505e+01 0.00000000e+00 1.00000000e+00 0.00000000e+00 -8.59766543e-01 6.99866547e-01 0.00000000e+00 7.14273628e-01 5.95671108e+00
1.4179999018e+02 7.48167689e-01 0.00000000e+00 -6.63509690e-01 1.24078239e+01 0.00000000e+00 1.00000000e+00 0.00000000e+00 -8.54266959e-01 6.63509690e-01 0.00000000e+00 7.48167689e-01 6.18117324e+00
1.4189997196e+02 7.71489100e-01 0.00000000e+00 -6.36242539e-01 1.20674386e+01 0.00000000e+00 1.00000000e+00 0.00000000e+00 -8.63867380e-01 6.36242539e-01 0.00000000e+00 7.71489100e-01 6.41125172e+00
1.4199999213e+02 7.66726839e-01 0.00000000e+00 -6.41973484e-01 1.17103954e+01 0.00000000e+00 1.00000000e+00 0.00000000e+00 -8.53767785e-01 6.41973484e-01 0.00000000e+00 7.66726839e-01 6.65329811e+00
1.4210015845e+02 7.85242339e-01 0.00000000e+00 -6.19188557e-01 1.13503127e+01 0.00000000e+00 1.00000000e+00 0.00000000e+00 -8.20168187e-01 6.19188557e-01 0.00000000e+00 7.85242339e-01 6.87803759e+00
1.4219996810e+02 7.84743916e-01 0.00000000e+00 -6.19820124e-01 1.09930462e+01 0.00000000e+00 1.00000000e+00 0.00000000e+00 -8.30468521e-01 6.19820124e-01 0.00000000e+00 7.84743916e-01 7.13031254e+00
1.4230003572e+02 7.91324492e-01 0.00000000e+00 -6.11396392e-01 1.06432769e+01 0.00000000e+00 1.00000000e+00 0.00000000e+00 -8.35668834e-01 6.11396392e-01 0.00000000e+00 7.91324492e-01 7.36646250e+00
1.4240014791e+02 7.84675977e-01 0.00000000e+00 -6.19906131e-01 1.02771656e+01 0.00000000e+00 1.00000000e+00 0.00000000e+00 -8.30169132e-01 6.19906131e-01 0.00000000e+00 7.84675977e-01 7.61512131e+00
1.4250121641e+02 8.01750502e-01 0.00000000e+00 -5.97658876e-01 9.90815939e+00 0.00000000e+00 1.00000000e+00 0.00000000e+00 -8.05769420e-01 5.97658876e-01 0.00000000e+00 8.01750502e-01 7.84455000e+00
1.4260000682e+02 7.76044191e-01 0.00000000e+00 -6.30678535e-01 9.52830630e+00 0.00000000e+00 1.00000000e+00 0.00000000e+00 -8.15669685e-01 6.30678535e-01 0.00000000e+00 7.76044191e-01 8.08972348e+00
1.4270001316e+02 7.66074401e-01 0.00000000e+00 -6.42751905e-01 9.16406878e+00 0.00000000e+00 1.00000000e+00 0.00000000e+00 -7.91469899e-01 6.42751905e-01 0.00000000e+00 7.66074401e-01 8.32970794e+00
1.4280016088e+02 7.65383004e-01 0.00000000e+00 -6.43575060e-01 8.78578144e+00 0.00000000e+00 1.00000000e+00 0.00000000e+00 -7.90770152e-01 6.43575060e-01 0.00000000e+00 7.65383004e-01 8.53036598e+00
1.4290022326e+02 7.61402781e-01 0.00000000e+00 -6.48279110e-01 8.40670625e+00 0.00000000e+00 1.00000000e+00 0.00000000e+00 -7.73470387e-01 6.48279110e-01 0.00000000e+00 7.61402781e-01 8.72440197e+00
1.4299994206e+02 7.44552685e-01 0.00000000e+00 -6.67563704e-01 8.01134698e+00 0.00000000e+00 1.00000000e+00 0.00000000e+00 -7.73670623e-01 6.67563704e-01 0.00000000e+00 7.44552685e-01 8.91517045e+00
1.4310017395e+02 7.25741529e-01 0.00000000e+00 -6.87967465e-01 7.60108756e+00 0.00000000e+00 1.00000000e+00 0.00000000e+00 -7.54970835e-01 6.87967465e-01 0.00000000e+00 7.25741529e-01 9.11326038e+00
1.4319994736e+02 7.08824496e-01 0.00000000e+00 -7.05384883e-01 7.19367718e+00 0.00000000e+00 1.00000000e+00 0.00000000e+00 -7.36871022e-01 7.05384883e-01 0.00000000e+00 7.08824496e-01 9.30498459e+00
1.4329994154e+02 6.84697913e-01 0.00000000e+00 -7.28826981e-01 6.76193921e+00 0.00000000e+00 1.00000000e+00 0.00000000e+00 -7.31471192e-01 7.28826981e-01 0.00000000e+00 6.84697913e-01 9.50575760e+00
1.4340006948e+02 6.52512022e-01 0.00000000e+00 -7.57778372e-01 6.30473866e+00 0.00000000e+00 1.00000000e+00 0.00000000e+00 -7.30871394e-01 7.57778372e-01 0.00000000e+00 6.52512022e-01 9.68003446e+00
1.4351221609e+02 6.40414607e-01 0.00000000e+00 -7.68029382e-01 5.85259552e+00 0.00000000e+00 1.00000000e+00 0.00000000e+00 -7.08571618e-01 7.68029382e-01 0.00000000e+00 6.40414607e-01 9.80588414e+00
1.4359996390e+02 5.94568755e-01 0.00000000e+00 -8.04044772e-01 5.36351383e+00 0.00000000e+00 1.00000000e+00 0.00000000e+00 -7.01371817e-01 8.04044772e-01 0.00000000e+00 5.94568755e-01 9.95364464e+00
1.4369998765e+02 5.71689820e-01 0.00000000e+00 -8.20469835e-01 4.88121458e+00 0.00000000e+00 1.00000000e+00 0.00000000e+00 -7.03172037e-01 8.20469835e-01 0.00000000e+00 5.71689820e-01 1.00536165e+01
1.4380029392e+02 5.47882280e-01 0.00000000e+00 -8.36555442e-01 4.38084535e+00 0.00000000e+00 1.00000000e+00 0.00000000e+00 -6.72672242e-01 8.36555442e-01 0.00000000e+00 5.47882280e-01 1.01461998e+01
1.4390003777e+02 5.25385556e-01 0.00000000e+00 -8.50864277e-01 3.90612393e+00 0.00000000e+00 1.00000000e+00 0.00000000e+00 -6.68472405e-01 8.50864277e-01 0.00000000e+00 5.25385556e-01 1.02304468e+01
1.4400001359e+02 5.09585797e-01 0.00000000e+00 -8.60419849e-01 3.43711891e+00 0.00000000e+00 1.00000000e+00 0.00000000e+00 -6.71372589e-01 8.60419849e-01 0.00000000e+00 5.09585797e-01 1.02770095e+01
1.4409995317e+02 4.79546959e-01 0.00000000e+00 -8.77516219e-01 2.93884558e+00 0.00000000e+00 1.00000000e+00 0.00000000e+00 -6.50872715e-01 8.77516219e-01 0.00000000e+00 4.79546959e-01 1.03465936e+01
1.4419999552e+02 4.51322490e-01 0.00000000e+00 -8.92360919e-01 2.45047640e+00 0.00000000e+00 1.00000000e+00 0.00000000e+00 -6.40672825e-01 8.92360919e-01 0.00000000e+00 4.51322490e-01 1.04030660e+01
1.4429999185e+02 4.40822065e-01 0.00000000e+00 -8.97594512e-01 1.98915931e+00 0.00000000e+00 1.00000000e+00 0.00000000e+00 -6.49072902e-01 8.97594512e-01 0.00000000e+00 4.40822065e-01 1.04457797e+01
1.4440003347e+02 4.29447585e-01 0.00000000e+00 -9.03091785e-01 1.52501600e+00 0.00000000e+00 1.00000000e+00 0.00000000e+00 -6.36272960e-01 9.03091785e-01 0.00000000e+00 4.29447585e-01 1.04818829e+01
1.4452931237e+02 4.02207878e-01 0.00000000e+00 -9.15548373e-01 1.05412606e+00 0.00000000e+00 1.00000000e+00 0.00000000e+00 -6.54572995e-01 9.15548373e-01 0.00000000e+00 4.02207878e-01 1.05141149e+01
1.4460001230e+02 3.85530510e-01 0.00000000e+00 -9.22695088e-01 5.94547858e-01 0.00000000e+00 1.00000000e+00 0.00000000e+00 -6.35573018e-01 9.22695088e-01 0.00000000e+00 3.85530510e-01 1.05297654e+01
1.4469995713e+02 3.72523895e-01 0.00000000e+00 -9.28022601e-01 1.46986599e-01 0.00000000e+00 1.00000000e+00 0.00000000e+00 -6.43473019e-01 9.28022601e-01 0.00000000e+00 3.72523895e-01 1.05384210e+01
1.4479991508e+02 3.54722831e-01 0.00000000e+00 -9.34971504e-01 -3.04178306e-01 0.00000000e+00 1.00000000e+00 0.00000000e+00 -6.28273007e-01 9.34971504e-01 0.00000000e+00 3.54722831e-01 1.05371324e+01
1.4489995909e+02 3.35714790e-01 0.00000000e+00 -9.41963683e-01 -7.53809750e-01 0.00000000e+00 1.00000000e+00 0.00000000e+00 -6.15272984e-01 9.41963683e-01 0.00000000e+00 3.35714790e-01 1.05230869e+01
1.4499994969e+02 3.08357122e-01 0.00000000e+00 -9.51270669e-01 -1.19946305e+00 0.00000000e+00 1.00000000e+00 0.00000000e+00 -6.16272909e-01 9.51270669e-01 0.00000000e+00 3.08357122e-01 1.05258729e+01
1.4510055542e+02 3.03227404e-01 0.00000000e+00 -9.52918224e-01 -1.61941271e+00 0.00000000e+00 1.00000000e+00 0.00000000e+00 -6.11172852e-01 9.52918224e-01 0.00000000e+00 3.03227404e-01 1.04967360e+01
1.4519994569e+02 2.99469516e-01 0.00000000e+00 -9.54105869e-01 -2.04988825e+00 0.00000000e+00 1.00000000e+00 0.00000000e+00 -6.23272771e-01 9.54105869e-01 0.00000000e+00 2.99469516e-01 1.04604493e+01
1.4530017877e+02 2.65127635e-01 0.00000000e+00 -9.64213326e-01 -2.48736920e+00 0.00000000e+00 1.00000000e+00 0.00000000e+00 -6.04372669e-01 9.64213326e-01 0.00000000e+00 2.65127635e-01 1.04283643e+01
1.4540003061e+02 2.67915207e-01 0.00000000e+00 -9.63442495e-01 -2.90425946e+00 0.00000000e+00 1.00000000e+00 0.00000000e+00 -5.98372524e-01 9.63442495e-01 0.00000000e+00 2.67915207e-01 1.03986044e+01
1.4550000381e+02 2.56957745e-01 0.00000000e+00 -9.66422639e-01 -3.32434218e+00 0.00000000e+00 1.00000000e+00 0.00000000e+00 -5.98172380e-01 9.66422639e-01 0.00000000e+00 2.56957745e-01 1.03551207e+01
1.4559998608e+02 2.39273768e-01 0.00000000e+00 -9.70952143e-01 -3.74587533e+00 0.00000000e+00 1.00000000e+00 0.00000000e+00 -6.03672212e-01 9.70952143e-01 0.00000000e+00 2.39273768e-01 1.03108220e+01
1.4570008802e+02 2.32423845e-01 0.00000000e+00 -9.72614598e-01 -4.15557469e+00 0.00000000e+00 1.00000000e+00 0.00000000e+00 -6.16872016e-01 9.72614598e-01 0.00000000e+00 2.32423845e-01 1.02678828e+01
1.4579997683e+02 2.16633202e-01 0.00000000e+00 -9.76253070e-01 -4.56618015e+00 0.00000000e+00 1.00000000e+00 0.00000000e+00 -6.10371783e-01 9.76253070e-01 0.00000000e+00 2.16633202e-01 1.02347790e+01
1.4590002799e+02 2.21748014e-01 0.00000000e+00 -9.75104004e-01 -4.95149336e+00 0.00000000e+00 1.00000000e+00 0.00000000e+00 -6.32071582e-01 9.75104004e-01 0.00000000e+00 2.21748014e-01 1.01676088e+01
1.4599998093e+02 2.11092359e-01 0.00000000e+00 -9.77466120e-01 -5.34849353e+00 0.00000000e+00 1.00000000e+00 0.00000000e+00 -6.25971328e-01 9.77466120e-01 0.00000000e+00 2.11092359e-01 1.01205847e+01
1.4610003400e+02 2.03001161e-01 0.00000000e+00 -9.79178497e-01 -5.73874159e+00 0.00000000e+00 1.00000000e+00 0.00000000e+00 -6.10971055e-01 9.79178497e-01 0.00000000e+00 2.03001161e-01 1.00727271e+01
1.4619998884e+02 2.06037662e-01 0.00000000e+00 -9.78544062e-01 -6.12406806e+00 0.00000000e+00 1.00000000e+00 0.00000000e+00 -6.20770755e-01 9.78544062e-01 0.00000000e+00 2.06037662e-01 1.00248862e+01
1.4629998970e+02 2.01597737e-01 0.00000000e+00 -9.79468403e-01 -6.50468018e+00 0.00000000e+00 1.00000000e+00 0.00000000e+00 -6.06170435e-01 9.79468403e-01 0.00000000e+00 2.01597737e-01 9.98100059e+00
1.4639998055e+02 2.10522184e-01 0.00000000e+00 -9.77589080e-01 -6.88353491e+00 0.00000000e+00 1.00000000e+00 0.00000000e+00 -6.27570074e-01 9.77589080e-01 0.00000000e+00 2.10522184e-01 9.94349881e+00
1.4649997354e+02 2.10361210e-01 0.00000000e+00 -9.77623732e-01 -7.25635514e+00 0.00000000e+00 1.00000000e+00 0.00000000e+00 -6.14469715e-01 9.77623732e-01 0.00000000e+00 2.10361210e-01 9.89866020e+00
1.4659994721e+02 2.25955063e-01 0.00000000e+00 -9.74137726e-01 -7.60772888e+00 0.00000000e+00 1.00000000e+00 0.00000000e+00 -5.96969337e-01 9.74137726e-01 0.00000000e+00 2.25955063e-01 9.86040117e+00
1.4669996786e+02 2.44159526e-01 0.00000000e+00 -9.69735080e-01 -7.96513110e+00 0.00000000e+00 1.00000000e+00 0.00000000e+00 -5.89668913e-01 9.69735080e-01 0.00000000e+00 2.44159526e-01 9.83174335e+00
1.4679994655e+02 2.75265453e-01 0.00000000e+00 -9.61368259e-01 -8.31550343e+00 0.00000000e+00 1.00000000e+00 0.00000000e+00 -5.66368434e-01 9.61368259e-01 0.00000000e+00 2.75265453e-01 9.82385631e+00
1.4689997220e+02 2.86141563e-01 0.00000000e+00 -9.58187354e-01 -8.66310370e+00 0.00000000e+00 1.00000000e+00 0.00000000e+00 -5.90867932e-01 9.58187354e-01 0.00000000e+00 2.86141563e-01 9.83345792e+00
1.4699999070e+02 3.18130417e-01 0.00000000e+00 -9.48046960e-01 -8.99160072e+00 0.00000000e+00 1.00000000e+00 0.00000000e+00 -5.77767398e-01 9.48046960e-01 0.00000000e+00 3.18130417e-01 9.85579727e+00
1.4709995985e+02 3.54850488e-01 0.00000000e+00 -9.34923061e-01 -9.32816797e+00 0.00000000e+00 1.00000000e+00 0.00000000e+00 -5.88566813e-01 9.34923061e-01 0.00000000e+00 3.54850488e-01 9.88728597e+00
1.4719994259e+02 3.81410890e-01 0.00000000e+00 -9.24405611e-01 -9.64859985e+00 0.00000000e+00 1.00000000e+00 0.00000000e+00 -5.79266205e-01 9.24405611e-01 0.00000000e+00 3.81410890e-01 9.94430589e+00
1.4730011177e+02 4.14290043e-01 0.00000000e+00 -9.10144912e-01 -9.95893914e+00 0.00000000e+00 1.00000000e+00 0.00000000e+00 -5.73565579e-01 9.10144912e-01 0.00000000e+00 4.14290043e-01 1.00057504e+01
1.4740002847e+02 4.59985756e-01 0.00000000e+00 -8.87926295e-01 -1.02505101e+01 0.00000000e+00 1.00000000e+00 0.00000000e+00 -5.73564926e-01 8.87926295e-01 0.00000000e+00 4.59985756e-01 1.00836640e+01
1.4749999022e+02 5.03156971e-01 0.00000000e+00 -8.64195038e-01 -1.05357015e+01 0.00000000e+00 1.00000000e+00 0.00000000e+00 -5.69664239e-01 8.64195038e-01 0.00000000e+00 5.03156971e-01 1.01799759e+01
1.4759994435e+02 5.55288636e-01 0.00000000e+00 -8.31657701e-01 -1.08049299e+01 0.00000000e+00 1.00000000e+00 0.00000000e+00 -5.93963531e-01 8.31657701e-01 0.00000000e+00 5.55288636e-01 1.02871449e+01
1.4769998169e+02 5.81992704e-01 0.00000000e+00 -8.13194007e-01 -1.10787860e+01 0.00000000e+00 1.00000000e+00 0.00000000e+00 -5.75962797e-01 8.13194007e-01 0.00000000e+00 5.81992704e-01 1.04195664e+01
1.4779994965e+02 6.49542286e-01 0.00000000e+00 -7.60325469e-01 -1.13126055e+01 0.00000000e+00 1.00000000e+00 0.00000000e+00 -5.87862055e-01 7.60325469e-01 0.00000000e+00 6.49542286e-01 1.05496324e+01
1.4790000796e+02 6.69736292e-01 0.00000000e+00 -7.42599016e-01 -1.15619718e+01 0.00000000e+00 1.00000000e+00 0.00000000e+00 -5.73861293e-01 7.42599016e-01 0.00000000e+00 6.69736292e-01 1.07139570e+01
1.4799993801e+02 7.21981754e-01 0.00000000e+00 -6.91912095e-01 -1.17832059e+01 0.00000000e+00 1.00000000e+00 0.00000000e+00 -5.90060527e-01 6.91912095e-01 0.00000000e+00 7.21981754e-01 1.08651422e+01
1.4809997845e+02 7.58790630e-01 0.00000000e+00 -6.51334614e-01 -1.19824961e+01 0.00000000e+00 1.00000000e+00 0.00000000e+00 -5.92159768e-01 6.51334614e-01 0.00000000e+00 7.58790630e-01 1.10445329e+01
1.4820004988e+02 7.94490749e-01 0.00000000e+00 -6.07276254e-01 -1.21624258e+01 0.00000000e+00 1.00000000e+00 0.00000000e+00 -5.96159018e-01 6.07276254e-01 0.00000000e+00 7.94490749e-01 1.12338758e+01
1.4830053520e+02 8.34700214e-01 0.00000000e+00 -5.50704597e-01 -1.23304977e+01 0.00000000e+00 1.00000000e+00 0.00000000e+00 -5.61058255e-01 5.50704597e-01 0.00000000e+00 8.34700214e-01 1.14263976e+01
1.4840009618e+02 8.70845967e-01 0.00000000e+00 -4.91556001e-01 -1.24759743e+01 0.00000000e+00 1.00000000e+00 0.00000000e+00 -5.67057489e-01 4.91556001e-01 0.00000000e+00 8.70845967e-01 1.16419080e+01
1.4850534797e+02 9.02779707e-01 0.00000000e+00 -4.30103244e-01 -1.25993941e+01 0.00000000e+00 1.00000000e+00 0.00000000e+00 -5.72056771e-01 4.30103244e-01 0.00000000e+00 9.02779707e-01 1.18490831e+01
1.4860007620e+02 9.26994843e-01 0.00000000e+00 -3.75074074e-01 -1.27170621e+01 0.00000000e+00 1.00000000e+00 0.00000000e+00 -5.70856057e-01 3.75074074e-01 0.00000000e+00 9.26994843e-01 1.20630038e+01
1.4869994879e+02 9.49107565e-01 0.00000000e+00 -3.14952107e-01 -1.28080590e+01 0.00000000e+00 1.00000000e+00 0.00000000e+00 -5.44655347e-01 3.14952107e-01 0.00000000e+00 9.49107565e-01 1.22969612e+01
1.4879996753e+02 9.64634433e-01 0.00000000e+00 -2.63591372e-01 -1.28836715e+01 0.00000000e+00 1.00000000e+00 0.00000000e+00 -5.34254659e-01 2.63591372e-01 0.00000000e+00 9.64634433e-01 1.25376767e+01
1.4890004563e+02 9.83156778e-01 0.00000000e+00 -1.82764192e-01 -1.29333482e+01 0.00000000e+00 1.00000000e+00 0.00000000e+00 -5.37454038e-01 1.82764192e-01 0.00000000e+00 9.83156778e-01 1.27515698e+01
1.4899995780e+02 9.95819016e-01 0.00000000e+00 -9.13481701e-02 -1.29667575e+01 0.00000000e+00 1.00000000e+00 0.00000000e+00 -5.24053442e-01 9.13481701e-02 0.00000000e+00 9.95819016e-01 1.29620875e+01
1.4909996581e+02 9.99696294e-01 0.00000000e+00 -2.46438643e-02 -1.29990814e+01 0.00000000e+00 1.00000000e+00 0.00000000e+00 -5.34252846e-01 2.46438643e-02 0.00000000e+00 9.99696294e-01 1.31869632e+01
1.4919996452e+02 9.99522277e-01 0.00000000e+00 3.09065858e-02 -1.29992834e+01 0.00000000e+00 1.00000000e+00 0.00000000e+00 -5.42252296e-01 -3.09065858e-02 0.00000000e+00 9.99522277e-01 1.34246570e+01
1.4929996061e+02 9.95334131e-01 0.00000000e+00 9.64881704e-02 -1.29900448e+01 0.00000000e+00 1.00000000e+00 0.00000000e+00 -5.35551768e-01 -9.64881704e-02 0.00000000e+00 9.95334131e-01 1.36534789e+01
1.4940000367e+02 9.85166485e-01 0.00000000e+00 1.71601273e-01 -1.29551106e+01 0.00000000e+00 1.00000000e+00 0.00000000e+00 -5.34251335e-01 -1.71601273e-01 0.00000000e+00 9.85166485e-01 1.38580249e+01
1.4949997282e+02 9.68571057e-01 0.00000000e+00 2.48737026e-01 -1.29248032e+01 0.00000000e+00 1.00000000e+00 0.00000000e+00 -5.43250891e-01 -2.48737026e-01 0.00000000e+00 9.68571057e-01 1.40607141e+01
1.4959994674e+02 9.54034016e-01 0.00000000e+00 2.99698341e-01 -1.28632735e+01 0.00000000e+00 1.00000000e+00 0.00000000e+00 -5.01850494e-01 -2.99698341e-01 0.00000000e+00 9.54034016e-01 1.42800074e+01
1.4969997358e+02 9.34690761e-01 0.00000000e+00 3.55461927e-01 -1.27894522e+01 0.00000000e+00 1.00000000e+00 0.00000000e+00 -5.25850157e-01 -3.55461927e-01 0.00000000e+00 9.34690761e-01 1.44791725e+01
1.4979998064e+02 9.08118305e-01 0.00000000e+00 4.18713679e-01 -1.27013167e+01 0.00000000e+00 1.00000000e+00 0.00000000e+00 -5.22949835e-01 -4.18713679e-01 0.00000000e+00 9.08118305e-01 1.46820008e+01
1.4990037060e+02 8.74865080e-01 0.00000000e+00 4.84366692e-01 -1.26085478e+01 0.00000000e+00 1.00000000e+00 0.00000000e+00 -5.29549526e-01 -4.84366692e-01 0.00000000e+00 8.74865080e-01 1.48806035e+01
1.4999995136e+02 8.39702414e-01 0.00000000e+00 5.43046826e-01 -1.24986366e+01 0.00000000e+00 1.00000000e+00 0.00000000e+00 -5.03549267e-01 -5.43046826e-01 0.00000000e+00 8.39702414e-01 1.50735570e+01
1.5009994769e+02 8.11578601e-01 0.00000000e+00 5.84243249e-01 -1.23784807e+01 0.00000000e+00 1.00000000e+00 0.00000000e+00 -4.92148979e-01 -5.84243249e-01 0.00000000e+00 8.11578601e-01 1.52862762e+01
1.5019996953e+02 7.67062025e-01 0.00000000e+00 6.41572950e-01 -1.22548373e+01 0.00000000e+00 1.00000000e+00 0.00000000e+00 -5.12348767e-01 -6.41572950e-01 0.00000000e+00 7.67062025e-01 1.54672565e+01
1.5029991579e+02 7.15082961e-01 0.00000000e+00 6.99039598e-01 -1.21059492e+01 0.00000000e+00 1.00000000e+00 0.00000000e+00 -5.05148633e-01 -6.99039598e-01 0.00000000e+00 7.15082961e-01 1.56363134e+01
1.5039999795e+02 6.63978176e-01 0.00000000e+00 7.47751952e-01 -1.19465200e+01 0.00000000e+00 1.00000000e+00 0.00000000e+00 -4.78848463e-01 -7.47751952e-01 0.00000000e+00 6.63978176e-01 1.58274989e+01
1.5049997997e+02 6.20772943e-01 0.00000000e+00 7.83990404e-01 -1.17680281e+01 0.00000000e+00 1.00000000e+00 0.00000000e+00 -4.94148353e-01 -7.83990404e-01 0.00000000e+00 6.20772943e-01 1.60057955e+01
1.5060013437e+02 5.79267611e-01 0.00000000e+00 8.15137433e-01 -1.15975564e+01 0.00000000e+00 1.00000000e+00 0.00000000e+00 -5.53048268e-01 -8.15137433e-01 0.00000000e+00 5.79267611e-01 1.61663275e+01
1.5069993234e+02 5.32445573e-01 0.00000000e+00 8.46464242e-01 -1.13972202e+01 0.00000000e+00 1.00000000e+00 0.00000000e+00 -5.61848224e-01 -8.46464242e-01 0.00000000e+00 5.32445573e-01 1.63301547e+01
1.5079996085e+02 4.74496968e-01 0.00000000e+00 8.80257137e-01 -1.11742334e+01 0.00000000e+00 1.00000000e+00 0.00000000e+00 -5.78848260e-01 -8.80257137e-01 0.00000000e+00 4.74496968e-01 1.64774955e+01
1.5089989591e+02 4.23546437e-01 0.00000000e+00 9.05874393e-01 -1.09423916e+01 0.00000000e+00 1.00000000e+00 0.00000000e+00 -5.44748256e-01 -9.05874393e-01 0.00000000e+00 4.23546437e-01 1.66413566e+01
1.5099993324e+02 3.70377240e-01 0.00000000e+00 9.28881424e-01 -1.07073056e+01 0.00000000e+00 1.00000000e+00 0.00000000e+00 -5.68748335e-01 -9.28881424e-01 0.00000000e+00 3.70377240e-01 1.67732398e+01
1.5109991431e+02 3.19655066e-01 0.00000000e+00 9.47533978e-01 -1.04416550e+01 0.00000000e+00 1.00000000e+00 0.00000000e+00 -5.48548454e-01 -9.47533978e-01 0.00000000e+00 3.19655066e-01 1.69048511e+01
1.5120041227e+02 2.41427787e-01 0.00000000e+00 9.70418788e-01 -1.02182879e+01 0.00000000e+00 1.00000000e+00 0.00000000e+00 -5.88948546e-01 -9.70418788e-01 0.00000000e+00 2.41427787e-01 1.70237739e+01
1.5129996443e+02 2.01862566e-01 0.00000000e+00 9.79413858e-01 -9.93851099e+00 0.00000000e+00 1.00000000e+00 0.00000000e+00 -5.57748795e-01 -9.79413858e-01 0.00000000e+00 2.01862566e-01 1.71053219e+01
1.5140005422e+02 1.25843718e-01 0.00000000e+00 9.92050079e-01 -9.66084644e+00 0.00000000e+00 1.00000000e+00 0.00000000e+00 -5.44149065e-01 -9.92050079e-01 0.00000000e+00 1.25843718e-01 1.71844645e+01
1.5150004411e+02 6.95488570e-02 0.00000000e+00 9.97578547e-01 -9.37731799e+00 0.00000000e+00 1.00000000e+00 0.00000000e+00 -5.10749399e-01 -9.97578547e-01 0.00000000e+00 6.95488570e-02 1.72337177e+01
1.5159998488e+02 1.33683294e-02 0.00000000e+00 9.99910640e-01 -9.08690599e+00 0.00000000e+00 1.00000000e+00 0.00000000e+00 -5.05149690e-01 -9.99910640e-01 0.00000000e+00 1.33683294e-02 1.72974648e+01
1.5170000553e+02 -5.52756930e-02 0.00000000e+00 9.98471130e-01 -8.79363882e+00 0.00000000e+00 1.00000000e+00 0.00000000e+00 -5.09850034e-01 -9.98471130e-01 0.00000000e+00 -5.52756930e-02 1.73441873e+01
1.5179997063e+02 -9.51499929e-02 0.00000000e+00 9.95462947e-01 -8.45261863e+00 0.00000000e+00 1.00000000e+00 0.00000000e+00 -4.92050416e-01 -9.95462947e-01 0.00000000e+00 -9.51499929e-02 1.73851211e+01
1.5189999676e+02 -1.12973423e-01 0.00000000e+00 9.93598010e-01 -8.10868502e+00 0.00000000e+00 1.00000000e+00 0.00000000e+00 -4.66750823e-01 -9.93598010e-01 0.00000000e+00 -1.12973423e-01 1.74032383e+01
1.5199997783e+02 -1.40768903e-01 0.00000000e+00 9.90042482e-01 -7.76435164e+00 0.00000000e+00 1.00000000e+00 0.00000000e+00 -4.80751228e-01 -9.90042482e-01 0.00000000e+00 -1.40768903e-01 1.74188815e+01
1.5210003662e+02 -1.91202539e-01 0.00000000e+00 9.81550604e-01 -7.44126976e+00 0.00000000e+00 1.00000000e+00 0.00000000e+00 -4.88651578e-01 -9.81550604e-01 0.00000000e+00 -1.91202539e-01 1.74475233e+01
1.5220005226e+02 -2.15474826e-01 0.00000000e+00 9.76509395e-01 -7.08404585e+00 0.00000000e+00 1.00000000e+00 0.00000000e+00 -4.69251950e-01 -9.76509395e-01 0.00000000e+00 -2.15474826e-01 1.74664383e+01
1.5229996252e+02 -1.98971706e-01 0.00000000e+00 9.80005235e-01 -6.70009265e+00 0.00000000e+00 1.00000000e+00 0.00000000e+00 -4.30852312e-01 -9.80005235e-01 0.00000000e+00 -1.98971706e-01 1.74750814e+01
1.5240003204e+02 -2.21708723e-01 0.00000000e+00 9.75112938e-01 -6.32202752e+00 0.00000000e+00 1.00000000e+00 0.00000000e+00 -4.70952624e-01 -9.75112938e-01 0.00000000e+00 -2.21708723e-01 1.75058942e+01
1.5250435877e+02 -2.22975126e-01 0.00000000e+00 9.74824134e-01 -5.93073386e+00 0.00000000e+00 1.00000000e+00 0.00000000e+00 -4.60252897e-01 -9.74824134e-01 0.00000000e+00 -2.22975126e-01 1.75386275e+01
1.5259999394e+02 -2.45270642e-01 0.00000000e+00 9.69454647e-01 -5.55277961e+00 0.00000000e+00 1.00000000e+00 0.00000000e+00 -5.05053132e-01 -9.69454647e-01 0.00000000e+00 -2.45270642e-01 1.75794384e+01
1.5269999361e+02 -2.32974872e-01 0.00000000e+00 9.72482755e-01 -5.13734761e+00 0.00000000e+00 1.00000000e+00 0.00000000e+00 -5.33853269e-01 -9.72482755e-01 0.00000000e+00 -2.32974872e-01 1.76445173e+01
1.5279993725e+02 -2.36489515e-01 0.00000000e+00 9.71634041e-01 -4.72627198e+00 0.00000000e+00 1.00000000e+00 0.00000000e+00 -5.19053484e-01 -9.71634041e-01 0.00000000e+00 -2.36489515e-01 1.76774798e+01
1.5289997554e+02 -2.36382249e-01 0.00000000e+00 9.71660142e-01 -4.33251891e+00 0.00000000e+00 1.00000000e+00 0.00000000e+00 -5.65753598e-01 -9.71660142e-01 0.00000000e+00 -2.36382249e-01 1.77304952e+01
1.5300000286e+02 -2.40408021e-01 0.00000000e+00 9.70671924e-01 -3.91982359e+00 0.00000000e+00 1.00000000e+00 0.00000000e+00 -5.72853739e-01 -9.70671924e-01 0.00000000e+00 -2.40408021e-01 1.77713080e+01
1.5309993696e+02 -2.43957297e-01 0.00000000e+00 9.69785975e-01 -3.49288505e+00 0.00000000e+00 1.00000000e+00 0.00000000e+00 -5.47953922e-01 -9.69785975e-01 0.00000000e+00 -2.43957297e-01 1.77908278e+01
1.5319992995e+02 -2.34371856e-01 0.00000000e+00 9.72147022e-01 -3.07091603e+00 0.00000000e+00 1.00000000e+00 0.00000000e+00 -5.53453996e-01 -9.72147022e-01 0.00000000e+00 -2.34371856e-01 1.78324937e+01
1.5329995608e+02 -2.52332140e-01 0.00000000e+00 9.67640683e-01 -2.65564628e+00 0.00000000e+00 1.00000000e+00 0.00000000e+00 -5.66054027e-01 -9.67640683e-01 0.00000000e+00 -2.52332140e-01 1.78863685e+01
1.5339996409e+02 -2.56671317e-01 0.00000000e+00 9.66498751e-01 -2.22252631e+00 0.00000000e+00 1.00000000e+00 0.00000000e+00 -5.57054087e-01 -9.66498751e-01 0.00000000e+00 -2.56671317e-01 1.79190046e+01
1.5350001407e+02 -2.54655539e-01 0.00000000e+00 9.67031828e-01 -1.78473285e+00 0.00000000e+00 1.00000000e+00 0.00000000e+00 -5.85654094e-01 -9.67031828e-01 0.00000000e+00 -2.54655539e-01 1.79576540e+01
1.5360000443e+02 -2.63132852e-01 0.00000000e+00 9.64759608e-01 -1.34761710e+00 0.00000000e+00 1.00000000e+00 0.00000000e+00 -5.89254077e-01 -9.64759608e-01 0.00000000e+00 -2.63132852e-01 1.79973873e+01
1.5369990468e+02 -2.59821762e-01 0.00000000e+00 9.65656591e-01 -8.98319096e-01 0.00000000e+00 1.00000000e+00 0.00000000e+00 -5.50854024e-01 -9.65656591e-01 0.00000000e+00 -2.59821762e-01 1.80357638e+01
1.5379989338e+02 -2.50142568e-01 0.00000000e+00 9.68209014e-01 -4.41011727e-01 0.00000000e+00 1.00000000e+00 0.00000000e+00 -5.44953985e-01 -9.68209014e-01 0.00000000e+00 -2.50142568e-01 1.80580588e+01
1.5389995837e+02 -2.55666406e-01 0.00000000e+00 9.66765064e-01 5.84881231e-03 0.00000000e+00 1.00000000e+00 0.00000000e+00 -5.56853913e-01 -9.66765064e-01 0.00000000e+00 -2.55666406e-01 1.80835431e+01
1.5399995065e+02 -2.59454168e-01 0.00000000e+00 9.65755422e-01 4.59623945e-01 0.00000000e+00 1.00000000e+00 0.00000000e+00 -5.52253739e-01 -9.65755422e-01 0.00000000e+00 -2.59454168e-01 1.81325678e+01
1.5410022664e+02 -2.62158200e-01 0.00000000e+00 9.65024911e-01 9.44208773e-01 0.00000000e+00 1.00000000e+00 0.00000000e+00 -5.82353504e-01 -9.65024911e-01 0.00000000e+00 -2.62158200e-01 1.81877382e+01
1.5419995070e+02 -2.57143025e-01 0.00000000e+00 9.66373357e-01 1.41979339e+00 0.00000000e+00 1.00000000e+00 0.00000000e+00 -5.77253298e-01 -9.66373357e-01 0.00000000e+00 -2.57143025e-01 1.82218158e+01
1.5430017614e+02 -2.64832598e-01 0.00000000e+00 9.64294403e-01 1.90663206e+00 0.00000000e+00 1.00000000e+00 0.00000000e+00 -5.89253073e-01 -9.64294403e-01 0.00000000e+00 -2.64832598e-01 1.82490820e+01
1.5439995980e+02 -2.14472721e-01 0.00000000e+00 9.76729979e-01 2.41699209e+00 0.00000000e+00 1.00000000e+00 0.00000000e+00 -5.86752761e-01 -9.76729979e-01 0.00000000e+00 -2.14472721e-01 1.82824588e+01
1.5450440454e+02 -2.40605173e-01 0.00000000e+00 9.70623074e-01 2.89507876e+00 0.00000000e+00 1.00000000e+00 0.00000000e+00 -5.77852417e-01 -9.70623074e-01 0.00000000e+00 -2.40605173e-01 1.83288166e+01
1.5459995508e+02 -2.16449557e-01 0.00000000e+00 9.76293803e-01 3.43234105e+00 0.00000000e+00 1.00000000e+00 0.00000000e+00 -5.57551943e-01 -9.76293803e-01 0.00000000e+00 -2.16449557e-01 1.83890960e+01
1.5470014501e+02 -2.21014269e-01 0.00000000e+00 9.75270574e-01 3.93074376e+00 0.00000000e+00 1.00000000e+00 0.00000000e+00 -5.78251490e-01 -9.75270574e-01 0.00000000e+00 -2.21014269e-01 1.84390189e+01
1.5480002642e+02 -2.37917930e-01 0.00000000e+00 9.71285261e-01 4.43229671e+00 0.00000000e+00 1.00000000e+00 0.00000000e+00 -6.05551025e-01 -9.71285261e-01 0.00000000e+00 -2.37917930e-01 1.84794937e+01
1.5489998388e+02 -2.10368820e-01 0.00000000e+00 9.77622094e-01 4.96106681e+00 0.00000000e+00 1.00000000e+00 0.00000000e+00 -5.92750477e-01 -9.77622094e-01 0.00000000e+00 -2.10368820e-01 1.85241573e+01
1.5500015354e+02 -2.50732123e-01 0.00000000e+00 9.68056508e-01 5.46557217e+00 0.00000000e+00 1.00000000e+00 0.00000000e+00 -6.02849926e-01 -9.68056508e-01 0.00000000e+00 -2.50732123e-01 1.85657976e+01
1.5509995198e+02 -2.42867470e-01 0.00000000e+00 9.70059479e-01 6.01500562e+00 0.00000000e+00 1.00000000e+00 0.00000000e+00 -6.12549279e-01 -9.70059479e-01 0.00000000e+00 -2.42867470e-01 1.86082241e+01
1.5519992256e+02 -2.29389636e-01 0.00000000e+00 9.73334678e-01 6.53847124e+00 0.00000000e+00 1.00000000e+00 0.00000000e+00 -6.31848727e-01 -9.73334678e-01 0.00000000e+00 -2.29389636e-01 1.86130188e+01
1.5529998255e+02 -2.23319761e-01 0.00000000e+00 9.74745241e-01 7.05464709e+00 0.00000000e+00 1.00000000e+00 0.00000000e+00 -6.19948153e-01 -9.74745241e-01 0.00000000e+00 -2.23319761e-01 1.86141653e+01
1.5539999223e+02 -2.09175366e-01 0.00000000e+00 9.77878145e-01 7.57251939e+00 0.00000000e+00 1.00000000e+00 0.00000000e+00 -6.12447389e-01 -9.77878145e-01 0.00000000e+00 -2.09175366e-01 1.86632138e+01
1.5550011134e+02 -1.94734256e-01 0.00000000e+00 9.80856039e-01 8.09553204e+00 0.00000000e+00 1.00000000e+00 0.00000000e+00 -5.79046426e-01 -9.80856039e-01 0.00000000e+00 -1.94734256e-01 1.87627653e+01
1.5559996176e+02 -2.37168846e-01 0.00000000e+00 9.71468444e-01 8.58500538e+00 0.00000000e+00 1.00000000e+00 0.00000000e+00 -5.78445562e-01 -9.71468444e-01 0.00000000e+00 -2.37168846e-01 1.88288454e+01
1.5570008063e+02 -2.27746035e-01 0.00000000e+00 9.73720567e-01 9.08987993e+00 0.00000000e+00 1.00000000e+00 0.00000000e+00 -6.15744760e-01 -9.73720567e-01 0.00000000e+00 -2.27746035e-01 1.88551955e+01
1.5579999352e+02 -2.23856367e-01 0.00000000e+00 9.74622146e-01 9.59394799e+00 0.00000000e+00 1.00000000e+00 0.00000000e+00 -5.97843888e-01 -9.74622146e-01 0.00000000e+00 -2.23856367e-01 1.88922010e+01
1.5590008807e+02 -2.46325860e-01 0.00000000e+00 9.69187067e-01 1.00867855e+01 0.00000000e+00 1.00000000e+00 0.00000000e+00 -5.94742943e-01 -9.69187067e-01 0.00000000e+00 -2.46325860e-01 1.89441112e+01
1.5599991393e+02 -2.55929520e-01 0.00000000e+00 9.66695444e-01 1.05674416e+01 0.00000000e+00 1.00000000e+00 0.00000000e+00 -6.00341949e-01 -9.66695444e-01 0.00000000e+00 -2.55929520e-01 1.90068925e+01
1.5609997153e+02 -2.51533963e-01 0.00000000e+00 9.67848472e-01 1.10536442e+01 0.00000000e+00 1.00000000e+00 0.00000000e+00 -6.09340942e-01 -9.67848472e-01 0.00000000e+00 -2.51533963e-01 1.90592130e+01
1.5619999123e+02 -2.50034249e-01 0.00000000e+00 9.68236993e-01 1.15260165e+01 0.00000000e+00 1.00000000e+00 0.00000000e+00 -6.20739978e-01 -9.68236993e-01 0.00000000e+00 -2.50034249e-01 1.90938523e+01
1.5629998517e+02 -2.53154096e-01 0.00000000e+00 9.67425968e-01 1.20072987e+01 0.00000000e+00 1.00000000e+00 0.00000000e+00 -6.14338972e-01 -9.67425968e-01 0.00000000e+00 -2.53154096e-01 1.91245423e+01
1.5639998484e+02 -2.49051138e-01 0.00000000e+00 9.68490336e-01 1.24876797e+01 0.00000000e+00 1.00000000e+00 0.00000000e+00 -6.13237869e-01 -9.68490336e-01 0.00000000e+00 -2.49051138e-01 1.91761456e+01
1.5649994802e+02 -2.47955335e-01 0.00000000e+00 9.68771465e-01 1.29491238e+01 0.00000000e+00 1.00000000e+00 0.00000000e+00 -6.63836810e-01 -9.68771465e-01 0.00000000e+00 -2.47955335e-01 1.92130593e+01
1.5659999990e+02 -2.41926369e-01 0.00000000e+00 9.70294611e-01 1.34267281e+01 0.00000000e+00 1.00000000e+00 0.00000000e+00 -6.48935757e-01 -9.70294611e-01 0.00000000e+00 -2.41926369e-01 1.92278628e+01
1.5669995093e+02 -2.36587840e-01 0.00000000e+00 9.71610104e-01 1.38661404e+01 0.00000000e+00 1.00000000e+00 0.00000000e+00 -6.40734650e-01 -9.71610104e-01 0.00000000e+00 -2.36587840e-01 1.92754712e+01
1.5680018735e+02 -2.33660206e-01 0.00000000e+00 9.72318316e-01 1.43288017e+01 0.00000000e+00 1.00000000e+00 0.00000000e+00 -6.56033487e-01 -9.72318316e-01 0.00000000e+00 -2.33660206e-01 1.93138785e+01
1.5690022635e+02 -2.35780209e-01 0.00000000e+00 9.71806407e-01 1.47758723e+01 0.00000000e+00 1.00000000e+00 0.00000000e+00 -6.53532289e-01 -9.71806407e-01 0.00000000e+00 -2.35780209e-01 1.93636408e+01
1.5700002646e+02 -2.36145048e-01 0.00000000e+00 9.71717817e-01 1.52272708e+01 0.00000000e+00 1.00000000e+00 0.00000000e+00 -6.65131084e-01 -9.71717817e-01 0.00000000e+00 -2.36145048e-01 1.94023284e+01
1.5710004020e+02 -2.30307730e-01 0.00000000e+00 9.73117850e-01 1.56705392e+01 0.00000000e+00 1.00000000e+00 0.00000000e+00 -6.46729917e-01 -9.73117850e-01 0.00000000e+00 -2.30307730e-01 1.94258739e+01
1.5720025015e+02 -2.30441595e-01 0.00000000e+00 9.73086158e-01 1.61126874e+01 0.00000000e+00 1.00000000e+00 0.00000000e+00 -6.63828657e-01 -9.73086158e-01 0.00000000e+00 -2.30441595e-01 1.94694020e+01
1.5730025339e+02 -2.19592491e-01 0.00000000e+00 9.75591686e-01 1.65541443e+01 0.00000000e+00 1.00000000e+00 0.00000000e+00 -6.53327434e-01 -9.75591686e-01 0.00000000e+00 -2.19592491e-01 1.94947645e+01
1.5740017343e+02 -2.40678160e-01 0.00000000e+00 9.70604978e-01 1.69672364e+01 0.00000000e+00 1.00000000e+00 0.00000000e+00 -6.67626223e-01 -9.70604978e-01 0.00000000e+00 -2.40678160e-01 1.95231572e+01
1.5750004172e+02 -2.43600859e-01 0.00000000e+00 9.69875570e-01 1.73913909e+01 0.00000000e+00 1.00000000e+00 0.00000000e+00 -6.66424957e-01 -9.69875570e-01 0.00000000e+00 -2.43600859e-01 1.95544280e+01
1.5760005188e+02 -2.28843719e-01 0.00000000e+00 9.73463175e-01 1.78523719e+01 0.00000000e+00 1.00000000e+00 0.00000000e+00 -6.65723485e-01 -9.73463175e-01 0.00000000e+00 -2.28843719e-01 1.96129810e+01
1.5770000410e+02 -2.39498648e-01 0.00000000e+00 9.70896698e-01 1.82725587e+01 0.00000000e+00 1.00000000e+00 0.00000000e+00 -6.82722166e-01 -9.70896698e-01 0.00000000e+00 -2.39498648e-01 1.96443570e+01
1.5780008507e+02 -2.46098748e-01 0.00000000e+00 9.69244761e-01 1.86876989e+01 0.00000000e+00 1.00000000e+00 0.00000000e+00 -6.93920770e-01 -9.69244761e-01 0.00000000e+00 -2.46098748e-01 1.96969512e+01
1.5790002227e+02 -2.48392164e-01 0.00000000e+00 9.68659555e-01 1.91011581e+01 0.00000000e+00 1.00000000e+00 0.00000000e+00 -6.94919411e-01 -9.68659555e-01 0.00000000e+00 -2.48392164e-01 1.97315539e+01
1.5800004697e+02 -2.36483843e-01 0.00000000e+00 9.71635421e-01 1.95176221e+01 0.00000000e+00 1.00000000e+00 0.00000000e+00 -7.20117976e-01 -9.71635421e-01 0.00000000e+00 -2.36483843e-01 1.97826261e+01
1.5810002756e+02 -2.42796885e-01 0.00000000e+00 9.70077148e-01 1.99065997e+01 0.00000000e+00 1.00000000e+00 0.00000000e+00 -7.12516609e-01 -9.70077148e-01 0.00000000e+00 -2.42796885e-01 1.98258101e+01
1.5820003295e+02 -2.37664675e-01 0.00000000e+00 9.71347261e-01 2.03041723e+01 0.00000000e+00 1.00000000e+00 0.00000000e+00 -7.19815223e-01 -9.71347261e-01 0.00000000e+00 -2.37664675e-01 1.98616807e+01
1.5830003619e+02 -2.42332147e-01 0.00000000e+00 9.70193347e-01 2.06889267e+01 0.00000000e+00 1.00000000e+00 0.00000000e+00 -7.09213880e-01 -9.70193347e-01 0.00000000e+00 -2.42332147e-01 1.98868810e+01
1.5840005326e+02 -2.52107730e-01 0.00000000e+00 9.67699175e-01 2.10654768e+01 0.00000000e+00 1.00000000e+00 0.00000000e+00 -7.15712510e-01 -9.67699175e-01 0.00000000e+00 -2.52107730e-01 1.99208030e+01
1.5850019073e+02 -2.46755010e-01 0.00000000e+00 9.69077894e-01 2.14470166e+01 0.00000000e+00 1.00000000e+00 0.00000000e+00 -7.16311132e-01 -9.69077894e-01 0.00000000e+00 -2.46755010e-01 1.99486380e+01
1.5859996581e+02 -2.42547958e-01 0.00000000e+00 9.70139417e-01 2.18212045e+01 0.00000000e+00 1.00000000e+00 0.00000000e+00 -6.98609798e-01 -9.70139417e-01 0.00000000e+00 -2.42547958e-01 1.99636084e+01
1.5870001769e+02 -2.45998155e-01 0.00000000e+00 9.69270297e-01 2.21895374e+01 0.00000000e+00 1.00000000e+00 0.00000000e+00 -7.14108375e-01 -9.69270297e-01 0.00000000e+00 -2.45998155e-01 2.00033270e+01
1.5879994416e+02 -2.51226246e-01 0.00000000e+00 9.67928393e-01 2.25453624e+01 0.00000000e+00 1.00000000e+00 0.00000000e+00 -6.98907028e-01 -9.67928393e-01 0.00000000e+00 -2.51226246e-01 2.00257090e+01
1.5889998031e+02 -2.54843686e-01 0.00000000e+00 9.66982262e-01 2.29005042e+01 0.00000000e+00 1.00000000e+00 0.00000000e+00 -7.19105635e-01 -9.66982262e-01 0.00000000e+00 -2.54843686e-01 2.00576730e+01
1.5900025392e+02 -2.55888674e-01 0.00000000e+00 9.66706257e-01 2.32440236e+01 0.00000000e+00 1.00000000e+00 0.00000000e+00 -7.35004289e-01 -9.66706257e-01 0.00000000e+00 -2.55888674e-01 2.00831588e+01
1.5910010815e+02 -2.56982547e-01 0.00000000e+00 9.66416044e-01 2.35905648e+01 0.00000000e+00 1.00000000e+00 0.00000000e+00 -7.32302943e-01 -9.66416044e-01 0.00000000e+00 -2.56982547e-01 2.00990415e+01
1.5920031548e+02 -2.72912292e-01 0.00000000e+00 9.62038918e-01 2.39157307e+01 0.00000000e+00 1.00000000e+00 0.00000000e+00 -7.31801631e-01 -9.62038918e-01 0.00000000e+00 -2.72912292e-01 2.01181775e+01
1.5930002713e+02 -2.90317253e-01 0.00000000e+00 9.56930454e-01 2.42253097e+01 0.00000000e+00 1.00000000e+00 0.00000000e+00 -7.40100445e-01 -9.56930454e-01 0.00000000e+00 -2.90317253e-01 2.01115466e+01
1.5940011263e+02 -3.13445168e-01 0.00000000e+00 9.49606301e-01 2.45371417e+01 0.00000000e+00 1.00000000e+00 0.00000000e+00 -7.50699267e-01 -9.49606301e-01 0.00000000e+00 -3.13445168e-01 2.00925079e+01
1.5950002837e+02 -3.40479371e-01 0.00000000e+00 9.40251986e-01 2.48363814e+01 0.00000000e+00 1.00000000e+00 0.00000000e+00 -7.37398135e-01 -9.40251986e-01 0.00000000e+00 -3.40479371e-01 2.00688696e+01
1.5960005546e+02 -3.87123924e-01 0.00000000e+00 9.22027693e-01 2.51132135e+01 0.00000000e+00 1.00000000e+00 0.00000000e+00 -7.47597102e-01 -9.22027693e-01 0.00000000e+00 -3.87123924e-01 2.00312627e+01
1.5970002818e+02 -4.10507999e-01 0.00000000e+00 9.11856997e-01 2.53834882e+01 0.00000000e+00 1.00000000e+00 0.00000000e+00 -7.51796163e-01 -9.11856997e-01 0.00000000e+00 -4.10507999e-01 1.99763832e+01
1.5979998684e+02 -4.44208092e-01 0.00000000e+00 8.95923641e-01 2.56492153e+01 0.00000000e+00 1.00000000e+00 0.00000000e+00 -7.58795245e-01 -8.95923641e-01 0.00000000e+00 -4.44208092e-01 1.99150750e+01
1.5990024734e+02 -4.75339486e-01 0.00000000e+00 8.79802463e-01 2.59073005e+01 0.00000000e+00 1.00000000e+00 0.00000000e+00 -7.56594418e-01 -8.79802463e-01 0.00000000e+00 -4.75339486e-01 1.98323211e+01
1.6000000787e+02 -5.24959696e-01 0.00000000e+00 8.51127087e-01 2.61336828e+01 0.00000000e+00 1.00000000e+00 0.00000000e+00 -7.65893694e-01 -8.51127087e-01 0.00000000e+00 -5.24959696e-01 1.97509919e+01
1.6010007739e+02 -5.62153723e-01 0.00000000e+00 8.27032763e-01 2.63499983e+01 0.00000000e+00 1.00000000e+00 0.00000000e+00 -7.56593070e-01 -8.27032763e-01 0.00000000e+00 -5.62153723e-01 1.96525856e+01
1.6020019984e+02 -5.89171132e-01 0.00000000e+00 8.08008278e-01 2.65660235e+01 0.00000000e+00 1.00000000e+00 0.00000000e+00 -7.75692532e-01 -8.08008278e-01 0.00000000e+00 -5.89171132e-01 1.95273439e+01
1.6030001235e+02 -6.34266710e-01 0.00000000e+00 7.73114313e-01 2.67516820e+01 0.00000000e+00 1.00000000e+00 0.00000000e+00 -7.76692105e-01 -7.73114313e-01 0.00000000e+00 -6.34266710e-01 1.94034501e+01
1.6040039706e+02 -6.86139495e-01 0.00000000e+00 7.27469994e-01 2.69255237e+01 0.00000000e+00 1.00000000e+00 0.00000000e+00 -7.79991710e-01 -7.27469994e-01 0.00000000e+00 -6.86139495e-01 1.92841147e+01
1.6052754378e+02 -7.15713181e-01 0.00000000e+00 6.98394332e-01 2.70904121e+01 0.00000000e+00 1.00000000e+00 0.00000000e+00 -7.88291439e-01 -6.98394332e-01 0.00000000e+00 -7.15713181e-01 1.91377679e+01
1.6060003448e+02 -7.64170025e-01 0.00000000e+00 6.45014862e-01 2.72088136e+01 0.00000000e+00 1.00000000e+00 0.00000000e+00 -7.92791362e-01 -6.45014862e-01 0.00000000e+00 -7.64170025e-01 1.89945949e+01
1.6070000887e+02 -8.04872159e-01 0.00000000e+00 5.93448234e-01 2.73358824e+01 0.00000000e+00 1.00000000e+00 0.00000000e+00 -7.86891282e-01 -5.93448234e-01 0.00000000e+00 -8.04872159e-01 1.88411823e+01
1.6079997683e+02 -8.40986911e-01 0.00000000e+00 5.41055465e-01 2.74320474e+01 0.00000000e+00 1.00000000e+00 0.00000000e+00 -7.85191386e-01 -5.41055465e-01 0.00000000e+00 -8.40986911e-01 1.86728202e+01
1.6089999199e+02 -8.75300539e-01 0.00000000e+00 4.83579327e-01 2.75138846e+01 0.00000000e+00 1.00000000e+00 0.00000000e+00 -7.88591546e-01 -4.83579327e-01 0.00000000e+00 -8.75300539e-01 1.85090651e+01
1.6100006223e+02 -9.09589870e-01 0.00000000e+00 4.15507243e-01 2.75680750e+01 0.00000000e+00 1.00000000e+00 0.00000000e+00 -7.93291807e-01 -4.15507243e-01 0.00000000e+00 -9.09589870e-01 1.83556340e+01
1.6110009265e+02 -9.38000964e-01 0.00000000e+00 3.46632646e-01 2.76060017e+01 0.00000000e+00 1.00000000e+00 0.00000000e+00 -8.05792167e-01 -3.46632646e-01 0.00000000e+00 -9.38000964e-01 1.81967815e+01
1.6120004940e+02 -9.62079975e-01 0.00000000e+00 2.72767523e-01 2.76191074e+01 0.00000000e+00 1.00000000e+00 0.00000000e+00 -8.15392631e-01 -2.72767523e-01 0.00000000e+00 -9.62079975e-01 1.80438186e+01
1.6129998350e+02 -9.80992975e-01 0.00000000e+00 1.94043252e-01 2.76241139e+01 0.00000000e+00 1.00000000e+00 0.00000000e+00 -8.27593139e-01 -1.94043252e-01 0.00000000e+00 -9.80992975e-01 1.78932015e+01
1.6140000176e+02 -9.92631171e-01 0.00000000e+00 1.21174907e-01 2.76193628e+01 0.00000000e+00 1.00000000e+00 0.00000000e+00 -8.15593702e-01 -1.21174907e-01 0.00000000e+00 -9.92631171e-01 1.77377927e+01
1.6151355529e+02 -9.98766980e-01 0.00000000e+00 4.96439252e-02 2.76024267e+01 0.00000000e+00 1.00000000e+00 0.00000000e+00 -8.14094327e-01 -4.96439252e-02 0.00000000e+00 -9.98766980e-01 1.75810694e+01
1.6159999251e+02 -9.99666178e-01 0.00000000e+00 -2.58366599e-02 2.75880424e+01 0.00000000e+00 1.00000000e+00 0.00000000e+00 -8.43794936e-01 2.58366599e-02 0.00000000e+00 -9.99666178e-01 1.74305616e+01
1.6169994712e+02 -9.94367935e-01 0.00000000e+00 -1.05983063e-01 2.75576971e+01 0.00000000e+00 1.00000000e+00 0.00000000e+00 -8.35695643e-01 1.05983063e-01 0.00000000e+00 -9.94367935e-01 1.72749248e+01
1.6179994869e+02 -9.86052682e-01 0.00000000e+00 -1.66433496e-01 2.75166790e+01 0.00000000e+00 1.00000000e+00 0.00000000e+00 -8.52796394e-01 1.66433496e-01 0.00000000e+00 -9.86052682e-01 1.71095810e+01
1.6189994645e+02 -9.70766819e-01 0.00000000e+00 -2.40024547e-01 2.74637633e+01 0.00000000e+00 1.00000000e+00 0.00000000e+00 -8.46597199e-01 2.40024547e-01 0.00000000e+00 -9.70766819e-01 1.69543448e+01
1.6199998379e+02 -9.49914369e-01 0.00000000e+00 -3.12510306e-01 2.73972795e+01 0.00000000e+00 1.00000000e+00 0.00000000e+00 -8.52398075e-01 3.12510306e-01 0.00000000e+00 -9.49914369e-01 1.67956068e+01
1.6209990764e+02 -9.27412263e-01 0.00000000e+00 -3.74040767e-01 2.73087861e+01 0.00000000e+00 1.00000000e+00 0.00000000e+00 -8.41599035e-01 3.74040767e-01 0.00000000e+00 -9.27412263e-01 1.66337557e+01
1.6219993854e+02 -8.98332728e-01 0.00000000e+00 -4.39315728e-01 2.72240637e+01 0.00000000e+00 1.00000000e+00 0.00000000e+00 -8.58199956e-01 4.39315728e-01 0.00000000e+00 -8.98332728e-01 1.64859231e+01
1.6229991102e+02 -8.63050084e-01 0.00000000e+00 -5.05118354e-01 2.71237449e+01 0.00000000e+00 1.00000000e+00 0.00000000e+00 -8.56300934e-01 5.05118354e-01 0.00000000e+00 -8.63050084e-01 1.63452224e+01
1.6239995503e+02 -8.23273483e-01 0.00000000e+00 -5.67644935e-01 2.70107454e+01 0.00000000e+00 1.00000000e+00 0.00000000e+00 -8.71101966e-01 5.67644935e-01 0.00000000e+00 -8.23273483e-01 1.62030252e+01
1.6249990678e+02 -7.82386082e-01 0.00000000e+00 -6.22793721e-01 2.68831129e+01 0.00000000e+00 1.00000000e+00 0.00000000e+00 -8.53503003e-01 6.22793721e-01 0.00000000e+00 -7.82386082e-01 1.60775944e+01
1.6259997487e+02 -7.30871076e-01 0.00000000e+00 -6.82515546e-01 2.67568346e+01 0.00000000e+00 1.00000000e+00 0.00000000e+00 -8.55704048e-01 6.82515546e-01 0.00000000e+00 -7.30871076e-01 1.59560126e+01
1.6269996977e+02 -6.86237119e-01 0.00000000e+00 -7.27377905e-01 2.66072394e+01 0.00000000e+00 1.00000000e+00 0.00000000e+00 -8.62205165e-01 7.27377905e-01 0.00000000e+00 -6.86237119e-01 1.58268883e+01
1.6279989934e+02 -6.31031636e-01 0.00000000e+00 -7.75757098e-01 2.64512480e+01 0.00000000e+00 1.00000000e+00 0.00000000e+00 -8.43606285e-01 7.75757098e-01 0.00000000e+00 -6.31031636e-01 1.57155540e+01
1.6289994884e+02 -5.69658802e-01 0.00000000e+00 -8.21881287e-01 2.63022711e+01 0.00000000e+00 1.00000000e+00 0.00000000e+00 -8.55107376e-01 8.21881287e-01 0.00000000e+00 -5.69658802e-01 1.56035363e+01
1.6299993014e+02 -5.10666656e-01 0.00000000e+00 -8.59778789e-01 2.61318900e+01 0.00000000e+00 1.00000000e+00 0.00000000e+00 -8.53508512e-01 8.59778789e-01 0.00000000e+00 -5.10666656e-01 1.54995412e+01
1.6309994793e+02 -4.49250147e-01 0.00000000e+00 -8.93406014e-01 2.59557364e+01 0.00000000e+00 1.00000000e+00 0.00000000e+00 -8.61109625e-01 8.93406014e-01 0.00000000e+00 -4.49250147e-01 1.54114481e+01
1.6319997239e+02 -3.87850418e-01 0.00000000e+00 -9.21722330e-01 2.57636523e+01 0.00000000e+00 1.00000000e+00 0.00000000e+00 -8.51310776e-01 9.21722330e-01 0.00000000e+00 -3.87850418e-01 1.53278156e+01
1.6329998875e+02 -3.33788508e-01 0.00000000e+00 -9.42647989e-01 2.55576208e+01 0.00000000e+00 1.00000000e+00 0.00000000e+00 -8.54911924e-01 9.42647989e-01 0.00000000e+00 -3.33788508e-01 1.52544611e+01
1.6340001583e+02 -2.75816745e-01 0.00000000e+00 -9.61210239e-01 2.53513810e+01 0.00000000e+00 1.00000000e+00 0.00000000e+00 -8.37713039e-01 9.61210239e-01 0.00000000e+00 -2.75816745e-01 1.51932891e+01
1.6350017166e+02 -2.12546247e-01 0.00000000e+00 -9.77151008e-01 2.51405824e+01 0.00000000e+00 1.00000000e+00 0.00000000e+00 -8.36414196e-01 9.77151008e-01 0.00000000e+00 -2.12546247e-01 1.51203887e+01
1.6360031343e+02 -1.59654316e-01 0.00000000e+00 -9.87172984e-01 2.49107641e+01 0.00000000e+00 1.00000000e+00 0.00000000e+00 -8.56315392e-01 9.87172984e-01 0.00000000e+00 -1.59654316e-01 1.50461978e+01
1.6370039082e+02 -1.12288025e-01 0.00000000e+00 -9.93675701e-01 2.46770417e+01 0.00000000e+00 1.00000000e+00 0.00000000e+00 -8.55716534e-01 9.93675701e-01 0.00000000e+00 -1.12288025e-01 1.49898868e+01
1.6380006194e+02 -6.97348109e-02 0.00000000e+00 -9.97565565e-01 2.44392921e+01 0.00000000e+00 1.00000000e+00 0.00000000e+00 -8.47517688e-01 9.97565565e-01 0.00000000e+00 -6.97348109e-02 1.49252976e+01
1.6389995837e+02 -3.02418597e-02 0.00000000e+00 -9.99542610e-01 2.41827794e+01 0.00000000e+00 1.00000000e+00 0.00000000e+00 -8.37018860e-01 9.99542610e-01 0.00000000e+00 -3.02418597e-02 1.48754892e+01
1.6400002551e+02 6.06990295e-03 0.00000000e+00 -9.99981578e-01 2.39225787e+01 0.00000000e+00 1.00000000e+00 0.00000000e+00 -8.36520034e-01 9.99981578e-01 0.00000000e+00 6.06990295e-03 1.48213478e+01
1.6409993291e+02 3.77892731e-02 0.00000000e+00 -9.99285730e-01 2.36463891e+01 0.00000000e+00 1.00000000e+00 0.00000000e+00 -8.13121223e-01 9.99285730e-01 0.00000000e+00 3.77892731e-02 1.47767228e+01
1.6419997263e+02 7.11288392e-02 0.00000000e+00 -9.97467136e-01 2.33723982e+01 0.00000000e+00 1.00000000e+00 0.00000000e+00 -8.16622406e-01 9.97467136e-01 0.00000000e+00 7.11288392e-02 1.47255524e+01
1.6429996943e+02 9.88449445e-02 0.00000000e+00 -9.95102847e-01 2.30926073e+01 0.00000000e+00 1.00000000e+00 0.00000000e+00 -8.20923557e-01 9.95102847e-01 0.00000000e+00 9.88449445e-02 1.46870108e+01
1.6439999175e+02 1.32286499e-01 0.00000000e+00 -9.91211522e-01 2.28000307e+01 0.00000000e+00 1.00000000e+00 0.00000000e+00 -8.30424755e-01 9.91211522e-01 0.00000000e+00 1.32286499e-01 1.46464124e+01
1.6450534821e+02 1.46207083e-01 0.00000000e+00 -9.89254006e-01 2.24951027e+01 0.00000000e+00 1.00000000e+00 0.00000000e+00 -8.29725950e-01 9.89254006e-01 0.00000000e+00 1.46207083e-01 1.46057257e+01
1.6460052276e+02 1.62339208e-01 0.00000000e+00 -9.86735011e-01 2.21864556e+01 0.00000000e+00 1.00000000e+00 0.00000000e+00 -7.94527137e-01 9.86735011e-01 0.00000000e+00 1.62339208e-01 1.45683720e+01
1.6469990087e+02 1.80621768e-01 0.00000000e+00 -9.83552630e-01 2.18674079e+01 0.00000000e+00 1.00000000e+00 0.00000000e+00 -7.77528354e-01 9.83552630e-01 0.00000000e+00 1.80621768e-01 1.45276177e+01
1.6479994750e+02 1.80930647e-01 0.00000000e+00 -9.83495857e-01 2.15340587e+01 0.00000000e+00 1.00000000e+00 0.00000000e+00 -7.82029562e-01 9.83495857e-01 0.00000000e+00 1.80930647e-01 1.44942370e+01
1.6489997888e+02 1.92955725e-01 0.00000000e+00 -9.81207464e-01 2.11926636e+01 0.00000000e+00 1.00000000e+00 0.00000000e+00 -7.82230794e-01 9.81207464e-01 0.00000000e+00 1.92955725e-01 1.44599943e+01
1.6499994040e+02 1.98414582e-01 0.00000000e+00 -9.80118184e-01 2.08443088e+01 0.00000000e+00 1.00000000e+00 0.00000000e+00 -7.83632030e-01 9.80118184e-01 0.00000000e+00 1.98414582e-01 1.44219921e+01
1.6510005808e+02 2.03776554e-01 0.00000000e+00 -9.79017424e-01 2.04974736e+01 0.00000000e+00 1.00000000e+00 0.00000000e+00 -7.78133232e-01 9.79017424e-01 0.00000000e+00 2.03776554e-01 1.43885686e+01
1.6519994307e+02 2.08112570e-01 0.00000000e+00 -9.78104881e-01 2.01451170e+01 0.00000000e+00 1.00000000e+00 0.00000000e+00 -7.88134453e-01 9.78104881e-01 0.00000000e+00 2.08112570e-01 1.43450224e+01
1.6529993320e+02 2.13817418e-01 0.00000000e+00 -9.76873642e-01 1.97809007e+01 0.00000000e+00 1.00000000e+00 0.00000000e+00 -7.68735688e-01 9.76873642e-01 0.00000000e+00 2.13817418e-01 1.43033545e+01
1.6539997578e+02 2.26255534e-01 0.00000000e+00 -9.74067982e-01 1.94154259e+01 0.00000000e+00 1.00000000e+00 0.00000000e+00 -7.69936909e-01 9.74067982e-01 0.00000000e+00 2.26255534e-01 1.42632288e+01
1.6549997759e+02 2.33473113e-01 0.00000000e+00 -9.72363258e-01 1.90352264e+01 0.00000000e+00 1.00000000e+00 0.00000000e+00 -7.85238156e-01 9.72363258e-01 0.00000000e+00 2.33473113e-01 1.42185255e+01
1.6559999228e+02 2.33035443e-01 0.00000000e+00 -9.72468242e-01 1.86493617e+01 0.00000000e+00 1.00000000e+00 0.00000000e+00 -7.73939369e-01 9.72468242e-01 0.00000000e+00 2.33035443e-01 1.41821797e+01
1.6569998717e+02 2.33817224e-01 0.00000000e+00 -9.72280569e-01 1.82604324e+01 0.00000000e+00 1.00000000e+00 0.00000000e+00 -7.69540567e-01 9.72280569e-01 0.00000000e+00 2.33817224e-01 1.41470833e+01
1.6579998827e+02 2.31585399e-01 0.00000000e+00 -9.72814578e-01 1.78653876e+01 0.00000000e+00 1.00000000e+00 0.00000000e+00 -7.62141749e-01 9.72814578e-01 0.00000000e+00 2.31585399e-01 1.41149169e+01
1.6590000296e+02 2.22016454e-01 0.00000000e+00 -9.75042919e-01 1.74607185e+01 0.00000000e+00 1.00000000e+00 0.00000000e+00 -7.64042945e-01 9.75042919e-01 0.00000000e+00 2.22016454e-01 1.40724978e+01
1.6599996781e+02 2.18918778e-01 0.00000000e+00 -9.75743085e-01 1.70526120e+01 0.00000000e+00 1.00000000e+00 0.00000000e+00 -7.53844120e-01 9.75743085e-01 0.00000000e+00 2.18918778e-01 1.40361174e+01
1.6609994245e+02 2.28397558e-01 0.00000000e+00 -9.73567951e-01 1.66502776e+01 0.00000000e+00 1.00000000e+00 0.00000000e+00 -7.59545281e-01 9.73567951e-01 0.00000000e+00 2.28397558e-01 1.39917894e+01
1.6620066142e+02 2.23541575e-01 0.00000000e+00 -9.74694395e-01 1.62295224e+01 0.00000000e+00 1.00000000e+00 0.00000000e+00 -7.46846454e-01 9.74694395e-01 0.00000000e+00 2.23541575e-01 1.39455531e+01
1.6630000877e+02 2.25515212e-01 0.00000000e+00 -9.74239647e-01 1.58072947e+01 0.00000000e+00 1.00000000e+00 0.00000000e+00 -7.47847606e-01 9.74239647e-01 0.00000000e+00 2.25515212e-01 1.39014026e+01
1.6640012431e+02 2.29742813e-01 0.00000000e+00 -9.73251376e-01 1.53773851e+01 0.00000000e+00 1.00000000e+00 0.00000000e+00 -7.35948740e-01 9.73251376e-01 0.00000000e+00 2.29742813e-01 1.38604414e+01
1.6650028515e+02 2.30799624e-01 0.00000000e+00 -9.73001302e-01 1.49443428e+01 0.00000000e+00 1.00000000e+00 0.00000000e+00 -7.36849892e-01 9.73001302e-01 0.00000000e+00 2.30799624e-01 1.37997508e+01
1.6660012770e+02 2.22161334e-01 0.00000000e+00 -9.75009919e-01 1.45016747e+01 0.00000000e+00 1.00000000e+00 0.00000000e+00 -7.37550992e-01 9.75009919e-01 0.00000000e+00 2.22161334e-01 1.37557802e+01
1.6670018148e+02 2.22028721e-01 0.00000000e+00 -9.75040126e-01 1.40438292e+01 0.00000000e+00 1.00000000e+00 0.00000000e+00 -7.29452104e-01 9.75040126e-01 0.00000000e+00 2.22028721e-01 1.37113740e+01
1.6680007052e+02 2.22120089e-01 0.00000000e+00 -9.75019316e-01 1.36032754e+01 0.00000000e+00 1.00000000e+00 0.00000000e+00 -7.23853161e-01 9.75019316e-01 0.00000000e+00 2.22120089e-01 1.36585833e+01
1.6690002179e+02 2.15325323e-01 0.00000000e+00 -9.76542372e-01 1.31410818e+01 0.00000000e+00 1.00000000e+00 0.00000000e+00 -7.23854212e-01 9.76542372e-01 0.00000000e+00 2.15325323e-01 1.36138310e+01
1.6700006390e+02 2.19495631e-01 0.00000000e+00 -9.75613483e-01 1.26804458e+01 0.00000000e+00 1.00000000e+00 0.00000000e+00 -7.13755254e-01 9.75613483e-01 0.00000000e+00 2.19495631e-01 1.35588588e+01
1.6710003686e+02 2.24683531e-01 0.00000000e+00 -9.74431789e-01 1.22083664e+01 0.00000000e+00 1.00000000e+00 0.00000000e+00 -7.22056264e-01 9.74431789e-01 0.00000000e+00 2.24683531e-01 1.35133219e+01
1.6720011735e+02 2.31698911e-01 0.00000000e+00 -9.72787549e-01 1.17294243e+01 0.00000000e+00 1.00000000e+00 0.00000000e+00 -7.18957257e-01 9.72787549e-01 0.00000000e+00 2.31698911e-01 1.34646713e+01
1.6730000997e+02 2.25484155e-01 0.00000000e+00 -9.74246835e-01 1.12387406e+01 0.00000000e+00 1.00000000e+00 0.00000000e+00 -7.22358232e-01 9.74246835e-01 0.00000000e+00 2.25484155e-01 1.34150938e+01
1.6740003967e+02 2.17462733e-01 0.00000000e+00 -9.76068624e-01 1.07472337e+01 0.00000000e+00 1.00000000e+00 0.00000000e+00 -7.16659171e-01 9.76068624e-01 0.00000000e+00 2.17462733e-01 1.33632636e+01
1.6749995017e+02 2.16786614e-01 0.00000000e+00 -9.76219014e-01 1.02456189e+01 0.00000000e+00 1.00000000e+00 0.00000000e+00 -7.09060093e-01 9.76219014e-01 0.00000000e+00 2.16786614e-01 1.33111672e+01
1.6759995723e+02 2.26283420e-01 0.00000000e+00 -9.74061504e-01 9.74778793e+00 0.00000000e+00 1.00000000e+00 0.00000000e+00 -7.02560964e-01 9.74061504e-01 0.00000000e+00 2.26283420e-01 1.32631623e+01
1.6769995379e+02 2.24926355e-01 0.00000000e+00 -9.74375767e-01 9.23835058e+00 0.00000000e+00 1.00000000e+00 0.00000000e+00 -6.86261806e-01 9.74375767e-01 0.00000000e+00 2.24926355e-01 1.32171944e+01
1.6780002475e+02 2.30465984e-01 0.00000000e+00 -9.73080382e-01 8.73132170e+00 0.00000000e+00 1.00000000e+00 0.00000000e+00 -6.77762633e-01 9.73080382e-01 0.00000000e+00 2.30465984e-01 1.31568395e+01
1.6789992094e+02 2.30720149e-01 0.00000000e+00 -9.73020150e-01 8.21310232e+00 0.00000000e+00 1.00000000e+00 0.00000000e+00 -6.73663423e-01 9.73020150e-01 0.00000000e+00 2.30720149e-01 1.31010865e+01
1.6799993992e+02 2.26697585e-01 0.00000000e+00 -9.73965197e-01 7.69314924e+00 0.00000000e+00 1.00000000e+00 0.00000000e+00 -6.77864165e-01 9.73965197e-01 0.00000000e+00 2.26697585e-01 1.30473211e+01
1.6809997702e+02 2.26753190e-01 0.00000000e+00 -9.73952253e-01 7.18603949e+00 0.00000000e+00 1.00000000e+00 0.00000000e+00 -6.67664848e-01 9.73952253e-01 0.00000000e+00 2.26753190e-01 1.29956233e+01
1.6820001650e+02 2.25690890e-01 0.00000000e+00 -9.74198964e-01 6.67724144e+00 0.00000000e+00 1.00000000e+00 0.00000000e+00 -6.63765460e-01 9.74198964e-01 0.00000000e+00 2.25690890e-01 1.29604638e+01
1.6829991817e+02 2.23987828e-01 0.00000000e+00 -9.74591942e-01 6.17976277e+00 0.00000000e+00 1.00000000e+00 0.00000000e+00 -6.64566052e-01 9.74591942e-01 0.00000000e+00 2.23987828e-01 1.29088772e+01
1.6839996982e+02 2.25305709e-01 0.00000000e+00 -9.74288118e-01 5.69142648e+00 0.00000000e+00 1.00000000e+00 0.00000000e+00 -6.53566603e-01 9.74288118e-01 0.00000000e+00 2.25305709e-01 1.28540546e+01
1.6850369835e+02 2.31271285e-01 0.00000000e+00 -9.72889301e-01 5.20342458e+00 0.00000000e+00 1.00000000e+00 0.00000000e+00 -6.54567110e-01 9.72889301e-01 0.00000000e+00 2.31271285e-01 1.28022254e+01
1.6859995747e+02 2.33883852e-01 0.00000000e+00 -9.72264544e-01 4.72354610e+00 0.00000000e+00 1.00000000e+00 0.00000000e+00 -6.63167577e-01 9.72264544e-01 0.00000000e+00 2.33883852e-01 1.27482414e+01
1.6869995975e+02 2.29726011e-01 0.00000000e+00 -9.73255342e-01 4.23412933e+00 0.00000000e+00 1.00000000e+00 0.00000000e+00 -6.48867977e-01 9.73255342e-01 0.00000000e+00 2.29726011e-01 1.27128916e+01
1.6879996705e+02 2.26237580e-01 0.00000000e+00 -9.74072152e-01 3.75513574e+00 0.00000000e+00 1.00000000e+00 0.00000000e+00 -6.36968354e-01 9.74072152e-01 0.00000000e+00 2.26237580e-01 1.26665082e+01
1.6889998698e+02 2.42369430e-01 0.00000000e+00 -9.70184034e-01 3.30282361e+00 0.00000000e+00 1.00000000e+00 0.00000000e+00 -6.47768695e-01 9.70184034e-01 0.00000000e+00 2.42369430e-01 1.26118273e+01
1.6899997616e+02 2.33638089e-01 0.00000000e+00 -9.72323631e-01 2.82572179e+00 0.00000000e+00 1.00000000e+00 0.00000000e+00 -6.50069018e-01 9.72323631e-01 0.00000000e+00 2.33638089e-01 1.25573337e+01
1.6909999371e+02 2.27571123e-01 0.00000000e+00 -9.73761462e-01 2.35351321e+00 0.00000000e+00 1.00000000e+00 0.00000000e+00 -6.31069265e-01 9.73761462e-01 0.00000000e+00 2.27571123e-01 1.25223276e+01
1.6919997787e+02 2.30066960e-01 0.00000000e+00 -9.73174801e-01 1.89603779e+00 0.00000000e+00 1.00000000e+00 0.00000000e+00 -6.25469483e-01 9.73174801e-01 0.00000000e+00 2.30066960e-01 1.24807703e+01
1.6929995680e+02 2.40935367e-01 0.00000000e+00 -9.70541163e-01 1.44491612e+00 0.00000000e+00 1.00000000e+00 0.00000000e+00 -6.18869685e-01 9.70541163e-01 0.00000000e+00 2.40935367e-01 1.24285219e+01
1.6940019345e+02 2.37812220e-01 0.00000000e+00 -9.71311149e-01 9.96160113e-01 0.00000000e+00 1.00000000e+00 0.00000000e+00 -6.35969846e-01 9.71311149e-01 0.00000000e+00 2.37812220e-01 1.23826058e+01
1.6950000072e+02 2.30877407e-01 0.00000000e+00 -9.72982848e-01 5.41465606e-01 0.00000000e+00 1.00000000e+00 0.00000000e+00 -6.21969983e-01 9.72982848e-01 0.00000000e+00 2.30877407e-01 1.23333698e+01
1.6960044551e+02 2.40765309e-01 0.00000000e+00 -9.70583364e-01 1.03380563e-01 0.00000000e+00 1.00000000e+00 0.00000000e+00 -6.13070081e-01 9.70583364e-01 0.00000000e+00 2.40765309e-01 1.22840516e+01
1.6969997644e+02 2.42641792e-01 0.00000000e+00 -9.70115952e-01 -3.26833159e-01 0.00000000e+00 1.00000000e+00 0.00000000e+00 -6.08570124e-01 9.70115952e-01 0.00000000e+00 2.42641792e-01 1.22499518e+01
1.6980002379e+02 2.40401931e-01 0.00000000e+00 -9.70673432e-01 -7.66117319e-01 0.00000000e+00 1.00000000e+00 0.00000000e+00 -6.01570146e-01 9.70673432e-01 0.00000000e+00 2.40401931e-01 1.22110681e+01
1.6990020871e+02 2.41186570e-01 0.00000000e+00 -9.70478768e-01 -1.20108818e+00 0.00000000e+00 1.00000000e+00 0.00000000e+00 -5.97270149e-01 9.70478768e-01 0.00000000e+00 2.41186570e-01 1.21660028e+01
1.7000007176e+02 2.36810442e-01 0.00000000e+00 -9.71555873e-01 -1.62860027e+00 0.00000000e+00 1.00000000e+00 0.00000000e+00 -6.26770117e-01 9.71555873e-01 0.00000000e+00 2.36810442e-01 1.21269882e+01
1.7010000014e+02 2.48052131e-01 0.00000000e+00 -9.68746685e-01 -2.04511258e+00 0.00000000e+00 1.00000000e+00 0.00000000e+00 -6.01670058e-01 9.68746685e-01 0.00000000e+00 2.48052131e-01 1.20833218e+01
1.7019998837e+02 2.47848329e-01 0.00000000e+00 -9.68798847e-01 -2.47050571e+00 0.00000000e+00 1.00000000e+00 0.00000000e+00 -5.97169953e-01 9.68798847e-01 0.00000000e+00 2.47848329e-01 1.20509366e+01
1.7030000830e+02 2.40853521e-01 0.00000000e+00 -9.70561477e-01 -2.88849383e+00 0.00000000e+00 1.00000000e+00 0.00000000e+00 -5.97669849e-01 9.70561477e-01 0.00000000e+00 2.40853521e-01 1.20066576e+01
1.7040000343e+02 2.36377665e-01 0.00000000e+00 -9.71661258e-01 -3.30126013e+00 0.00000000e+00 1.00000000e+00 0.00000000e+00 -6.04669714e-01 9.71661258e-01 0.00000000e+00 2.36377665e-01 1.19649718e+01
1.7049997568e+02 2.35752120e-01 0.00000000e+00 -9.71813222e-01 -3.72102352e+00 0.00000000e+00 1.00000000e+00 0.00000000e+00 -5.69569503e-01 9.71813222e-01 0.00000000e+00 2.35752120e-01 1.19472251e+01
1.7059998250e+02 2.30666352e-01 0.00000000e+00 -9.73032905e-01 -4.11911490e+00 0.00000000e+00 1.00000000e+00 0.00000000e+00 -5.84769312e-01 9.73032905e-01 0.00000000e+00 2.30666352e-01 1.19122587e+01
1.7069994330e+02 2.41773383e-01 0.00000000e+00 -9.70332743e-01 -4.50183344e+00 0.00000000e+00 1.00000000e+00 0.00000000e+00 -5.79869108e-01 9.70332743e-01 0.00000000e+00 2.41773383e-01 1.18703286e+01
1.7079999256e+02 2.28727696e-01 0.00000000e+00 -9.73490442e-01 -4.88551804e+00 0.00000000e+00 1.00000000e+00 0.00000000e+00 -5.76868874e-01 9.73490442e-01 0.00000000e+00 2.28727696e-01 1.18418764e+01
1.7090019727e+02 2.31294248e-01 0.00000000e+00 -9.72883842e-01 -5.24986874e+00 0.00000000e+00 1.00000000e+00 0.00000000e+00 -5.67968618e-01 9.72883842e-01 0.00000000e+00 2.31294248e-01 1.18152999e+01
1.7099997401e+02 2.34104126e-01 0.00000000e+00 -9.72211529e-01 -5.61367575e+00 0.00000000e+00 1.00000000e+00 0.00000000e+00 -5.75768361e-01 9.72211529e-01 0.00000000e+00 2.34104126e-01 1.17777939e+01
1.7110013485e+02 2.44066795e-01 0.00000000e+00 -9.69758423e-01 -5.96094826e+00 0.00000000e+00 1.00000000e+00 0.00000000e+00 -5.64968081e-01 9.69758423e-01 0.00000000e+00 2.44066795e-01 1.17471309e+01
1.7120000601e+02 2.33963146e-01 0.00000000e+00 -9.72245466e-01 -6.30452134e+00 0.00000000e+00 1.00000000e+00 0.00000000e+00 -5.68567793e-01 9.72245466e-01 0.00000000e+00 2.33963146e-01 1.17219390e+01
1.7129992843e+02 2.36996198e-01 0.00000000e+00 -9.71510577e-01 -6.64447402e+00 0.00000000e+00 1.00000000e+00 0.00000000e+00 -5.56967492e-01 9.71510577e-01 0.00000000e+00 2.36996198e-01 1.16881510e+01
1.7139998627e+02 2.33522595e-01 0.00000000e+00 -9.72351375e-01 -6.98812776e+00 0.00000000e+00 1.00000000e+00 0.00000000e+00 -5.44267180e-01 9.72351375e-01 0.00000000e+00 2.33522595e-01 1.16532984e+01
1.7149993801e+02 2.35843971e-01 0.00000000e+00 -9.71790935e-01 -7.31620879e+00 0.00000000e+00 1.00000000e+00 0.00000000e+00 -5.51766855e-01 9.71790935e-01 0.00000000e+00 2.35843971e-01 1.16204390e+01
1.7159994411e+02 2.32727713e-01 0.00000000e+00 -9.72541933e-01 -7.65288665e+00 0.00000000e+00 1.00000000e+00 0.00000000e+00 -5.51766489e-01 9.72541933e-01 0.00000000e+00 2.32727713e-01 1.15988984e+01
1.7169991517e+02 2.25499789e-01 0.00000000e+00 -9.74243217e-01 -7.98623423e+00 0.00000000e+00 1.00000000e+00 0.00000000e+00 -5.40266117e-01 9.74243217e-01 0.00000000e+00 2.25499789e-01 1.15753009e+01
1.7179995537e+02 2.33361318e-01 0.00000000e+00 -9.72390094e-01 -8.30390536e+00 0.00000000e+00 1.00000000e+00 0.00000000e+00 -5.40065749e-01 9.72390094e-01 0.00000000e+00 2.33361318e-01 1.15425225e+01
1.7190005445e+02 2.30153285e-01 0.00000000e+00 -9.73154389e-01 -8.62732484e+00 0.00000000e+00 1.00000000e+00 0.00000000e+00 -5.52965362e-01 9.73154389e-01 0.00000000e+00 2.30153285e-01 1.15142223e+01
1.7199997640e+02 2.42061157e-01 0.00000000e+00 -9.70260994e-01 -8.93905431e+00 0.00000000e+00 1.00000000e+00 0.00000000e+00 -5.66264955e-01 9.70260994e-01 0.00000000e+00 2.42061157e-01 1.14869686e+01
1.7210017562e+02 2.50626980e-01 0.00000000e+00 -9.68083735e-01 -9.24278751e+00 0.00000000e+00 1.00000000e+00 0.00000000e+00 -5.63764534e-01 9.68083735e-01 0.00000000e+00 2.50626980e-01 1.14683653e+01
1.7220003676e+02 2.61338398e-01 0.00000000e+00 -9.65247244e-01 -9.54075961e+00 0.00000000e+00 1.00000000e+00 0.00000000e+00 -5.65564085e-01 9.65247244e-01 0.00000000e+00 2.61338398e-01 1.14610486e+01
1.7230004692e+02 2.89970086e-01 0.00000000e+00 -9.57035709e-01 -9.82416502e+00 0.00000000e+00 1.00000000e+00 0.00000000e+00 -5.72463598e-01 9.57035709e-01 0.00000000e+00 2.89970086e-01 1.14676122e+01
1.7240023398e+02 2.99243172e-01 0.00000000e+00 -9.54176883e-01 -1.01125923e+01 0.00000000e+00 1.00000000e+00 0.00000000e+00 -5.75763100e-01 9.54176883e-01 0.00000000e+00 2.99243172e-01 1.14814915e+01
1.7250002861e+02 3.33179632e-01 0.00000000e+00 -9.42863369e-01 -1.03737312e+01 0.00000000e+00 1.00000000e+00 0.00000000e+00 -5.49062570e-01 9.42863369e-01 0.00000000e+00 3.33179632e-01 1.15146764e+01
1.7260000372e+02 3.71004550e-01 0.00000000e+00 -9.28631049e-01 -1.06357520e+01 0.00000000e+00 1.00000000e+00 0.00000000e+00 -5.59362014e-01 9.28631049e-01 0.00000000e+00 3.71004550e-01 1.15503254e+01
1.7269997716e+02 3.98477115e-01 0.00000000e+00 -9.17178275e-01 -1.08962580e+01 0.00000000e+00 1.00000000e+00 0.00000000e+00 -5.43061453e-01 9.17178275e-01 0.00000000e+00 3.98477115e-01 1.15923648e+01
1.7280001044e+02 4.51453420e-01 0.00000000e+00 -8.92294688e-01 -1.11269705e+01 0.00000000e+00 1.00000000e+00 0.00000000e+00 -5.42860863e-01 8.92294688e-01 0.00000000e+00 4.51453420e-01 1.16505967e+01
1.7289998174e+02 4.92332100e-01 0.00000000e+00 -8.70407435e-01 -1.13569718e+01 0.00000000e+00 1.00000000e+00 0.00000000e+00 -5.38360237e-01 8.70407435e-01 0.00000000e+00 4.92332100e-01 1.17334886e+01
1.7299999142e+02 5.31031390e-01 0.00000000e+00 -8.47352148e-01 -1.15725372e+01 0.00000000e+00 1.00000000e+00 0.00000000e+00 -5.25959607e-01 8.47352148e-01 0.00000000e+00 5.31031390e-01 1.18278874e+01
1.7310009313e+02 5.69452736e-01 0.00000000e+00 -8.22024076e-01 -1.17758609e+01 0.00000000e+00 1.00000000e+00 0.00000000e+00 -5.16458946e-01 8.22024076e-01 0.00000000e+00 5.69452736e-01 1.19468613e+01
1.7319992423e+02 6.31697092e-01 0.00000000e+00 -7.75215315e-01 -1.19418647e+01 0.00000000e+00 1.00000000e+00 0.00000000e+00 -5.23758295e-01 7.75215315e-01 0.00000000e+00 6.31697092e-01 1.20673909e+01
1.7329994273e+02 6.85823068e-01 0.00000000e+00 -7.27768314e-01 -1.21083263e+01 0.00000000e+00 1.00000000e+00 0.00000000e+00 -5.34457609e-01 7.27768314e-01 0.00000000e+00 6.85823068e-01 1.22074689e+01
1.7339998579e+02 7.23152617e-01 0.00000000e+00 -6.90688275e-01 -1.22579525e+01 0.00000000e+00 1.00000000e+00 0.00000000e+00 -5.33056944e-01 6.90688275e-01 0.00000000e+00 7.23152617e-01 1.23632716e+01
1.7349998379e+02 7.66488950e-01 0.00000000e+00 -6.42257494e-01 -1.23981229e+01 0.00000000e+00 1.00000000e+00 0.00000000e+00 -5.36756283e-01 6.42257494e-01 0.00000000e+00 7.66488950e-01 1.25139367e+01
1.7359993076e+02 8.02772408e-01 0.00000000e+00 -5.96285554e-01 -1.25284470e+01 0.00000000e+00 1.00000000e+00 0.00000000e+00 -5.32155614e-01 5.96285554e-01 0.00000000e+00 8.02772408e-01 1.26797508e+01
1.7369991922e+02 8.43090561e-01 0.00000000e+00 -5.37771612e-01 -1.26302199e+01 0.00000000e+00 1.00000000e+00 0.00000000e+00 -5.23654967e-01 5.37771612e-01 0.00000000e+00 8.43090561e-01 1.28515003e+01
1.7380035233e+02 8.70979989e-01 0.00000000e+00 -4.91318490e-01 -1.27297073e+01 0.00000000e+00 1.00000000e+00 0.00000000e+00 -5.19354317e-01 4.91318490e-01 0.00000000e+00 8.70979989e-01 1.30356530e+01
1.7389995503e+02 9.07487963e-01 0.00000000e+00 -4.20078085e-01 -1.28070210e+01 0.00000000e+00 1.00000000e+00 0.00000000e+00 -5.10453701e-01 4.20078085e-01 0.00000000e+00 9.07487963e-01 1.32053025e+01
1.7399989414e+02 9.34735059e-01 0.00000000e+00 -3.55345422e-01 -1.28674096e+01 0.00000000e+00 1.00000000e+00 0.00000000e+00 -5.06053127e-01 3.55345422e-01 0.00000000e+00 9.34735059e-01 1.33761336e+01
1.7409988594e+02 9.54857586e-01 0.00000000e+00 -2.97063949e-01 -1.29244459e+01 0.00000000e+00 1.00000000e+00 0.00000000e+00 -5.17252540e-01 2.97063949e-01 0.00000000e+00 9.54857586e-01 1.35607982e+01
1.7420016217e+02 9.71686698e-01 0.00000000e+00 -2.36273062e-01 -1.29582540e+01 0.00000000e+00 1.00000000e+00 0.00000000e+00 -5.15951994e-01 2.36273062e-01 0.00000000e+00 9.71686698e-01 1.37455755e+01
1.7429996610e+02 9.83411813e-01 0.00000000e+00 -1.81386896e-01 -1.29813522e+01 0.00000000e+00 1.00000000e+00 0.00000000e+00 -4.99251495e-01 1.81386896e-01 0.00000000e+00 9.83411813e-01 1.39222446e+01
1.7439999962e+02 9.95212909e-01 0.00000000e+00 -9.77305782e-02 -1.29963359e+01 0.00000000e+00 1.00000000e+00 0.00000000e+00 -4.93851014e-01 9.77305782e-02 0.00000000e+00 9.95212909e-01 1.40816021e+01
1.7449992752e+02 9.99519449e-01 0.00000000e+00 -3.09979177e-02 -1.29988558e+01 0.00000000e+00 1.00000000e+00 0.00000000e+00 -4.89750549e-01 3.09979177e-02 0.00000000e+00 9.99519449e-01 1.42549646e+01
1.7459997034e+02 9.99969003e-01 0.00000000e+00 7.87351222e-03 -1.29724306e+01 0.00000000e+00 1.00000000e+00 0.00000000e+00 -5.31550155e-01 -7.87351222e-03 0.00000000e+00 9.99969003e-01 1.44362738e+01
1.7469993782e+02 9.95046627e-01 0.00000000e+00 9.94093030e-02 -1.29523207e+01 0.00000000e+00 1.00000000e+00 0.00000000e+00 -5.28049764e-01 -9.94093030e-02 0.00000000e+00 9.95046627e-01 1.45862620e+01
1.7479994607e+02 9.88876760e-01 0.00000000e+00 1.48737194e-01 -1.29031141e+01 0.00000000e+00 1.00000000e+00 0.00000000e+00 -5.29549445e-01 -1.48737194e-01 0.00000000e+00 9.88876760e-01 1.47497942e+01
1.7489998865e+02 9.78926908e-01 0.00000000e+00 2.04210942e-01 -1.28698742e+01 0.00000000e+00 1.00000000e+00 0.00000000e+00 -5.41649084e-01 -2.04210942e-01 0.00000000e+00 9.78926908e-01 1.49125239e+01
1.7499999619e+02 9.58067545e-01 0.00000000e+00 2.86542457e-01 -1.28108225e+01 0.00000000e+00 1.00000000e+00 0.00000000e+00 -5.39448818e-01 -2.86542457e-01 0.00000000e+00 9.58067545e-01 1.50499319e+01
1.7509997368e+02 9.39019439e-01 0.00000000e+00 3.43864062e-01 -1.27436219e+01 0.00000000e+00 1.00000000e+00 0.00000000e+00 -5.23748565e-01 -3.43864062e-01 0.00000000e+00 9.39019439e-01 1.51964987e+01
1.7519998789e+02 9.19263966e-01 0.00000000e+00 3.93641666e-01 -1.26705844e+01 0.00000000e+00 1.00000000e+00 0.00000000e+00 -5.13748319e-01 -3.93641666e-01 0.00000000e+00 9.19263966e-01 1.53472275e+01
1.7529991937e+02 8.99511942e-01 0.00000000e+00 4.36896173e-01 -1.25989851e+01 0.00000000e+00 1.00000000e+00 0.00000000e+00 -5.19748047e-01 -4.36896173e-01 0.00000000e+00 8.99511942e-01 1.55074508e+01
1.7539997482e+02 8.71843477e-01 0.00000000e+00 4.89784597e-01 -1.25080890e+01 0.00000000e+00 1.00000000e+00 0.00000000e+00 -5.09047864e-01 -4.89784597e-01 0.00000000e+00 8.71843477e-01 1.56457903e+01
1.7549996233e+02 8.35462232e-01 0.00000000e+00 5.49547868e-01 -1.24149402e+01 0.00000000e+00 1.00000000e+00 0.00000000e+00 -5.20347654e-01 -5.49547868e-01 0.00000000e+00 8.35462232e-01 1.57934539e+01
1.7559995103e+02 7.98922842e-01 0.00000000e+00 6.01433531e-01 -1.23010851e+01 0.00000000e+00 1.00000000e+00 0.00000000e+00 -5.39347545e-01 -6.01433531e-01 0.00000000e+00 7.98922842e-01 1.59198819e+01
1.7569991708e+02 7.57256846e-01 0.00000000e+00 6.53117194e-01 -1.21840221e+01 0.00000000e+00 1.00000000e+00 0.00000000e+00 -5.35347398e-01 -6.53117194e-01 0.00000000e+00 7.57256846e-01 1.60631718e+01
1.7579991055e+02 7.13715733e-01 0.00000000e+00 7.00435474e-01 -1.20563004e+01 0.00000000e+00 1.00000000e+00 0.00000000e+00 -4.94447299e-01 -7.00435474e-01 0.00000000e+00 7.13715733e-01 1.61960027e+01
1.7589998460e+02 6.72210947e-01 0.00000000e+00 7.40359671e-01 -1.19108208e+01 0.00000000e+00 1.00000000e+00 0.00000000e+00 -5.20947227e-01 -7.40359671e-01 0.00000000e+00 6.72210947e-01 1.63308229e+01
1.7599997163e+02 6.41037696e-01 0.00000000e+00 7.67509395e-01 -1.17569695e+01 0.00000000e+00 1.00000000e+00 0.00000000e+00 -5.27047177e-01 -7.67509395e-01 0.00000000e+00 6.41037696e-01 1.64625806e+01
1.7609990025e+02 5.76911304e-01 0.00000000e+00 8.16806799e-01 -1.16030779e+01 0.00000000e+00 1.00000000e+00 0.00000000e+00 -5.25547178e-01 -8.16806799e-01 0.00000000e+00 5.76911304e-01 1.65759314e+01
1.7619989967e+02 5.13113099e-01 0.00000000e+00 8.58321005e-01 -1.14396613e+01 0.00000000e+00 1.00000000e+00 0.00000000e+00 -5.36547220e-01 -8.58321005e-01 0.00000000e+00 5.13113099e-01 1.66810972e+01
1.7629992771e+02 4.38919638e-01 0.00000000e+00 8.98526322e-01 -1.12652952e+01 0.00000000e+00 1.00000000e+00 0.00000000e+00 -5.27247327e-01 -8.98526322e-01 0.00000000e+00 4.38919638e-01 1.67708925e+01
1.7640001535e+02 4.02025531e-01 0.00000000e+00 9.15628458e-01 -1.10458926e+01 0.00000000e+00 1.00000000e+00 0.00000000e+00 -5.24847454e-01 -9.15628458e-01 0.00000000e+00 4.02025531e-01 1.68749666e+01
1.7651678658e+02 3.50422517e-01 0.00000000e+00 9.36591725e-01 -1.08323249e+01 0.00000000e+00 1.00000000e+00 0.00000000e+00 -5.06347628e-01 -9.36591725e-01 0.00000000e+00 3.50422517e-01 1.69586717e+01
1.7659998918e+02 2.70297888e-01 0.00000000e+00 9.62776740e-01 -1.06543691e+01 0.00000000e+00 1.00000000e+00 0.00000000e+00 -5.31047780e-01 -9.62776740e-01 0.00000000e+00 2.70297888e-01 1.70335949e+01
1.7669997597e+02 2.16272812e-01 0.00000000e+00 9.76332971e-01 -1.04284595e+01 0.00000000e+00 1.00000000e+00 0.00000000e+00 -5.52448019e-01 -9.76332971e-01 0.00000000e+00 2.16272812e-01 1.70976913e+01
1.7679996920e+02 1.38179705e-01 0.00000000e+00 9.90407173e-01 -1.02187940e+01 0.00000000e+00 1.00000000e+00 0.00000000e+00 -5.52448304e-01 -9.90407173e-01 0.00000000e+00 1.38179705e-01 1.71404829e+01
1.7689995837e+02 8.97469367e-02 0.00000000e+00 9.95964601e-01 -9.97961899e+00 0.00000000e+00 1.00000000e+00 0.00000000e+00 -5.49348582e-01 -9.95964601e-01 0.00000000e+00 8.97469367e-02 1.71924174e+01
1.7699999237e+02 5.02381952e-02 0.00000000e+00 9.98737265e-01 -9.72899892e+00 0.00000000e+00 1.00000000e+00 0.00000000e+00 -5.39248941e-01 -9.98737265e-01 0.00000000e+00 5.02381952e-02 1.72157846e+01
1.7709994316e+02 4.01413745e-02 0.00000000e+00 9.99194010e-01 -9.46985772e+00 0.00000000e+00 1.00000000e+00 0.00000000e+00 -5.33849263e-01 -9.99194010e-01 0.00000000e+00 4.01413745e-02 1.72433567e+01
1.7719991064e+02 -1.57321306e-02 0.00000000e+00 9.99876242e-01 -9.21539605e+00 0.00000000e+00 1.00000000e+00 0.00000000e+00 -5.21949583e-01 -9.99876242e-01 0.00000000e+00 -1.57321306e-02 1.72804181e+01
1.7729990721e+02 -5.47335415e-02 0.00000000e+00 9.98500996e-01 -8.96952580e+00 0.00000000e+00 1.00000000e+00 0.00000000e+00 -5.16549931e-01 -9.98500996e-01 0.00000000e+00 -5.47335415e-02 1.72938540e+01
1.7739991951e+02 -7.98789850e-02 0.00000000e+00 9.96804568e-01 -8.70498565e+00 0.00000000e+00 1.00000000e+00 0.00000000e+00 -5.60150243e-01 -9.96804568e-01 0.00000000e+00 -7.98789850e-02 1.73216956e+01
1.7749993348e+02 -1.18696866e-01 0.00000000e+00 9.92930538e-01 -8.45766677e+00 0.00000000e+00 1.00000000e+00 0.00000000e+00 -5.10450610e-01 -9.92930538e-01 0.00000000e+00 -1.18696866e-01 1.73220761e+01
1.7759991574e+02 -1.32894857e-01 0.00000000e+00 9.91130141e-01 -8.18998752e+00 0.00000000e+00 1.00000000e+00 0.00000000e+00 -4.87150833e-01 -9.91130141e-01 0.00000000e+00 -1.32894857e-01 1.73706200e+01
1.7769990087e+02 -1.64869193e-01 0.00000000e+00 9.86315441e-01 -7.93002393e+00 0.00000000e+00 1.00000000e+00 0.00000000e+00 -4.65851163e-01 -9.86315441e-01 0.00000000e+00 -1.64869193e-01 1.73802521e+01
1.7779993701e+02 -1.79151901e-01 0.00000000e+00 9.83821425e-01 -7.67774117e+00 0.00000000e+00 1.00000000e+00 0.00000000e+00 -4.67351392e-01 -9.83821425e-01 0.00000000e+00 -1.79151901e-01 1.74116709e+01
1.7789993715e+02 -1.84032651e-01 0.00000000e+00 9.82920131e-01 -7.43633823e+00 0.00000000e+00 1.00000000e+00 0.00000000e+00 -4.73251588e-01 -9.82920131e-01 0.00000000e+00 -1.84032651e-01 1.74432260e+01
1.7799991322e+02 -1.82826071e-01 0.00000000e+00 9.83145273e-01 -7.19076244e+00 0.00000000e+00 1.00000000e+00 0.00000000e+00 -4.88651768e-01 -9.83145273e-01 0.00000000e+00 -1.82826071e-01 1.74768713e+01
1.7809992290e+02 -1.56142902e-01 0.00000000e+00 9.87734476e-01 -6.93383369e+00 0.00000000e+00 1.00000000e+00 0.00000000e+00 -4.85251949e-01 -9.87734476e-01 0.00000000e+00 -1.56142902e-01 1.75016785e+01
1.7819997287e+02 -1.80755569e-01 0.00000000e+00 9.83528050e-01 -6.69508700e+00 0.00000000e+00 1.00000000e+00 0.00000000e+00 -4.72652136e-01 -9.83528050e-01 0.00000000e+00 -1.80755569e-01 1.75323030e+01
1.7829994297e+02 -1.59045449e-01 0.00000000e+00 9.87271262e-01 -6.44096924e+00 0.00000000e+00 1.00000000e+00 0.00000000e+00 -4.57152314e-01 -9.87271262e-01 0.00000000e+00 -1.59045449e-01 1.75524340e+01
1.7840002418e+02 -1.77227507e-01 0.00000000e+00 9.84169910e-01 -6.23347111e+00 0.00000000e+00 1.00000000e+00 0.00000000e+00 -4.84752464e-01 -9.84169910e-01 0.00000000e+00 -1.77227507e-01 1.75765355e+01
1.7849995065e+02 -2.03767885e-01 0.00000000e+00 9.79019228e-01 -6.03304610e+00 0.00000000e+00 1.00000000e+00 0.00000000e+00 -5.54452659e-01 -9.79019228e-01 0.00000000e+00 -2.03767885e-01 1.75827981e+01
1.7859999275e+02 -1.46327565e-01 0.00000000e+00 9.89236192e-01 -5.77967538e+00 0.00000000e+00 1.00000000e+00 0.00000000e+00 -5.61752813e-01 -9.89236192e-01 0.00000000e+00 -1.46327565e-01 1.75898626e+01
1.7869997001e+02 -1.92241953e-01 0.00000000e+00 9.81347559e-01 -5.60084854e+00 0.00000000e+00 1.00000000e+00 0.00000000e+00 -5.38152948e-01 -9.81347559e-01 0.00000000e+00 -1.92241953e-01 1.76119483e+01
1.7879997087e+02 -1.94578071e-01 0.00000000e+00 9.80887034e-01 -5.40753009e+00 0.00000000e+00 1.00000000e+00 0.00000000e+00 -5.66053064e-01 -9.80887034e-01 0.00000000e+00 -1.94578071e-01 1.76284324e+01
1.7889996481e+02 -1.95981491e-01 0.00000000e+00 9.80607595e-01 -5.22175573e+00 0.00000000e+00 1.00000000e+00 0.00000000e+00 -5.68253153e-01 -9.80607595e-01 0.00000000e+00 -1.95981491e-01 1.76500498e+01
1.7900004745e+02 -2.07414801e-01 0.00000000e+00 9.78253086e-01 -5.05956030e+00 0.00000000e+00 1.00000000e+00 0.00000000e+00 -5.57353252e-01 -9.78253086e-01 0.00000000e+00 -2.07414801e-01 1.76633896e+01
1.7910001612e+02 -2.25462326e-01 0.00000000e+00 9.74251887e-01 -4.91179951e+00 0.00000000e+00 1.00000000e+00 0.00000000e+00 -5.41353360e-01 -9.74251887e-01 0.00000000e+00 -2.25462326e-01 1.76700761e+01
1.7919992137e+02 -2.12269124e-01 0.00000000e+00 9.77211246e-01 -4.74992763e+00 0.00000000e+00 1.00000000e+00 0.00000000e+00 -5.64153438e-01 -9.77211246e-01 0.00000000e+00 -2.12269124e-01 1.76798211e+01
1.7929993701e+02 -2.23998796e-01 0.00000000e+00 9.74589421e-01 -4.60341565e+00 0.00000000e+00 1.00000000e+00 0.00000000e+00 -5.65853500e-01 -9.74589421e-01 0.00000000e+00 -2.23998796e-01 1.76981070e+01
1.7939994001e+02 -2.28484282e-01 0.00000000e+00 9.73547602e-01 -4.47043879e+00 0.00000000e+00 1.00000000e+00 0.00000000e+00 -5.61953556e-01 -9.73547602e-01 0.00000000e+00 -2.28484282e-01 1.77111724e+01
1.7949997258e+02 -2.33796768e-01 0.00000000e+00 9.72285489e-01 -4.33907803e+00 0.00000000e+00 1.00000000e+00 0.00000000e+00 -5.45053535e-01 -9.72285489e-01 0.00000000e+00 -2.33796768e-01 1.77506974e+01
1.7959994364e+02 -2.61392880e-01 0.00000000e+00 9.65232491e-01 -4.23698867e+00 0.00000000e+00 1.00000000e+00 0.00000000e+00 -5.59953570e-01 -9.65232491e-01 0.00000000e+00 -2.61392880e-01 1.77702330e+01
1.7969997859e+02 -2.54978582e-01 0.00000000e+00 9.66946701e-01 -4.12625652e+00 0.00000000e+00 1.00000000e+00 0.00000000e+00 -5.71453640e-01 -9.66946701e-01 0.00000000e+00 -2.54978582e-01 1.77674067e+01
1.7979993892e+02 -2.45707799e-01 0.00000000e+00 9.69343942e-01 -4.01546973e+00 0.00000000e+00 1.00000000e+00 0.00000000e+00 -5.59653671e-01 -9.69343942e-01 0.00000000e+00 -2.45707799e-01 1.77772157e+01
1.7990006995e+02 -2.52669469e-01 0.00000000e+00 9.67552655e-01 -3.93051533e+00 0.00000000e+00 1.00000000e+00 0.00000000e+00 -5.48653700e-01 -9.67552655e-01 0.00000000e+00 -2.52669469e-01 1.77869266e+01
1.7999992824e+02 -2.44433790e-01 0.00000000e+00 9.69665985e-01 -3.85112887e+00 0.00000000e+00 1.00000000e+00 0.00000000e+00 -5.53953741e-01 -9.69665985e-01 0.00000000e+00 -2.44433790e-01 1.77852847e+01
1.8009993219e+02 -2.52423671e-01 0.00000000e+00 9.67616810e-01 -3.79530936e+00 0.00000000e+00 1.00000000e+00 0.00000000e+00 -5.53553773e-01 -9.67616810e-01 0.00000000e+00 -2.52423671e-01 1.77879319e+01
1.8019994640e+02 -2.47657695e-01 0.00000000e+00 9.68847597e-01 -3.72755601e+00 0.00000000e+00 1.00000000e+00 0.00000000e+00 -5.55353805e-01 -9.68847597e-01 0.00000000e+00 -2.47657695e-01 1.77889233e+01
1.8029997993e+02 -2.53434593e-01 0.00000000e+00 9.67352525e-01 -3.67688214e+00 0.00000000e+00 1.00000000e+00 0.00000000e+00 -5.58053788e-01 -9.67352525e-01 0.00000000e+00 -2.53434593e-01 1.78056481e+01
1.8039997458e+02 -2.56528492e-01 0.00000000e+00 9.66536669e-01 -3.63347995e+00 0.00000000e+00 1.00000000e+00 0.00000000e+00 -5.63553781e-01 -9.66536669e-01 0.00000000e+00 -2.56528492e-01 1.78175396e+01
1.8050885820e+02 -2.57937417e-01 0.00000000e+00 9.66161627e-01 -3.60050324e+00 0.00000000e+00 1.00000000e+00 0.00000000e+00 -5.65753794e-01 -9.66161627e-01 0.00000000e+00 -2.57937417e-01 1.78194502e+01
1.8059997272e+02 -2.46296633e-01 0.00000000e+00 9.69194495e-01 -3.57135532e+00 0.00000000e+00 1.00000000e+00 0.00000000e+00 -5.66653810e-01 -9.69194495e-01 0.00000000e+00 -2.46296633e-01 1.78161255e+01
1.8069995046e+02 -2.48812510e-01 0.00000000e+00 9.68551669e-01 -3.54481926e+00 0.00000000e+00 1.00000000e+00 0.00000000e+00 -5.46453819e-01 -9.68551669e-01 0.00000000e+00 -2.48812510e-01 1.78182244e+01
1.8079995012e+02 -2.42588042e-01 0.00000000e+00 9.70129394e-01 -3.52532612e+00 0.00000000e+00 1.00000000e+00 0.00000000e+00 -5.37053824e-01 -9.70129394e-01 0.00000000e+00 -2.42588042e-01 1.78185866e+01
1.8090000486e+02 -2.47209365e-01 0.00000000e+00 9.68962089e-01 -3.51214897e+00 0.00000000e+00 1.00000000e+00 0.00000000e+00 -5.33353806e-01 -9.68962089e-01 0.00000000e+00 -2.47209365e-01 1.78283345e+01
1.8099992633e+02 -2.45003335e-01 0.00000000e+00 9.69522236e-01 -3.50496321e+00 0.00000000e+00 1.00000000e+00 0.00000000e+00 -5.23153799e-01 -9.69522236e-01 0.00000000e+00 -2.45003335e-01 1.78313823e+01
1.8109998012e+02 -2.50257396e-01 0.00000000e+00 9.68179341e-01 -3.50533182e+00 0.00000000e+00 1.00000000e+00 0.00000000e+00 -5.35253797e-01 -9.68179341e-01 0.00000000e+00 -2.50257396e-01 1.78332695e+01
1.8119995308e+02 -2.47923171e-01 0.00000000e+00 9.68779697e-01 -3.49867590e+00 0.00000000e+00 1.00000000e+00 0.00000000e+00 -5.27753801e-01 -9.68779697e-01 0.00000000e+00 -2.47923171e-01 1.78323189e+01
1.8129997373e+02 -2.42926735e-01 0.00000000e+00 9.70044639e-01 -3.49826169e+00 0.00000000e+00 1.00000000e+00 0.00000000e+00 -5.39953807e-01 -9.70044639e-01 0.00000000e+00 -2.42926735e-01 1.78290716e+01
1.8139997888e+02 -2.43444720e-01 0.00000000e+00 9.69914774e-01 -3.50715521e+00 0.00000000e+00 1.00000000e+00 0.00000000e+00 -5.40553798e-01 -9.69914774e-01 0.00000000e+00 -2.43444720e-01 1.78302281e+01
1.8153196836e+02 -2.44871785e-01 0.00000000e+00 9.69555470e-01 -3.50109116e+00 0.00000000e+00 1.00000000e+00 0.00000000e+00 -5.57053806e-01 -9.69555470e-01 0.00000000e+00 -2.44871785e-01 1.78292390e+01
