0.0000000000e+00 1.000000000000e+00 0.000000000000e+00 1.151085313868e-17 0.000000000000e+00 0.000000000000e+00 1.000000000000e+00 0.000000000000e+00 0.000000000000e+00 1.715312406697e-17 0.000000000000e+00 1.000000000000e+00 -1.387778780781e-17
1.0004568100e-01 9.999027151031e-01 0.000000000000e+00 -1.394848842538e-02 7.669930354042e-03 0.000000000000e+00 1.000000000000e+00 0.000000000000e+00 1.580000066043e-02 1.394848842538e-02 0.000000000000e+00 9.999027151031e-01 5.455820716926e-03
1.9995856285e-01 9.998466419570e-01 0.000000000000e+00 -1.751264021454e-02 4.381157877658e-03 0.000000000000e+00 1.000000000000e+00 0.000000000000e+00 1.430000010903e-02 1.751264021454e-02 0.000000000000e+00 9.998466419570e-01 7.515049179706e-03
2.9995226860e-01 9.999782308952e-01 0.000000000000e+00 -6.598313099157e-03 5.839749447207e-03 0.000000000000e+00 1.000000000000e+00 0.000000000000e+00 1.339999941638e-02 6.598313099157e-03 0.000000000000e+00 9.999782308952e-01 4.367625386953e-03
3.9995169640e-01 9.999526178665e-01 0.000000000000e+00 9.734578668810e-03 4.413834948973e-03 0.000000000000e+00 1.000000000000e+00 0.000000000000e+00 1.330000093962e-02 -9.734578668810e-03 0.000000000000e+00 9.999526178665e-01 -1.156332238366e-02
5.0037479401e-01 9.999878268880e-01 0.000000000000e+00 4.934174288263e-03 1.442990137709e-03 0.000000000000e+00 1.000000000000e+00 0.000000000000e+00 1.390000063828e-02 -4.934174288263e-03 0.000000000000e+00 9.999878268880e-01 -2.693831384619e-04
6.0066461563e-01 9.998955443451e-01 0.000000000000e+00 -1.445338710421e-02 9.572515131828e-03 0.000000000000e+00 1.000000000000e+00 0.000000000000e+00 2.640000046693e-02 1.445338710421e-02 0.000000000000e+00 9.998955443451e-01 -3.113589833536e-04
7.0000100136e-01 9.997199109838e-01 0.000000000000e+00 -2.366642310528e-02 -2.052049731907e-03 0.000000000000e+00 1.000000000000e+00 0.000000000000e+00 2.420000038919e-02 2.366642310528e-02 0.000000000000e+00 9.997199109838e-01 3.708525526125e-03
7.9993605614e-01 9.999824900860e-01 0.000000000000e+00 -5.917729412315e-03 3.233354428394e-03 0.000000000000e+00 1.000000000000e+00 0.000000000000e+00 2.809999913804e-02 5.917729412316e-03 0.000000000000e+00 9.999824900860e-01 -1.312625585820e-03
9.2748880386e-01 9.998912115557e-01 0.000000000000e+00 -1.475008656638e-02 9.977045622458e-03 0.000000000000e+00 1.000000000000e+00 0.000000000000e+00 2.950000081230e-02 1.475008656638e-02 0.000000000000e+00 9.998912115557e-01 -5.180136938726e-03
9.9995374680e-01 9.998754923575e-01 0.000000000000e+00 -1.577972695977e-02 1.190237304627e-02 0.000000000000e+00 1.000000000000e+00 0.000000000000e+00 3.210000004158e-02 1.577972695977e-02 0.000000000000e+00 9.998754923575e-01 -3.340509318343e-03
1.0999703407e+00 9.998907866815e-01 0.000000000000e+00 -1.477886022328e-02 1.282647985046e-02 0.000000000000e+00 1.000000000000e+00 0.000000000000e+00 2.610000068459e-02 1.477886022328e-02 0.000000000000e+00 9.998907866815e-01 -1.157252665196e-03
1.1999368668e+00 9.999102779165e-01 0.000000000000e+00 -1.339537670127e-02 6.339492655811e-03 0.000000000000e+00 1.000000000000e+00 0.000000000000e+00 4.219999987255e-02 1.339537670127e-02 0.000000000000e+00 9.999102779165e-01 -8.676664558986e-03
1.2999496460e+00 9.999296239275e-01 0.000000000000e+00 1.186369218692e-02 3.085271342104e-03 0.000000000000e+00 1.000000000000e+00 0.000000000000e+00 3.830000019882e-02 -1.186369218692e-02 0.000000000000e+00 9.999296239275e-01 -1.653354807450e-02
1.3999125957e+00 9.998842036920e-01 0.000000000000e+00 1.521772674109e-02 4.545034796824e-03 0.000000000000e+00 1.000000000000e+00 0.000000000000e+00 3.060000011873e-02 -1.521772674109e-02 0.000000000000e+00 9.998842036920e-01 -1.761559607871e-02
1.4999103546e+00 9.998589618969e-01 0.000000000000e+00 -1.679453227644e-02 2.241951430767e-03 0.000000000000e+00 1.000000000000e+00 0.000000000000e+00 4.170000014977e-02 1.679453227644e-02 0.000000000000e+00 9.998589618969e-01 -6.687315205506e-03
1.5999858379e+00 9.996766992118e-01 0.000000000000e+00 -2.542630631778e-02 8.488312237230e-03 0.000000000000e+00 1.000000000000e+00 0.000000000000e+00 4.059999976427e-02 2.542630631778e-02 0.000000000000e+00 9.996766992118e-01 2.236370811836e-03
1.6999704838e+00 9.999455885963e-01 0.000000000000e+00 1.043167516914e-02 3.157757407911e-03 0.000000000000e+00 1.000000000000e+00 0.000000000000e+00 2.599999989688e-02 -1.043167516914e-02 0.000000000000e+00 9.999455885963e-01 -1.605180379545e-02
1.7999346256e+00 9.999004360742e-01 0.000000000000e+00 -1.411091558354e-02 5.785357522245e-03 0.000000000000e+00 1.000000000000e+00 0.000000000000e+00 3.170000079335e-02 1.411091558354e-02 0.000000000000e+00 9.999004360742e-01 -3.812938360929e-03
1.8999111652e+00 9.999609413943e-01 0.000000000000e+00 -8.838307857573e-03 1.295666835058e-02 0.000000000000e+00 1.000000000000e+00 0.000000000000e+00 1.729999926508e-02 8.838307857573e-03 0.000000000000e+00 9.999609413943e-01 -1.725833385688e-03
1.9999427795e+00 9.997848179282e-01 0.000000000000e+00 -2.074410374834e-02 8.154660502409e-03 0.000000000000e+00 1.000000000000e+00 0.000000000000e+00 1.910000124679e-02 2.074410374834e-02 0.000000000000e+00 9.997848179282e-01 2.919993023256e-03
2.0999259949e+00 9.999631526361e-01 0.000000000000e+00 -8.584484268170e-03 9.239878405283e-03 0.000000000000e+00 1.000000000000e+00 0.000000000000e+00 2.340000117590e-02 8.584484268170e-03 0.000000000000e+00 9.999631526361e-01 -5.593050808552e-03
2.2000064850e+00 9.999398014587e-01 0.000000000000e+00 -1.097239530678e-02 9.013424003197e-03 0.000000000000e+00 1.000000000000e+00 0.000000000000e+00 1.690000087211e-02 1.097239530678e-02 0.000000000000e+00 9.999398014587e-01 -1.390166976108e-04
2.2999606133e+00 9.998845496505e-01 0.000000000000e+00 -1.519497845374e-02 9.083695997323e-03 0.000000000000e+00 1.000000000000e+00 0.000000000000e+00 1.980000078207e-02 1.519497845374e-02 0.000000000000e+00 9.998845496505e-01 -1.981260371741e-03
2.3999087811e+00 9.997475861802e-01 0.000000000000e+00 -2.246695188233e-02 6.922502148343e-03 0.000000000000e+00 1.000000000000e+00 0.000000000000e+00 2.809999937288e-02 2.246695188233e-02 0.000000000000e+00 9.997475861802e-01 3.506681203792e-03
2.4999256134e+00 9.997610432921e-01 0.000000000000e+00 -2.185992487370e-02 1.394674963941e-02 0.000000000000e+00 1.000000000000e+00 0.000000000000e+00 1.740000036799e-02 2.185992487370e-02 0.000000000000e+00 9.997610432921e-01 9.463563253455e-03
2.5999789238e+00 9.997427040280e-01 0.000000000000e+00 -2.268315989496e-02 7.611054297392e-03 0.000000000000e+00 1.000000000000e+00 0.000000000000e+00 2.570000110516e-02 2.268315989496e-02 0.000000000000e+00 9.997427040280e-01 1.323027768839e-03
2.6999905109e+00 9.999999560654e-01 0.000000000000e+00 -2.964274726289e-04 1.221642807319e-02 0.000000000000e+00 1.000000000000e+00 0.000000000000e+00 1.550000027536e-02 2.964274726289e-04 0.000000000000e+00 9.999999560654e-01 -5.550526318937e-03
2.8001303673e+00 9.998668560313e-01 0.000000000000e+00 -1.631778814830e-02 -1.383023039738e-03 0.000000000000e+00 1.000000000000e+00 0.000000000000e+00 2.630000090415e-02 1.631778814830e-02 0.000000000000e+00 9.998668560313e-01 -1.698288092177e-03
2.9001302719e+00 9.999157556527e-01 0.000000000000e+00 -1.298004612938e-02 -4.194737769446e-03 0.000000000000e+00 1.000000000000e+00 0.000000000000e+00 1.289999958092e-02 1.298004612938e-02 0.000000000000e+00 9.999157556527e-01 -3.449845748736e-04
3.0000309944e+00 9.998343535074e-01 0.000000000000e+00 -1.820070181362e-02 -4.478678821121e-03 0.000000000000e+00 1.000000000000e+00 0.000000000000e+00 2.450000109286e-02 1.820070181362e-02 0.000000000000e+00 9.998343535074e-01 1.939782152957e-03
3.1000046730e+00 9.999996384692e-01 0.000000000000e+00 -8.503301934845e-04 2.325919159683e-04 0.000000000000e+00 1.000000000000e+00 0.000000000000e+00 2.090000104836e-02 8.503301934845e-04 0.000000000000e+00 9.999996384692e-01 -8.832800941753e-03
3.1999633312e+00 9.998889021718e-01 0.000000000000e+00 -1.490581476050e-02 -5.205954390303e-04 0.000000000000e+00 1.000000000000e+00 0.000000000000e+00 2.350000074477e-02 1.490581476050e-02 0.000000000000e+00 9.998889021718e-01 -1.728983761748e-03
3.3000321388e+00 9.999510639804e-01 0.000000000000e+00 -9.892908794723e-03 -6.991946822241e-04 0.000000000000e+00 1.000000000000e+00 0.000000000000e+00 2.130000086603e-02 9.892908794724e-03 0.000000000000e+00 9.999510639804e-01 -5.228215279568e-03
3.4000043869e+00 9.998830499768e-01 0.000000000000e+00 -1.529334394972e-02 -4.071820117165e-03 0.000000000000e+00 1.000000000000e+00 0.000000000000e+00 1.530000096002e-02 1.529334394972e-02 0.000000000000e+00 9.998830499768e-01 3.410469565013e-03
3.5002834797e+00 9.998850741634e-01 0.000000000000e+00 -1.516042430898e-02 -1.080087288747e-03 0.000000000000e+00 1.000000000000e+00 0.000000000000e+00 2.680000200711e-02 1.516042430898e-02 0.000000000000e+00 9.998850741634e-01 -3.627395875327e-03
3.6002388000e+00 9.999892249010e-01 0.000000000000e+00 -4.642206585510e-03 8.064865560166e-04 0.000000000000e+00 1.000000000000e+00 0.000000000000e+00 2.060000112118e-02 4.642206585510e-03 0.000000000000e+00 9.999892249010e-01 -5.352044891857e-03
3.7001347542e+00 9.997330254880e-01 0.000000000000e+00 -2.310579469863e-02 1.872806264569e-03 0.000000000000e+00 1.000000000000e+00 0.000000000000e+00 1.330000090729e-02 2.310579469863e-02 0.000000000000e+00 9.997330254880e-01 5.259037739808e-03
3.8000004292e+00 9.998891166639e-01 0.000000000000e+00 -1.489141958224e-02 -4.396678373494e-03 0.000000000000e+00 1.000000000000e+00 0.000000000000e+00 2.020000158241e-02 1.489141958224e-02 0.000000000000e+00 9.998891166639e-01 -6.595256857060e-03
3.9005014896e+00 9.998894090141e-01 0.000000000000e+00 -1.487177667595e-02 -4.398896071199e-03 0.000000000000e+00 1.000000000000e+00 0.000000000000e+00 2.020000158241e-02 1.487177667595e-02 0.000000000000e+00 9.998894090141e-01 -6.604661605387e-03
4.0000684261e+00 9.997984576769e-01 0.000000000000e+00 -2.007595643978e-02 -7.700929579063e-04 0.000000000000e+00 1.000000000000e+00 0.000000000000e+00 4.480000085860e-02 2.007595643978e-02 0.000000000000e+00 9.997984576769e-01 9.365927456088e-04
4.1003563404e+00 9.999413671708e-01 0.000000000000e+00 -1.082876818914e-02 9.539585387259e-03 0.000000000000e+00 1.000000000000e+00 0.000000000000e+00 4.370000018129e-02 1.082876818914e-02 0.000000000000e+00 9.999413671708e-01 -5.023408720530e-03
4.2000434399e+00 9.999634537146e-01 0.000000000000e+00 -8.549341213895e-03 2.957076318697e-03 0.000000000000e+00 1.000000000000e+00 0.000000000000e+00 3.600000003466e-02 8.549341213895e-03 0.000000000000e+00 9.999634537146e-01 -2.971165283662e-03
4.3000404835e+00 9.999382890956e-01 0.000000000000e+00 -1.110936544730e-02 5.356396909591e-03 0.000000000000e+00 1.000000000000e+00 0.000000000000e+00 3.349999999928e-02 1.110936544730e-02 0.000000000000e+00 9.999382890956e-01 -5.661772350319e-03
4.4000358582e+00 9.999999280971e-01 0.000000000000e+00 -3.792173913984e-04 -3.283218519708e-03 0.000000000000e+00 1.000000000000e+00 0.000000000000e+00 3.380000022634e-02 3.792173913984e-04 0.000000000000e+00 9.999999280971e-01 -1.189978498940e-02
4.4999954700e+00 9.998883435972e-01 0.000000000000e+00 -1.494323721229e-02 4.825782604733e-03 0.000000000000e+00 1.000000000000e+00 0.000000000000e+00 2.869999983050e-02 1.494323721229e-02 0.000000000000e+00 9.998883435972e-01 3.217254074517e-04
4.6000063419e+00 9.999310549325e-01 0.000000000000e+00 -1.174246062914e-02 5.249174675687e-03 0.000000000000e+00 1.000000000000e+00 0.000000000000e+00 4.160000052116e-02 1.174246062914e-02 0.000000000000e+00 9.999310549325e-01 -6.847100104076e-03
4.7000346184e+00 9.998059061800e-01 0.000000000000e+00 -1.970152196254e-02 6.986514348470e-03 0.000000000000e+00 1.000000000000e+00 0.000000000000e+00 3.399999997679e-02 1.970152196254e-02 0.000000000000e+00 9.998059061800e-01 -4.741271239265e-03
4.8001449108e+00 9.999649464439e-01 0.000000000000e+00 -8.372925624619e-03 3.406876746317e-03 0.000000000000e+00 1.000000000000e+00 0.000000000000e+00 3.650000089736e-02 8.372925624619e-03 0.000000000000e+00 9.999649464439e-01 -2.436279961551e-03
4.9003670216e+00 9.996588828931e-01 0.000000000000e+00 -2.611738602953e-02 1.578215963146e-02 0.000000000000e+00 1.000000000000e+00 0.000000000000e+00 1.429999985679e-02 2.611738602953e-02 0.000000000000e+00 9.996588828931e-01 8.799841302476e-03
5.0004749298e+00 9.998880612943e-01 0.000000000000e+00 -1.496211486208e-02 1.046891173890e-02 0.000000000000e+00 1.000000000000e+00 0.000000000000e+00 3.029999950065e-02 1.496211486208e-02 0.000000000000e+00 9.998880612943e-01 -7.387048494217e-04
5.1003959179e+00 9.999004313977e-01 0.000000000000e+00 -1.411124696003e-02 7.151337363468e-03 0.000000000000e+00 1.000000000000e+00 0.000000000000e+00 3.540000029443e-02 1.411124696003e-02 0.000000000000e+00 9.999004313977e-01 -4.545025750460e-03
5.2003982067e+00 9.999512170523e-01 0.000000000000e+00 -9.877424540006e-03 4.876606150136e-03 0.000000000000e+00 1.000000000000e+00 0.000000000000e+00 3.490000132958e-02 9.877424540006e-03 0.000000000000e+00 9.999512170523e-01 -3.175051448204e-03
5.3009238243e+00 9.999022987772e-01 0.000000000000e+00 -1.397830104388e-02 4.738943172048e-03 0.000000000000e+00 1.000000000000e+00 0.000000000000e+00 2.560000092587e-02 1.397830104388e-02 0.000000000000e+00 9.999022987772e-01 1.779317390178e-04
5.4002318382e+00 9.997826875599e-01 0.000000000000e+00 -2.084652621936e-02 4.659985114944e-03 0.000000000000e+00 1.000000000000e+00 0.000000000000e+00 3.969999931129e-02 2.084652621936e-02 0.000000000000e+00 9.997826875599e-01 6.146509107807e-04
5.5001294613e+00 9.998656202501e-01 0.000000000000e+00 -1.639333528584e-02 1.124805595351e-02 0.000000000000e+00 1.000000000000e+00 0.000000000000e+00 2.060000030919e-02 1.639333528584e-02 0.000000000000e+00 9.998656202501e-01 -1.213353327954e-03
5.6001131535e+00 9.999400738648e-01 0.000000000000e+00 -1.094754215898e-02 9.508562209985e-03 0.000000000000e+00 1.000000000000e+00 0.000000000000e+00 3.070000046341e-02 1.094754215898e-02 0.000000000000e+00 9.999400738648e-01 -6.601820535920e-03
5.7000308037e+00 9.997024700091e-01 0.000000000000e+00 -2.439203676910e-02 9.112074410471e-03 0.000000000000e+00 1.000000000000e+00 0.000000000000e+00 3.270000029925e-02 2.439203676910e-02 0.000000000000e+00 9.997024700091e-01 2.252102743463e-03
5.7999818325e+00 9.999091595547e-01 0.000000000000e+00 -1.347859928314e-02 1.138348451710e-02 0.000000000000e+00 1.000000000000e+00 0.000000000000e+00 2.989999961738e-02 1.347859928314e-02 0.000000000000e+00 9.999091595547e-01 -9.537597258400e-03
5.8999671936e+00 9.999410276780e-01 0.000000000000e+00 -1.086007210978e-02 4.017253083240e-03 0.000000000000e+00 1.000000000000e+00 0.000000000000e+00 1.049999992718e-02 1.086007210978e-02 0.000000000000e+00 9.999410276780e-01 1.314492826301e-03
5.9999468327e+00 9.999743081274e-01 0.000000000000e+00 -7.168199566867e-03 9.230323880832e-03 0.000000000000e+00 1.000000000000e+00 0.000000000000e+00 3.249999911041e-02 7.168199566867e-03 0.000000000000e+00 9.999743081274e-01 -4.241071824325e-03
6.0999135971e+00 9.998635418872e-01 0.000000000000e+00 -1.651961273279e-02 1.270962757428e-02 0.000000000000e+00 1.000000000000e+00 0.000000000000e+00 9.100001408852e-03 1.651961273279e-02 0.000000000000e+00 9.998635418872e-01 2.905320598688e-03
6.1999115944e+00 9.999422867487e-01 0.000000000000e+00 -1.074351765971e-02 1.214148221040e-02 0.000000000000e+00 1.000000000000e+00 0.000000000000e+00 1.410000035180e-02 1.074351765971e-02 0.000000000000e+00 9.999422867487e-01 -3.120599167079e-03
6.2999866009e+00 9.998444725371e-01 0.000000000000e+00 -1.763606353474e-02 1.163040852958e-02 0.000000000000e+00 1.000000000000e+00 0.000000000000e+00 2.870000099832e-02 1.763606353474e-02 0.000000000000e+00 9.998444725371e-01 -1.265532773338e-03
6.4001004696e+00 9.996940679025e-01 0.000000000000e+00 -2.473399685598e-02 1.157828792861e-02 0.000000000000e+00 1.000000000000e+00 0.000000000000e+00 1.880000036130e-02 2.473399685598e-02 0.000000000000e+00 9.996940679025e-01 7.797714114510e-03
6.5007452965e+00 9.999036738205e-01 0.000000000000e+00 -1.387959221994e-02 5.211997239994e-03 0.000000000000e+00 1.000000000000e+00 0.000000000000e+00 1.530000015467e-02 1.387959221994e-02 0.000000000000e+00 9.999036738205e-01 -3.793192294131e-03
6.6002004147e+00 9.999238725787e-01 0.000000000000e+00 -1.233892407077e-02 1.066206067061e-02 0.000000000000e+00 1.000000000000e+00 0.000000000000e+00 1.180000047837e-02 1.233892407077e-02 0.000000000000e+00 9.999238725787e-01 -4.278929351158e-03
6.7001199722e+00 9.998322211973e-01 0.000000000000e+00 -1.831746313199e-02 1.125368497493e-02 0.000000000000e+00 1.000000000000e+00 0.000000000000e+00 1.649999986668e-02 1.831746313199e-02 0.000000000000e+00 9.998322211973e-01 5.921312861608e-04
6.7999479771e+00 9.998462462979e-01 0.000000000000e+00 -1.753521496974e-02 9.654771822413e-03 0.000000000000e+00 1.000000000000e+00 0.000000000000e+00 7.600000359021e-03 1.753521496974e-02 0.000000000000e+00 9.998462462979e-01 -1.524741112953e-03
6.8999791145e+00 9.998511188984e-01 0.000000000000e+00 -1.725514525205e-02 7.252345216152e-03 0.000000000000e+00 1.000000000000e+00 0.000000000000e+00 4.560000050620e-02 1.725514525205e-02 0.000000000000e+00 9.998511188984e-01 -2.265134914508e-03
6.9999620914e+00 9.998447415097e-01 0.000000000000e+00 -1.762080802077e-02 9.941528395185e-03 0.000000000000e+00 1.000000000000e+00 0.000000000000e+00 3.019999931775e-02 1.762080802077e-02 0.000000000000e+00 9.998447415097e-01 5.041957287334e-04
7.1000413895e+00 9.998271956815e-01 0.000000000000e+00 -1.858974921155e-02 7.227735199865e-03 0.000000000000e+00 1.000000000000e+00 0.000000000000e+00 3.199999961517e-02 1.858974921155e-02 0.000000000000e+00 9.998271956815e-01 -2.534202422013e-04
7.1999919415e+00 9.999506214408e-01 0.000000000000e+00 -9.937538934399e-03 3.592044709625e-03 0.000000000000e+00 1.000000000000e+00 0.000000000000e+00 2.090000138636e-02 9.937538934399e-03 0.000000000000e+00 9.999506214408e-01 -2.275394653258e-03
7.3000288010e+00 9.999033785381e-01 0.000000000000e+00 -1.390084846685e-02 9.451123366227e-03 0.000000000000e+00 1.000000000000e+00 0.000000000000e+00 3.089999986473e-02 1.390084846685e-02 0.000000000000e+00 9.999033785381e-01 -1.563879948652e-03
7.4000098705e+00 9.999265624585e-01 0.000000000000e+00 -1.211898056121e-02 6.148066303438e-03 0.000000000000e+00 1.000000000000e+00 0.000000000000e+00 2.090000037950e-02 1.211898056121e-02 0.000000000000e+00 9.999265624585e-01 -2.746143684680e-03
7.4999716282e+00 9.998941646977e-01 0.000000000000e+00 -1.454851894172e-02 1.060411900297e-02 0.000000000000e+00 1.000000000000e+00 0.000000000000e+00 3.370000000815e-02 1.454851894172e-02 0.000000000000e+00 9.998941646977e-01 -6.051470213614e-03
7.6001250744e+00 9.998898453705e-01 0.000000000000e+00 -1.484240967357e-02 7.354037089594e-03 0.000000000000e+00 1.000000000000e+00 0.000000000000e+00 1.509999989020e-02 1.484240967357e-02 0.000000000000e+00 9.998898453705e-01 -1.189938334467e-03
7.7001662254e+00 9.999644835777e-01 0.000000000000e+00 -8.428023683631e-03 1.345236714770e-02 0.000000000000e+00 1.000000000000e+00 0.000000000000e+00 2.990000080912e-02 8.428023683631e-03 0.000000000000e+00 9.999644835777e-01 -7.157316738779e-03
7.8000850677e+00 9.999981479343e-01 0.000000000000e+00 -1.924611136698e-03 5.828555296799e-03 0.000000000000e+00 1.000000000000e+00 0.000000000000e+00 2.920000062098e-02 1.924611136698e-03 0.000000000000e+00 9.999981479343e-01 -1.152446132060e-02
7.8999500275e+00 9.999755079328e-01 0.000000000000e+00 -6.998823797344e-03 -9.459018148989e-03 0.000000000000e+00 1.000000000000e+00 0.000000000000e+00 2.340000088440e-02 6.998823797344e-03 0.000000000000e+00 9.999755079328e-01 -4.252126823206e-03
8.0000302792e+00 9.999866507854e-01 0.000000000000e+00 -5.167035038959e-03 -9.695730176979e-03 0.000000000000e+00 1.000000000000e+00 0.000000000000e+00 3.460000023191e-02 5.167035038959e-03 0.000000000000e+00 9.999866507854e-01 -9.041991431603e-03
8.1001043320e+00 9.998693787074e-01 0.000000000000e+00 -1.616247268323e-02 -8.008680191146e-03 0.000000000000e+00 1.000000000000e+00 0.000000000000e+00 2.539999934431e-02 1.616247268323e-02 0.000000000000e+00 9.998693787074e-01 -3.486770077371e-03
8.2000541687e+00 9.999259541945e-01 0.000000000000e+00 -1.216906439093e-02 -4.235175297220e-03 0.000000000000e+00 1.000000000000e+00 0.000000000000e+00 1.260000147337e-02 1.216906439093e-02 0.000000000000e+00 9.999259541945e-01 -5.802871707134e-04
8.2998831272e+00 9.999543354746e-01 0.000000000000e+00 -9.556514302633e-03 -1.433804418205e-02 0.000000000000e+00 1.000000000000e+00 0.000000000000e+00 1.300000182133e-02 9.556514302633e-03 0.000000000000e+00 9.999543354746e-01 -3.952143763369e-03
8.4001553059e+00 9.998537155513e-01 0.000000000000e+00 -1.710401994350e-02 -5.674951888983e-03 0.000000000000e+00 1.000000000000e+00 0.000000000000e+00 2.430000088000e-02 1.710401994350e-02 0.000000000000e+00 9.998537155513e-01 -1.244414829891e-03
8.5000078678e+00 9.999560706794e-01 0.000000000000e+00 -9.373191104800e-03 -3.679869326805e-03 0.000000000000e+00 1.000000000000e+00 0.000000000000e+00 1.980000068636e-02 9.373191104800e-03 0.000000000000e+00 9.999560706794e-01 -2.497628664904e-04
8.5999681950e+00 9.999276611383e-01 0.000000000000e+00 -1.202798779915e-02 -3.532097341343e-03 0.000000000000e+00 1.000000000000e+00 0.000000000000e+00 3.980000087614e-02 1.202798779915e-02 0.000000000000e+00 9.999276611383e-01 -8.073468382341e-03
8.7000403404e+00 9.999558381653e-01 0.000000000000e+00 9.397963558371e-03 -1.304364762018e-02 0.000000000000e+00 1.000000000000e+00 0.000000000000e+00 6.200000268558e-03 -9.397963558371e-03 0.000000000000e+00 9.999558381653e-01 -8.324162261460e-03
8.7999763489e+00 9.999335152829e-01 0.000000000000e+00 -1.153104565554e-02 -2.378240714192e-03 0.000000000000e+00 1.000000000000e+00 0.000000000000e+00 1.050000091770e-02 1.153104565554e-02 0.000000000000e+00 9.999335152829e-01 -4.907534169150e-03
8.9143154621e+00 9.998968173007e-01 0.000000000000e+00 -1.436505314681e-02 8.353106657759e-03 0.000000000000e+00 1.000000000000e+00 0.000000000000e+00 9.700000340573e-03 1.436505314681e-02 0.000000000000e+00 9.998968173007e-01 -2.857330501807e-03
9.0001494884e+00 9.999921999886e-01 0.000000000000e+00 -3.949678715802e-03 6.501339620825e-03 0.000000000000e+00 1.000000000000e+00 0.000000000000e+00 2.400000034055e-02 3.949678715802e-03 0.000000000000e+00 9.999921999886e-01 -6.166878441849e-03
9.1002149582e+00 9.999141493713e-01 0.000000000000e+00 -1.310320140498e-02 1.463048189768e-03 0.000000000000e+00 1.000000000000e+00 0.000000000000e+00 1.080000153217e-02 1.310320140498e-02 0.000000000000e+00 9.999141493713e-01 1.175762520429e-03
9.2008128166e+00 9.998730859464e-01 0.000000000000e+00 -1.593147827487e-02 1.033127527161e-02 0.000000000000e+00 1.000000000000e+00 0.000000000000e+00 1.110000003832e-02 1.593147827487e-02 0.000000000000e+00 9.998730859464e-01 -3.358889940687e-03
9.3001534939e+00 9.999581953923e-01 0.000000000000e+00 -9.143711928465e-03 5.528770399737e-03 0.000000000000e+00 1.000000000000e+00 0.000000000000e+00 2.900000379092e-03 9.143711928465e-03 0.000000000000e+00 9.999581953923e-01 -4.095235409956e-04
9.4003314972e+00 9.999029069864e-01 0.000000000000e+00 -1.393472640963e-02 -1.202397511448e-03 0.000000000000e+00 1.000000000000e+00 0.000000000000e+00 1.960000006950e-02 1.393472640963e-02 0.000000000000e+00 9.999029069864e-01 -2.114535030900e-03
9.5004701614e+00 9.998291452685e-01 0.000000000000e+00 -1.848459552235e-02 3.523720750741e-03 0.000000000000e+00 1.000000000000e+00 0.000000000000e+00 1.570000154267e-02 1.848459552235e-02 0.000000000000e+00 9.998291452685e-01 1.348567426177e-03
9.6001143456e+00 9.999126029339e-01 0.000000000000e+00 -1.322068432093e-02 6.539657618112e-03 0.000000000000e+00 1.000000000000e+00 0.000000000000e+00 5.800000714434e-03 1.322068432093e-02 0.000000000000e+00 9.999126029339e-01 -5.745869527445e-03
9.7004456520e+00 9.999630559442e-01 0.000000000000e+00 -8.595740033579e-03 1.470921989812e-03 0.000000000000e+00 1.000000000000e+00 0.000000000000e+00 9.100001224348e-03 8.595740033579e-03 0.000000000000e+00 9.999630559442e-01 -8.525730818813e-03
9.8000056744e+00 9.999694806402e-01 0.000000000000e+00 -7.812668436856e-03 7.338808866779e-03 0.000000000000e+00 1.000000000000e+00 0.000000000000e+00 1.970000103702e-02 7.812668436856e-03 0.000000000000e+00 9.999694806402e-01 -2.787394284949e-03
9.9157679081e+00 9.997459869158e-01 0.000000000000e+00 -2.253800447475e-02 8.739070431441e-03 0.000000000000e+00 1.000000000000e+00 0.000000000000e+00 3.149999944777e-02 2.253800447475e-02 0.000000000000e+00 9.997459869158e-01 3.335224062496e-03
1.0000045061e+01 9.999998638946e-01 0.000000000000e+00 -5.217381711424e-04 -4.647824892740e-05 0.000000000000e+00 1.000000000000e+00 0.000000000000e+00 2.420000044767e-02 5.217381711425e-04 0.000000000000e+00 9.999998638946e-01 -4.053490566780e-03
1.0100256920e+01 9.997028350919e-01 0.000000000000e+00 -2.437706933240e-02 5.196981468835e-03 0.000000000000e+00 1.000000000000e+00 0.000000000000e+00 3.320000025291e-02 2.437706933240e-02 0.000000000000e+00 9.997028350919e-01 2.656499094128e-03
1.0200297594e+01 9.999732932814e-01 0.000000000000e+00 -7.308400914004e-03 1.119185779246e-02 0.000000000000e+00 1.000000000000e+00 0.000000000000e+00 2.369999959936e-02 7.308400914004e-03 0.000000000000e+00 9.999732932814e-01 -5.280962101209e-03
1.0300315857e+01 9.999846395993e-01 0.000000000000e+00 5.542613588970e-03 4.069337863932e-03 0.000000000000e+00 1.000000000000e+00 0.000000000000e+00 2.599999935533e-02 -5.542613588970e-03 0.000000000000e+00 9.999846395993e-01 -6.832259575087e-03
1.0400193453e+01 9.998627560993e-01 0.000000000000e+00 -1.656710492262e-02 8.089571040137e-03 0.000000000000e+00 1.000000000000e+00 0.000000000000e+00 1.929999898734e-02 1.656710492262e-02 0.000000000000e+00 9.998627560993e-01 1.710997455262e-03
1.0500215054e+01 9.998416738037e-01 0.000000000000e+00 -1.779402499005e-02 5.798380785857e-03 0.000000000000e+00 1.000000000000e+00 0.000000000000e+00 3.610000082957e-02 1.779402499005e-02 0.000000000000e+00 9.998416738037e-01 -1.613427569647e-03
1.0600334406e+01 9.999991619476e-01 0.000000000000e+00 -1.294644404724e-03 -5.330187271433e-03 0.000000000000e+00 1.000000000000e+00 0.000000000000e+00 2.529999985917e-02 1.294644404724e-03 0.000000000000e+00 9.999991619476e-01 -7.463988963870e-03
1.0700394630e+01 9.999729836383e-01 0.000000000000e+00 7.350645792640e-03 -5.171485234112e-03 0.000000000000e+00 1.000000000000e+00 0.000000000000e+00 2.429999984475e-02 -7.350645792640e-03 0.000000000000e+00 9.999729836383e-01 -1.323296904226e-02
1.0800200701e+01 9.999824809522e-01 0.000000000000e+00 5.919272649642e-03 3.381152237482e-03 0.000000000000e+00 1.000000000000e+00 0.000000000000e+00 3.430000074637e-02 -5.919272649642e-03 0.000000000000e+00 9.999824809522e-01 -1.150763122148e-02
1.0900056362e+01 9.998970836721e-01 0.000000000000e+00 -1.434650006375e-02 1.540943159347e-02 0.000000000000e+00 1.000000000000e+00 0.000000000000e+00 5.170000014480e-02 1.434650006375e-02 0.000000000000e+00 9.998970836721e-01 -3.916372676625e-03
1.1000242949e+01 9.999814017042e-01 0.000000000000e+00 -6.098872492715e-03 9.046262372439e-03 0.000000000000e+00 1.000000000000e+00 0.000000000000e+00 4.139999986669e-02 6.098872492715e-03 0.000000000000e+00 9.999814017042e-01 -9.278707922306e-03
1.1100157738e+01 9.999899687010e-01 0.000000000000e+00 -4.479117921319e-03 7.493100090633e-03 0.000000000000e+00 1.000000000000e+00 0.000000000000e+00 2.940000025194e-02 4.479117921319e-03 0.000000000000e+00 9.999899687010e-01 -7.388708837379e-03
1.1200466871e+01 9.997894002838e-01 0.000000000000e+00 -2.052206325060e-02 7.347223987872e-03 0.000000000000e+00 1.000000000000e+00 0.000000000000e+00 2.750000041292e-02 2.052206325060e-02 0.000000000000e+00 9.997894002838e-01 5.148125127683e-04
1.1300379038e+01 9.996738168330e-01 0.000000000000e+00 -2.553938015038e-02 6.527257165515e-03 0.000000000000e+00 1.000000000000e+00 0.000000000000e+00 1.829999935016e-02 2.553938015038e-02 0.000000000000e+00 9.996738168330e-01 4.678277762002e-03
1.1409006119e+01 9.998934878284e-01 0.000000000000e+00 -1.459496482704e-02 2.760577285867e-03 0.000000000000e+00 1.000000000000e+00 0.000000000000e+00 2.670000139287e-02 1.459496482704e-02 0.000000000000e+00 9.998934878284e-01 -6.053839391207e-03
1.1500053167e+01 9.999969798672e-01 0.000000000000e+00 -2.457693310580e-03 8.615660468755e-03 0.000000000000e+00 1.000000000000e+00 0.000000000000e+00 2.240000174082e-02 2.457693310580e-03 0.000000000000e+00 9.999969798672e-01 -6.277658932920e-03
1.1600087643e+01 9.997712965918e-01 0.000000000000e+00 -2.138584838288e-02 6.771814071754e-03 0.000000000000e+00 1.000000000000e+00 0.000000000000e+00 2.979999990992e-02 2.138584838288e-02 0.000000000000e+00 9.997712965918e-01 1.313867965270e-03
1.1700023413e+01 9.997287772357e-01 0.000000000000e+00 -2.328888075337e-02 1.005826486796e-02 0.000000000000e+00 1.000000000000e+00 0.000000000000e+00 1.910000061701e-02 2.328888075337e-02 0.000000000000e+00 9.997287772357e-01 3.039644031862e-03
1.1800079823e+01 9.997607377513e-01 0.000000000000e+00 -2.187389427952e-02 1.298009275651e-02 0.000000000000e+00 1.000000000000e+00 0.000000000000e+00 2.149999958818e-02 2.187389427952e-02 0.000000000000e+00 9.997607377513e-01 8.803825210275e-03
1.1900040150e+01 9.998748643208e-01 0.000000000000e+00 -1.581947216286e-02 1.070055505384e-02 0.000000000000e+00 1.000000000000e+00 0.000000000000e+00 3.309999933082e-02 1.581947216286e-02 0.000000000000e+00 9.998748643208e-01 5.357357296357e-03
1.2000059128e+01 9.997903102629e-01 0.000000000000e+00 -2.047768308342e-02 7.289569009768e-03 0.000000000000e+00 1.000000000000e+00 0.000000000000e+00 2.329999986583e-02 2.047768308342e-02 0.000000000000e+00 9.997903102629e-01 8.291537372063e-03
1.2100030899e+01 9.998535408868e-01 0.000000000000e+00 -1.711422730317e-02 6.479828229166e-03 0.000000000000e+00 1.000000000000e+00 0.000000000000e+00 4.200000006724e-02 1.711422730317e-02 0.000000000000e+00 9.998535408868e-01 1.676075569356e-03
1.2200173616e+01 9.999283346357e-01 0.000000000000e+00 -1.197186671318e-02 1.342292124824e-02 0.000000000000e+00 1.000000000000e+00 0.000000000000e+00 2.250000034911e-02 1.197186671318e-02 0.000000000000e+00 9.999283346357e-01 4.736306931121e-04
1.2300017595e+01 9.998671898280e-01 0.000000000000e+00 -1.629732203078e-02 1.287663293914e-02 0.000000000000e+00 1.000000000000e+00 0.000000000000e+00 1.300000196280e-02 1.629732203078e-02 0.000000000000e+00 9.998671898280e-01 6.144957309002e-03
1.2400074244e+01 9.997951265969e-01 0.000000000000e+00 -2.024116678944e-02 1.245806062741e-02 0.000000000000e+00 1.000000000000e+00 0.000000000000e+00 2.110000027024e-02 2.024116678944e-02 0.000000000000e+00 9.997951265969e-01 7.837942769254e-03
1.2500863791e+01 9.997033082009e-01 0.000000000000e+00 -2.435765941702e-02 1.224003723719e-02 0.000000000000e+00 1.000000000000e+00 0.000000000000e+00 2.840000122489e-02 2.435765941702e-02 0.000000000000e+00 9.997033082009e-01 1.042592623906e-02
1.2600033998e+01 9.997859614166e-01 0.000000000000e+00 -2.068891863570e-02 1.238009992886e-02 0.000000000000e+00 1.000000000000e+00 0.000000000000e+00 2.620000094673e-02 2.068891863570e-02 0.000000000000e+00 9.997859614166e-01 6.202336179635e-03
1.2700418234e+01 9.998779269879e-01 0.000000000000e+00 -1.562469591167e-02 1.125895818919e-02 0.000000000000e+00 1.000000000000e+00 0.000000000000e+00 2.680000185518e-02 1.562469591167e-02 0.000000000000e+00 9.998779269879e-01 3.333700396274e-04
1.2801740646e+01 9.998470587310e-01 0.000000000000e+00 -1.748882920672e-02 -9.133724155667e-04 0.000000000000e+00 1.000000000000e+00 0.000000000000e+00 1.210000205745e-02 1.748882920672e-02 0.000000000000e+00 9.998470587310e-01 9.535798866443e-03
1.2900049448e+01 9.997324015395e-01 0.000000000000e+00 -2.313277570839e-02 2.873879350945e-03 0.000000000000e+00 1.000000000000e+00 0.000000000000e+00 1.469999928544e-02 2.313277570839e-02 0.000000000000e+00 9.997324015395e-01 6.842200206752e-03
1.3000005960e+01 9.997270818031e-01 0.000000000000e+00 -2.336154766668e-02 4.156334664834e-03 0.000000000000e+00 1.000000000000e+00 0.000000000000e+00 1.700000106347e-02 2.336154766668e-02 0.000000000000e+00 9.997270818031e-01 5.765507882682e-03
1.3099933386e+01 9.995219237521e-01 0.000000000000e+00 -3.091801964683e-02 -1.925265005923e-03 0.000000000000e+00 1.000000000000e+00 0.000000000000e+00 1.200000012956e-02 3.091801964683e-02 0.000000000000e+00 9.995219237521e-01 1.249114539733e-02
1.3199929237e+01 9.998162903522e-01 0.000000000000e+00 -1.916730409854e-02 3.595770697972e-03 0.000000000000e+00 1.000000000000e+00 0.000000000000e+00 1.960000058209e-02 1.916730409854e-02 0.000000000000e+00 9.998162903522e-01 5.439867167616e-03
1.3299968004e+01 9.998848990281e-01 0.000000000000e+00 -1.517197071948e-02 2.258899162759e-03 0.000000000000e+00 1.000000000000e+00 0.000000000000e+00 1.490000032636e-02 1.517197071948e-02 0.000000000000e+00 9.998848990281e-01 4.370383963452e-03
1.3399921179e+01 9.998938860759e-01 0.000000000000e+00 -1.456765554670e-02 1.110152293971e-03 0.000000000000e+00 1.000000000000e+00 0.000000000000e+00 1.620000067251e-02 1.456765554670e-02 0.000000000000e+00 9.998938860759e-01 5.158690853214e-03
1.3499904156e+01 9.997032451683e-01 0.000000000000e+00 -2.436024630539e-02 -3.018428727285e-03 0.000000000000e+00 1.000000000000e+00 0.000000000000e+00 5.800001695859e-03 2.436024630539e-02 0.000000000000e+00 9.997032451683e-01 6.912123989479e-03
1.3600061417e+01 9.995642880783e-01 0.000000000000e+00 -2.951667322908e-02 3.309363835656e-03 0.000000000000e+00 1.000000000000e+00 0.000000000000e+00 8.499999951575e-03 2.951667322908e-02 0.000000000000e+00 9.995642880783e-01 7.949843525740e-03
1.3699999332e+01 9.999743382881e-01 0.000000000000e+00 7.163990876766e-03 -5.917960363971e-03 0.000000000000e+00 1.000000000000e+00 0.000000000000e+00 5.699999205532e-03 -7.163990876766e-03 0.000000000000e+00 9.999743382881e-01 -1.178574256940e-02
1.3799965620e+01 9.999634540840e-01 0.000000000000e+00 -8.549298005846e-03 4.405542477672e-03 0.000000000000e+00 1.000000000000e+00 0.000000000000e+00 -1.199998441189e-03 8.549298005846e-03 0.000000000000e+00 9.999634540840e-01 3.585783928750e-03
1.3939145327e+01 9.999118698895e-01 0.000000000000e+00 -1.327601047551e-02 -1.396648695219e-03 0.000000000000e+00 1.000000000000e+00 0.000000000000e+00 1.540000019505e-02 1.327601047551e-02 0.000000000000e+00 9.999118698895e-01 -7.222374123650e-06
1.4000157118e+01 9.998298210168e-01 0.000000000000e+00 -1.844800817139e-02 7.102391478481e-03 0.000000000000e+00 1.000000000000e+00 0.000000000000e+00 1.450000017432e-02 1.844800817139e-02 0.000000000000e+00 9.998298210168e-01 7.222927474223e-03
1.4100018740e+01 9.997576338154e-01 0.000000000000e+00 -2.201530440080e-02 -1.375802031504e-04 0.000000000000e+00 1.000000000000e+00 0.000000000000e+00 2.120000009389e-02 2.201530440080e-02 0.000000000000e+00 9.997576338154e-01 2.451841655601e-03
1.4199962854e+01 9.999555696655e-01 0.000000000000e+00 -9.426489002096e-03 -2.062112682736e-03 0.000000000000e+00 1.000000000000e+00 0.000000000000e+00 -4.399999638707e-03 9.426489002096e-03 0.000000000000e+00 9.999555696655e-01 3.265359968574e-03
1.4299995422e+01 9.999083709283e-01 0.000000000000e+00 -1.353697704661e-02 -8.197369024304e-03 0.000000000000e+00 1.000000000000e+00 0.000000000000e+00 1.120000133934e-02 1.353697704661e-02 0.000000000000e+00 9.999083709283e-01 -2.826786297727e-03
1.4399965525e+01 9.999982107411e-01 0.000000000000e+00 -1.891696196229e-03 -4.979643210811e-03 0.000000000000e+00 1.000000000000e+00 0.000000000000e+00 1.130000055355e-02 1.891696196229e-03 0.000000000000e+00 9.999982107412e-01 -6.676984756203e-03
1.4499933004e+01 9.999633305731e-01 0.000000000000e+00 -8.563732202022e-03 -5.754390374783e-03 0.000000000000e+00 1.000000000000e+00 0.000000000000e+00 6.400000199139e-03 8.563732202022e-03 0.000000000000e+00 9.999633305731e-01 -4.642364114214e-03
1.4600056410e+01 9.998801518125e-01 0.000000000000e+00 -1.548166694379e-02 -8.404723996063e-03 0.000000000000e+00 1.000000000000e+00 0.000000000000e+00 9.800001513472e-03 1.548166694379e-02 0.000000000000e+00 9.998801518125e-01 2.352085016959e-03
1.4699988604e+01 9.999000650043e-01 0.000000000000e+00 -1.413718516249e-02 -8.323410986032e-03 0.000000000000e+00 1.000000000000e+00 0.000000000000e+00 3.300000487403e-03 1.413718516249e-02 0.000000000000e+00 9.999000650043e-01 -2.407578043225e-03
1.4800138235e+01 9.998139007453e-01 0.000000000000e+00 -1.929154935516e-02 -7.060577213925e-03 0.000000000000e+00 1.000000000000e+00 0.000000000000e+00 7.300000379399e-03 1.929154935516e-02 0.000000000000e+00 9.998139007453e-01 -2.169334531890e-03
1.4899940968e+01 9.998786509078e-01 0.000000000000e+00 -1.557830089781e-02 6.731617301127e-03 0.000000000000e+00 1.000000000000e+00 0.000000000000e+00 2.039999936990e-02 1.557830089781e-02 0.000000000000e+00 9.998786509078e-01 2.873906539451e-03
1.4999934435e+01 9.998991285358e-01 0.000000000000e+00 -1.420326558963e-02 8.563736982959e-04 0.000000000000e+00 1.000000000000e+00 0.000000000000e+00 1.780000091579e-02 1.420326558963e-02 0.000000000000e+00 9.998991285358e-01 2.837840506505e-03
1.5099934340e+01 9.999493410952e-01 0.000000000000e+00 -1.006554734518e-02 3.270916363709e-03 0.000000000000e+00 1.000000000000e+00 0.000000000000e+00 2.559999998629e-02 1.006554734518e-02 0.000000000000e+00 9.999493410952e-01 1.219521843200e-03
1.5200257540e+01 9.999517657827e-01 0.000000000000e+00 -9.821716144039e-03 -1.866299493493e-04 0.000000000000e+00 1.000000000000e+00 0.000000000000e+00 1.629999959634e-02 9.821716144039e-03 0.000000000000e+00 9.999517657827e-01 -3.791493015997e-03
1.5299989462e+01 9.998127197435e-01 0.000000000000e+00 -1.935265974169e-02 2.401456924399e-03 0.000000000000e+00 1.000000000000e+00 0.000000000000e+00 2.540000137220e-02 1.935265974169e-02 0.000000000000e+00 9.998127197435e-01 -4.422200471728e-04
1.5400272369e+01 9.999618816238e-01 0.000000000000e+00 -8.731282800390e-03 2.214841757780e-03 0.000000000000e+00 1.000000000000e+00 0.000000000000e+00 3.160000082894e-02 8.731282800390e-03 0.000000000000e+00 9.999618816238e-01 -3.276764422483e-03
1.5499968529e+01 9.998718620608e-01 0.000000000000e+00 -1.600810604187e-02 6.343781939073e-03 0.000000000000e+00 1.000000000000e+00 0.000000000000e+00 2.509999994664e-02 1.600810604187e-02 0.000000000000e+00 9.998718620608e-01 -2.827474887053e-03
1.5599983215e+01 9.999233333438e-01 0.000000000000e+00 -1.238254556111e-02 2.058211172970e-03 0.000000000000e+00 1.000000000000e+00 0.000000000000e+00 1.590000116894e-02 1.238254556111e-02 0.000000000000e+00 9.999233333438e-01 -2.686749243874e-04
1.5701642036e+01 9.999130586898e-01 0.000000000000e+00 -1.318616933339e-02 6.397485849102e-03 0.000000000000e+00 1.000000000000e+00 0.000000000000e+00 3.110000053768e-02 1.318616933339e-02 0.000000000000e+00 9.999130586898e-01 -3.806139310973e-03
1.5800632954e+01 9.998471125585e-01 0.000000000000e+00 -1.748575158344e-02 -3.362528086983e-03 0.000000000000e+00 1.000000000000e+00 0.000000000000e+00 1.570000158120e-02 1.748575158344e-02 0.000000000000e+00 9.998471125585e-01 4.835276579552e-03
1.5900577068e+01 9.998452533022e-01 0.000000000000e+00 -1.759174377823e-02 -2.197286333590e-03 0.000000000000e+00 1.000000000000e+00 0.000000000000e+00 2.240000096183e-02 1.759174377823e-02 0.000000000000e+00 9.998452533022e-01 5.559769761439e-03
1.6000052691e+01 9.998819568146e-01 0.000000000000e+00 -1.536464892732e-02 -2.920660725078e-03 0.000000000000e+00 1.000000000000e+00 0.000000000000e+00 2.090000018883e-02 1.536464892732e-02 0.000000000000e+00 9.998819568146e-01 2.244097349283e-03
1.6100018263e+01 9.997473242065e-01 0.000000000000e+00 -2.247860631879e-02 2.277258122910e-03 0.000000000000e+00 1.000000000000e+00 0.000000000000e+00 2.730000018558e-02 2.247860631879e-02 0.000000000000e+00 9.997473242065e-01 8.167637437305e-03
1.6200009346e+01 9.998708916066e-01 0.000000000000e+00 -1.606860659209e-02 2.068158305297e-03 0.000000000000e+00 1.000000000000e+00 0.000000000000e+00 2.380000042241e-02 1.606860659209e-02 0.000000000000e+00 9.998708916066e-01 1.833149320429e-03
1.6300092459e+01 9.998512920904e-01 0.000000000000e+00 -1.724510670039e-02 4.121502978614e-03 0.000000000000e+00 1.000000000000e+00 0.000000000000e+00 1.790000056477e-02 1.724510670039e-02 0.000000000000e+00 9.998512920904e-01 3.916581250025e-03
1.6399983883e+01 9.998684140723e-01 0.000000000000e+00 -1.622203873238e-02 -7.542309446165e-03 0.000000000000e+00 1.000000000000e+00 0.000000000000e+00 2.730000045165e-02 1.622203873238e-02 0.000000000000e+00 9.998684140723e-01 1.366544479331e-03
1.6499977350e+01 9.998949051018e-01 0.000000000000e+00 -1.449754294619e-02 2.676134875877e-03 0.000000000000e+00 1.000000000000e+00 0.000000000000e+00 1.569999928155e-02 1.449754294619e-02 0.000000000000e+00 9.998949051018e-01 3.706807381833e-03
1.6600059748e+01 9.998298009820e-01 0.000000000000e+00 -1.844909397010e-02 -1.407881206019e-03 0.000000000000e+00 1.000000000000e+00 0.000000000000e+00 2.040000046748e-02 1.844909397010e-02 0.000000000000e+00 9.998298009820e-01 6.405914304475e-03
1.6700924873e+01 9.999046239462e-01 0.000000000000e+00 -1.381097429602e-02 1.796320225128e-03 0.000000000000e+00 1.000000000000e+00 0.000000000000e+00 2.290000126039e-02 1.381097429602e-02 0.000000000000e+00 9.999046239462e-01 2.425056297714e-03
1.6799990654e+01 9.999293532553e-01 0.000000000000e+00 -1.188648385534e-02 4.863363450153e-03 0.000000000000e+00 1.000000000000e+00 0.000000000000e+00 3.060000058423e-02 1.188648385534e-02 0.000000000000e+00 9.999293532553e-01 -2.448615691959e-03
1.6900139809e+01 9.998849551419e-01 0.000000000000e+00 -1.516827217736e-02 5.288227859131e-03 0.000000000000e+00 1.000000000000e+00 0.000000000000e+00 3.920000054616e-02 1.516827217736e-02 0.000000000000e+00 9.998849551419e-01 -3.416935832099e-03
1.7000042200e+01 9.997976037867e-01 0.000000000000e+00 -2.011843588190e-02 7.115782889249e-03 0.000000000000e+00 1.000000000000e+00 0.000000000000e+00 3.350000013231e-02 2.011843588190e-02 0.000000000000e+00 9.997976037867e-01 2.363281568529e-03
1.7100015402e+01 9.998651886033e-01 0.000000000000e+00 -1.641964126551e-02 1.165883247898e-02 0.000000000000e+00 1.000000000000e+00 0.000000000000e+00 3.940000093894e-02 1.641964126551e-02 0.000000000000e+00 9.998651886033e-01 1.693351489837e-03
1.7199973583e+01 9.997500776863e-01 0.000000000000e+00 -2.235580833320e-02 9.732209868786e-03 0.000000000000e+00 1.000000000000e+00 0.000000000000e+00 3.000000135652e-02 2.235580833320e-02 0.000000000000e+00 9.997500776863e-01 7.244554641837e-03
1.7299957275e+01 9.999505387963e-01 0.000000000000e+00 -9.945851442117e-03 1.113475432071e-02 0.000000000000e+00 1.000000000000e+00 0.000000000000e+00 3.570000036014e-02 9.945851442117e-03 0.000000000000e+00 9.999505387963e-01 -2.032916292491e-03
1.7400096655e+01 9.999984532838e-01 0.000000000000e+00 -1.758814929035e-03 3.814124575847e-03 0.000000000000e+00 1.000000000000e+00 0.000000000000e+00 4.149999988199e-02 1.758814929035e-03 0.000000000000e+00 9.999984532838e-01 -7.910625789661e-03
1.7499976635e+01 9.999727314364e-01 0.000000000000e+00 -7.384875323185e-03 9.727659016258e-03 0.000000000000e+00 1.000000000000e+00 0.000000000000e+00 4.950000166415e-02 7.384875323186e-03 0.000000000000e+00 9.999727314364e-01 -7.643689280595e-03
1.7600656271e+01 9.998997302749e-01 0.000000000000e+00 -1.416084023329e-02 1.260190687573e-02 0.000000000000e+00 1.000000000000e+00 0.000000000000e+00 3.830000015886e-02 1.416084023329e-02 0.000000000000e+00 9.998997302749e-01 -3.788238178304e-03
1.7700093269e+01 9.999204061149e-01 0.000000000000e+00 -1.261671252520e-02 1.122447343624e-02 0.000000000000e+00 1.000000000000e+00 0.000000000000e+00 4.499999963499e-02 1.261671252520e-02 0.000000000000e+00 9.999204061149e-01 -2.581095765853e-03
1.7799978256e+01 9.999097054554e-01 0.000000000000e+00 -1.343804063117e-02 1.165530477406e-02 0.000000000000e+00 1.000000000000e+00 0.000000000000e+00 4.270000076088e-02 1.343804063117e-02 0.000000000000e+00 9.999097054554e-01 -1.491441003655e-03
1.7904401541e+01 9.999339929773e-01 0.000000000000e+00 -1.148954692035e-02 5.000454532538e-03 0.000000000000e+00 1.000000000000e+00 0.000000000000e+00 3.370000037168e-02 1.148954692035e-02 0.000000000000e+00 9.999339929773e-01 -2.484363317726e-03
1.8000203609e+01 9.999514460261e-01 0.000000000000e+00 -9.854216878718e-03 5.463072133398e-03 0.000000000000e+00 1.000000000000e+00 0.000000000000e+00 3.080000037333e-02 9.854216878718e-03 0.000000000000e+00 9.999514460261e-01 -4.087981137471e-03
1.8100021362e+01 9.997838840744e-01 0.000000000000e+00 -2.078906311442e-02 7.438242262966e-03 0.000000000000e+00 1.000000000000e+00 0.000000000000e+00 2.880000007599e-02 2.078906311442e-02 0.000000000000e+00 9.997838840744e-01 4.604333140044e-03
1.8199974298e+01 9.998559821906e-01 0.000000000000e+00 -1.697100108139e-02 -5.770780814041e-06 0.000000000000e+00 1.000000000000e+00 0.000000000000e+00 3.720000135852e-02 1.697100108139e-02 0.000000000000e+00 9.998559821906e-01 3.215130180687e-03
1.8300375462e+01 9.997302685194e-01 0.000000000000e+00 -2.322477569634e-02 1.764272585942e-03 0.000000000000e+00 1.000000000000e+00 0.000000000000e+00 3.310000057687e-02 2.322477569634e-02 0.000000000000e+00 9.997302685194e-01 5.846765204436e-03
1.8401590347e+01 9.997508691011e-01 0.000000000000e+00 -2.232038825118e-02 1.311707673232e-02 0.000000000000e+00 1.000000000000e+00 0.000000000000e+00 2.929999944468e-02 2.232038825118e-02 0.000000000000e+00 9.997508691011e-01 2.351592295032e-03
1.8500362396e+01 9.999907481343e-01 0.000000000000e+00 -4.301586435930e-03 6.380133614789e-03 0.000000000000e+00 1.000000000000e+00 0.000000000000e+00 2.640000025987e-02 4.301586435930e-03 0.000000000000e+00 9.999907481343e-01 -7.922832917404e-03
1.8600215197e+01 9.998958274521e-01 0.000000000000e+00 -1.443378827107e-02 3.745116879891e-04 0.000000000000e+00 1.000000000000e+00 0.000000000000e+00 2.120000073820e-02 1.443378827107e-02 0.000000000000e+00 9.998958274521e-01 -3.503067323071e-03
1.8700038910e+01 9.998930972639e-01 0.000000000000e+00 -1.462169771393e-02 1.501444002726e-03 0.000000000000e+00 1.000000000000e+00 0.000000000000e+00 3.230000124904e-02 1.462169771393e-02 0.000000000000e+00 9.998930972639e-01 -2.401022604284e-03
1.8800001383e+01 9.998150126577e-01 0.000000000000e+00 -1.923383644229e-02 1.188280778924e-02 0.000000000000e+00 1.000000000000e+00 0.000000000000e+00 3.299999972554e-02 1.923383644229e-02 0.000000000000e+00 9.998150126577e-01 6.511042481788e-03
1.8949695110e+01 9.999719798487e-01 0.000000000000e+00 -7.485954676711e-03 -2.030707210743e-03 0.000000000000e+00 1.000000000000e+00 0.000000000000e+00 1.630000013656e-02 7.485954676711e-03 0.000000000000e+00 9.999719798487e-01 1.614749692289e-03
1.9000020266e+01 9.998149041350e-01 0.000000000000e+00 -1.923947685283e-02 -5.212550226914e-03 0.000000000000e+00 1.000000000000e+00 0.000000000000e+00 -5.099998755567e-03 1.923947685283e-02 0.000000000000e+00 9.998149041350e-01 8.512519910869e-03
1.9099989653e+01 9.999091001032e-01 0.000000000000e+00 -1.348300896990e-02 8.913043427333e-05 0.000000000000e+00 1.000000000000e+00 0.000000000000e+00 -8.000012768009e-04 1.348300896990e-02 0.000000000000e+00 9.999091001032e-01 8.727488395524e-03
1.9200125217e+01 9.999110228500e-01 0.000000000000e+00 -1.333965453038e-02 -4.708983020142e-03 0.000000000000e+00 1.000000000000e+00 0.000000000000e+00 -1.020000055592e-02 1.333965453038e-02 0.000000000000e+00 9.999110228500e-01 4.790741300711e-03
1.9300176620e+01 9.999283127068e-01 0.000000000000e+00 -1.197369815162e-02 -4.449085833527e-03 0.000000000000e+00 1.000000000000e+00 0.000000000000e+00 -6.699999307842e-03 1.197369815162e-02 0.000000000000e+00 9.999283127068e-01 4.462427819982e-03
1.9399942160e+01 9.999444958637e-01 0.000000000000e+00 -1.053590014204e-02 -1.948633275650e-02 0.000000000000e+00 1.000000000000e+00 0.000000000000e+00 -1.109999959748e-02 1.053590014204e-02 0.000000000000e+00 9.999444958637e-01 5.243695272562e-03
1.9499958515e+01 9.998375094252e-01 0.000000000000e+00 -1.802650122439e-02 -8.389160897204e-03 0.000000000000e+00 1.000000000000e+00 0.000000000000e+00 1.590000012700e-02 1.802650122439e-02 0.000000000000e+00 9.998375094252e-01 5.458080738676e-03
1.9599972010e+01 9.999240605144e-01 0.000000000000e+00 -1.232368469019e-02 -7.933012469276e-03 0.000000000000e+00 1.000000000000e+00 0.000000000000e+00 7.100000142976e-03 1.232368469019e-02 0.000000000000e+00 9.999240605144e-01 5.608447523727e-03
1.9700135946e+01 9.998797301193e-01 0.000000000000e+00 -1.550887799016e-02 -1.085732314029e-02 0.000000000000e+00 1.000000000000e+00 0.000000000000e+00 7.899999972034e-03 1.550887799016e-02 0.000000000000e+00 9.998797301193e-01 6.881311922845e-03
1.9800087929e+01 9.998711908235e-01 0.000000000000e+00 -1.604997698338e-02 1.146912367838e-03 0.000000000000e+00 1.000000000000e+00 0.000000000000e+00 1.590000128119e-02 1.604997698338e-02 0.000000000000e+00 9.998711908235e-01 3.488219003575e-03
1.9899991035e+01 9.996549821928e-01 0.000000000000e+00 -2.626626309599e-02 -1.005007322488e-04 0.000000000000e+00 1.000000000000e+00 0.000000000000e+00 8.199999369236e-03 2.626626309599e-02 0.000000000000e+00 9.996549821928e-01 1.102940922112e-02
2.0000102520e+01 9.998082337064e-01 0.000000000000e+00 -1.958304912080e-02 -5.738853021588e-03 0.000000000000e+00 1.000000000000e+00 0.000000000000e+00 2.060000076265e-02 1.958304912080e-02 0.000000000000e+00 9.998082337064e-01 5.218344187972e-03
2.0100191832e+01 9.999323237676e-01 0.000000000000e+00 -1.163391098011e-02 -1.552573101354e-02 0.000000000000e+00 1.000000000000e+00 0.000000000000e+00 6.300000147132e-03 1.163391098011e-02 0.000000000000e+00 9.999323237676e-01 1.373604017382e-03
2.0199898243e+01 9.998366373173e-01 0.000000000000e+00 -1.807480782668e-02 -1.206980334702e-02 0.000000000000e+00 1.000000000000e+00 0.000000000000e+00 1.950000021589e-02 1.807480782668e-02 0.000000000000e+00 9.998366373173e-01 1.915327107180e-03
2.0299921751e+01 9.999236787105e-01 0.000000000000e+00 -1.235462480481e-02 -4.295187252763e-03 0.000000000000e+00 1.000000000000e+00 0.000000000000e+00 2.759999974788e-02 1.235462480481e-02 0.000000000000e+00 9.999236787105e-01 1.843183511136e-04
2.0399969578e+01 9.999104417800e-01 0.000000000000e+00 -1.338313936949e-02 -2.610387405689e-03 0.000000000000e+00 1.000000000000e+00 0.000000000000e+00 2.750000111433e-02 1.338313936949e-02 0.000000000000e+00 9.999104417800e-01 6.255472881314e-03
2.0499971628e+01 9.998223861980e-01 0.000000000000e+00 -1.884664578731e-02 -1.576418385769e-02 0.000000000000e+00 1.000000000000e+00 0.000000000000e+00 1.360000145384e-02 1.884664578731e-02 0.000000000000e+00 9.998223861980e-01 9.134449950805e-03
2.0599890471e+01 9.998219556534e-01 0.000000000000e+00 -1.886947252449e-02 -4.097105179607e-03 0.000000000000e+00 1.000000000000e+00 0.000000000000e+00 2.350000092434e-02 1.886947252449e-02 0.000000000000e+00 9.998219556534e-01 5.251741472420e-03
2.0700334311e+01 9.999439273383e-01 0.000000000000e+00 -1.058972045289e-02 -9.312412404345e-03 0.000000000000e+00 1.000000000000e+00 0.000000000000e+00 1.009999975147e-02 1.058972045289e-02 0.000000000000e+00 9.999439273383e-01 -5.430915469970e-04
2.0800191879e+01 9.998668031145e-01 0.000000000000e+00 -1.632103028721e-02 5.000830631712e-03 0.000000000000e+00 1.000000000000e+00 0.000000000000e+00 2.380000010935e-02 1.632103028721e-02 0.000000000000e+00 9.998668031145e-01 4.016907982149e-03
2.0899983883e+01 9.997674726940e-01 0.000000000000e+00 -2.156387124347e-02 9.964065367192e-04 0.000000000000e+00 1.000000000000e+00 0.000000000000e+00 4.180000019955e-02 2.156387124347e-02 0.000000000000e+00 9.997674726940e-01 6.436535653664e-03
2.0999962807e+01 9.997722600297e-01 0.000000000000e+00 -2.134076088630e-02 -5.702761781424e-03 0.000000000000e+00 1.000000000000e+00 0.000000000000e+00 6.070000057372e-02 2.134076088630e-02 0.000000000000e+00 9.997722600297e-01 1.022590446459e-02
2.1099975109e+01 9.998048038152e-01 0.000000000000e+00 -1.975738515184e-02 -2.039553805532e-02 0.000000000000e+00 1.000000000000e+00 0.000000000000e+00 2.039999950978e-02 1.975738515184e-02 0.000000000000e+00 9.998048038152e-01 1.064895946838e-02
2.1200725079e+01 9.997390596737e-01 0.000000000000e+00 -2.284321699699e-02 -2.753233876597e-03 0.000000000000e+00 1.000000000000e+00 0.000000000000e+00 2.090000088636e-02 2.284321699699e-02 0.000000000000e+00 9.997390596737e-01 -3.972834799944e-03
2.1301086664e+01 9.997317671251e-01 0.000000000000e+00 -2.316017704893e-02 -1.433802429281e-02 0.000000000000e+00 1.000000000000e+00 0.000000000000e+00 2.099999983309e-02 2.316017704893e-02 0.000000000000e+00 9.997317671251e-01 -2.081039119997e-02
2.1399962664e+01 9.996957176424e-01 0.000000000000e+00 -2.466722780285e-02 -2.491959395964e-02 0.000000000000e+00 1.000000000000e+00 0.000000000000e+00 3.110000113925e-02 2.466722780285e-02 0.000000000000e+00 9.996957176424e-01 -4.398955338167e-02
2.1500715733e+01 9.999577037041e-01 0.000000000000e+00 -9.197325848774e-03 -4.908682961484e-02 0.000000000000e+00 1.000000000000e+00 0.000000000000e+00 2.050000266403e-02 9.197325848774e-03 0.000000000000e+00 9.999577037041e-01 -9.685806111211e-02
2.1601001263e+01 9.998488097192e-01 0.000000000000e+00 -1.738843590195e-02 -6.630744416928e-02 0.000000000000e+00 1.000000000000e+00 0.000000000000e+00 2.880000134060e-02 1.738843590195e-02 0.000000000000e+00 9.998488097192e-01 -1.441571306003e-01
2.1700007200e+01 9.998895172520e-01 0.000000000000e+00 -1.486449762457e-02 -1.052491790411e-01 0.000000000000e+00 1.000000000000e+00 0.000000000000e+00 2.080000359771e-02 1.486449762457e-02 0.000000000000e+00 9.998895172520e-01 -2.075002978935e-01
2.1799975157e+01 9.999693679455e-01 0.000000000000e+00 -7.827079320371e-03 -1.531294435629e-01 0.000000000000e+00 1.000000000000e+00 0.000000000000e+00 4.100009415536e-03 7.827079320371e-03 0.000000000000e+00 9.999693679455e-01 -2.918273445938e-01
2.1899918318e+01 9.998737585918e-01 0.000000000000e+00 -1.588920638160e-02 -2.020560023510e-01 0.000000000000e+00 1.000000000000e+00 0.000000000000e+00 1.260001479174e-02 1.588920638160e-02 0.000000000000e+00 9.998737585918e-01 -3.826459349969e-01
2.1999950647e+01 9.999315990707e-01 0.000000000000e+00 -1.169603265710e-02 -2.663757207115e-01 0.000000000000e+00 1.000000000000e+00 0.000000000000e+00 -1.199997461163e-02 1.169603265710e-02 0.000000000000e+00 9.999315990707e-01 -4.918505165561e-01
2.2099987030e+01 9.999858721211e-01 0.000000000000e+00 -5.315595750691e-03 -3.476640117904e-01 0.000000000000e+00 1.000000000000e+00 0.000000000000e+00 -7.599958626712e-03 5.315595750691e-03 0.000000000000e+00 9.999858721211e-01 -6.283190083627e-01
2.2200106621e+01 9.999315431935e-01 0.000000000000e+00 -1.170080880708e-02 -4.149353178021e-01 0.000000000000e+00 1.000000000000e+00 0.000000000000e+00 4.700060613225e-03 1.170080880708e-02 0.000000000000e+00 9.999315431935e-01 -7.636121940887e-01
2.2300086975e+01 9.999050621168e-01 0.000000000000e+00 -1.377921453158e-02 -4.915294586220e-01 0.000000000000e+00 1.000000000000e+00 0.000000000000e+00 -4.699910674688e-03 1.377921453158e-02 0.000000000000e+00 9.999050621168e-01 -9.315681061875e-01
2.2400019884e+01 9.997679524500e-01 0.000000000000e+00 -2.154161678835e-02 -5.734920602799e-01 0.000000000000e+00 1.000000000000e+00 0.000000000000e+00 -8.299872829031e-03 2.154161678835e-02 0.000000000000e+00 9.997679524500e-01 -1.116386055622e+00
2.2499954462e+01 9.999558980834e-01 0.000000000000e+00 -9.391586029331e-03 -6.723850249792e-01 0.000000000000e+00 1.000000000000e+00 0.000000000000e+00 -2.599823892947e-03 9.391586029331e-03 0.000000000000e+00 9.999558980834e-01 -1.329504565859e+00
2.2600003719e+01 9.998327334715e-01 0.000000000000e+00 1.828948000702e-02 -7.904056751569e-01 0.000000000000e+00 1.000000000000e+00 0.000000000000e+00 2.600239639025e-03 -1.828948000702e-02 0.000000000000e+00 9.998327334715e-01 -1.562296743346e+00
2.2700004101e+01 9.998626265876e-01 0.000000000000e+00 1.657491940613e-02 -8.952875118109e-01 0.000000000000e+00 1.000000000000e+00 0.000000000000e+00 3.470031680697e-02 -1.657491940613e-02 0.000000000000e+00 9.998626265876e-01 -1.800265886711e+00
2.2800009012e+01 9.999896219525e-01 0.000000000000e+00 4.555873928094e-03 -1.017224681781e+00 0.000000000000e+00 1.000000000000e+00 0.000000000000e+00 9.000406668229e-03 -4.555873928094e-03 0.000000000000e+00 9.999896219525e-01 -2.033754191874e+00
2.2920763016e+01 9.997194472702e-01 0.000000000000e+00 2.368600324505e-02 -1.122743041024e+00 0.000000000000e+00 1.000000000000e+00 0.000000000000e+00 2.200518977972e-03 -2.368600324505e-02 0.000000000000e+00 9.997194472702e-01 -2.318650205629e+00
2.2999973297e+01 9.997437910925e-01 0.000000000000e+00 2.263519763484e-02 -1.246110558056e+00 0.000000000000e+00 1.000000000000e+00 0.000000000000e+00 2.800649542665e-03 -2.263519763484e-02 0.000000000000e+00 9.997437910925e-01 -2.597171245048e+00
2.3099981785e+01 9.998058425708e-01 0.000000000000e+00 1.970474971602e-02 -1.365227997409e+00 0.000000000000e+00 1.000000000000e+00 0.000000000000e+00 -1.029919527190e-02 -1.970474971602e-02 0.000000000000e+00 9.998058425708e-01 -2.898549255655e+00
2.3200261354e+01 9.990049444208e-01 0.000000000000e+00 4.459956303394e-02 -1.475886586196e+00 0.000000000000e+00 1.000000000000e+00 0.000000000000e+00 -1.899014946584e-03 -4.459956303394e-02 0.000000000000e+00 9.990049444208e-01 -3.235547406853e+00
2.3299980879e+01 9.982590077446e-01 0.000000000000e+00 5.898265386280e-02 -1.589241354594e+00 0.000000000000e+00 1.000000000000e+00 0.000000000000e+00 -1.019880190576e-02 -5.898265386280e-02 0.000000000000e+00 9.982590077446e-01 -3.588893238893e+00
2.3399939537e+01 9.981339637416e-01 0.000000000000e+00 6.106218490633e-02 -1.715722549533e+00 0.000000000000e+00 1.000000000000e+00 0.000000000000e+00 1.040143136117e-02 -6.106218490633e-02 0.000000000000e+00 9.981339637416e-01 -3.932153270584e+00
2.3499952555e+01 9.970187895984e-01 0.000000000000e+00 7.715914195800e-02 -1.854496924040e+00 0.000000000000e+00 1.000000000000e+00 0.000000000000e+00 -1.419829794912e-02 -7.715914195800e-02 0.000000000000e+00 9.970187895984e-01 -4.300596897430e+00
2.3599972248e+01 9.969988688985e-01 0.000000000000e+00 7.741611857405e-02 -1.971028633247e+00 0.000000000000e+00 1.000000000000e+00 0.000000000000e+00 -3.297998357835e-03 -7.741611857405e-02 0.000000000000e+00 9.969988688985e-01 -4.676767686630e+00
2.3699984312e+01 9.967690210228e-01 0.000000000000e+00 8.032134665957e-02 -2.110727859662e+00 0.000000000000e+00 1.000000000000e+00 0.000000000000e+00 -4.197666596454e-03 -8.032134665957e-02 0.000000000000e+00 9.967690210228e-01 -5.056356327265e+00
2.3800007105e+01 9.966797541167e-01 0.000000000000e+00 8.142154342625e-02 -2.234739210378e+00 0.000000000000e+00 1.000000000000e+00 0.000000000000e+00 1.940271004242e-02 -8.142154342625e-02 0.000000000000e+00 9.966797541167e-01 -5.463249518822e+00
2.3900453091e+01 9.967039621390e-01 0.000000000000e+00 8.112466860613e-02 -2.360573539366e+00 0.000000000000e+00 1.000000000000e+00 0.000000000000e+00 6.940315531702e-02 -8.112466860613e-02 0.000000000000e+00 9.967039621390e-01 -5.912031156065e+00
2.4000214815e+01 9.955910371321e-01 0.000000000000e+00 9.380024937215e-02 -2.497801801330e+00 0.000000000000e+00 1.000000000000e+00 0.000000000000e+00 5.130359943099e-02 -9.380024937215e-02 0.000000000000e+00 9.955910371321e-01 -6.325720136242e+00
2.4099979401e+01 9.928182218282e-01 0.000000000000e+00 1.196326811784e-01 -2.640458660203e+00 0.000000000000e+00 1.000000000000e+00 0.000000000000e+00 5.350410307342e-02 -1.196326811784e-01 0.000000000000e+00 9.928182218282e-01 -6.775197255799e+00
2.4199984074e+01 9.914445304280e-01 0.000000000000e+00 1.305287059785e-01 -2.803908933144e+00 0.000000000000e+00 1.000000000000e+00 0.000000000000e+00 6.250464791143e-02 -1.305287059785e-01 0.000000000000e+00 9.914445304280e-01 -7.215617713673e+00
2.4300045729e+01 9.915316211748e-01 0.000000000000e+00 1.298654850623e-01 -2.974569005646e+00 0.000000000000e+00 1.000000000000e+00 0.000000000000e+00 2.300523343935e-02 -1.298654850623e-01 0.000000000000e+00 9.915316211748e-01 -7.652421300430e+00
2.4400163174e+01 9.933206798238e-01 0.000000000000e+00 1.153864248273e-01 -3.134235520424e+00 0.000000000000e+00 1.000000000000e+00 0.000000000000e+00 1.370587342996e-02 -1.153864248273e-01 0.000000000000e+00 9.933206798238e-01 -8.101595886132e+00
2.4500176430e+01 9.924312516617e-01 0.000000000000e+00 1.228015094583e-01 -3.319664264856e+00 0.000000000000e+00 1.000000000000e+00 0.000000000000e+00 7.206601846453e-03 -1.228015094583e-01 0.000000000000e+00 9.924312516617e-01 -8.590874794614e+00
2.4600352526e+01 9.908125676741e-01 0.000000000000e+00 1.352422113802e-01 -3.520050057192e+00 0.000000000000e+00 1.000000000000e+00 0.000000000000e+00 -3.292662520679e-03 -1.352422113802e-01 0.000000000000e+00 9.908125676741e-01 -9.051271619127e+00
2.4700120926e+01 9.958052661947e-01 0.000000000000e+00 9.149793341342e-02 -3.659830811232e+00 0.000000000000e+00 1.000000000000e+00 0.000000000000e+00 2.620813112974e-02 -9.149793341342e-02 0.000000000000e+00 9.958052661947e-01 -9.519187492372e+00
2.4800120354e+01 9.952324042159e-01 0.000000000000e+00 9.753184914976e-02 -3.830451170773e+00 0.000000000000e+00 1.000000000000e+00 0.000000000000e+00 4.660899977633e-02 -9.753184914976e-02 0.000000000000e+00 9.952324042159e-01 -1.002349998914e+01
2.4900180101e+01 9.960956350371e-01 0.000000000000e+00 8.828072190478e-02 -4.049413259862e+00 0.000000000000e+00 1.000000000000e+00 0.000000000000e+00 7.910993105026e-02 -8.828072190478e-02 0.000000000000e+00 9.960956350371e-01 -1.051233380018e+01
2.5000139713e+01 9.970769981254e-01 0.000000000000e+00 7.640327093321e-02 -4.324818494865e+00 0.000000000000e+00 1.000000000000e+00 0.000000000000e+00 6.881095981977e-02 -7.640327093321e-02 0.000000000000e+00 9.970769981254e-01 -1.100737164716e+01
2.5099971771e+01 9.971656541435e-01 0.000000000000e+00 7.523734575708e-02 -4.513436051283e+00 0.000000000000e+00 1.000000000000e+00 0.000000000000e+00 8.951199745323e-02 -7.523734575708e-02 0.000000000000e+00 9.971656541435e-01 -1.151844794327e+01
2.5199963808e+01 9.971979249065e-01 0.000000000000e+00 7.480841237556e-02 -4.707103093399e+00 0.000000000000e+00 1.000000000000e+00 0.000000000000e+00 2.951306792648e-02 -7.480841237556e-02 0.000000000000e+00 9.971979249065e-01 -1.202075457153e+01
2.5300169945e+01 9.971375291305e-01 0.000000000000e+00 7.560917933384e-02 -4.917671590789e+00 0.000000000000e+00 1.000000000000e+00 0.000000000000e+00 1.141908829004e-04 -7.560917933384e-02 0.000000000000e+00 9.971375291305e-01 -1.252081724675e+01
2.5400290966e+01 9.981383061446e-01 0.000000000000e+00 6.099116171052e-02 -5.135829637216e+00 0.000000000000e+00 1.000000000000e+00 0.000000000000e+00 3.251540868019e-02 -6.099116171052e-02 0.000000000000e+00 9.981383061446e-01 -1.303282865735e+01
2.5500316381e+01 9.977954779192e-01 0.000000000000e+00 6.636402823764e-02 -5.350170879582e+00 0.000000000000e+00 1.000000000000e+00 0.000000000000e+00 1.291659572823e-02 -6.636402823764e-02 0.000000000000e+00 9.977954779192e-01 -1.351920717736e+01
2.5600288868e+01 9.994933934983e-01 0.000000000000e+00 3.182697524494e-02 -5.540304625583e+00 0.000000000000e+00 1.000000000000e+00 0.000000000000e+00 6.517822758958e-03 -3.182697524494e-02 0.000000000000e+00 9.994933934983e-01 -1.399176689537e+01
2.5700320005e+01 9.985883814255e-01 0.000000000000e+00 5.311538837194e-02 -5.760859365839e+00 0.000000000000e+00 1.000000000000e+00 0.000000000000e+00 -1.808092832280e-02 -5.311538837194e-02 0.000000000000e+00 9.985883814255e-01 -1.447284567816e+01
2.5800084591e+01 9.993629812466e-01 0.000000000000e+00 3.568797716226e-02 -5.793785706601e+00 0.000000000000e+00 1.000000000000e+00 0.000000000000e+00 4.120347999157e-03 -3.568797716226e-02 0.000000000000e+00 9.993629812466e-01 -1.500092159475e+01
2.5900051355e+01 9.988614840211e-01 0.000000000000e+00 4.770467208992e-02 -6.000508716846e+00 0.000000000000e+00 1.000000000000e+00 0.000000000000e+00 4.721668794667e-03 -4.770467208992e-02 0.000000000000e+00 9.988614840211e-01 -1.547709919370e+01
2.5999979258e+01 9.991605837027e-01 0.000000000000e+00 4.096496033090e-02 -6.206195066639e+00 0.000000000000e+00 1.000000000000e+00 0.000000000000e+00 -4.976978906321e-03 -4.096496033090e-02 0.000000000000e+00 9.991605837027e-01 -1.593975772847e+01
2.6099952221e+01 9.978871838535e-01 0.000000000000e+00 6.497051870531e-02 -6.402176892333e+00 0.000000000000e+00 1.000000000000e+00 0.000000000000e+00 -3.875609485220e-03 -6.497051870531e-02 0.000000000000e+00 9.978871838535e-01 -1.641377463220e+01
2.6199990511e+01 9.980354266370e-01 0.000000000000e+00 6.265211231402e-02 -6.551777708453e+00 0.000000000000e+00 1.000000000000e+00 0.000000000000e+00 3.122582086916e-02 -6.265211231402e-02 0.000000000000e+00 9.980354266370e-01 -1.689945381860e+01
2.6299997091e+01 9.975978340171e-01 0.000000000000e+00 6.927165050951e-02 -6.719120607269e+00 0.000000000000e+00 1.000000000000e+00 0.000000000000e+00 2.712725986404e-02 -6.927165050951e-02 0.000000000000e+00 9.975978340171e-01 -1.737206282868e+01
2.6400113821e+01 9.979538999800e-01 0.000000000000e+00 6.393757513918e-02 -6.899467965431e+00 0.000000000000e+00 1.000000000000e+00 0.000000000000e+00 -3.371320474797e-03 -6.393757513918e-02 0.000000000000e+00 9.979538999800e-01 -1.781181900972e+01
2.6500009775e+01 9.974908967556e-01 0.000000000000e+00 7.079485072870e-02 -7.070656055183e+00 0.000000000000e+00 1.000000000000e+00 0.000000000000e+00 1.713022580297e-02 -7.079485072870e-02 0.000000000000e+00 9.974908967556e-01 -1.829330359429e+01
2.6599958658e+01 9.977281342927e-01 0.000000000000e+00 6.736891004657e-02 -7.251798703818e+00 0.000000000000e+00 1.000000000000e+00 0.000000000000e+00 1.273192065158e-02 -6.736891004657e-02 0.000000000000e+00 9.977281342927e-01 -1.880177190117e+01
2.6700210810e+01 9.978570049618e-01 0.000000000000e+00 6.543238990466e-02 -7.438852769730e+00 0.000000000000e+00 1.000000000000e+00 0.000000000000e+00 -3.746640314206e-02 -6.543238990466e-02 0.000000000000e+00 9.978570049618e-01 -1.928756551337e+01
2.6800175667e+01 9.979736839571e-01 0.000000000000e+00 6.362802942973e-02 -7.619604433468e+00 0.000000000000e+00 1.000000000000e+00 0.000000000000e+00 -4.036467153435e-02 -6.362802942973e-02 0.000000000000e+00 9.979736839571e-01 -1.978016941468e+01
2.6900150776e+01 9.985305568225e-01 0.000000000000e+00 5.419157768361e-02 -7.813575029405e+00 0.000000000000e+00 1.000000000000e+00 0.000000000000e+00 -6.366291291235e-02 -5.419157768361e-02 0.000000000000e+00 9.985305568225e-01 -2.025782856459e+01
2.6999970675e+01 9.984720749117e-01 0.000000000000e+00 5.525862486076e-02 -8.036218535888e+00 0.000000000000e+00 1.000000000000e+00 0.000000000000e+00 -4.426107156888e-02 -5.525862486076e-02 0.000000000000e+00 9.984720749117e-01 -2.074290639990e+01
2.7099961519e+01 9.996279197785e-01 0.000000000000e+00 2.727676665881e-02 -8.223436795275e+00 0.000000000000e+00 1.000000000000e+00 0.000000000000e+00 -4.655930326461e-02 -2.727676665881e-02 0.000000000000e+00 9.996279197785e-01 -2.119061839280e+01
2.7199985743e+01 9.998252329215e-01 0.000000000000e+00 1.869501573615e-02 -8.458886846730e+00 0.000000000000e+00 1.000000000000e+00 0.000000000000e+00 -2.415748099608e-02 -1.869501573615e-02 0.000000000000e+00 9.998252329215e-01 -2.163422495869e+01
2.7300076008e+01 9.999711320560e-01 0.000000000000e+00 -7.598358678479e-03 -8.678477666009e+00 0.000000000000e+00 1.000000000000e+00 0.000000000000e+00 -3.645567327248e-02 7.598358678479e-03 0.000000000000e+00 9.999711320560e-01 -2.205927615699e+01
2.7400728703e+01 9.997904293193e-01 0.000000000000e+00 -2.047186951672e-02 -8.898546620358e+00 0.000000000000e+00 1.000000000000e+00 0.000000000000e+00 -6.215390182047e-02 2.047186951672e-02 0.000000000000e+00 9.997904293193e-01 -2.246991432448e+01
2.7500699043e+01 9.979053673993e-01 0.000000000000e+00 -6.469063081858e-02 -9.141358068145e+00 0.000000000000e+00 1.000000000000e+00 0.000000000000e+00 -7.215211102954e-02 6.469063081858e-02 0.000000000000e+00 9.979053673993e-01 -2.285126782112e+01
2.7600037575e+01 9.956594405365e-01 0.000000000000e+00 -9.307136224692e-02 -9.412852564374e+00 0.000000000000e+00 1.000000000000e+00 0.000000000000e+00 -7.335028692368e-02 9.307136224692e-02 0.000000000000e+00 9.956594405365e-01 -2.322803776829e+01
2.7699971437e+01 9.903357308271e-01 0.000000000000e+00 -1.386908080847e-01 -9.695390074130e+00 0.000000000000e+00 1.000000000000e+00 0.000000000000e+00 -6.954854256639e-02 1.386908080847e-01 0.000000000000e+00 9.903357308271e-01 -2.356122148253e+01
2.7832261562e+01 9.803302552116e-01 0.000000000000e+00 -1.973641069616e-01 -9.986757438029e+00 0.000000000000e+00 1.000000000000e+00 0.000000000000e+00 -7.404684059013e-02 1.973641069616e-01 0.000000000000e+00 9.803302552116e-01 -2.386417382764e+01
2.7900563002e+01 9.685392405556e-01 0.000000000000e+00 -2.488608838369e-01 -1.029500876054e+01 0.000000000000e+00 1.000000000000e+00 0.000000000000e+00 -1.349451694847e-01 2.488608838369e-01 0.000000000000e+00 9.685392405556e-01 -2.414723121756e+01
2.8000301838e+01 9.553153747343e-01 0.000000000000e+00 -2.955884551134e-01 -1.061729183384e+01 0.000000000000e+00 1.000000000000e+00 0.000000000000e+00 -1.424435387820e-01 2.955884551134e-01 0.000000000000e+00 9.553153747343e-01 -2.440956851653e+01
2.8100160599e+01 9.343802133877e-01 0.000000000000e+00 -3.562774436161e-01 -1.095877062667e+01 0.000000000000e+00 1.000000000000e+00 0.000000000000e+00 -1.519419760914e-01 3.562774436161e-01 0.000000000000e+00 9.343802133877e-01 -2.463156385284e+01
2.8199970722e+01 9.130851395703e-01 0.000000000000e+00 -4.077689638702e-01 -1.130700069859e+01 0.000000000000e+00 1.000000000000e+00 0.000000000000e+00 -1.663404350711e-01 4.077689638702e-01 0.000000000000e+00 9.130851395703e-01 -2.484306488956e+01
2.8300010204e+01 8.802368500305e-01 0.000000000000e+00 -4.745346013184e-01 -1.166370628474e+01 0.000000000000e+00 1.000000000000e+00 0.000000000000e+00 -1.871389507729e-01 4.745346013185e-01 0.000000000000e+00 8.802368500305e-01 -2.502214904926e+01
2.8399954319e+01 8.567409408154e-01 0.000000000000e+00 -5.157469925562e-01 -1.201856488126e+01 0.000000000000e+00 1.000000000000e+00 0.000000000000e+00 -2.163375421354e-01 5.157469925562e-01 0.000000000000e+00 8.567409408154e-01 -2.518974058576e+01
2.8500243902e+01 8.329682006815e-01 0.000000000000e+00 -5.533208622973e-01 -1.238872813625e+01 0.000000000000e+00 1.000000000000e+00 0.000000000000e+00 -2.159361799467e-01 5.533208622973e-01 0.000000000000e+00 8.329682006815e-01 -2.533374974112e+01
2.8599993706e+01 8.016890553880e-01 0.000000000000e+00 -5.977412972776e-01 -1.276496217444e+01 0.000000000000e+00 1.000000000000e+00 0.000000000000e+00 -2.233348315889e-01 5.977412972776e-01 0.000000000000e+00 8.016890553880e-01 -2.546315616716e+01
2.8699991226e+01 7.591050313722e-01 0.000000000000e+00 -6.509681646174e-01 -1.314809763120e+01 0.000000000000e+00 1.000000000000e+00 0.000000000000e+00 -2.343335569877e-01 6.509681646174e-01 0.000000000000e+00 7.591050313722e-01 -2.556090196357e+01
2.8800169468e+01 7.362319601510e-01 0.000000000000e+00 -6.767292670280e-01 -1.355083635860e+01 0.000000000000e+00 1.000000000000e+00 0.000000000000e+00 -2.210322759862e-01 6.767292670280e-01 0.000000000000e+00 7.362319601510e-01 -2.565710270474e+01
2.8900146008e+01 7.361687511177e-01 0.000000000000e+00 -6.767980273891e-01 -1.355085825807e+01 0.000000000000e+00 1.000000000000e+00 0.000000000000e+00 -2.210322759862e-01 6.767980273891e-01 0.000000000000e+00 7.361687511177e-01 -2.565706232096e+01
2.9000204086e+01 6.371445982672e-01 0.000000000000e+00 -7.707442902149e-01 -1.438884423024e+01 0.000000000000e+00 1.000000000000e+00 0.000000000000e+00 -2.154300223706e-01 7.707442902149e-01 0.000000000000e+00 6.371445982672e-01 -2.572202773205e+01
2.9099972010e+01 5.946103464593e-01 0.000000000000e+00 -8.040140147308e-01 -1.481879950886e+01 0.000000000000e+00 1.000000000000e+00 0.000000000000e+00 -2.261289495988e-01 8.040140147308e-01 0.000000000000e+00 5.946103464593e-01 -2.573251022584e+01
2.9199990273e+01 5.468736679279e-01 0.000000000000e+00 -8.372151404072e-01 -1.526351962791e+01 0.000000000000e+00 1.000000000000e+00 0.000000000000e+00 -2.296279049785e-01 8.372151404072e-01 0.000000000000e+00 5.468736679279e-01 -2.572156925577e+01
2.9299988747e+01 4.940371520032e-01 0.000000000000e+00 -8.694407929472e-01 -1.571316343394e+01 0.000000000000e+00 1.000000000000e+00 0.000000000000e+00 -2.375269336272e-01 8.694407929472e-01 0.000000000000e+00 4.940371520032e-01 -2.568471938030e+01
2.9399953365e+01 4.247823627258e-01 0.000000000000e+00 -9.052955011029e-01 -1.617955106112e+01 0.000000000000e+00 1.000000000000e+00 0.000000000000e+00 -2.419260213304e-01 9.052955011029e-01 0.000000000000e+00 4.247823627258e-01 -2.561687361934e+01
2.9499968529e+01 3.755655922737e-01 0.000000000000e+00 -9.267958167256e-01 -1.664072553573e+01 0.000000000000e+00 1.000000000000e+00 0.000000000000e+00 -2.491251891423e-01 9.267958167256e-01 0.000000000000e+00 3.755655922737e-01 -2.553011904275e+01
2.9600007057e+01 3.032421634316e-01 0.000000000000e+00 -9.529135271982e-01 -1.709460313771e+01 0.000000000000e+00 1.000000000000e+00 0.000000000000e+00 -2.771245034013e-01 9.529135271982e-01 0.000000000000e+00 3.032421634316e-01 -2.540693711879e+01
2.9699987888e+01 2.578507022410e-01 0.000000000000e+00 -9.661847728845e-01 -1.754980764302e+01 0.000000000000e+00 1.000000000000e+00 0.000000000000e+00 -2.878238542024e-01 9.661847728845e-01 0.000000000000e+00 2.578507022410e-01 -2.526763122907e+01
2.9800058126e+01 1.615762047631e-01 0.000000000000e+00 -9.868602383592e-01 -1.801662055287e+01 0.000000000000e+00 1.000000000000e+00 0.000000000000e+00 -3.061233431450e-01 9.868602383592e-01 0.000000000000e+00 1.615762047631e-01 -2.508537113670e+01
2.9899962664e+01 1.008468706576e-01 0.000000000000e+00 -9.949019593299e-01 -1.846262427753e+01 0.000000000000e+00 1.000000000000e+00 0.000000000000e+00 -3.271229220589e-01 9.949019593299e-01 0.000000000000e+00 1.008468706576e-01 -2.488651306624e+01
3.0000006676e+01 2.292584805557e-02 0.000000000000e+00 -9.997371682052e-01 -1.891332794541e+01 0.000000000000e+00 1.000000000000e+00 0.000000000000e+00 -3.363226278367e-01 9.997371682052e-01 0.000000000000e+00 2.292584805557e-02 -2.464977157538e+01
3.0099990606e+01 -6.040782315549e-02 0.000000000000e+00 -9.981737799109e-01 -1.935270959880e+01 0.000000000000e+00 1.000000000000e+00 0.000000000000e+00 -3.512224744745e-01 9.981737799109e-01 0.000000000000e+00 -6.040782315549e-02 -2.438236491042e+01
3.0200598717e+01 -1.269690712054e-01 0.000000000000e+00 -9.919066765363e-01 -1.976219162501e+01 0.000000000000e+00 1.000000000000e+00 0.000000000000e+00 -3.683223774891e-01 9.919066765363e-01 0.000000000000e+00 -1.269690712054e-01 -2.411290134916e+01
3.0300074816e+01 -2.053401700660e-01 0.000000000000e+00 -9.786906633647e-01 -2.015129428819e+01 0.000000000000e+00 1.000000000000e+00 0.000000000000e+00 -3.714224613398e-01 9.786906633647e-01 0.000000000000e+00 -2.053401700660e-01 -2.381142353257e+01
3.0401232004e+01 -2.592016695282e-01 0.000000000000e+00 -9.658232211506e-01 -2.050053023052e+01 0.000000000000e+00 1.000000000000e+00 0.000000000000e+00 -3.711226233670e-01 9.658232211506e-01 0.000000000000e+00 -2.592016695282e-01 -2.350669076119e+01
3.0500100851e+01 -2.990968779704e-01 0.000000000000e+00 -9.542227505087e-01 -2.083819641365e+01 0.000000000000e+00 1.000000000000e+00 0.000000000000e+00 -3.751228684948e-01 9.542227505087e-01 0.000000000000e+00 -2.990968779704e-01 -2.317698536736e+01
3.0599991083e+01 -3.368974539375e-01 0.000000000000e+00 -9.415413456298e-01 -2.115425261493e+01 0.000000000000e+00 1.000000000000e+00 0.000000000000e+00 -3.825231352470e-01 9.415413456298e-01 0.000000000000e+00 -3.368974539375e-01 -2.285103204582e+01
3.0700035095e+01 -3.775813774783e-01 0.000000000000e+00 -9.259764054130e-01 -2.144787853327e+01 0.000000000000e+00 1.000000000000e+00 0.000000000000e+00 -3.924235244484e-01 9.259764054130e-01 0.000000000000e+00 -3.775813774783e-01 -2.250628096768e+01
3.0800039291e+01 -4.156858896718e-01 0.000000000000e+00 -9.095082413743e-01 -2.171293851168e+01 0.000000000000e+00 1.000000000000e+00 0.000000000000e+00 -3.952240077582e-01 9.095082413743e-01 0.000000000000e+00 -4.156858896718e-01 -2.215274783016e+01
3.0899958611e+01 -4.650201230096e-01 0.000000000000e+00 -8.853001102429e-01 -2.196425698270e+01 0.000000000000e+00 1.000000000000e+00 0.000000000000e+00 -3.612245249737e-01 8.853001102429e-01 0.000000000000e+00 -4.650201230096e-01 -2.180304624620e+01
3.0999953747e+01 -5.011965257991e-01 0.000000000000e+00 -8.653334863086e-01 -2.220872179566e+01 0.000000000000e+00 1.000000000000e+00 0.000000000000e+00 -3.613250386498e-01 8.653334863086e-01 0.000000000000e+00 -5.011965257991e-01 -2.144573855788e+01
3.1100503922e+01 -5.265410974193e-01 0.000000000000e+00 -8.501496766620e-01 -2.242625635958e+01 0.000000000000e+00 1.000000000000e+00 0.000000000000e+00 -3.694256188154e-01 8.501496766620e-01 0.000000000000e+00 -5.265410974193e-01 -2.108121581100e+01
3.1200209141e+01 -5.636221557381e-01 0.000000000000e+00 -8.260327266889e-01 -2.262768544886e+01 0.000000000000e+00 1.000000000000e+00 0.000000000000e+00 -3.830262784911e-01 8.260327266889e-01 0.000000000000e+00 -5.636221557381e-01 -2.071014467013e+01
3.1300457954e+01 -6.009575307935e-01 0.000000000000e+00 -7.992809557237e-01 -2.282310063189e+01 0.000000000000e+00 1.000000000000e+00 0.000000000000e+00 -3.895269936851e-01 7.992809557237e-01 0.000000000000e+00 -6.009575307935e-01 -2.032232963359e+01
3.1400679827e+01 -6.178562473130e-01 0.000000000000e+00 -7.862910769278e-01 -2.299772402323e+01 0.000000000000e+00 1.000000000000e+00 0.000000000000e+00 -3.888277575800e-01 7.862910769278e-01 0.000000000000e+00 -6.178562473130e-01 -1.991636782815e+01
3.1500440121e+01 -6.468456031749e-01 0.000000000000e+00 -7.626209842728e-01 -2.317689299145e+01 0.000000000000e+00 1.000000000000e+00 0.000000000000e+00 -3.970285385923e-01 7.626209842728e-01 0.000000000000e+00 -6.468456031749e-01 -1.950184873133e+01
3.1600166559e+01 -6.797723309232e-01 0.000000000000e+00 -7.334231916917e-01 -2.333869305467e+01 0.000000000000e+00 1.000000000000e+00 0.000000000000e+00 -3.882294172840e-01 7.334231916917e-01 0.000000000000e+00 -6.797723309232e-01 -1.907023720157e+01
3.1700514078e+01 -7.047281547213e-01 0.000000000000e+00 -7.094774330049e-01 -2.349495542617e+01 0.000000000000e+00 1.000000000000e+00 0.000000000000e+00 -3.909302952569e-01 7.094774330049e-01 0.000000000000e+00 -7.047281547213e-01 -1.862753597609e+01
3.1800079584e+01 -7.312836833451e-01 0.000000000000e+00 -6.820734377420e-01 -2.363067048580e+01 0.000000000000e+00 1.000000000000e+00 0.000000000000e+00 -3.879312424042e-01 6.820734377420e-01 0.000000000000e+00 -7.312836833451e-01 -1.817746779270e+01
3.1900336027e+01 -7.587853280057e-01 0.000000000000e+00 -6.513407909867e-01 -2.375983336797e+01 0.000000000000e+00 1.000000000000e+00 0.000000000000e+00 -3.890322424573e-01 6.513407909867e-01 0.000000000000e+00 -7.587853280057e-01 -1.770748959980e+01
3.2000424147e+01 -7.772336521426e-01 0.000000000000e+00 -6.292120866425e-01 -2.387888837255e+01 0.000000000000e+00 1.000000000000e+00 0.000000000000e+00 -3.882332459805e-01 6.292120866425e-01 0.000000000000e+00 -7.772336521426e-01 -1.722506298696e+01
3.2100678444e+01 -8.024174826350e-01 0.000000000000e+00 -5.967630883037e-01 -2.396886919539e+01 0.000000000000e+00 1.000000000000e+00 0.000000000000e+00 -3.867343851994e-01 5.967630883037e-01 0.000000000000e+00 -8.024174826350e-01 -1.672819306355e+01
3.2200336695e+01 -8.143332421098e-01 0.000000000000e+00 -5.803975971651e-01 -2.403648059861e+01 0.000000000000e+00 1.000000000000e+00 0.000000000000e+00 -3.835354992304e-01 5.803975971651e-01 0.000000000000e+00 -8.143332421098e-01 -1.623769108558e+01
3.2300148964e+01 -8.339420374635e-01 0.000000000000e+00 -5.518520437139e-01 -2.408558546440e+01 0.000000000000e+00 1.000000000000e+00 0.000000000000e+00 -3.827366336386e-01 5.518520437139e-01 0.000000000000e+00 -8.339420374635e-01 -1.576241995488e+01
3.2400083065e+01 -8.527774318228e-01 0.000000000000e+00 -5.222744984907e-01 -2.412811967441e+01 0.000000000000e+00 1.000000000000e+00 0.000000000000e+00 -3.753377386630e-01 5.222744984907e-01 0.000000000000e+00 -8.527774318228e-01 -1.529481869714e+01
3.2500277996e+01 -8.627586004264e-01 0.000000000000e+00 -5.056160572908e-01 -2.414520033512e+01 0.000000000000e+00 1.000000000000e+00 0.000000000000e+00 -3.882388887457e-01 5.056160572908e-01 0.000000000000e+00 -8.627586004264e-01 -1.481667302721e+01
3.2600026369e+01 -8.810046366673e-01 0.000000000000e+00 -4.731076306410e-01 -2.414897458204e+01 0.000000000000e+00 1.000000000000e+00 0.000000000000e+00 -4.037400329140e-01 4.731076306410e-01 0.000000000000e+00 -8.810046366673e-01 -1.436248787582e+01
3.2699993849e+01 -9.050393896397e-01 0.000000000000e+00 -4.253277597342e-01 -2.413805850969e+01 0.000000000000e+00 1.000000000000e+00 0.000000000000e+00 -3.961411831110e-01 4.253277597342e-01 0.000000000000e+00 -9.050393896397e-01 -1.392759056163e+01
3.2799997091e+01 -9.129459485484e-01 0.000000000000e+00 -4.080805006723e-01 -2.410800324625e+01 0.000000000000e+00 1.000000000000e+00 0.000000000000e+00 -3.899423417504e-01 4.080805006723e-01 0.000000000000e+00 -9.129459485484e-01 -1.347461428966e+01
3.2899987459e+01 -9.336159611050e-01 0.000000000000e+00 -3.582753650057e-01 -2.406453550589e+01 0.000000000000e+00 1.000000000000e+00 0.000000000000e+00 -4.012435306142e-01 3.582753650057e-01 0.000000000000e+00 -9.336159611050e-01 -1.304583049169e+01
3.3000097275e+01 -9.468749942062e-01 0.000000000000e+00 -3.216018428848e-01 -2.399666223413e+01 0.000000000000e+00 1.000000000000e+00 0.000000000000e+00 -3.936447305277e-01 3.216018428848e-01 0.000000000000e+00 -9.468749942062e-01 -1.262506314372e+01
3.3100677252e+01 -9.559441493880e-01 0.000000000000e+00 -2.935486045799e-01 -2.390600026385e+01 0.000000000000e+00 1.000000000000e+00 0.000000000000e+00 -4.114459463978e-01 2.935486045799e-01 0.000000000000e+00 -9.559441493880e-01 -1.221226704047e+01
3.3200047731e+01 -9.689260835483e-01 0.000000000000e+00 -2.473504489986e-01 -2.381269560633e+01 0.000000000000e+00 1.000000000000e+00 0.000000000000e+00 -4.111471612922e-01 2.473504489986e-01 0.000000000000e+00 -9.689260835483e-01 -1.180518095485e+01
3.3300693274e+01 -9.748958809177e-01 0.000000000000e+00 -2.226612255643e-01 -2.368865019109e+01 0.000000000000e+00 1.000000000000e+00 0.000000000000e+00 -3.968484306814e-01 2.226612255643e-01 0.000000000000e+00 -9.748958809177e-01 -1.138992430304e+01
3.3400026321e+01 -9.820658573355e-01 0.000000000000e+00 -1.885381973392e-01 -2.354942393056e+01 0.000000000000e+00 1.000000000000e+00 0.000000000000e+00 -4.128496950565e-01 1.885381973392e-01 0.000000000000e+00 -9.820658573355e-01 -1.099869515493e+01
3.3500385046e+01 -9.874896757562e-01 0.000000000000e+00 -1.576836715546e-01 -2.339895119337e+01 0.000000000000e+00 1.000000000000e+00 0.000000000000e+00 -4.187509490430e-01 1.576836715546e-01 0.000000000000e+00 -9.874896757562e-01 -1.061550411948e+01
3.3600397110e+01 -9.934724161565e-01 0.000000000000e+00 -1.140726011630e-01 -2.323779236106e+01 0.000000000000e+00 1.000000000000e+00 0.000000000000e+00 -3.927521996806e-01 1.140726011630e-01 0.000000000000e+00 -9.934724161565e-01 -1.024989585789e+01
3.3700117588e+01 -9.974399695539e-01 0.000000000000e+00 -7.150879062318e-02 -2.306614465342e+01 0.000000000000e+00 1.000000000000e+00 0.000000000000e+00 -3.962534468330e-01 7.150879062318e-02 0.000000000000e+00 -9.974399695539e-01 -9.886916844877e+00
3.3800090790e+01 -9.995306298836e-01 0.000000000000e+00 -3.063527255300e-02 -2.289707620242e+01 0.000000000000e+00 1.000000000000e+00 0.000000000000e+00 -3.840546329052e-01 3.063527255300e-02 0.000000000000e+00 -9.995306298836e-01 -9.538385604058e+00
3.3900244474e+01 -9.995339845803e-01 0.000000000000e+00 -3.052562315490e-02 -2.289709096054e+01 0.000000000000e+00 1.000000000000e+00 0.000000000000e+00 -3.840546329052e-01 3.052562315490e-02 0.000000000000e+00 -9.995339845803e-01 -9.538437504257e+00
3.3999975443e+01 -9.993691021966e-01 0.000000000000e+00 3.551615934662e-02 -2.247709065071e+01 0.000000000000e+00 1.000000000000e+00 0.000000000000e+00 -3.825571193792e-01 -3.551615934662e-02 0.000000000000e+00 -9.993691021966e-01 -8.882019250552e+00
3.4099993944e+01 -9.980919815408e-01 0.000000000000e+00 6.174460611265e-02 -2.226292181115e+01 0.000000000000e+00 1.000000000000e+00 0.000000000000e+00 -3.877583291526e-01 -6.174460611265e-02 0.000000000000e+00 -9.980919815408e-01 -8.553625634576e+00
3.4200340748e+01 -9.951089825310e-01 0.000000000000e+00 9.878316094450e-02 -2.203621284706e+01 0.000000000000e+00 1.000000000000e+00 0.000000000000e+00 -3.653595444138e-01 -9.878316094450e-02 0.000000000000e+00 -9.951089825310e-01 -8.240382169263e+00
3.4300145388e+01 -9.904314724108e-01 0.000000000000e+00 1.380054290894e-01 -2.176965318276e+01 0.000000000000e+00 1.000000000000e+00 0.000000000000e+00 -3.700608162837e-01 -1.380054290894e-01 0.000000000000e+00 -9.904314724108e-01 -7.962842142523e+00
3.4400762081e+01 -9.831267448064e-01 0.000000000000e+00 1.829256779307e-01 -2.150657169602e+01 0.000000000000e+00 1.000000000000e+00 0.000000000000e+00 -3.546620342438e-01 -1.829256779307e-01 0.000000000000e+00 -9.831267448064e-01 -7.702125812561e+00
3.4499955654e+01 -9.736860105577e-01 0.000000000000e+00 2.278937314719e-01 -2.125191041775e+01 0.000000000000e+00 1.000000000000e+00 0.000000000000e+00 -3.467631940721e-01 -2.278937314719e-01 0.000000000000e+00 -9.736860105577e-01 -7.445355184111e+00
3.4599976301e+01 -9.652540652197e-01 0.000000000000e+00 2.613132020713e-01 -2.097286811651e+01 0.000000000000e+00 1.000000000000e+00 0.000000000000e+00 -3.440644014534e-01 -2.613132020713e-01 0.000000000000e+00 -9.652540652197e-01 -7.185583212059e+00
3.4700049400e+01 -9.542817165650e-01 0.000000000000e+00 2.989086907901e-01 -2.066788928041e+01 0.000000000000e+00 1.000000000000e+00 0.000000000000e+00 -3.569656332335e-01 -2.989086907901e-01 0.000000000000e+00 -9.542817165650e-01 -6.952942521004e+00
3.4799996614e+01 -9.347183241689e-01 0.000000000000e+00 3.553894405618e-01 -2.033850373695e+01 0.000000000000e+00 1.000000000000e+00 0.000000000000e+00 -3.252669173750e-01 -3.553894405618e-01 0.000000000000e+00 -9.347183241689e-01 -6.723714740957e+00
3.4899998903e+01 -9.205977664982e-01 0.000000000000e+00 3.905121666715e-01 -1.999429679243e+01 0.000000000000e+00 1.000000000000e+00 0.000000000000e+00 -3.142681932295e-01 -3.905121666715e-01 0.000000000000e+00 -9.205977664982e-01 -6.508947065515e+00
3.5000013113e+01 -9.000848541042e-01 0.000000000000e+00 4.357146490677e-01 -1.962465625932e+01 0.000000000000e+00 1.000000000000e+00 0.000000000000e+00 -3.097695014856e-01 -4.357146490677e-01 0.000000000000e+00 -9.000848541042e-01 -6.308957259599e+00
3.5100088358e+01 -8.812762130633e-01 0.000000000000e+00 4.726015618772e-01 -1.923759801976e+01 0.000000000000e+00 1.000000000000e+00 0.000000000000e+00 -2.941708349301e-01 -4.726015618772e-01 0.000000000000e+00 -8.812762130633e-01 -6.101037479118e+00
3.5200069189e+01 -8.615883534454e-01 0.000000000000e+00 5.076076331254e-01 -1.884216009496e+01 0.000000000000e+00 1.000000000000e+00 0.000000000000e+00 -2.934721596821e-01 -5.076076331254e-01 0.000000000000e+00 -8.615883534454e-01 -5.890545624660e+00
3.5300080299e+01 -8.480380856406e-01 0.000000000000e+00 5.299352840706e-01 -1.843417748776e+01 0.000000000000e+00 1.000000000000e+00 0.000000000000e+00 -2.976734950602e-01 -5.299352840706e-01 0.000000000000e+00 -8.480380856406e-01 -5.668246220926e+00
3.5399967909e+01 -8.285391570907e-01 0.000000000000e+00 5.599311253783e-01 -1.801494521960e+01 0.000000000000e+00 1.000000000000e+00 0.000000000000e+00 -2.684748220330e-01 -5.599311253783e-01 0.000000000000e+00 -8.285391570907e-01 -5.449641796391e+00
3.5500093937e+01 -8.272434366225e-01 0.000000000000e+00 5.618436584717e-01 -1.757735358037e+01 0.000000000000e+00 1.000000000000e+00 0.000000000000e+00 -2.546761766845e-01 -5.618436584717e-01 0.000000000000e+00 -8.272434366225e-01 -5.213102003795e+00
3.5599970579e+01 -8.165153448381e-01 0.000000000000e+00 5.773237320983e-01 -1.712365588214e+01 0.000000000000e+00 1.000000000000e+00 0.000000000000e+00 -2.616775244080e-01 -5.773237320983e-01 0.000000000000e+00 -8.165153448381e-01 -4.987366913565e+00
3.5699973822e+01 -8.215308597976e-01 0.000000000000e+00 5.701640521817e-01 -1.666060475250e+01 0.000000000000e+00 1.000000000000e+00 0.000000000000e+00 -2.643788917164e-01 -5.701640521817e-01 0.000000000000e+00 -8.215308597976e-01 -4.712656864042e+00
3.5799973249e+01 -8.080338347320e-01 0.000000000000e+00 5.891360809934e-01 -1.616939124982e+01 0.000000000000e+00 1.000000000000e+00 0.000000000000e+00 -2.584802530703e-01 -5.891360809934e-01 0.000000000000e+00 -8.080338347320e-01 -4.476458663595e+00
3.5899986982e+01 -8.223001485678e-01 0.000000000000e+00 5.690540094450e-01 -1.570313393825e+01 0.000000000000e+00 1.000000000000e+00 0.000000000000e+00 -2.508815363909e-01 -5.690540094450e-01 0.000000000000e+00 -8.223001485678e-01 -4.203468918642e+00
3.6000045300e+01 -8.070388482046e-01 0.000000000000e+00 5.904983467281e-01 -1.524894328616e+01 0.000000000000e+00 1.000000000000e+00 0.000000000000e+00 -2.608827195231e-01 -5.904983467281e-01 0.000000000000e+00 -8.070388482046e-01 -3.969686256348e+00
3.6099972963e+01 -8.061100633261e-01 0.000000000000e+00 5.917656341867e-01 -1.478808993662e+01 0.000000000000e+00 1.000000000000e+00 0.000000000000e+00 -2.282838884893e-01 -5.917656341867e-01 0.000000000000e+00 -8.061100633261e-01 -3.715377394994e+00
3.6200003147e+01 -8.033839425131e-01 0.000000000000e+00 5.954613681106e-01 -1.432908012238e+01 0.000000000000e+00 1.000000000000e+00 0.000000000000e+00 -2.242850052839e-01 -5.954613681106e-01 0.000000000000e+00 -8.033839425131e-01 -3.472043060012e+00
3.6300122023e+01 -7.945909888403e-01 0.000000000000e+00 6.071450901175e-01 -1.385816690973e+01 0.000000000000e+00 1.000000000000e+00 0.000000000000e+00 -1.955860811208e-01 -6.071450901175e-01 0.000000000000e+00 -7.945909888403e-01 -3.268394138267e+00
3.6400005102e+01 -7.850056817955e-01 0.000000000000e+00 6.194885628878e-01 -1.339391585604e+01 0.000000000000e+00 1.000000000000e+00 0.000000000000e+00 -1.992870943746e-01 -6.194885628878e-01 0.000000000000e+00 -7.850056817955e-01 -3.084813893117e+00
3.6500077248e+01 -7.698209161738e-01 0.000000000000e+00 6.382599447101e-01 -1.293848366474e+01 0.000000000000e+00 1.000000000000e+00 0.000000000000e+00 -1.828880446832e-01 -6.382599447101e-01 0.000000000000e+00 -7.698209161738e-01 -2.906998868117e+00
3.6600035667e+01 -7.523438991331e-01 0.000000000000e+00 6.587705650963e-01 -1.248997385132e+01 0.000000000000e+00 1.000000000000e+00 0.000000000000e+00 -1.639889452914e-01 -6.587705650963e-01 0.000000000000e+00 -7.523438991331e-01 -2.733505202757e+00
3.6699983835e+01 -7.427664669678e-01 0.000000000000e+00 6.695505772891e-01 -1.204085288637e+01 0.000000000000e+00 1.000000000000e+00 0.000000000000e+00 -1.462898113197e-01 -6.695505772891e-01 0.000000000000e+00 -7.427664669678e-01 -2.559651828720e+00
3.6800405979e+01 -7.412504431743e-01 0.000000000000e+00 6.712285605469e-01 -1.159420350936e+01 0.000000000000e+00 1.000000000000e+00 0.000000000000e+00 -1.354906420486e-01 -6.712285605469e-01 0.000000000000e+00 -7.412504431743e-01 -2.379649905636e+00
3.6900058985e+01 -7.422458668371e-01 0.000000000000e+00 6.701276543788e-01 -1.114392667265e+01 0.000000000000e+00 1.000000000000e+00 0.000000000000e+00 -1.298914429553e-01 -6.701276543788e-01 0.000000000000e+00 -7.422458668371e-01 -2.199928511971e+00
3.7000231266e+01 -7.555397947723e-01 0.000000000000e+00 6.551027541656e-01 -1.069356171299e+01 0.000000000000e+00 1.000000000000e+00 0.000000000000e+00 -1.156922132659e-01 -6.551027541656e-01 0.000000000000e+00 -7.555397947723e-01 -2.010480721546e+00
3.7100081682e+01 -7.627302092867e-01 0.000000000000e+00 6.467168065247e-01 -1.027167968361e+01 0.000000000000e+00 1.000000000000e+00 0.000000000000e+00 -1.050929062113e-01 -6.467168065247e-01 0.000000000000e+00 -7.627302092867e-01 -1.813142668288e+00
3.7200324774e+01 -7.798178156782e-01 0.000000000000e+00 6.260065290001e-01 -9.848251137332e+00 0.000000000000e+00 1.000000000000e+00 0.000000000000e+00 -1.016935793732e-01 -6.260065290001e-01 0.000000000000e+00 -7.798178156782e-01 -1.570410342638e+00
3.7299954891e+01 -7.911739068626e-01 0.000000000000e+00 6.115912434786e-01 -9.453543282333e+00 0.000000000000e+00 1.000000000000e+00 0.000000000000e+00 -9.759417806434e-02 -6.115912434786e-01 0.000000000000e+00 -7.911739068626e-01 -1.315357622572e+00
3.7399913073e+01 -8.106363007844e-01 0.000000000000e+00 5.855499874910e-01 -9.060904372334e+00 0.000000000000e+00 1.000000000000e+00 0.000000000000e+00 -9.609474363437e-02 -5.855499874910e-01 0.000000000000e+00 -8.106363007844e-01 -1.047656399944e+00
3.7499945164e+01 -8.268821789549e-01 0.000000000000e+00 5.623751969342e-01 -8.668519373379e+00 0.000000000000e+00 1.000000000000e+00 0.000000000000e+00 -8.979527502624e-02 -5.623751969342e-01 0.000000000000e+00 -8.268821789549e-01 -7.703310518137e-01
3.7600045443e+01 -8.525502926816e-01 0.000000000000e+00 5.226451936530e-01 -8.304130772428e+00 0.000000000000e+00 1.000000000000e+00 0.000000000000e+00 -7.879574068860e-02 -5.226451936530e-01 0.000000000000e+00 -8.525502926816e-01 -4.614841583266e-01
3.7700049162e+01 -8.711697782978e-01 0.000000000000e+00 4.909818910923e-01 -7.952332468261e+00 0.000000000000e+00 1.000000000000e+00 0.000000000000e+00 -9.549615459722e-02 -4.909818910923e-01 0.000000000000e+00 -8.711697782978e-01 -1.318489325137e-01
3.7800117970e+01 -8.937634041627e-01 0.000000000000e+00 4.485387133565e-01 -7.617111992030e+00 0.000000000000e+00 1.000000000000e+00 0.000000000000e+00 -7.979652001700e-02 -4.485387133565e-01 0.000000000000e+00 -8.937634041627e-01 2.185983511398e-01
3.7899948359e+01 -9.134227295550e-01 0.000000000000e+00 4.070121830269e-01 -7.292353970354e+00 0.000000000000e+00 1.000000000000e+00 0.000000000000e+00 -4.089683669452e-02 -4.070121830269e-01 0.000000000000e+00 -9.134227295550e-01 5.721910895437e-01
3.8000079155e+01 -9.279109684645e-01 0.000000000000e+00 3.728018704396e-01 -6.989372397890e+00 0.000000000000e+00 1.000000000000e+00 0.000000000000e+00 -3.769709314432e-02 -3.728018704396e-01 0.000000000000e+00 -9.279109684645e-01 9.452033397733e-01
3.8099985838e+01 -9.510030671486e-01 0.000000000000e+00 3.091814455526e-01 -6.711499887213e+00 0.000000000000e+00 1.000000000000e+00 0.000000000000e+00 -2.839729339174e-02 -3.091814455526e-01 0.000000000000e+00 -9.510030671486e-01 1.330188083923e+00
3.8200358868e+01 -9.652769448518e-01 0.000000000000e+00 2.612286732682e-01 -6.432353354630e+00 0.000000000000e+00 1.000000000000e+00 0.000000000000e+00 -3.239745575991e-02 -2.612286732683e-01 0.000000000000e+00 -9.652769448518e-01 1.726128547116e+00
3.8300137520e+01 -9.785122277912e-01 0.000000000000e+00 2.061887971331e-01 -6.181873001082e+00 0.000000000000e+00 1.000000000000e+00 0.000000000000e+00 -2.039755521434e-02 -2.061887971331e-01 0.000000000000e+00 -9.785122277912e-01 2.137443582558e+00
3.8399979830e+01 -9.869927126862e-01 0.000000000000e+00 1.607649996244e-01 -5.965279964549e+00 0.000000000000e+00 1.000000000000e+00 0.000000000000e+00 3.802409579425e-03 -1.607649996244e-01 0.000000000000e+00 -9.869927126862e-01 2.559688895819e+00
3.8499974251e+01 -9.931315397183e-01 0.000000000000e+00 1.170031829344e-01 -5.769446447883e+00 0.000000000000e+00 1.000000000000e+00 0.000000000000e+00 -9.897577251489e-03 -1.170031829344e-01 0.000000000000e+00 -9.931315397183e-01 2.976837160327e+00
3.8599948168e+01 -9.975009141984e-01 0.000000000000e+00 7.065356447759e-02 -5.597551525816e+00 0.000000000000e+00 1.000000000000e+00 0.000000000000e+00 3.602491862844e-03 -7.065356447759e-02 0.000000000000e+00 -9.975009141984e-01 3.408173143454e+00
3.8700229406e+01 -9.999935564730e-01 0.000000000000e+00 3.589848537147e-03 -5.451112104021e+00 0.000000000000e+00 1.000000000000e+00 0.000000000000e+00 -8.397381808506e-03 -3.589848537147e-03 0.000000000000e+00 -9.999935564730e-01 3.862458770865e+00
3.8800009251e+01 -9.985224819535e-01 0.000000000000e+00 -5.434016041038e-02 -5.313120435053e+00 0.000000000000e+00 1.000000000000e+00 0.000000000000e+00 -1.119722344242e-02 5.434016041038e-02 0.000000000000e+00 -9.985224819535e-01 4.302882589556e+00
3.8900303125e+01 -9.959348029923e-01 0.000000000000e+00 -9.007701254302e-02 -5.225634826190e+00 0.000000000000e+00 1.000000000000e+00 0.000000000000e+00 -1.729699764890e-02 9.007701254302e-02 0.000000000000e+00 -9.959348029923e-01 4.740661797686e+00
3.9000001192e+01 -9.878557606748e-01 0.000000000000e+00 -1.553737304105e-01 -5.139731173593e+00 0.000000000000e+00 1.000000000000e+00 0.000000000000e+00 -5.296732141336e-03 1.553737304105e-01 0.000000000000e+00 -9.878557606748e-01 5.199638221105e+00
3.9100137234e+01 -9.779700495435e-01 0.000000000000e+00 -2.087452567029e-01 -5.074420482967e+00 0.000000000000e+00 1.000000000000e+00 0.000000000000e+00 -6.796426901576e-03 2.087452567029e-01 0.000000000000e+00 -9.779700495435e-01 5.645222805037e+00
3.9200443983e+01 -9.662339465884e-01 0.000000000000e+00 -2.576663743296e-01 -5.048774193352e+00 0.000000000000e+00 1.000000000000e+00 0.000000000000e+00 -4.960698232678e-04 2.576663743296e-01 0.000000000000e+00 -9.662339465884e-01 6.088502631585e+00
3.9301743507e+01 -9.443970916010e-01 0.000000000000e+00 -3.288071370509e-01 -5.056501222609e+00 0.000000000000e+00 1.000000000000e+00 0.000000000000e+00 3.004339740934e-03 3.288071370509e-01 0.000000000000e+00 -9.443970916010e-01 6.542649113418e+00
3.9400007248e+01 -9.261837623235e-01 0.000000000000e+00 -3.770724577693e-01 -5.080936199353e+00 0.000000000000e+00 1.000000000000e+00 0.000000000000e+00 -2.295217698607e-03 3.770724577693e-01 0.000000000000e+00 -9.261837623235e-01 6.977318934624e+00
3.9500076056e+01 -8.979453891823e-01 0.000000000000e+00 -4.401068938863e-01 -5.137999973856e+00 0.000000000000e+00 1.000000000000e+00 0.000000000000e+00 -2.029472884965e-02 4.401068938863e-01 0.000000000000e+00 -8.979453891823e-01 7.413736812073e+00
3.9599994421e+01 -8.718868643690e-01 0.000000000000e+00 -4.897073572459e-01 -5.225996494804e+00 0.000000000000e+00 1.000000000000e+00 0.000000000000e+00 -3.279421470412e-02 4.897073572459e-01 0.000000000000e+00 -8.718868643690e-01 7.825586586200e+00
3.9700533867e+01 -8.323950241656e-01 0.000000000000e+00 -5.541827530196e-01 -5.325353390721e+00 0.000000000000e+00 1.000000000000e+00 0.000000000000e+00 -2.869366914464e-02 5.541827530196e-01 0.000000000000e+00 -8.323950241656e-01 8.236749405063e+00
3.9800504684e+01 -7.922584616283e-01 0.000000000000e+00 -6.101856520588e-01 -5.446593789991e+00 0.000000000000e+00 1.000000000000e+00 0.000000000000e+00 -2.199310049886e-02 6.101856520588e-01 0.000000000000e+00 -7.922584616283e-01 8.627959605920e+00
3.9900397062e+01 -7.508682928246e-01 0.000000000000e+00 -6.604519716306e-01 -5.604928288608e+00 0.000000000000e+00 1.000000000000e+00 0.000000000000e+00 -7.792504144187e-03 6.604519716306e-01 0.000000000000e+00 -7.508682928246e-01 8.997610685851e+00
3.9999989271e+01 -7.005063185868e-01 0.000000000000e+00 -7.136461991912e-01 -5.778749777948e+00 0.000000000000e+00 1.000000000000e+00 0.000000000000e+00 -2.269188461673e-02 7.136461991912e-01 0.000000000000e+00 -7.005063185868e-01 9.356360827248e+00
4.0100173235e+01 -6.582062676496e-01 0.000000000000e+00 -7.528376380248e-01 -5.963201643858e+00 0.000000000000e+00 1.000000000000e+00 0.000000000000e+00 -2.319127417075e-02 7.528376380248e-01 0.000000000000e+00 -6.582062676496e-01 9.683283238228e+00
4.0200273275e+01 -6.011023232216e-01 0.000000000000e+00 -7.991720697182e-01 -6.165901210667e+00 0.000000000000e+00 1.000000000000e+00 0.000000000000e+00 -2.739063033451e-02 7.991720697182e-01 0.000000000000e+00 -6.011023232216e-01 1.000219567254e+01
4.0300218105e+01 -5.613234024044e-01 0.000000000000e+00 -8.275965429563e-01 -6.406637494150e+00 0.000000000000e+00 1.000000000000e+00 0.000000000000e+00 -2.338996910661e-02 8.275965429563e-01 0.000000000000e+00 -5.613234024044e-01 1.029645498691e+01
4.0399941444e+01 -4.927375661250e-01 0.000000000000e+00 -8.701779650906e-01 -6.648299516741e+00 0.000000000000e+00 1.000000000000e+00 0.000000000000e+00 -3.798928519512e-02 8.701779650906e-01 0.000000000000e+00 -4.927375661250e-01 1.058289577211e+01
4.0499970198e+01 -4.385573106394e-01 0.000000000000e+00 -8.987032242541e-01 -6.910229761212e+00 0.000000000000e+00 1.000000000000e+00 0.000000000000e+00 -4.048859185567e-02 8.987032242541e-01 0.000000000000e+00 -4.385573106394e-01 1.084847621347e+01
4.0600256205e+01 -3.874821155270e-01 0.000000000000e+00 -9.218772207549e-01 -7.198159098135e+00 0.000000000000e+00 1.000000000000e+00 0.000000000000e+00 -4.268787373273e-02 9.218772207549e-01 0.000000000000e+00 -3.874821155270e-01 1.109685310074e+01
4.0701009750e+01 -3.011136185945e-01 0.000000000000e+00 -9.535882700080e-01 -7.499076228715e+00 0.000000000000e+00 1.000000000000e+00 0.000000000000e+00 -5.098712207531e-02 9.535882700080e-01 0.000000000000e+00 -3.011136185945e-01 1.133008643344e+01
4.0800006151e+01 -2.341879071789e-01 0.000000000000e+00 -9.721913516027e-01 -7.848851853270e+00 0.000000000000e+00 1.000000000000e+00 0.000000000000e+00 -4.618633937345e-02 9.721913516027e-01 0.000000000000e+00 -2.341879071789e-01 1.153651695352e+01
4.0900055170e+01 -1.623712612480e-01 0.000000000000e+00 -9.867297368179e-01 -8.196071252212e+00 0.000000000000e+00 1.000000000000e+00 0.000000000000e+00 -7.398554012993e-02 9.867297368179e-01 0.000000000000e+00 -1.623712612480e-01 1.173364533545e+01
4.1000781775e+01 -9.308922473208e-02 0.000000000000e+00 -9.956577706415e-01 -8.558015370939e+00 0.000000000000e+00 1.000000000000e+00 0.000000000000e+00 -8.688477584202e-02 9.956577706415e-01 0.000000000000e+00 -9.308922473208e-02 1.188412539963e+01
4.1100836515e+01 -1.893166818579e-02 0.000000000000e+00 -9.998207799099e-01 -8.926831391267e+00 0.000000000000e+00 1.000000000000e+00 0.000000000000e+00 -9.838404186031e-02 9.998207799099e-01 0.000000000000e+00 -1.893166818579e-02 1.199146926327e+01
4.1200078964e+01 5.150814403729e-02 0.000000000000e+00 -9.986725745197e-01 -9.271462950801e+00 0.000000000000e+00 1.000000000000e+00 0.000000000000e+00 -1.150833822664e-01 9.986725745197e-01 0.000000000000e+00 5.150814403729e-02 1.206144124438e+01
4.1299966097e+01 1.289494188723e-01 0.000000000000e+00 -9.916511722236e-01 -9.626840113732e+00 0.000000000000e+00 1.000000000000e+00 0.000000000000e+00 -9.948271783949e-02 9.916511722236e-01 0.000000000000e+00 1.289494188723e-01 1.210659439559e+01
4.1400231361e+01 1.940914250821e-01 0.000000000000e+00 -9.809834446664e-01 -9.991618980649e+00 0.000000000000e+00 1.000000000000e+00 0.000000000000e+00 -1.077820936253e-01 9.809834446664e-01 0.000000000000e+00 1.940914250821e-01 1.211354856672e+01
4.1500486851e+01 2.532906071430e-01 0.000000000000e+00 -9.673902358062e-01 -1.034666316195e+01 0.000000000000e+00 1.000000000000e+00 0.000000000000e+00 -1.182815043772e-01 9.673902358062e-01 0.000000000000e+00 2.532906071430e-01 1.209801517728e+01
4.1600003004e+01 3.163803168107e-01 0.000000000000e+00 -9.486324341571e-01 -1.068603505454e+01 0.000000000000e+00 1.000000000000e+00 0.000000000000e+00 -1.341809741167e-01 9.486324341571e-01 0.000000000000e+00 3.163803168107e-01 1.204832791264e+01
4.1700233936e+01 3.919562600451e-01 0.000000000000e+00 -9.199838532341e-01 -1.101585625579e+01 0.000000000000e+00 1.000000000000e+00 0.000000000000e+00 -1.493804888288e-01 9.199838532341e-01 0.000000000000e+00 3.919562600451e-01 1.195920415484e+01
4.1800790787e+01 4.515162790862e-01 0.000000000000e+00 -8.922628815098e-01 -1.134063063685e+01 0.000000000000e+00 1.000000000000e+00 0.000000000000e+00 -1.666800154163e-01 8.922628815098e-01 0.000000000000e+00 4.515162790862e-01 1.186666002375e+01
4.1900068283e+01 5.092984601169e-01 0.000000000000e+00 -8.605899595757e-01 -1.166967089171e+01 0.000000000000e+00 1.000000000000e+00 0.000000000000e+00 -1.534795495379e-01 8.605899595757e-01 0.000000000000e+00 5.092984601169e-01 1.175386523687e+01
4.2000013590e+01 5.588327316575e-01 0.000000000000e+00 -8.292803977113e-01 -1.200634130611e+01 0.000000000000e+00 1.000000000000e+00 0.000000000000e+00 -1.667791042964e-01 8.292803977113e-01 0.000000000000e+00 5.588327316575e-01 1.161499906403e+01
4.2100778818e+01 6.118670479936e-01 0.000000000000e+00 -7.909606283372e-01 -1.233165472322e+01 0.000000000000e+00 1.000000000000e+00 0.000000000000e+00 -1.658786950540e-01 7.909606283372e-01 0.000000000000e+00 6.118670479936e-01 1.145007893802e+01
4.2201332808e+01 6.540228520289e-01 0.000000000000e+00 -7.564747907392e-01 -1.265757426782e+01 0.000000000000e+00 1.000000000000e+00 0.000000000000e+00 -1.998783267598e-01 7.564747907392e-01 0.000000000000e+00 6.540228520289e-01 1.125642905569e+01
4.2300456762e+01 7.108487976455e-01 0.000000000000e+00 -7.033448563016e-01 -1.297097450010e+01 0.000000000000e+00 1.000000000000e+00 0.000000000000e+00 -2.153780068963e-01 7.033448563016e-01 0.000000000000e+00 7.108487976455e-01 1.101945054773e+01
4.2400001526e+01 7.519436743633e-01 0.000000000000e+00 -6.592273587959e-01 -1.329198016019e+01 0.000000000000e+00 1.000000000000e+00 0.000000000000e+00 -2.309777175599e-01 6.592273587959e-01 0.000000000000e+00 7.519436743633e-01 1.075368572332e+01
4.2500728369e+01 7.846294056014e-01 0.000000000000e+00 -6.199650763274e-01 -1.360131114956e+01 0.000000000000e+00 1.000000000000e+00 0.000000000000e+00 -2.403774705434e-01 6.199650763274e-01 0.000000000000e+00 7.846294056014e-01 1.046758099363e+01
4.2600262642e+01 8.304279971449e-01 0.000000000000e+00 -5.571259656109e-01 -1.391483712446e+01 0.000000000000e+00 1.000000000000e+00 0.000000000000e+00 -2.426772168091e-01 5.571259656109e-01 0.000000000000e+00 8.304279971449e-01 1.014584818624e+01
4.2700227499e+01 8.838906036097e-01 0.000000000000e+00 -4.676937040953e-01 -1.420356849197e+01 0.000000000000e+00 1.000000000000e+00 0.000000000000e+00 -2.511770156299e-01 4.676937040953e-01 0.000000000000e+00 8.838906036097e-01 9.790147061211e+00
4.2799999952e+01 9.058216083504e-01 0.000000000000e+00 -4.236593134176e-01 -1.447370717153e+01 0.000000000000e+00 1.000000000000e+00 0.000000000000e+00 -2.068768640003e-01 4.236593134176e-01 0.000000000000e+00 9.058216083504e-01 9.451429031414e+00
4.2900357008e+01 9.409937170010e-01 0.000000000000e+00 -3.384240307140e-01 -1.472581104398e+01 0.000000000000e+00 1.000000000000e+00 0.000000000000e+00 -1.943767769938e-01 3.384240307140e-01 0.000000000000e+00 9.409937170010e-01 9.052322592564e+00
4.3000080824e+01 9.630620258354e-01 0.000000000000e+00 -2.692796583364e-01 -1.492466777145e+01 0.000000000000e+00 1.000000000000e+00 0.000000000000e+00 -2.281768148562e-01 2.692796583364e-01 0.000000000000e+00 9.630620258354e-01 8.647649445042e+00
4.3100142479e+01 9.801302227291e-01 0.000000000000e+00 -1.983551020088e-01 -1.511692681623e+01 0.000000000000e+00 1.000000000000e+00 0.000000000000e+00 -2.165768278487e-01 1.983551020088e-01 0.000000000000e+00 9.801302227291e-01 8.256637861763e+00
4.3200162411e+01 9.917601166011e-01 0.000000000000e+00 -1.281088252986e-01 -1.528682808296e+01 0.000000000000e+00 1.000000000000e+00 0.000000000000e+00 -2.165768934364e-01 1.281088252986e-01 0.000000000000e+00 9.917601166011e-01 7.852844849391e+00
4.3300800562e+01 9.975201427989e-01 0.000000000000e+00 -7.038156513223e-02 -1.541936926760e+01 0.000000000000e+00 1.000000000000e+00 0.000000000000e+00 -2.206770347932e-01 7.038156513223e-02 0.000000000000e+00 9.975201427989e-01 7.446859089279e+00
4.3400271416e+01 9.998104989485e-01 0.000000000000e+00 -1.946705402479e-02 -1.552592244662e+01 0.000000000000e+00 1.000000000000e+00 0.000000000000e+00 -2.362772070384e-01 1.946705402479e-02 0.000000000000e+00 9.998104989485e-01 7.053854446357e+00
4.3500272036e+01 9.987767639967e-01 0.000000000000e+00 4.944669554481e-02 -1.561267537070e+01 0.000000000000e+00 1.000000000000e+00 0.000000000000e+00 -2.433774322812e-01 -4.944669554481e-02 0.000000000000e+00 9.987767639967e-01 6.636497910745e+00
4.3600022078e+01 -2.140285572895e-01 0.000000000000e+00 9.768274037232e-01 -1.635176424887e+01 0.000000000000e+00 1.000000000000e+00 0.000000000000e+00 -2.499776935704e-01 -9.768274037232e-01 0.000000000000e+00 -2.140285572895e-01 5.963894676274e+00
4.3700074196e+01 -2.185461255823e-01 0.000000000000e+00 9.758266193300e-01 -1.640677297128e+01 0.000000000000e+00 1.000000000000e+00 0.000000000000e+00 -2.457779143029e-01 -9.758266193300e-01 0.000000000000e+00 -2.185461255823e-01 5.598195131035e+00
4.3799979210e+01 -2.185461255823e-01 0.000000000000e+00 9.758266193300e-01 -1.645880170042e+01 0.000000000000e+00 1.000000000000e+00 0.000000000000e+00 -1.700781313937e-01 -9.758266193300e-01 0.000000000000e+00 -2.185461255823e-01 5.214958413028e+00
4.3900361538e+01 9.681484972738e-01 0.000000000000e+00 2.503766906611e-01 -1.580777679379e+01 0.000000000000e+00 1.000000000000e+00 0.000000000000e+00 -1.588784627326e-01 -2.503766906611e-01 0.000000000000e+00 9.681484972738e-01 5.016962921293e+00
4.4000035763e+01 9.547811202988e-01 0.000000000000e+00 2.973096236601e-01 -1.580534804110e+01 0.000000000000e+00 1.000000000000e+00 0.000000000000e+00 -1.492788207508e-01 -2.973096236601e-01 0.000000000000e+00 9.547811202988e-01 4.578423768094e+00
4.4100168705e+01 9.272466217184e-01 0.000000000000e+00 3.744512017764e-01 -1.579504763746e+01 0.000000000000e+00 1.000000000000e+00 0.000000000000e+00 -1.487792111878e-01 -3.744512017764e-01 0.000000000000e+00 9.272466217184e-01 4.106402194512e+00
4.4201008558e+01 9.046005671288e-01 0.000000000000e+00 4.262602655072e-01 -1.575449034761e+01 0.000000000000e+00 1.000000000000e+00 0.000000000000e+00 -1.573796327205e-01 -4.262602655072e-01 0.000000000000e+00 9.046005671288e-01 3.645073311178e+00
4.4300431490e+01 8.986716434316e-01 0.000000000000e+00 4.386220209839e-01 -1.569819396480e+01 0.000000000000e+00 1.000000000000e+00 0.000000000000e+00 -1.268800274502e-01 -4.386220209839e-01 0.000000000000e+00 8.986716434316e-01 3.207208482401e+00
4.4399984598e+01 8.692100672358e-01 0.000000000000e+00 4.944429785282e-01 -1.563425790769e+01 0.000000000000e+00 1.000000000000e+00 0.000000000000e+00 -1.338804551739e-01 -4.944429785282e-01 0.000000000000e+00 8.692100672358e-01 2.736028114789e+00
4.4500311852e+01 8.451716021979e-01 0.000000000000e+00 5.344950540821e-01 -1.555200931338e+01 0.000000000000e+00 1.000000000000e+00 0.000000000000e+00 -1.338808900923e-01 -5.344950540821e-01 0.000000000000e+00 8.451716021979e-01 2.258943125982e+00
4.4600066185e+01 8.485223151665e-01 0.000000000000e+00 5.291595984810e-01 -1.545939518888e+01 0.000000000000e+00 1.000000000000e+00 0.000000000000e+00 -1.454812721113e-01 -5.291595984810e-01 0.000000000000e+00 8.485223151665e-01 1.800282437796e+00
4.4700351954e+01 8.273818567838e-01 0.000000000000e+00 5.616397983271e-01 -1.537996767291e+01 0.000000000000e+00 1.000000000000e+00 0.000000000000e+00 -1.596816265395e-01 -5.616397983271e-01 0.000000000000e+00 8.273818567838e-01 1.318913097530e+00
4.4800006628e+01 8.221818671198e-01 0.000000000000e+00 5.692248917426e-01 -1.526837754502e+01 0.000000000000e+00 1.000000000000e+00 0.000000000000e+00 -2.566820025240e-01 -5.692248917426e-01 0.000000000000e+00 8.221818671198e-01 8.187162777936e-01
4.4900005579e+01 8.244725434440e-01 0.000000000000e+00 5.659019571507e-01 -1.517593980835e+01 0.000000000000e+00 1.000000000000e+00 0.000000000000e+00 -2.530822797267e-01 -5.659019571507e-01 0.000000000000e+00 8.244725434440e-01 3.284344023524e-01
4.5000283003e+01 8.241745329075e-01 0.000000000000e+00 5.663358891212e-01 -1.508956785466e+01 0.000000000000e+00 1.000000000000e+00 0.000000000000e+00 -2.369825058588e-01 -5.663358891212e-01 0.000000000000e+00 8.241745329075e-01 -1.809839186303e-01
4.5100404501e+01 8.178905871588e-01 0.000000000000e+00 5.753737806305e-01 -1.500904356475e+01 0.000000000000e+00 1.000000000000e+00 0.000000000000e+00 -2.248826885022e-01 -5.753737806305e-01 0.000000000000e+00 8.178905871588e-01 -6.948582366101e-01
4.5200211048e+01 8.231786718936e-01 0.000000000000e+00 5.677824179555e-01 -1.490528298039e+01 0.000000000000e+00 1.000000000000e+00 0.000000000000e+00 -2.347828624377e-01 -5.677824179555e-01 0.000000000000e+00 8.231786718936e-01 -1.206352818028e+00
4.5300710201e+01 8.254668937857e-01 0.000000000000e+00 5.644505357105e-01 -1.481238996122e+01 0.000000000000e+00 1.000000000000e+00 0.000000000000e+00 -2.569829703529e-01 -5.644505357105e-01 0.000000000000e+00 8.254668937857e-01 -1.730149124528e+00
4.5400144577e+01 8.379966245322e-01 0.000000000000e+00 5.456754138428e-01 -1.471971168978e+01 0.000000000000e+00 1.000000000000e+00 0.000000000000e+00 -2.391830166267e-01 -5.456754138428e-01 0.000000000000e+00 8.379966245322e-01 -2.251494810349e+00
4.5500948191e+01 8.356520401838e-01 0.000000000000e+00 5.492591990461e-01 -1.463548344937e+01 0.000000000000e+00 1.000000000000e+00 0.000000000000e+00 -2.438830174303e-01 -5.492591990461e-01 0.000000000000e+00 8.356520401838e-01 -2.791455313022e+00
4.5600253820e+01 8.301728910024e-01 0.000000000000e+00 5.575060278103e-01 -1.456011123906e+01 0.000000000000e+00 1.000000000000e+00 0.000000000000e+00 -2.424829364097e-01 -5.575060278103e-01 0.000000000000e+00 8.301728910024e-01 -3.370145542232e+00
4.5701229334e+01 8.392878522716e-01 0.000000000000e+00 5.436873191728e-01 -1.448081172977e+01 0.000000000000e+00 1.000000000000e+00 0.000000000000e+00 -2.042827847346e-01 -5.436873191728e-01 0.000000000000e+00 8.392878522716e-01 -3.951427183720e+00
4.5800374746e+01 8.435848963185e-01 0.000000000000e+00 5.369958311787e-01 -1.439563903390e+01 0.000000000000e+00 1.000000000000e+00 0.000000000000e+00 -1.831826291007e-01 -5.369958311787e-01 0.000000000000e+00 8.435848963185e-01 -4.487733754351e+00
4.5900313854e+01 8.504211384748e-01 0.000000000000e+00 5.261025444105e-01 -1.431559190933e+01 0.000000000000e+00 1.000000000000e+00 0.000000000000e+00 -2.029824196591e-01 -5.261025444105e-01 0.000000000000e+00 8.504211384748e-01 -5.010994051640e+00
4.6001310110e+01 8.581276900519e-01 0.000000000000e+00 5.134363325341e-01 -1.425904568037e+01 0.000000000000e+00 1.000000000000e+00 0.000000000000e+00 -2.038821116946e-01 -5.134363325341e-01 0.000000000000e+00 8.581276900519e-01 -5.534095941659e+00
4.6101640463e+01 8.651498272393e-01 0.000000000000e+00 5.015134857886e-01 -1.421829789742e+01 0.000000000000e+00 1.000000000000e+00 0.000000000000e+00 -2.018817283641e-01 -5.015134857886e-01 0.000000000000e+00 8.651498272393e-01 -6.055070563318e+00
4.6201029539e+01 8.647177565677e-01 0.000000000000e+00 5.022581024498e-01 -1.418984298175e+01 0.000000000000e+00 1.000000000000e+00 0.000000000000e+00 -1.944813044395e-01 -5.022581024498e-01 0.000000000000e+00 8.647177565677e-01 -6.562051828313e+00
4.6316565275e+01 8.732237512745e-01 0.000000000000e+00 4.873194847429e-01 -1.418145960476e+01 0.000000000000e+00 1.000000000000e+00 0.000000000000e+00 -1.835807908316e-01 -4.873194847429e-01 0.000000000000e+00 8.732237512745e-01 -7.054834699421e+00
4.6400324583e+01 8.866574817637e-01 0.000000000000e+00 4.624267618038e-01 -1.418465555897e+01 0.000000000000e+00 1.000000000000e+00 0.000000000000e+00 -1.810802206127e-01 -4.624267618038e-01 0.000000000000e+00 8.866574817637e-01 -7.529478797753e+00
4.6500130892e+01 8.968759501179e-01 0.000000000000e+00 4.422821837924e-01 -1.417531651370e+01 0.000000000000e+00 1.000000000000e+00 0.000000000000e+00 -1.780796617643e-01 -4.422821837924e-01 0.000000000000e+00 8.968759501179e-01 -7.991703331820e+00
4.6601409435e+01 9.004458587635e-01 0.000000000000e+00 4.349681085271e-01 -1.415582357316e+01 0.000000000000e+00 1.000000000000e+00 0.000000000000e+00 -1.688791096945e-01 -4.349681085271e-01 0.000000000000e+00 9.004458587635e-01 -8.452927950788e+00
4.6700574160e+01 9.024275231307e-01 0.000000000000e+00 4.308416942406e-01 -1.414854426336e+01 0.000000000000e+00 1.000000000000e+00 0.000000000000e+00 -1.758784943408e-01 -4.308416942406e-01 0.000000000000e+00 9.024275231307e-01 -8.920148051584e+00
4.6800156593e+01 9.067349987217e-01 0.000000000000e+00 4.217008917386e-01 -1.414963809096e+01 0.000000000000e+00 1.000000000000e+00 0.000000000000e+00 -1.806778414698e-01 -4.217008917386e-01 0.000000000000e+00 9.067349987217e-01 -9.370519955678e+00
4.6900859356e+01 9.147436443898e-01 0.000000000000e+00 4.040347324779e-01 -1.415002790736e+01 0.000000000000e+00 1.000000000000e+00 0.000000000000e+00 -2.195771558914e-01 -4.040347324779e-01 0.000000000000e+00 9.147436443898e-01 -9.815199358215e+00
4.6999996185e+01 9.295822667812e-01 0.000000000000e+00 3.686147165889e-01 -1.418049565944e+01 0.000000000000e+00 1.000000000000e+00 0.000000000000e+00 -2.253763876624e-01 -3.686147165889e-01 0.000000000000e+00 9.295822667812e-01 -1.023406948409e+01
4.7100228310e+01 9.401488825028e-01 0.000000000000e+00 3.407639633658e-01 -1.423575624150e+01 0.000000000000e+00 1.000000000000e+00 0.000000000000e+00 -2.146755763844e-01 -3.407639633658e-01 0.000000000000e+00 9.401488825028e-01 -1.063512327909e+01
4.7200685024e+01 9.554404950168e-01 0.000000000000e+00 2.951837740834e-01 -1.430434266352e+01 0.000000000000e+00 1.000000000000e+00 0.000000000000e+00 -2.238747301091e-01 -2.951837740834e-01 0.000000000000e+00 9.554404950168e-01 -1.100927860051e+01
4.7300335646e+01 9.665825801119e-01 0.000000000000e+00 2.563554482047e-01 -1.439200185259e+01 0.000000000000e+00 1.000000000000e+00 0.000000000000e+00 -2.111738374358e-01 -2.563554482047e-01 0.000000000000e+00 9.665825801119e-01 -1.137792559354e+01
4.7399995089e+01 9.779973661114e-01 0.000000000000e+00 2.086172377325e-01 -1.450004559065e+01 0.000000000000e+00 1.000000000000e+00 0.000000000000e+00 -2.153729088513e-01 -2.086172377325e-01 0.000000000000e+00 9.779973661114e-01 -1.172130500926e+01
4.7500079155e+01 9.880735206196e-01 0.000000000000e+00 1.539828492087e-01 -1.462831770364e+01 0.000000000000e+00 1.000000000000e+00 0.000000000000e+00 -2.360719471448e-01 -1.539828492087e-01 0.000000000000e+00 9.880735206196e-01 -1.204145439268e+01
4.7600744724e+01 9.947271066836e-01 0.000000000000e+00 1.025572192915e-01 -1.478349796567e+01 0.000000000000e+00 1.000000000000e+00 0.000000000000e+00 -2.361709592726e-01 -1.025572192915e-01 0.000000000000e+00 9.947271066836e-01 -1.233511488382e+01
4.7700338602e+01 9.992122413343e-01 0.000000000000e+00 3.968496903926e-02 -1.495467483486e+01 0.000000000000e+00 1.000000000000e+00 0.000000000000e+00 -2.246699557132e-01 -3.968496903926e-02 0.000000000000e+00 9.992122413343e-01 -1.260164486500e+01
4.7800092936e+01 9.996492416291e-01 0.000000000000e+00 -2.648383866219e-02 -1.514191852910e+01 0.000000000000e+00 1.000000000000e+00 0.000000000000e+00 -2.317689421574e-01 2.648383866219e-02 0.000000000000e+00 9.996492416291e-01 -1.284452887488e+01
4.7900107861e+01 9.977715164989e-01 0.000000000000e+00 -6.672331574074e-02 -1.536091571014e+01 0.000000000000e+00 1.000000000000e+00 0.000000000000e+00 -2.258678537093e-01 6.672331574074e-02 0.000000000000e+00 9.977715164989e-01 -1.309620010634e+01
4.8000364542e+01 9.925523728271e-01 0.000000000000e+00 -1.218186652173e-01 -1.557729155430e+01 0.000000000000e+00 1.000000000000e+00 0.000000000000e+00 -2.387668170793e-01 1.218186652173e-01 0.000000000000e+00 9.925523728271e-01 -1.330849727077e+01
4.8100335360e+01 9.823780798211e-01 0.000000000000e+00 -1.869045432486e-01 -1.579834943641e+01 0.000000000000e+00 1.000000000000e+00 0.000000000000e+00 -2.415658044394e-01 1.869045432486e-01 0.000000000000e+00 9.823780798211e-01 -1.349249670223e+01
4.8200366497e+01 9.722707517895e-01 0.000000000000e+00 -2.338580450072e-01 -1.603345038237e+01 0.000000000000e+00 1.000000000000e+00 0.000000000000e+00 -2.531647573937e-01 2.338580450072e-01 0.000000000000e+00 9.722707517895e-01 -1.367974333839e+01
4.8300179005e+01 9.567433492293e-01 0.000000000000e+00 -2.909332633193e-01 -1.629026639917e+01 0.000000000000e+00 1.000000000000e+00 0.000000000000e+00 -2.603636818514e-01 2.909332633193e-01 0.000000000000e+00 9.567433492293e-01 -1.384442606960e+01
4.8401453733e+01 9.342244846853e-01 0.000000000000e+00 -3.566855929450e-01 -1.656179723769e+01 0.000000000000e+00 1.000000000000e+00 0.000000000000e+00 -2.662625821836e-01 3.566855929450e-01 0.000000000000e+00 9.342244846853e-01 -1.399376349715e+01
4.8500378132e+01 9.091423229840e-01 0.000000000000e+00 -4.164855778528e-01 -1.685334343326e+01 0.000000000000e+00 1.000000000000e+00 0.000000000000e+00 -2.693614500981e-01 4.164855778528e-01 0.000000000000e+00 9.091423229840e-01 -1.413034836822e+01
4.8600094557e+01 8.855786156201e-01 0.000000000000e+00 -4.644895214710e-01 -1.715878602800e+01 0.000000000000e+00 1.000000000000e+00 0.000000000000e+00 -2.887602742718e-01 4.644895214710e-01 0.000000000000e+00 8.855786156201e-01 -1.427014307143e+01
4.8700038433e+01 8.543854941924e-01 0.000000000000e+00 -5.196397091385e-01 -1.749077141065e+01 0.000000000000e+00 1.000000000000e+00 0.000000000000e+00 -2.931590725788e-01 5.196397091385e-01 0.000000000000e+00 8.543854941924e-01 -1.437872482184e+01
4.8800942183e+01 7.994280049901e-01 0.000000000000e+00 -6.007619036170e-01 -1.782774478450e+01 0.000000000000e+00 1.000000000000e+00 0.000000000000e+00 -3.116579427298e-01 6.007619036170e-01 0.000000000000e+00 7.994280049901e-01 -1.443843742238e+01
4.8900347710e+01 7.586560903938e-01 0.000000000000e+00 -6.514913172931e-01 -1.820323655231e+01 0.000000000000e+00 1.000000000000e+00 0.000000000000e+00 -3.067566879099e-01 6.514913172931e-01 0.000000000000e+00 7.586560903938e-01 -1.450820482213e+01
4.9000241995e+01 7.087833396557e-01 0.000000000000e+00 -7.054262381188e-01 -1.858907072078e+01 0.000000000000e+00 1.000000000000e+00 0.000000000000e+00 -3.010554729109e-01 7.054262381188e-01 0.000000000000e+00 7.087833396557e-01 -1.454173752388e+01
4.9100283384e+01 6.554082963056e-01 0.000000000000e+00 -7.552747613510e-01 -1.899090545579e+01 0.000000000000e+00 1.000000000000e+00 0.000000000000e+00 -3.057542731194e-01 7.552747613510e-01 0.000000000000e+00 6.554082963056e-01 -1.454407881486e+01
4.9200318813e+01 5.762234856415e-01 0.000000000000e+00 -8.172921721117e-01 -1.937732401353e+01 0.000000000000e+00 1.000000000000e+00 0.000000000000e+00 -3.282531861832e-01 8.172921721117e-01 0.000000000000e+00 5.762234856415e-01 -1.451326788416e+01
4.9300388813e+01 5.151963096153e-01 0.000000000000e+00 -8.570722038188e-01 -1.977039340223e+01 0.000000000000e+00 1.000000000000e+00 0.000000000000e+00 -3.108521192573e-01 8.570722038188e-01 0.000000000000e+00 5.151963096153e-01 -1.446204666295e+01
4.9400843382e+01 4.454687180604e-01 0.000000000000e+00 -8.952975043133e-01 -2.013820307876e+01 0.000000000000e+00 1.000000000000e+00 0.000000000000e+00 -3.249511604698e-01 8.952975043133e-01 0.000000000000e+00 4.454687180604e-01 -1.439511049015e+01
4.9500515938e+01 3.795164034449e-01 0.000000000000e+00 -9.251850082639e-01 -2.049801429989e+01 0.000000000000e+00 1.000000000000e+00 0.000000000000e+00 -3.342502912734e-01 9.251850082639e-01 0.000000000000e+00 3.795164034449e-01 -1.429551580552e+01
4.9600344658e+01 3.120878485982e-01 0.000000000000e+00 -9.500532483800e-01 -2.083461216696e+01 0.000000000000e+00 1.000000000000e+00 0.000000000000e+00 -3.493495375957e-01 9.500532483800e-01 0.000000000000e+00 3.120878485982e-01 -1.417529572994e+01
4.9700138569e+01 2.215010915281e-01 0.000000000000e+00 -9.751601234935e-01 -2.118120849894e+01 0.000000000000e+00 1.000000000000e+00 0.000000000000e+00 -3.577488452056e-01 9.751601234935e-01 0.000000000000e+00 2.215010915281e-01 -1.402092734067e+01
4.9900652885e+01 6.759393735771e-02 0.000000000000e+00 -9.977129144361e-01 -2.178055381723e+01 0.000000000000e+00 1.000000000000e+00 0.000000000000e+00 -3.563478577413e-01 9.977129144361e-01 0.000000000000e+00 6.759393735771e-02 -1.365243159346e+01
5.0000061035e+01 -1.822150835972e-02 0.000000000000e+00 -9.998339745343e-01 -2.204275627649e+01 0.000000000000e+00 1.000000000000e+00 0.000000000000e+00 -3.616475272661e-01 9.998339745343e-01 0.000000000000e+00 -1.822150835972e-02 -1.345357941261e+01
4.9800489426e+01 1.451089077743e-01 0.000000000000e+00 -9.894156886186e-01 -2.148050290077e+01 0.000000000000e+00 1.000000000000e+00 0.000000000000e+00 -3.570476968049e-01 9.894156886186e-01 0.000000000000e+00 1.451089077743e-01 -1.383516723295e+01
5.0100087881e+01 -9.442551591060e-02 0.000000000000e+00 -9.955319291439e-01 -2.229397803128e+01 0.000000000000e+00 1.000000000000e+00 0.000000000000e+00 -3.595472825624e-01 9.955319291439e-01 0.000000000000e+00 -9.442551591060e-02 -1.322524008476e+01
5.0200087309e+01 -1.740397042406e-01 0.000000000000e+00 -9.847386360593e-01 -2.251465194754e+01 0.000000000000e+00 1.000000000000e+00 0.000000000000e+00 -3.614471495065e-01 9.847386360593e-01 0.000000000000e+00 -1.740397042406e-01 -1.299292420777e+01
5.0301662445e+01 -2.362214545194e-01 0.000000000000e+00 -9.716992458702e-01 -2.269342082331e+01 0.000000000000e+00 1.000000000000e+00 0.000000000000e+00 -3.660471412259e-01 9.716992458702e-01 0.000000000000e+00 -2.362214545194e-01 -1.275547285206e+01
5.0400558472e+01 -3.137832918361e-01 0.000000000000e+00 -9.494946265064e-01 -2.286911536776e+01 0.000000000000e+00 1.000000000000e+00 0.000000000000e+00 -3.665471659274e-01 9.494946265064e-01 0.000000000000e+00 -3.137832918361e-01 -1.251718530686e+01
5.0500535727e+01 -3.926556584344e-01 0.000000000000e+00 -9.196855625155e-01 -2.302502165445e+01 0.000000000000e+00 1.000000000000e+00 0.000000000000e+00 -3.796473017312e-01 9.196855625155e-01 0.000000000000e+00 -3.926556584344e-01 -1.226057097525e+01
5.0600320816e+01 -4.879439995279e-01 0.000000000000e+00 -8.728749356722e-01 -2.316916368316e+01 0.000000000000e+00 1.000000000000e+00 0.000000000000e+00 -3.905475180919e-01 8.728749356722e-01 0.000000000000e+00 -4.879439995279e-01 -1.200063256349e+01
5.0701215982e+01 -5.657779263951e-01 0.000000000000e+00 -8.245576620250e-01 -2.329051885193e+01 0.000000000000e+00 1.000000000000e+00 0.000000000000e+00 -3.828478072944e-01 8.245576620250e-01 0.000000000000e+00 -5.657779263951e-01 -1.172562649349e+01
5.0800147533e+01 -6.169049058645e-01 0.000000000000e+00 -7.870376973947e-01 -2.339339441887e+01 0.000000000000e+00 1.000000000000e+00 0.000000000000e+00 -3.777481466522e-01 7.870376973947e-01 0.000000000000e+00 -6.169049058645e-01 -1.142372663339e+01
5.0900272608e+01 -6.966310284299e-01 0.000000000000e+00 -7.174295855544e-01 -2.347539690066e+01 0.000000000000e+00 1.000000000000e+00 0.000000000000e+00 -3.979486254928e-01 7.174295855544e-01 0.000000000000e+00 -6.966310284299e-01 -1.112334094485e+01
5.1000399828e+01 -7.544642391274e-01 0.000000000000e+00 -6.563411550999e-01 -2.351484706666e+01 0.000000000000e+00 1.000000000000e+00 0.000000000000e+00 -4.150492042619e-01 6.563411550999e-01 0.000000000000e+00 -7.544642391274e-01 -1.081792231686e+01
5.1200494766e+01 -8.427902338435e-01 0.000000000000e+00 -5.382421590121e-01 -2.352058191634e+01 0.000000000000e+00 1.000000000000e+00 0.000000000000e+00 -3.925505785484e-01 5.382421590121e-01 0.000000000000e+00 -8.427902338435e-01 -1.017735766636e+01
5.1300097942e+01 -8.946056758261e-01 0.000000000000e+00 -4.468564476201e-01 -2.349018179783e+01 0.000000000000e+00 1.000000000000e+00 0.000000000000e+00 -3.865514036868e-01 4.468564476201e-01 0.000000000000e+00 -8.946056758261e-01 -9.858395823120e+00
5.1400098324e+01 -9.298580425857e-01 0.000000000000e+00 -3.679184972773e-01 -2.342495011910e+01 0.000000000000e+00 1.000000000000e+00 0.000000000000e+00 -3.783522893350e-01 3.679184972773e-01 0.000000000000e+00 -9.298580425857e-01 -9.542229722841e+00
5.1501131535e+01 -9.650301616929e-01 0.000000000000e+00 -2.621388697293e-01 -2.334743134534e+01 0.000000000000e+00 1.000000000000e+00 0.000000000000e+00 -3.959531852428e-01 2.621388697293e-01 0.000000000000e+00 -9.650301616929e-01 -9.252696929158e+00
5.1600338221e+01 -9.803111259370e-01 0.000000000000e+00 -1.974591004843e-01 -2.320673063605e+01 0.000000000000e+00 1.000000000000e+00 0.000000000000e+00 -4.023542469645e-01 1.974591004843e-01 0.000000000000e+00 -9.803111259370e-01 -8.936905627855e+00
5.1700495005e+01 -9.922657581910e-01 0.000000000000e+00 -1.241316443201e-01 -2.304820013737e+01 0.000000000000e+00 1.000000000000e+00 0.000000000000e+00 -4.021553425403e-01 1.241316443201e-01 0.000000000000e+00 -9.922657581910e-01 -8.628600431656e+00
5.1800721645e+01 -9.995518037539e-01 0.000000000000e+00 -2.993645958287e-02 -2.287097007362e+01 0.000000000000e+00 1.000000000000e+00 0.000000000000e+00 -3.976564802996e-01 2.993645958287e-02 0.000000000000e+00 -9.995518037539e-01 -8.329055648241e+00
5.1900130272e+01 -9.995992060327e-01 0.000000000000e+00 2.830949132054e-02 -2.264822787683e+01 0.000000000000e+00 1.000000000000e+00 0.000000000000e+00 -3.982577106407e-01 -2.830949132054e-02 0.000000000000e+00 -9.995992060327e-01 -8.023948389766e+00
5.2000803232e+01 -9.950669863406e-01 0.000000000000e+00 9.920530578085e-02 -2.239539707426e+01 0.000000000000e+00 1.000000000000e+00 0.000000000000e+00 -4.066589922124e-01 -9.920530578085e-02 0.000000000000e+00 -9.950669863406e-01 -7.741588360172e+00
5.1101077080e+01 -8.015178783265e-01 0.000000000000e+00 -5.979708109289e-01 -2.351885266883e+01 0.000000000000e+00 1.000000000000e+00 0.000000000000e+00 -4.037290787957e-01 5.979708109289e-01 0.000000000000e+00 -8.015178783265e-01 -1.049480908823e+01
5.2100503683e+01 -9.844040288859e-01 0.000000000000e+00 1.759224485769e-01 -2.211737117829e+01 0.000000000000e+00 1.000000000000e+00 0.000000000000e+00 -4.336603027236e-01 -1.759224485769e-01 0.000000000000e+00 -9.844040288859e-01 -7.481549142260e+00
5.2200373650e+01 -9.670515475405e-01 0.000000000000e+00 2.545806441966e-01 -2.182637035626e+01 0.000000000000e+00 1.000000000000e+00 0.000000000000e+00 -4.005616279041e-01 -2.545806441966e-01 0.000000000000e+00 -9.670515475405e-01 -7.213280411021e+00
5.2301090002e+01 -9.491925869941e-01 0.000000000000e+00 3.146957781659e-01 -2.151700056783e+01 0.000000000000e+00 1.000000000000e+00 0.000000000000e+00 -4.212629465733e-01 -3.146957781659e-01 0.000000000000e+00 -9.491925869941e-01 -6.966906282997e+00
5.2400244474e+01 -9.297172775356e-01 0.000000000000e+00 3.682740607914e-01 -2.115229647602e+01 0.000000000000e+00 1.000000000000e+00 0.000000000000e+00 -4.139644066381e-01 -3.682740607914e-01 0.000000000000e+00 -9.297172775356e-01 -6.716293250334e+00
5.2500319242e+01 -9.014805207780e-01 0.000000000000e+00 4.328196745273e-01 -2.075902557124e+01 0.000000000000e+00 1.000000000000e+00 0.000000000000e+00 -4.038658834826e-01 -4.328196745273e-01 0.000000000000e+00 -9.014805207780e-01 -6.502717733359e+00
5.2600321531e+01 -8.859862310550e-01 0.000000000000e+00 4.637115465254e-01 -2.035268111259e+01 0.000000000000e+00 1.000000000000e+00 0.000000000000e+00 -3.983673745091e-01 -4.637115465254e-01 0.000000000000e+00 -8.859862310550e-01 -6.268530844137e+00
5.2700245380e+01 -8.649499894271e-01 0.000000000000e+00 5.018580633905e-01 -1.994139122971e+01 0.000000000000e+00 1.000000000000e+00 0.000000000000e+00 -3.595688238152e-01 -5.018580633905e-01 0.000000000000e+00 -8.649499894271e-01 -6.055638956333e+00
5.2800283670e+01 -8.469622237200e-01 0.000000000000e+00 5.316530744680e-01 -1.952445405292e+01 0.000000000000e+00 1.000000000000e+00 0.000000000000e+00 -3.171702523368e-01 -5.316530744680e-01 0.000000000000e+00 -8.469622237200e-01 -5.844515555710e+00
5.2900923729e+01 -8.273573655297e-01 0.000000000000e+00 5.616758760208e-01 -1.909882859460e+01 0.000000000000e+00 1.000000000000e+00 0.000000000000e+00 -3.292716497200e-01 -5.616758760208e-01 0.000000000000e+00 -8.273573655297e-01 -5.653126013048e+00
5.3003971577e+01 -8.116255118512e-01 0.000000000000e+00 5.841780794520e-01 -1.866951950477e+01 0.000000000000e+00 1.000000000000e+00 0.000000000000e+00 -3.165730205209e-01 -5.841780794520e-01 0.000000000000e+00 -8.116255118512e-01 -5.463572730918e+00
5.3100441933e+01 -8.001776988993e-01 0.000000000000e+00 5.997629950108e-01 -1.825451267904e+01 0.000000000000e+00 1.000000000000e+00 0.000000000000e+00 -2.992743255461e-01 -5.997629950108e-01 0.000000000000e+00 -8.001776988993e-01 -5.266317446075e+00
5.3200004101e+01 -8.018996675127e-01 0.000000000000e+00 5.974587209532e-01 -1.784865007491e+01 0.000000000000e+00 1.000000000000e+00 0.000000000000e+00 -3.090755909579e-01 -5.974587209532e-01 0.000000000000e+00 -8.018996675127e-01 -5.047952123890e+00
5.3300036192e+01 -8.074578119122e-01 0.000000000000e+00 5.899253189870e-01 -1.745115318259e+01 0.000000000000e+00 1.000000000000e+00 0.000000000000e+00 -2.858768018204e-01 -5.899253189870e-01 0.000000000000e+00 -8.074578119122e-01 -4.831163102575e+00
5.3400089264e+01 -8.175523553851e-01 0.000000000000e+00 5.758542751463e-01 -1.705074237406e+01 0.000000000000e+00 1.000000000000e+00 0.000000000000e+00 -2.843780098292e-01 -5.758542751463e-01 0.000000000000e+00 -8.175523553851e-01 -4.585370753192e+00
5.3500094652e+01 -8.229868247924e-01 0.000000000000e+00 5.680604600024e-01 -1.666191758090e+01 0.000000000000e+00 1.000000000000e+00 0.000000000000e+00 -2.798791561943e-01 -5.680604600024e-01 0.000000000000e+00 -8.229868247924e-01 -4.336953737265e+00
5.3600387335e+01 -8.239436811396e-01 0.000000000000e+00 5.666716953494e-01 -1.627322968311e+01 0.000000000000e+00 1.000000000000e+00 0.000000000000e+00 -2.855802558990e-01 -5.666716953494e-01 0.000000000000e+00 -8.239436811396e-01 -4.104076584174e+00
5.3700588703e+01 -8.201841754478e-01 0.000000000000e+00 5.720995703066e-01 -1.590013975301e+01 0.000000000000e+00 1.000000000000e+00 0.000000000000e+00 -2.874812778881e-01 -5.720995703066e-01 0.000000000000e+00 -8.201841754478e-01 -3.882539237038e+00
5.3800806284e+01 -8.180368043609e-01 0.000000000000e+00 5.751658775614e-01 -1.551320818454e+01 0.000000000000e+00 1.000000000000e+00 0.000000000000e+00 -2.728823015268e-01 -5.751658775614e-01 0.000000000000e+00 -8.180368043609e-01 -3.668027046916e+00
5.3948232651e+01 -8.209271704011e-01 0.000000000000e+00 5.710329070178e-01 -1.512774919736e+01 0.000000000000e+00 1.000000000000e+00 0.000000000000e+00 -2.674832973408e-01 -5.710329070178e-01 0.000000000000e+00 -8.209271704011e-01 -3.443714179048e+00
5.3999979734e+01 -8.256852101401e-01 0.000000000000e+00 5.641311317025e-01 -1.471381947363e+01 0.000000000000e+00 1.000000000000e+00 0.000000000000e+00 -2.539843268847e-01 -5.641311317025e-01 0.000000000000e+00 -8.256852101401e-01 -3.209228851623e+00
5.4100054026e+01 -8.297652820702e-01 0.000000000000e+00 5.581125125554e-01 -1.430213736122e+01 0.000000000000e+00 1.000000000000e+00 0.000000000000e+00 -2.290853250124e-01 -5.581125125554e-01 0.000000000000e+00 -8.297652820702e-01 -2.958669280608e+00
5.4200040102e+01 -8.376998623243e-01 0.000000000000e+00 5.461308823550e-01 -1.387267602472e+01 0.000000000000e+00 1.000000000000e+00 0.000000000000e+00 -2.150863273634e-01 -5.461308823550e-01 0.000000000000e+00 -8.376998623243e-01 -2.699451697906e+00
5.4300389767e+01 -8.446683164756e-01 0.000000000000e+00 5.352900476772e-01 -1.344738338647e+01 0.000000000000e+00 1.000000000000e+00 0.000000000000e+00 -1.961872897592e-01 -5.352900476772e-01 0.000000000000e+00 -8.446683164756e-01 -2.417879888240e+00
5.4400997162e+01 -8.605874260968e-01 0.000000000000e+00 5.093027410530e-01 -1.303019764542e+01 0.000000000000e+00 1.000000000000e+00 0.000000000000e+00 -1.762882122762e-01 -5.093027410530e-01 0.000000000000e+00 -8.605874260968e-01 -2.095021883504e+00
5.4500635386e+01 -8.756094621107e-01 0.000000000000e+00 4.830197406548e-01 -1.261314561360e+01 0.000000000000e+00 1.000000000000e+00 0.000000000000e+00 -1.735890946407e-01 -4.830197406548e-01 0.000000000000e+00 -8.756094621107e-01 -1.756051353567e+00
5.4600126982e+01 -8.929029729590e-01 0.000000000000e+00 4.502491320157e-01 -1.220057176081e+01 0.000000000000e+00 1.000000000000e+00 0.000000000000e+00 -1.605899335198e-01 -4.502491320157e-01 0.000000000000e+00 -8.929029729590e-01 -1.377871000340e+00
5.4700527906e+01 -9.048001413831e-01 0.000000000000e+00 4.258364758367e-01 -1.181064800108e+01 0.000000000000e+00 1.000000000000e+00 0.000000000000e+00 -1.312906869600e-01 -4.258364758367e-01 0.000000000000e+00 -9.048001413831e-01 -9.821635087092e-01
5.4800339460e+01 -9.213288101898e-01 0.000000000000e+00 3.887842891812e-01 -1.142452980252e+01 0.000000000000e+00 1.000000000000e+00 0.000000000000e+00 -1.351913885502e-01 -3.887842891812e-01 0.000000000000e+00 -9.213288101898e-01 -5.790651412706e-01
5.4900194407e+01 -9.337817014012e-01 0.000000000000e+00 3.578431697383e-01 -1.105904242698e+01 0.000000000000e+00 1.000000000000e+00 0.000000000000e+00 -1.092920066344e-01 -3.578431697383e-01 0.000000000000e+00 -9.337817014012e-01 -1.692396212319e-01
5.5000278473e+01 -9.423400712585e-01 0.000000000000e+00 3.346568243747e-01 -1.071949717837e+01 0.000000000000e+00 1.000000000000e+00 0.000000000000e+00 -1.103925399767e-01 -3.346568243747e-01 0.000000000000e+00 -9.423400712585e-01 2.361057133425e-01
5.5100403070e+01 -9.583924544157e-01 0.000000000000e+00 2.854538549730e-01 -1.038509554782e+01 0.000000000000e+00 1.000000000000e+00 0.000000000000e+00 -9.239302507026e-02 -2.854538549730e-01 0.000000000000e+00 -9.583924544157e-01 6.599970528747e-01
5.5200409412e+01 -9.677985357462e-01 0.000000000000e+00 2.517260300554e-01 -1.006991494638e+01 0.000000000000e+00 1.000000000000e+00 0.000000000000e+00 -1.033934363256e-01 -2.517260300554e-01 0.000000000000e+00 -9.677985357462e-01 1.069500143052e+00
5.5299995422e+01 -9.739676604772e-01 0.000000000000e+00 2.266870008284e-01 -9.792742392072e+00 0.000000000000e+00 1.000000000000e+00 0.000000000000e+00 -1.155937528205e-01 -2.266870008284e-01 0.000000000000e+00 -9.739676604772e-01 1.487757242917e+00
5.5400739431e+01 -9.786601310141e-01 0.000000000000e+00 2.054856393122e-01 -9.532943891708e+00 0.000000000000e+00 1.000000000000e+00 0.000000000000e+00 -9.759400875427e-02 -2.054856393122e-01 0.000000000000e+00 -9.786601310141e-01 1.896913072185e+00
5.5500979900e+01 -9.857339831526e-01 0.000000000000e+00 1.683107675049e-01 -9.301828458179e+00 0.000000000000e+00 1.000000000000e+00 0.000000000000e+00 -7.769418953228e-02 -1.683107675049e-01 0.000000000000e+00 -9.857339831526e-01 2.322245226955e+00
5.5600313425e+01 -9.901195824059e-01 0.000000000000e+00 1.402255773256e-01 -9.067599432348e+00 0.000000000000e+00 1.000000000000e+00 0.000000000000e+00 -8.419433875394e-02 -1.402255773256e-01 0.000000000000e+00 -9.901195824059e-01 2.737752977929e+00
5.5700552464e+01 -9.943568609549e-01 0.000000000000e+00 1.060869128213e-01 -8.849687843278e+00 0.000000000000e+00 1.000000000000e+00 0.000000000000e+00 -9.049443367253e-02 -1.060869128213e-01 0.000000000000e+00 -9.943568609549e-01 3.159347747268e+00
5.5800387144e+01 -9.965055633298e-01 0.000000000000e+00 8.352641649627e-02 -8.636931882884e+00 0.000000000000e+00 1.000000000000e+00 0.000000000000e+00 -6.189449478198e-02 -8.352641649627e-02 0.000000000000e+00 -9.965055633298e-01 3.564764486461e+00
5.5900685072e+01 -9.987840097326e-01 0.000000000000e+00 4.930012071522e-02 -8.455306120994e+00 0.000000000000e+00 1.000000000000e+00 0.000000000000e+00 -7.619448308208e-02 -4.930012071522e-02 0.000000000000e+00 -9.987840097326e-01 3.979909209589e+00
5.6000072718e+01 -9.997237227398e-01 0.000000000000e+00 2.350485463359e-02 -8.298776220848e+00 0.000000000000e+00 1.000000000000e+00 0.000000000000e+00 -7.899441666055e-02 -2.350485463359e-02 0.000000000000e+00 -9.997237227398e-01 4.388158653638e+00
5.6101128340e+01 -9.998962492011e-01 0.000000000000e+00 -1.440454211662e-02 -8.150030806757e+00 0.000000000000e+00 1.000000000000e+00 0.000000000000e+00 -4.349429947318e-02 1.440454211662e-02 0.000000000000e+00 -9.998962492011e-01 4.815088463970e+00
5.6200000525e+01 -9.980596604637e-01 0.000000000000e+00 -6.226487095540e-02 -8.026832597591e+00 0.000000000000e+00 1.000000000000e+00 0.000000000000e+00 -3.909412417459e-02 6.226487095540e-02 0.000000000000e+00 -9.980596604637e-01 5.244757541085e+00
5.6300230980e+01 -9.944193355775e-01 0.000000000000e+00 -1.054996920834e-01 -7.916608696412e+00 0.000000000000e+00 1.000000000000e+00 0.000000000000e+00 -6.959390878895e-02 1.054996920834e-01 0.000000000000e+00 -9.944193355775e-01 5.669337000658e+00
5.6400145531e+01 -9.890392147515e-01 0.000000000000e+00 -1.476530788158e-01 -7.833254771609e+00 0.000000000000e+00 1.000000000000e+00 0.000000000000e+00 -5.669362031824e-02 1.476530788158e-01 0.000000000000e+00 -9.890392147515e-01 6.109725325938e+00
5.6499937534e+01 -9.776348513450e-01 0.000000000000e+00 -2.103095276862e-01 -7.765695348812e+00 0.000000000000e+00 1.000000000000e+00 0.000000000000e+00 -7.449328599370e-02 2.103095276862e-01 0.000000000000e+00 -9.776348513450e-01 6.553746708913e+00
5.6600857019e+01 -9.653849583626e-01 0.000000000000e+00 -2.608292203096e-01 -7.747421517673e+00 0.000000000000e+00 1.000000000000e+00 0.000000000000e+00 -6.589287404536e-02 2.608292203096e-01 0.000000000000e+00 -9.653849583626e-01 6.990838686928e+00
5.6700260162e+01 -9.469355267249e-01 0.000000000000e+00 -3.214235651384e-01 -7.746164694381e+00 0.000000000000e+00 1.000000000000e+00 0.000000000000e+00 -7.189242338930e-02 3.214235651384e-01 0.000000000000e+00 -9.469355267249e-01 7.420640310285e+00
5.6800049782e+01 -9.229944820319e-01 0.000000000000e+00 -3.848131834263e-01 -7.768585362355e+00 0.000000000000e+00 1.000000000000e+00 0.000000000000e+00 -4.669191081697e-02 3.848131834263e-01 0.000000000000e+00 -9.229944820319e-01 7.859227252323e+00
5.6899977684e+01 -9.003872049237e-01 0.000000000000e+00 -4.350895094227e-01 -7.808263335851e+00 0.000000000000e+00 1.000000000000e+00 0.000000000000e+00 -5.159136791187e-02 4.350895094227e-01 0.000000000000e+00 -9.003872049237e-01 8.280547577932e+00
5.7000312805e+01 -8.703457297706e-01 0.000000000000e+00 -4.924411748322e-01 -7.869358879026e+00 0.000000000000e+00 1.000000000000e+00 0.000000000000e+00 -5.779079190201e-02 4.924411748322e-01 0.000000000000e+00 -8.703457297706e-01 8.687524951345e+00
5.7101041317e+01 -8.292342853754e-01 0.000000000000e+00 -5.589011540138e-01 -7.965145334283e+00 0.000000000000e+00 1.000000000000e+00 0.000000000000e+00 -7.499016402002e-02 5.589011540138e-01 0.000000000000e+00 -8.292342853754e-01 9.085387553614e+00
5.7200361013e+01 -8.048418909088e-01 0.000000000000e+00 -5.934892843501e-01 -8.107916666384e+00 0.000000000000e+00 1.000000000000e+00 0.000000000000e+00 -4.728948710195e-02 5.934892843501e-01 0.000000000000e+00 -8.048418909088e-01 9.458044663563e+00
5.7300114632e+01 -7.568242355025e-01 0.000000000000e+00 -6.536184487574e-01 -8.252772082856e+00 0.000000000000e+00 1.000000000000e+00 0.000000000000e+00 -4.108879486975e-02 6.536184487574e-01 0.000000000000e+00 -7.568242355025e-01 9.820541799158e+00
5.7399990082e+01 -7.156716182749e-01 0.000000000000e+00 -6.984369225605e-01 -8.413781306362e+00 0.000000000000e+00 1.000000000000e+00 0.000000000000e+00 -5.378810150892e-02 6.984369225605e-01 0.000000000000e+00 -7.156716182749e-01 1.015501404811e+01
5.7500017881e+01 -6.619635086611e-01 0.000000000000e+00 -7.495360653104e-01 -8.600707463480e+00 0.000000000000e+00 1.000000000000e+00 0.000000000000e+00 -5.588737536640e-02 7.495360653104e-01 0.000000000000e+00 -6.619635086611e-01 1.047170784710e+01
5.7600114107e+01 -6.092426455346e-01 0.000000000000e+00 -7.929838578824e-01 -8.816375573701e+00 0.000000000000e+00 1.000000000000e+00 0.000000000000e+00 -6.038663320534e-02 7.929838578824e-01 0.000000000000e+00 -6.092426455346e-01 1.075979154559e+01
5.7700712442e+01 -5.441874173691e-01 0.000000000000e+00 -8.389636790572e-01 -9.033938328927e+00 0.000000000000e+00 1.000000000000e+00 0.000000000000e+00 -6.408590205998e-02 8.389636790572e-01 0.000000000000e+00 -5.441874173691e-01 1.102229225018e+01
5.7830442667e+01 -4.783699827070e-01 0.000000000000e+00 -8.781583909779e-01 -9.269128921029e+00 0.000000000000e+00 1.000000000000e+00 0.000000000000e+00 -8.578517385304e-02 8.781583909779e-01 0.000000000000e+00 -4.783699827070e-01 1.125304363396e+01
5.7900286674e+01 -4.104790572548e-01 0.000000000000e+00 -9.118700255822e-01 -9.533521707228e+00 0.000000000000e+00 1.000000000000e+00 0.000000000000e+00 -9.158441277525e-02 9.118700255822e-01 0.000000000000e+00 -4.104790572548e-01 1.146458786267e+01
5.8000035286e+01 -3.233030912493e-01 0.000000000000e+00 -9.462954671711e-01 -9.786414030032e+00 0.000000000000e+00 1.000000000000e+00 0.000000000000e+00 -7.968369641507e-02 9.462954671711e-01 0.000000000000e+00 -3.233030912493e-01 1.163838443845e+01
5.8100049973e+01 -2.521416774531e-01 0.000000000000e+00 -9.676903298531e-01 -1.005259090296e+01 0.000000000000e+00 1.000000000000e+00 0.000000000000e+00 -9.538300367811e-02 9.676903298531e-01 0.000000000000e+00 -2.521416774531e-01 1.178119542606e+01
5.8200215816e+01 -1.689886731377e-01 0.000000000000e+00 -9.856179931145e-01 -1.032056789527e+01 0.000000000000e+00 1.000000000000e+00 0.000000000000e+00 -9.368234903155e-02 9.856179931145e-01 0.000000000000e+00 -1.689886731377e-01 1.188324141758e+01
5.8300603867e+01 -9.032402209856e-02 0.000000000000e+00 -9.959124314075e-01 -1.059736965505e+01 0.000000000000e+00 1.000000000000e+00 0.000000000000e+00 -1.045817109131e-01 9.959124314075e-01 0.000000000000e+00 -9.032402209856e-02 1.195869180041e+01
5.8400174141e+01 -9.929710947586e-03 0.000000000000e+00 -9.999506992050e-01 -1.086844043735e+01 0.000000000000e+00 1.000000000000e+00 0.000000000000e+00 -1.219811220532e-01 9.999506992050e-01 0.000000000000e+00 -9.929710947586e-03 1.199948105831e+01
5.8500017166e+01 7.327775268455e-02 0.000000000000e+00 -9.973115716573e-01 -1.114439363467e+01 0.000000000000e+00 1.000000000000e+00 0.000000000000e+00 -1.324805795477e-01 9.973115716573e-01 0.000000000000e+00 7.327775268455e-02 1.199757421180e+01
5.8600279093e+01 1.382563145964e-01 0.000000000000e+00 -9.903964819577e-01 -1.142009913548e+01 0.000000000000e+00 1.000000000000e+00 0.000000000000e+00 -1.409800656111e-01 9.903964819577e-01 0.000000000000e+00 1.382563145964e-01 1.197908429779e+01
5.8700295448e+01 2.280491633111e-01 0.000000000000e+00 -9.736496182473e-01 -1.168367459701e+01 0.000000000000e+00 1.000000000000e+00 0.000000000000e+00 -1.535795637731e-01 9.736496182473e-01 0.000000000000e+00 2.280491633111e-01 1.194062681450e+01
5.8799952984e+01 3.149056564290e-01 0.000000000000e+00 -9.491229780956e-01 -1.196804495027e+01 0.000000000000e+00 1.000000000000e+00 0.000000000000e+00 -1.546790771571e-01 9.491229780956e-01 0.000000000000e+00 3.149056564290e-01 1.186331693307e+01
5.8899959087e+01 3.942789195142e-01 0.000000000000e+00 -9.189908234725e-01 -1.224973707675e+01 0.000000000000e+00 1.000000000000e+00 0.000000000000e+00 -1.773786369027e-01 9.189908234725e-01 0.000000000000e+00 3.942789195142e-01 1.175564228964e+01
5.8999949694e+01 4.906025929183e-01 0.000000000000e+00 -8.713834378859e-01 -1.254618784975e+01 0.000000000000e+00 1.000000000000e+00 0.000000000000e+00 -1.556781815209e-01 8.713834378859e-01 0.000000000000e+00 4.906025929183e-01 1.161290583920e+01
5.9100081205e+01 5.529000721560e-01 0.000000000000e+00 -8.332475683792e-01 -1.285813607119e+01 0.000000000000e+00 1.000000000000e+00 0.000000000000e+00 -1.725777566053e-01 8.332475683792e-01 0.000000000000e+00 5.529000721560e-01 1.145085123714e+01
5.9200338840e+01 6.231334347538e-01 0.000000000000e+00 -7.821155429295e-01 -1.314538427410e+01 0.000000000000e+00 1.000000000000e+00 0.000000000000e+00 -1.872774237439e-01 7.821155429295e-01 0.000000000000e+00 6.231334347538e-01 1.124064367003e+01
5.9300050020e+01 6.863725064107e-01 0.000000000000e+00 -7.272501512159e-01 -1.341828100130e+01 0.000000000000e+00 1.000000000000e+00 0.000000000000e+00 -2.050771714009e-01 7.272501512159e-01 0.000000000000e+00 6.863725064107e-01 1.099336180209e+01
5.9400090456e+01 7.490277157958e-01 0.000000000000e+00 -6.625386637546e-01 -1.369595320503e+01 0.000000000000e+00 1.000000000000e+00 0.000000000000e+00 -2.388769458925e-01 6.625386637546e-01 0.000000000000e+00 7.490277157958e-01 1.070789001813e+01
5.9500066519e+01 7.996333826124e-01 0.000000000000e+00 -6.004885123063e-01 -1.398509728553e+01 0.000000000000e+00 1.000000000000e+00 0.000000000000e+00 -2.254766708436e-01 6.004885123063e-01 0.000000000000e+00 7.996333826124e-01 1.043221988698e+01
5.9599995852e+01 8.495217840987e-01 0.000000000000e+00 -5.275535407348e-01 -1.423214991578e+01 0.000000000000e+00 1.000000000000e+00 0.000000000000e+00 -2.628765796654e-01 5.275535407348e-01 0.000000000000e+00 8.495217840987e-01 1.008202517119e+01
5.9700413704e+01 8.879428244751e-01 0.000000000000e+00 -4.599538460141e-01 -1.449151785328e+01 0.000000000000e+00 1.000000000000e+00 0.000000000000e+00 -2.541764170203e-01 4.599538460141e-01 0.000000000000e+00 8.879428244751e-01 9.752570542403e+00
5.9799993992e+01 9.216134674729e-01 0.000000000000e+00 -3.881090266569e-01 -1.474379143109e+01 0.000000000000e+00 1.000000000000e+00 0.000000000000e+00 -2.519762901318e-01 3.881090266569e-01 0.000000000000e+00 9.216134674729e-01 9.395817662091e+00
5.9900267363e+01 9.538621333375e-01 0.000000000000e+00 -3.002449509731e-01 -1.498585595522e+01 0.000000000000e+00 1.000000000000e+00 0.000000000000e+00 -2.323761968539e-01 3.002449509731e-01 0.000000000000e+00 9.538621333375e-01 9.011226567973e+00
6.0000046253e+01 9.684513696771e-01 0.000000000000e+00 -2.492026175035e-01 -1.518534111193e+01 0.000000000000e+00 1.000000000000e+00 0.000000000000e+00 -2.376762311766e-01 2.492026175035e-01 0.000000000000e+00 9.684513696771e-01 8.613925031131e+00
6.0100217581e+01 9.881938797187e-01 0.000000000000e+00 -1.532085379036e-01 -1.537584715496e+01 0.000000000000e+00 1.000000000000e+00 0.000000000000e+00 -2.259762599929e-01 1.532085379036e-01 0.000000000000e+00 9.881938797187e-01 8.196910746097e+00
6.0200055599e+01 9.940457382767e-01 0.000000000000e+00 -1.089636187631e-01 -1.551719836492e+01 0.000000000000e+00 1.000000000000e+00 0.000000000000e+00 -2.369763784278e-01 1.089636187631e-01 0.000000000000e+00 9.940457382767e-01 7.811771530836e+00
6.0300173521e+01 9.995126056631e-01 0.000000000000e+00 -3.121780134196e-02 -1.563292103901e+01 0.000000000000e+00 1.000000000000e+00 0.000000000000e+00 -2.513765561634e-01 3.121780134196e-02 0.000000000000e+00 9.995126056631e-01 7.401101052833e+00
6.0399995565e+01 9.998101656860e-01 0.000000000000e+00 1.948416256503e-02 -1.572851098093e+01 0.000000000000e+00 1.000000000000e+00 0.000000000000e+00 -2.521767683246e-01 -1.948416256503e-02 0.000000000000e+00 9.998101656860e-01 6.994527694700e+00
6.0500005960e+01 9.955705589261e-01 0.000000000000e+00 9.401735052372e-02 -1.581482879105e+01 0.000000000000e+00 1.000000000000e+00 0.000000000000e+00 -2.622769678652e-01 -9.401735052372e-02 0.000000000000e+00 9.955705589261e-01 6.599216793933e+00
6.0599943161e+01 9.924755781077e-01 0.000000000000e+00 1.224427493152e-01 -1.585525705432e+01 0.000000000000e+00 1.000000000000e+00 0.000000000000e+00 -2.536772459724e-01 -1.224427493152e-01 0.000000000000e+00 9.924755781077e-01 6.225925847822e+00
6.0700037956e+01 9.828931485319e-01 0.000000000000e+00 1.841767047403e-01 -1.587905355717e+01 0.000000000000e+00 1.000000000000e+00 0.000000000000e+00 -3.066775794381e-01 -1.841767047403e-01 0.000000000000e+00 9.828931485319e-01 5.818665978408e+00
6.0800521612e+01 -2.115694342077e-01 0.000000000000e+00 9.773629696838e-01 -1.656169275932e+01 0.000000000000e+00 1.000000000000e+00 0.000000000000e+00 -2.335778425856e-01 -9.773629696838e-01 0.000000000000e+00 -2.115694342077e-01 5.243439065026e+00
6.0900099039e+01 9.587373869519e-01 0.000000000000e+00 2.842931987591e-01 -1.591201142469e+01 0.000000000000e+00 1.000000000000e+00 0.000000000000e+00 -2.458781910295e-01 -2.842931987591e-01 0.000000000000e+00 9.587373869519e-01 5.044678555101e+00
6.0999974251e+01 9.379601910983e-01 0.000000000000e+00 3.467429594309e-01 -1.591645346274e+01 0.000000000000e+00 1.000000000000e+00 0.000000000000e+00 -2.309785251482e-01 -3.467429594309e-01 0.000000000000e+00 9.379601910983e-01 4.630817381182e+00
6.1100139380e+01 9.236698600780e-01 0.000000000000e+00 3.831892346915e-01 -1.587770815648e+01 0.000000000000e+00 1.000000000000e+00 0.000000000000e+00 -2.428789432036e-01 -3.831892346915e-01 0.000000000000e+00 9.236698600780e-01 4.205293310424e+00
6.1199940681e+01 8.954457264508e-01 0.000000000000e+00 4.451706987000e-01 -1.583663498930e+01 0.000000000000e+00 1.000000000000e+00 0.000000000000e+00 -2.156793714346e-01 -4.451706987000e-01 0.000000000000e+00 8.954457264508e-01 3.760826411922e+00
6.1299962759e+01 8.862571921429e-01 0.000000000000e+00 4.631934686230e-01 -1.575175926881e+01 0.000000000000e+00 1.000000000000e+00 0.000000000000e+00 -2.503798480110e-01 -4.631934686230e-01 0.000000000000e+00 8.862571921429e-01 3.324921032612e+00
6.1400024652e+01 8.586944163682e-01 0.000000000000e+00 5.124879503930e-01 -1.568418423480e+01 0.000000000000e+00 1.000000000000e+00 0.000000000000e+00 -2.467802786786e-01 -5.124879503930e-01 0.000000000000e+00 8.586944163682e-01 2.882249731241e+00
6.1500333548e+01 8.260717693337e-01 0.000000000000e+00 5.635649314053e-01 -1.558884274333e+01 0.000000000000e+00 1.000000000000e+00 0.000000000000e+00 -2.234807609261e-01 -5.635649314053e-01 0.000000000000e+00 8.260717693337e-01 2.424847588092e+00
6.1600683212e+01 8.456801119968e-01 0.000000000000e+00 5.336901237358e-01 -1.546680126869e+01 0.000000000000e+00 1.000000000000e+00 0.000000000000e+00 -2.261811924022e-01 -5.336901237358e-01 0.000000000000e+00 8.456801119968e-01 1.998696458582e+00
6.1700015068e+01 8.152819096518e-01 0.000000000000e+00 5.790642518707e-01 -1.538984346805e+01 0.000000000000e+00 1.000000000000e+00 0.000000000000e+00 -2.502815633145e-01 -5.790642518707e-01 0.000000000000e+00 8.152819096518e-01 1.536615598904e+00
6.1800006151e+01 -2.142250297208e-01 0.000000000000e+00 9.767843347644e-01 -1.587622682435e+01 0.000000000000e+00 1.000000000000e+00 0.000000000000e+00 -1.537817850867e-01 -9.767843347644e-01 0.000000000000e+00 -2.142250297208e-01 1.089191064279e+00
6.1900023937e+01 -2.185461255823e-01 0.000000000000e+00 9.758266193300e-01 -1.575222102806e+01 0.000000000000e+00 1.000000000000e+00 0.000000000000e+00 -1.557821671541e-01 -9.758266193300e-01 0.000000000000e+00 -2.185461255823e-01 6.171590078769e-01
6.2000003338e+01 -2.185461255823e-01 0.000000000000e+00 9.758266193300e-01 -1.563145521820e+01 0.000000000000e+00 1.000000000000e+00 0.000000000000e+00 -1.311825036574e-01 -9.758266193300e-01 0.000000000000e+00 -2.185461255823e-01 1.321728586323e-01
6.2099986792e+01 -2.185461255823e-01 0.000000000000e+00 9.758266193300e-01 -1.552331874446e+01 0.000000000000e+00 1.000000000000e+00 0.000000000000e+00 -1.163827690598e-01 -9.758266193300e-01 0.000000000000e+00 -2.185461255823e-01 -3.558854025091e-01
6.2200150251e+01 -2.185461255823e-01 0.000000000000e+00 9.758266193300e-01 -1.541966397230e+01 0.000000000000e+00 1.000000000000e+00 0.000000000000e+00 -1.273829877750e-01 -9.758266193300e-01 0.000000000000e+00 -2.185461255823e-01 -8.468540209527e-01
6.2299973488e+01 -2.185461255823e-01 0.000000000000e+00 9.758266193300e-01 -1.530203686042e+01 0.000000000000e+00 1.000000000000e+00 0.000000000000e+00 -1.409831958660e-01 -9.758266193300e-01 0.000000000000e+00 -2.185461255823e-01 -1.344478185007e+00
6.2399998665e+01 -2.185461255823e-01 0.000000000000e+00 9.758266193300e-01 -1.521038820879e+01 0.000000000000e+00 1.000000000000e+00 0.000000000000e+00 -1.374832990351e-01 -9.758266193300e-01 0.000000000000e+00 -2.185461255823e-01 -1.854715011055e+00
6.2500162125e+01 -2.185461255823e-01 0.000000000000e+00 9.758266193300e-01 -1.512047929572e+01 0.000000000000e+00 1.000000000000e+00 0.000000000000e+00 -1.498833543317e-01 -9.758266193300e-01 0.000000000000e+00 -2.185461255823e-01 -2.371671490975e+00
6.2601003170e+01 -2.185461255823e-01 0.000000000000e+00 9.758266193300e-01 -1.503668452391e+01 0.000000000000e+00 1.000000000000e+00 0.000000000000e+00 -1.261833478207e-01 -9.758266193300e-01 0.000000000000e+00 -2.185461255823e-01 -2.905525027734e+00
6.2700386047e+01 -2.185461255823e-01 0.000000000000e+00 9.758266193300e-01 -1.496399264389e+01 0.000000000000e+00 1.000000000000e+00 0.000000000000e+00 -1.135832600715e-01 -9.758266193300e-01 0.000000000000e+00 -2.185461255823e-01 -3.456690215383e+00
6.2800067425e+01 -2.185461255823e-01 0.000000000000e+00 9.758266193300e-01 -1.483971491134e+01 0.000000000000e+00 1.000000000000e+00 0.000000000000e+00 -2.068831998130e-01 -9.758266193300e-01 0.000000000000e+00 -2.185461255823e-01 -4.074190945443e+00
6.2900401592e+01 8.640698243860e-01 0.000000000000e+00 5.033719684145e-01 -1.418698155567e+01 0.000000000000e+00 1.000000000000e+00 0.000000000000e+00 -2.141830142338e-01 -5.033719684145e-01 0.000000000000e+00 8.640698243860e-01 -4.543515041378e+00
6.3000340462e+01 8.621458952591e-01 0.000000000000e+00 5.066600983774e-01 -1.413806009307e+01 0.000000000000e+00 1.000000000000e+00 0.000000000000e+00 -2.081827167169e-01 -5.066600983774e-01 0.000000000000e+00 8.621458952591e-01 -5.105009329937e+00
6.3100291967e+01 8.605693373705e-01 0.000000000000e+00 5.093333049956e-01 -1.410780644168e+01 0.000000000000e+00 1.000000000000e+00 0.000000000000e+00 -1.969823380952e-01 -5.093333049956e-01 0.000000000000e+00 8.605693373705e-01 -5.654082765503e+00
6.3201287746e+01 8.687003398061e-01 0.000000000000e+00 4.953379852392e-01 -1.407480151679e+01 0.000000000000e+00 1.000000000000e+00 0.000000000000e+00 -1.972819054830e-01 -4.953379852392e-01 0.000000000000e+00 8.687003398061e-01 -6.197013954170e+00
6.3301362276e+01 8.881502273401e-01 0.000000000000e+00 4.595532326900e-01 -1.405629831254e+01 0.000000000000e+00 1.000000000000e+00 0.000000000000e+00 -1.891813744385e-01 -4.595532326900e-01 0.000000000000e+00 8.881502273401e-01 -6.728318635750e+00
6.3400305033e+01 8.998037138708e-01 0.000000000000e+00 4.362949421027e-01 -1.405696917964e+01 0.000000000000e+00 1.000000000000e+00 0.000000000000e+00 -1.949807935779e-01 -4.362949421027e-01 0.000000000000e+00 8.998037138708e-01 -7.242182142473e+00
6.3500403166e+01 9.134843698272e-01 0.000000000000e+00 4.068738208356e-01 -1.406321392484e+01 0.000000000000e+00 1.000000000000e+00 0.000000000000e+00 -1.868801745714e-01 -4.068738208356e-01 0.000000000000e+00 9.134843698272e-01 -7.736095302480e+00
6.3600548029e+01 9.235047426920e-01 0.000000000000e+00 3.835870047660e-01 -1.406180274678e+01 0.000000000000e+00 1.000000000000e+00 0.000000000000e+00 -1.703795429939e-01 -3.835870047660e-01 0.000000000000e+00 9.235047426920e-01 -8.226035095850e+00
6.3700421572e+01 9.208752357851e-01 0.000000000000e+00 3.898574099818e-01 -1.408018860852e+01 0.000000000000e+00 1.000000000000e+00 0.000000000000e+00 -1.873788614787e-01 -3.898574099818e-01 0.000000000000e+00 9.208752357851e-01 -8.721617794643e+00
6.3800331593e+01 9.346324283560e-01 0.000000000000e+00 3.556152750731e-01 -1.412255596058e+01 0.000000000000e+00 1.000000000000e+00 0.000000000000e+00 -1.740780736521e-01 -3.556152750731e-01 0.000000000000e+00 9.346324283560e-01 -9.189896159448e+00
6.3900102615e+01 9.426957600328e-01 0.000000000000e+00 3.336535688648e-01 -1.417316437411e+01 0.000000000000e+00 1.000000000000e+00 0.000000000000e+00 -1.927772450425e-01 -3.336535688648e-01 0.000000000000e+00 9.426957600328e-01 -9.660100313625e+00
6.4000252485e+01 9.613287791404e-01 0.000000000000e+00 2.754033013534e-01 -1.424456718328e+01 0.000000000000e+00 1.000000000000e+00 0.000000000000e+00 -2.103763709730e-01 -2.754033013534e-01 0.000000000000e+00 9.613287791404e-01 -1.007749529286e+01
6.4100023508e+01 9.747997588743e-01 0.000000000000e+00 2.230816668813e-01 -1.434944881485e+01 0.000000000000e+00 1.000000000000e+00 0.000000000000e+00 -2.159754197780e-01 -2.230816668813e-01 0.000000000000e+00 9.747997588743e-01 -1.048160360865e+01
6.4200253963e+01 9.876533040864e-01 0.000000000000e+00 1.566555167467e-01 -1.447468875204e+01 0.000000000000e+00 1.000000000000e+00 0.000000000000e+00 -2.032744183925e-01 -1.566555167467e-01 0.000000000000e+00 9.876533040864e-01 -1.086307186260e+01
6.4300285339e+01 9.921780943806e-01 0.000000000000e+00 1.248304010702e-01 -1.461990823775e+01 0.000000000000e+00 1.000000000000e+00 0.000000000000e+00 -2.065733974307e-01 -1.248304010702e-01 0.000000000000e+00 9.921780943806e-01 -1.123763412842e+01
6.4400081635e+01 9.969662609006e-01 0.000000000000e+00 7.783491906511e-02 -1.478002191347e+01 0.000000000000e+00 1.000000000000e+00 0.000000000000e+00 -1.924723321546e-01 -7.783491906511e-02 0.000000000000e+00 9.969662609006e-01 -1.159349971822e+01
6.4500373602e+01 9.996656512699e-01 0.000000000000e+00 2.585702363375e-02 -1.495967703535e+01 0.000000000000e+00 1.000000000000e+00 0.000000000000e+00 -2.056712465330e-01 -2.585702363375e-02 0.000000000000e+00 9.996656512699e-01 -1.191894260393e+01
6.4599990845e+01 9.996963366724e-01 0.000000000000e+00 -2.464212741951e-02 -1.516253716166e+01 0.000000000000e+00 1.000000000000e+00 0.000000000000e+00 -2.168701375764e-01 2.464212741951e-02 0.000000000000e+00 9.996963366724e-01 -1.221834724126e+01
6.4700098991e+01 9.956236864255e-01 0.000000000000e+00 -9.345306323782e-02 -1.537288366308e+01 0.000000000000e+00 1.000000000000e+00 0.000000000000e+00 -2.167690378873e-01 9.345306323782e-02 0.000000000000e+00 9.956236864255e-01 -1.248074283004e+01
6.4828884840e+01 9.901621984140e-01 0.000000000000e+00 -1.399243396692e-01 -1.560336392167e+01 0.000000000000e+00 1.000000000000e+00 0.000000000000e+00 -2.311679037262e-01 1.399243396692e-01 0.000000000000e+00 9.901621984140e-01 -1.274184877154e+01
6.4900008917e+01 9.806713268236e-01 0.000000000000e+00 -1.956623334881e-01 -1.585390663441e+01 0.000000000000e+00 1.000000000000e+00 0.000000000000e+00 -2.513667517262e-01 1.956623334881e-01 0.000000000000e+00 9.806713268236e-01 -1.297271183822e+01
6.5001320839e+01 9.677931973268e-01 0.000000000000e+00 -2.517465535177e-01 -1.611252612534e+01 0.000000000000e+00 1.000000000000e+00 0.000000000000e+00 -2.631656034707e-01 2.517465535177e-01 0.000000000000e+00 9.677931973268e-01 -1.318223170338e+01
6.5100483179e+01 9.509966929761e-01 0.000000000000e+00 -3.092010510145e-01 -1.636972244877e+01 0.000000000000e+00 1.000000000000e+00 0.000000000000e+00 -2.718645088737e-01 3.092010510145e-01 0.000000000000e+00 9.509966929761e-01 -1.336203053818e+01
6.5200024366e+01 9.368899495116e-01 0.000000000000e+00 -3.496244020433e-01 -1.664723820191e+01 0.000000000000e+00 1.000000000000e+00 0.000000000000e+00 -2.727633786940e-01 3.496244020433e-01 0.000000000000e+00 9.368899495116e-01 -1.353349348662e+01
6.5300021410e+01 9.158629513480e-01 0.000000000000e+00 -4.014910389388e-01 -1.693229351821e+01 0.000000000000e+00 1.000000000000e+00 0.000000000000e+00 -2.767622513849e-01 4.014910389388e-01 0.000000000000e+00 9.158629513480e-01 -1.368340762594e+01
6.5400006771e+01 8.912899491127e-01 0.000000000000e+00 -4.534338172332e-01 -1.723381504898e+01 0.000000000000e+00 1.000000000000e+00 0.000000000000e+00 -2.655611298556e-01 4.534338172332e-01 0.000000000000e+00 8.912899491127e-01 -1.380441582237e+01
6.5500031948e+01 8.589681986763e-01 0.000000000000e+00 -5.120289383060e-01 -1.753922777665e+01 0.000000000000e+00 1.000000000000e+00 0.000000000000e+00 -2.874600438745e-01 5.120289383060e-01 0.000000000000e+00 8.589681986763e-01 -1.389604608517e+01
6.5600035667e+01 8.233990140100e-01 0.000000000000e+00 -5.674628302606e-01 -1.785268261749e+01 0.000000000000e+00 1.000000000000e+00 0.000000000000e+00 -3.024589564853e-01 5.674628302606e-01 0.000000000000e+00 8.233990140100e-01 -1.397493134792e+01
6.5700093746e+01 7.857307246700e-01 0.000000000000e+00 -6.185686932828e-01 -1.818076839440e+01 0.000000000000e+00 1.000000000000e+00 0.000000000000e+00 -3.113578493434e-01 6.185686932828e-01 0.000000000000e+00 7.857307246700e-01 -1.404080223354e+01
6.5799936056e+01 7.401073787517e-01 0.000000000000e+00 -6.724887121114e-01 -1.852289224315e+01 0.000000000000e+00 1.000000000000e+00 0.000000000000e+00 -3.425567559904e-01 6.724887121114e-01 0.000000000000e+00 7.401073787517e-01 -1.407691989138e+01
6.5900177956e+01 6.837749757531e-01 0.000000000000e+00 -7.296929371550e-01 -1.888803353630e+01 0.000000000000e+00 1.000000000000e+00 0.000000000000e+00 -3.450556581787e-01 7.296929371550e-01 0.000000000000e+00 6.837749757531e-01 -1.408135945895e+01
6.6000805855e+01 6.289588429419e-01 0.000000000000e+00 -7.774385981447e-01 -1.926906085849e+01 0.000000000000e+00 1.000000000000e+00 0.000000000000e+00 -3.320545684809e-01 7.774385981447e-01 0.000000000000e+00 6.289588429419e-01 -1.405818061531e+01
6.6100037336e+01 5.595100620098e-01 0.000000000000e+00 -8.288235581291e-01 -1.964653523791e+01 0.000000000000e+00 1.000000000000e+00 0.000000000000e+00 -3.414535542592e-01 8.288235581291e-01 0.000000000000e+00 5.595100620098e-01 -1.400242790081e+01
6.6200039864e+01 4.821213052630e-01 0.000000000000e+00 -8.761044726581e-01 -2.001670202157e+01 0.000000000000e+00 1.000000000000e+00 0.000000000000e+00 -3.424526178621e-01 8.761044726581e-01 0.000000000000e+00 4.821213052630e-01 -1.392195480694e+01
6.6300286770e+01 4.060313544922e-01 0.000000000000e+00 -9.138591462415e-01 -2.038707153230e+01 0.000000000000e+00 1.000000000000e+00 0.000000000000e+00 -3.469516966848e-01 9.138591462415e-01 0.000000000000e+00 4.060313544922e-01 -1.383170722489e+01
6.6400381804e+01 3.192770160935e-01 0.000000000000e+00 -9.476614305723e-01 -2.073851666146e+01 0.000000000000e+00 1.000000000000e+00 0.000000000000e+00 -3.655509042571e-01 9.476614305723e-01 0.000000000000e+00 3.192770160935e-01 -1.371089489398e+01
6.6500103474e+01 2.384490568721e-01 0.000000000000e+00 -9.711550068227e-01 -2.106164398857e+01 0.000000000000e+00 1.000000000000e+00 0.000000000000e+00 -3.763502769319e-01 9.711550068227e-01 0.000000000000e+00 2.384490568721e-01 -1.355435962234e+01
6.6600081682e+01 1.492941372724e-01 0.000000000000e+00 -9.887928299579e-01 -2.138241880044e+01 0.000000000000e+00 1.000000000000e+00 0.000000000000e+00 -3.764496868900e-01 9.887928299579e-01 0.000000000000e+00 1.492941372724e-01 -1.338552106199e+01
6.6700249672e+01 7.127960928305e-02 0.000000000000e+00 -9.974563736327e-01 -2.166115196855e+01 0.000000000000e+00 1.000000000000e+00 0.000000000000e+00 -3.912492634444e-01 9.974563736327e-01 0.000000000000e+00 7.127960928305e-02 -1.319708567468e+01
6.6800643206e+01 -9.806907224408e-03 0.000000000000e+00 -9.999519111291e-01 -2.194144941475e+01 0.000000000000e+00 1.000000000000e+00 0.000000000000e+00 -3.898488447127e-01 9.999519111291e-01 0.000000000000e+00 -9.806907224408e-03 -1.300252327061e+01
6.6912655592e+01 -9.562564404139e-02 0.000000000000e+00 -9.954173678421e-01 -2.218595007752e+01 0.000000000000e+00 1.000000000000e+00 0.000000000000e+00 -4.029486087624e-01 9.954173678421e-01 0.000000000000e+00 -9.562564404139e-02 -1.278120277435e+01
6.7001079321e+01 -1.816632373450e-01 0.000000000000e+00 -9.833608026545e-01 -2.240465444826e+01 0.000000000000e+00 1.000000000000e+00 0.000000000000e+00 -4.123484939105e-01 9.833608026545e-01 0.000000000000e+00 -1.816632373450e-01 -1.254261760200e+01
6.7099981070e+01 -2.555101259003e-01 0.000000000000e+00 -9.668063795623e-01 -2.259312043618e+01 0.000000000000e+00 1.000000000000e+00 0.000000000000e+00 -4.104484711284e-01 9.668063795623e-01 0.000000000000e+00 -2.555101259003e-01 -1.229971596430e+01
6.7200009346e+01 -3.208057108032e-01 0.000000000000e+00 -9.471450236981e-01 -2.275685017063e+01 0.000000000000e+00 1.000000000000e+00 0.000000000000e+00 -4.222485245779e-01 9.471450236981e-01 0.000000000000e+00 -3.208057108032e-01 -1.205036268066e+01
6.7300121307e+01 -3.993893547372e-01 0.000000000000e+00 -9.167814043285e-01 -2.291623359622e+01 0.000000000000e+00 1.000000000000e+00 0.000000000000e+00 -4.043486513381e-01 9.167814043285e-01 0.000000000000e+00 -3.993893547372e-01 -1.178255141614e+01
6.7400249243e+01 -4.987829510540e-01 0.000000000000e+00 -8.667269280101e-01 -2.306218713089e+01 0.000000000000e+00 1.000000000000e+00 0.000000000000e+00 -4.158488758174e-01 8.667269280101e-01 0.000000000000e+00 -4.987829510540e-01 -1.151111461831e+01
6.7500059605e+01 -5.578506349651e-01 0.000000000000e+00 -8.299413648379e-01 -2.317157832947e+01 0.000000000000e+00 1.000000000000e+00 0.000000000000e+00 -4.280491722894e-01 8.299413648379e-01 0.000000000000e+00 -5.578506349651e-01 -1.122054477151e+01
6.7600640059e+01 -6.198338576052e-01 0.000000000000e+00 -7.847330686076e-01 -2.325802715089e+01 0.000000000000e+00 1.000000000000e+00 0.000000000000e+00 -4.335495628843e-01 7.847330686076e-01 0.000000000000e+00 -6.198338576052e-01 -1.092356604534e+01
6.7700249434e+01 -6.874300675273e-01 0.000000000000e+00 -7.262505781473e-01 -2.333307849195e+01 0.000000000000e+00 1.000000000000e+00 0.000000000000e+00 -4.301500234988e-01 7.262505781473e-01 0.000000000000e+00 -6.874300675273e-01 -1.061628732468e+01
6.7800488949e+01 -7.608765121136e-01 0.000000000000e+00 -6.488967046563e-01 -2.337849018940e+01 0.000000000000e+00 1.000000000000e+00 0.000000000000e+00 -4.475505918691e-01 6.488967046563e-01 0.000000000000e+00 -7.608765121136e-01 -1.031456429900e+01
6.7899948835e+01 -8.175285833225e-01 0.000000000000e+00 -5.758880233610e-01 -2.339091462309e+01 0.000000000000e+00 1.000000000000e+00 0.000000000000e+00 -3.645512824431e-01 5.758880233610e-01 0.000000000000e+00 -8.175285833225e-01 -9.982149595875e+00
6.8000023365e+01 -8.666170803793e-01 0.000000000000e+00 -4.989737828732e-01 -2.336939087666e+01 0.000000000000e+00 1.000000000000e+00 0.000000000000e+00 -3.630520286302e-01 4.989737828732e-01 0.000000000000e+00 -8.666170803793e-01 -9.672297629957e+00
6.8099962711e+01 -9.099466987312e-01 0.000000000000e+00 -4.147252168221e-01 -2.332604985730e+01 0.000000000000e+00 1.000000000000e+00 0.000000000000e+00 -3.511528360683e-01 4.147252168221e-01 0.000000000000e+00 -9.099466987312e-01 -9.361150299970e+00
6.8201612473e+01 -9.520996854087e-01 0.000000000000e+00 -3.057878170311e-01 -2.324306686948e+01 0.000000000000e+00 1.000000000000e+00 0.000000000000e+00 -3.511537477907e-01 3.057878170311e-01 0.000000000000e+00 -9.520996854087e-01 -9.077621795885e+00
6.8300176859e+01 -9.802302836383e-01 0.000000000000e+00 -1.978600289054e-01 -2.311725496385e+01 0.000000000000e+00 1.000000000000e+00 0.000000000000e+00 -3.720547369835e-01 1.978600289054e-01 0.000000000000e+00 -9.802302836383e-01 -8.814826850151e+00
6.8400156736e+01 -9.947871872973e-01 0.000000000000e+00 -1.019728002412e-01 -2.296738364130e+01 0.000000000000e+00 1.000000000000e+00 0.000000000000e+00 -3.762557689004e-01 1.019728002412e-01 0.000000000000e+00 -9.947871872973e-01 -8.543588271844e+00
6.8500201941e+01 -9.996658195932e-01 0.000000000000e+00 -2.585051521903e-02 -2.278726428270e+01 0.000000000000e+00 1.000000000000e+00 0.000000000000e+00 -3.720568769801e-01 2.585051521903e-02 0.000000000000e+00 -9.996658195932e-01 -8.251587292032e+00
6.8600304365e+01 -9.994365085683e-01 0.000000000000e+00 3.356583591704e-02 -2.256504242764e+01 0.000000000000e+00 1.000000000000e+00 0.000000000000e+00 -3.912580625670e-01 -3.356583591704e-02 0.000000000000e+00 -9.994365085683e-01 -7.973989173127e+00
6.8700008869e+01 -9.930950139378e-01 0.000000000000e+00 1.173128010572e-01 -2.234008960027e+01 0.000000000000e+00 1.000000000000e+00 0.000000000000e+00 -3.830592183283e-01 -1.173128010572e-01 0.000000000000e+00 -9.930950139378e-01 -7.722312900353e+00
6.8800287247e+01 -9.822043883073e-01 0.000000000000e+00 1.878151740140e-01 -2.207634532060e+01 0.000000000000e+00 1.000000000000e+00 0.000000000000e+00 -3.142604672240e-01 -1.878151740140e-01 0.000000000000e+00 -9.822043883073e-01 -7.463169166773e+00
6.8900250435e+01 -9.658699268103e-01 0.000000000000e+00 2.590275747552e-01 -2.178936998757e+01 0.000000000000e+00 1.000000000000e+00 0.000000000000e+00 -3.083617326126e-01 -2.590275747552e-01 0.000000000000e+00 -9.658699268103e-01 -7.230054797620e+00
6.9000133038e+01 -9.486971963569e-01 0.000000000000e+00 3.161860680432e-01 -2.149674539748e+01 0.000000000000e+00 1.000000000000e+00 0.000000000000e+00 -3.017629834294e-01 -3.161860680432e-01 0.000000000000e+00 -9.486971963569e-01 -6.992319006769e+00
6.9100197554e+01 -9.382084184279e-01 0.000000000000e+00 3.460707494010e-01 -2.117676758585e+01 0.000000000000e+00 1.000000000000e+00 0.000000000000e+00 -3.210642678346e-01 -3.460707494010e-01 0.000000000000e+00 -9.382084184279e-01 -6.765333312000e+00
6.9200324535e+01 -9.193774317497e-01 0.000000000000e+00 3.933765854615e-01 -2.084357461465e+01 0.000000000000e+00 1.000000000000e+00 0.000000000000e+00 -3.004655380658e-01 -3.933765854615e-01 0.000000000000e+00 -9.193774317497e-01 -6.570431105515e+00
6.9300163507e+01 -9.045477849222e-01 0.000000000000e+00 4.263722608147e-01 -2.050304090645e+01 0.000000000000e+00 1.000000000000e+00 0.000000000000e+00 -2.660667901447e-01 -4.263722608147e-01 0.000000000000e+00 -9.045477849222e-01 -6.386538802607e+00
6.9400048018e+01 -8.942478629273e-01 0.000000000000e+00 4.475720720174e-01 -2.017172942896e+01 0.000000000000e+00 1.000000000000e+00 0.000000000000e+00 -2.679679930855e-01 -4.475720720174e-01 0.000000000000e+00 -8.942478629273e-01 -6.195092609190e+00
6.9500219345e+01 -8.768096994309e-01 0.000000000000e+00 4.808375515534e-01 -1.983369677312e+01 0.000000000000e+00 1.000000000000e+00 0.000000000000e+00 -2.414691705869e-01 -4.808375515534e-01 0.000000000000e+00 -8.768096994309e-01 -6.027028023044e+00
6.9600086689e+01 -8.587971905738e-01 0.000000000000e+00 5.123157087798e-01 -1.949049091025e+01 0.000000000000e+00 1.000000000000e+00 0.000000000000e+00 -2.405703299926e-01 -5.123157087798e-01 0.000000000000e+00 -8.587971905738e-01 -5.866484591036e+00
6.9700137615e+01 -8.428088839797e-01 0.000000000000e+00 5.382129551441e-01 -1.914359526944e+01 0.000000000000e+00 1.000000000000e+00 0.000000000000e+00 -2.528714753882e-01 -5.382129551441e-01 0.000000000000e+00 -8.428088839797e-01 -5.705644321527e+00
6.9800456524e+01 -8.272356126529e-01 0.000000000000e+00 5.618551781009e-01 -1.878680139851e+01 0.000000000000e+00 1.000000000000e+00 0.000000000000e+00 -3.184726065432e-01 -5.618551781009e-01 0.000000000000e+00 -8.272356126529e-01 -5.566061856954e+00
6.9900135756e+01 -8.176787713541e-01 0.000000000000e+00 5.756747578944e-01 -1.842259891073e+01 0.000000000000e+00 1.000000000000e+00 0.000000000000e+00 -3.155737672583e-01 -5.756747578944e-01 0.000000000000e+00 -8.176787713541e-01 -5.388381025701e+00
7.0000243187e+01 -8.060510160650e-01 0.000000000000e+00 5.918460606446e-01 -1.804092116945e+01 0.000000000000e+00 1.000000000000e+00 0.000000000000e+00 -3.062749542449e-01 -5.918460606446e-01 0.000000000000e+00 -8.060510160650e-01 -5.203230196962e+00
7.0100209951e+01 -8.041516714732e-01 0.000000000000e+00 5.944241661195e-01 -1.765332434800e+01 0.000000000000e+00 1.000000000000e+00 0.000000000000e+00 -3.040761346521e-01 -5.944241661195e-01 0.000000000000e+00 -8.041516714732e-01 -5.012046633129e+00
7.0201056957e+01 -8.007330635295e-01 0.000000000000e+00 5.990213359895e-01 -1.724372945768e+01 0.000000000000e+00 1.000000000000e+00 0.000000000000e+00 -3.052773469326e-01 -5.990213359895e-01 0.000000000000e+00 -8.007330635295e-01 -4.813677810283e+00
7.0300067425e+01 -8.001979644557e-01 0.000000000000e+00 5.997359566350e-01 -1.682772212704e+01 0.000000000000e+00 1.000000000000e+00 0.000000000000e+00 -2.868785664806e-01 -5.997359566350e-01 0.000000000000e+00 -8.001979644557e-01 -4.584799993732e+00
7.0400089979e+01 -8.099116695847e-01 0.000000000000e+00 5.865518625582e-01 -1.640348261652e+01 0.000000000000e+00 1.000000000000e+00 0.000000000000e+00 -2.721797969142e-01 -5.865518625582e-01 0.000000000000e+00 -8.099116695847e-01 -4.319022563260e+00
7.0500180006e+01 -8.209040970225e-01 0.000000000000e+00 5.710660762921e-01 -1.596676771790e+01 0.000000000000e+00 1.000000000000e+00 0.000000000000e+00 -2.866810135458e-01 -5.710660762921e-01 0.000000000000e+00 -8.209040970225e-01 -4.058387707728e+00
7.0600170612e+01 -8.382205969791e-01 0.000000000000e+00 5.453313037045e-01 -1.553828754422e+01 0.000000000000e+00 1.000000000000e+00 0.000000000000e+00 -2.842821962292e-01 -5.453313037045e-01 0.000000000000e+00 -8.382205969791e-01 -3.759578682525e+00
7.0700086832e+01 -8.486313934629e-01 0.000000000000e+00 5.289846481981e-01 -1.510213978639e+01 0.000000000000e+00 1.000000000000e+00 0.000000000000e+00 -2.597833593813e-01 -5.289846481981e-01 0.000000000000e+00 -8.486313934629e-01 -3.444414578178e+00
7.0801805496e+01 -8.680651880225e-01 0.000000000000e+00 4.964502284654e-01 -1.464845788207e+01 0.000000000000e+00 1.000000000000e+00 0.000000000000e+00 -2.384845244785e-01 -4.964502284654e-01 0.000000000000e+00 -8.680651880225e-01 -3.111529282380e+00
7.0903230906e+01 -8.676587404796e-01 0.000000000000e+00 4.971602458658e-01 -1.420670070787e+01 0.000000000000e+00 1.000000000000e+00 0.000000000000e+00 -2.088856007821e-01 -4.971602458658e-01 0.000000000000e+00 -8.676587404796e-01 -2.807341417709e+00
7.1000017643e+01 -8.804050106527e-01 0.000000000000e+00 4.742225397613e-01 -1.378250586429e+01 0.000000000000e+00 1.000000000000e+00 0.000000000000e+00 -1.922866111871e-01 -4.742225397613e-01 0.000000000000e+00 -8.804050106527e-01 -2.469069238951e+00
7.1100286007e+01 -8.889796632519e-01 0.000000000000e+00 4.579466762894e-01 -1.336757352905e+01 0.000000000000e+00 1.000000000000e+00 0.000000000000e+00 -2.019875553588e-01 -4.579466762894e-01 0.000000000000e+00 -8.889796632519e-01 -2.133095833814e+00
7.1200101852e+01 -8.893389090388e-01 0.000000000000e+00 4.572486247871e-01 -1.296122415869e+01 0.000000000000e+00 1.000000000000e+00 0.000000000000e+00 -1.910884374633e-01 -4.572486247871e-01 0.000000000000e+00 -8.893389090388e-01 -1.804200789510e+00
7.1300195932e+01 -8.996685665566e-01 0.000000000000e+00 4.365735566316e-01 -1.257988261087e+01 0.000000000000e+00 1.000000000000e+00 0.000000000000e+00 -1.668892370831e-01 -4.365735566316e-01 0.000000000000e+00 -8.996685665566e-01 -1.455302258026e+00
7.1401448727e+01 -9.158806319317e-01 0.000000000000e+00 4.014507043866e-01 -1.221189744764e+01 0.000000000000e+00 1.000000000000e+00 0.000000000000e+00 -1.610899745896e-01 -4.014507043866e-01 0.000000000000e+00 -9.158806319317e-01 -1.087052263706e+00
7.1500044107e+01 -9.260724526805e-01 0.000000000000e+00 3.773457464798e-01 -1.185317042370e+01 0.000000000000e+00 1.000000000000e+00 0.000000000000e+00 -1.609906558397e-01 -3.773457464798e-01 0.000000000000e+00 -9.260724526805e-01 -7.190228130657e-01
7.1600075245e+01 -9.329717635390e-01 0.000000000000e+00 3.599495637431e-01 -1.151740039329e+01 0.000000000000e+00 1.000000000000e+00 0.000000000000e+00 -1.520912568792e-01 -3.599495637431e-01 0.000000000000e+00 -9.329717635390e-01 -3.390187908081e-01
7.1700373173e+01 -9.422839861518e-01 0.000000000000e+00 3.348147091182e-01 -1.120220706940e+01 0.000000000000e+00 1.000000000000e+00 0.000000000000e+00 -1.278917854478e-01 -3.348147091182e-01 0.000000000000e+00 -9.422839861518e-01 4.421032874778e-02
7.1800269365e+01 -9.539983423168e-01 0.000000000000e+00 2.998118791121e-01 -1.086712349880e+01 0.000000000000e+00 1.000000000000e+00 0.000000000000e+00 -1.357923104842e-01 -2.998118791121e-01 0.000000000000e+00 -9.539983423168e-01 4.303459627442e-01
7.1927252769e+01 -9.581958606806e-01 0.000000000000e+00 2.861130765530e-01 -1.057362260316e+01 0.000000000000e+00 1.000000000000e+00 0.000000000000e+00 -1.150927271142e-01 -2.861130765530e-01 0.000000000000e+00 -9.581958606806e-01 8.199271899500e-01
7.1999969244e+01 -9.661209803549e-01 0.000000000000e+00 2.580896187724e-01 -1.028249864600e+01 0.000000000000e+00 1.000000000000e+00 0.000000000000e+00 -1.003931079067e-01 -2.580896187724e-01 0.000000000000e+00 -9.661209803549e-01 1.203110683093e+00
7.2100301743e+01 -9.733006775521e-01 0.000000000000e+00 2.295338560573e-01 -9.991289548860e+00 0.000000000000e+00 1.000000000000e+00 0.000000000000e+00 -1.095934526066e-01 -2.295338560573e-01 0.000000000000e+00 -9.733006775521e-01 1.592090529951e+00
7.2200735092e+01 -9.784033692483e-01 0.000000000000e+00 2.067047339652e-01 -9.724008367016e+00 0.000000000000e+00 1.000000000000e+00 0.000000000000e+00 -9.249372341837e-02 -2.067047339652e-01 0.000000000000e+00 -9.784033692483e-01 1.986726360727e+00
7.2300026417e+01 -9.833244910114e-01 0.000000000000e+00 1.818596859590e-01 -9.480662674258e+00 0.000000000000e+00 1.000000000000e+00 0.000000000000e+00 -1.028939261595e-01 -1.818596859590e-01 0.000000000000e+00 -9.833244910114e-01 2.393466682107e+00
7.2400274038e+01 -9.877086253012e-01 0.000000000000e+00 1.563063386612e-01 -9.251716637203e+00 0.000000000000e+00 1.000000000000e+00 0.000000000000e+00 -1.055940760958e-01 -1.563063386612e-01 0.000000000000e+00 -9.877086253012e-01 2.799864306801e+00
7.2500058651e+01 -9.925628351268e-01 0.000000000000e+00 1.217333903454e-01 -9.030598149667e+00 0.000000000000e+00 1.000000000000e+00 0.000000000000e+00 -8.549417396757e-02 -1.217333903454e-01 0.000000000000e+00 -9.925628351268e-01 3.228505676379e+00
7.2600326300e+01 -9.962781719070e-01 0.000000000000e+00 8.619631188007e-02 -8.832838392516e+00 0.000000000000e+00 1.000000000000e+00 0.000000000000e+00 -8.819421182265e-02 -8.619631188007e-02 0.000000000000e+00 -9.962781719070e-01 3.646751930812e+00
7.2700034618e+01 -9.988456516651e-01 0.000000000000e+00 4.803503044292e-02 -8.653020371117e+00 0.000000000000e+00 1.000000000000e+00 0.000000000000e+00 -7.579419393538e-02 -4.803503044292e-02 0.000000000000e+00 -9.988456516651e-01 4.071980133963e+00
7.2800030708e+01 -9.999807307471e-01 0.000000000000e+00 6.207909027895e-03 -8.493234506732e+00 0.000000000000e+00 1.000000000000e+00 0.000000000000e+00 -7.119411839075e-02 -6.207909027895e-03 0.000000000000e+00 -9.999807307471e-01 4.500390163291e+00
7.2900154829e+01 -9.992080771112e-01 0.000000000000e+00 -3.978968001678e-02 -8.345102444526e+00 0.000000000000e+00 1.000000000000e+00 0.000000000000e+00 -3.349400268454e-02 3.978968001678e-02 0.000000000000e+00 -9.992080771112e-01 4.924463211311e+00
7.3000363827e+01 -9.966750631685e-01 0.000000000000e+00 -8.147894487585e-02 -8.228484383484e+00 0.000000000000e+00 1.000000000000e+00 0.000000000000e+00 -3.999381786858e-02 8.147894487585e-02 0.000000000000e+00 -9.966750631685e-01 5.349272885520e+00
7.3100126028e+01 -9.939700662783e-01 0.000000000000e+00 -1.096517548544e-01 -8.141087114147e+00 0.000000000000e+00 1.000000000000e+00 0.000000000000e+00 -3.769357862565e-02 1.096517548544e-01 0.000000000000e+00 -9.939700662783e-01 5.764739733642e+00
7.3199985266e+01 -9.850863605235e-01 0.000000000000e+00 -1.720606355636e-01 -8.056748224809e+00 0.000000000000e+00 1.000000000000e+00 0.000000000000e+00 -3.449330431301e-02 1.720606355636e-01 0.000000000000e+00 -9.850863605235e-01 6.190883559908e+00
7.3299942493e+01 -9.777574890407e-01 0.000000000000e+00 -2.097386293102e-01 -7.995294764542e+00 0.000000000000e+00 1.000000000000e+00 0.000000000000e+00 -4.449297991830e-02 2.097386293102e-01 0.000000000000e+00 -9.777574890407e-01 6.609714287543e+00
7.3400484562e+01 -9.637563567278e-01 0.000000000000e+00 -2.667839666599e-01 -7.955270983522e+00 0.000000000000e+00 1.000000000000e+00 0.000000000000e+00 -3.849260753271e-02 2.667839666599e-01 0.000000000000e+00 -9.637563567278e-01 7.029914677868e+00
7.3500293255e+01 -9.501165103364e-01 0.000000000000e+00 -3.118952016082e-01 -7.955412813745e+00 0.000000000000e+00 1.000000000000e+00 0.000000000000e+00 -3.719218083179e-02 3.118952016082e-01 0.000000000000e+00 -9.501165103364e-01 7.433560032515e+00
7.3600033760e+01 -9.363050851177e-01 0.000000000000e+00 -3.511876814221e-01 -7.975015555481e+00 0.000000000000e+00 1.000000000000e+00 0.000000000000e+00 -4.439171466401e-02 3.511876814221e-01 0.000000000000e+00 -9.363050851177e-01 7.827741265225e+00
7.3700020313e+01 -9.085838637944e-01 0.000000000000e+00 -4.177024807833e-01 -8.004884971486e+00 0.000000000000e+00 1.000000000000e+00 0.000000000000e+00 -2.989121474992e-02 4.177024807833e-01 0.000000000000e+00 -9.085838637944e-01 8.226526680342e+00
7.3800127745e+01 -8.845489798621e-01 0.000000000000e+00 -4.664473198818e-01 -8.057468998850e+00 0.000000000000e+00 1.000000000000e+00 0.000000000000e+00 -3.479068595590e-02 4.664473198818e-01 0.000000000000e+00 -8.845489798621e-01 8.605853591072e+00
7.3900428534e+01 -8.619625898998e-01 0.000000000000e+00 -5.069718864131e-01 -8.153270536165e+00 0.000000000000e+00 1.000000000000e+00 0.000000000000e+00 -9.599010048824e-02 5.069718864131e-01 0.000000000000e+00 -8.619625898998e-01 8.970466720923e+00
7.4010428667e+01 -8.293198357345e-01 0.000000000000e+00 -5.587742031065e-01 -8.258977959791e+00 0.000000000000e+00 1.000000000000e+00 0.000000000000e+00 -9.678951963712e-02 5.587742031065e-01 0.000000000000e+00 -8.293198357345e-01 9.310267099482e+00
7.4100005627e+01 -7.899999450973e-01 0.000000000000e+00 -6.131069129820e-01 -8.374443926443e+00 0.000000000000e+00 1.000000000000e+00 0.000000000000e+00 -1.004889193915e-01 6.131069129820e-01 0.000000000000e+00 -7.899999450973e-01 9.637915316920e+00
7.4199969769e+01 -7.502338029158e-01 0.000000000000e+00 -6.611726256906e-01 -8.510490686035e+00 0.000000000000e+00 1.000000000000e+00 0.000000000000e+00 -1.159882974401e-01 6.611726256906e-01 0.000000000000e+00 -7.502338029158e-01 9.950398184222e+00
7.4299923182e+01 -7.090765054981e-01 0.000000000000e+00 -7.051315546411e-01 -8.672475709469e+00 0.000000000000e+00 1.000000000000e+00 0.000000000000e+00 -1.003876579174e-01 7.051315546411e-01 0.000000000000e+00 -7.090765054981e-01 1.023790124028e+01
7.4400420427e+01 -6.662276115488e-01 0.000000000000e+00 -7.457484626937e-01 -8.843010442880e+00 0.000000000000e+00 1.000000000000e+00 0.000000000000e+00 -1.120870163440e-01 7.457484626937e-01 0.000000000000e+00 -6.662276115488e-01 1.050732833047e+01
7.4500166655e+01 -6.132746448671e-01 0.000000000000e+00 -7.898697424026e-01 -9.024163046470e+00 0.000000000000e+00 1.000000000000e+00 0.000000000000e+00 -1.095863663931e-01 7.898697424026e-01 0.000000000000e+00 -6.132746448671e-01 1.075983509787e+01
7.4600242138e+01 -5.604362550108e-01 0.000000000000e+00 -8.281975634288e-01 -9.234033852137e+00 0.000000000000e+00 1.000000000000e+00 0.000000000000e+00 -1.026856882506e-01 8.281975634288e-01 0.000000000000e+00 -5.604362550108e-01 1.099412105042e+01
7.4700139523e+01 -4.956835030422e-01 0.000000000000e+00 -8.685032324706e-01 -9.436297726150e+00 0.000000000000e+00 1.000000000000e+00 0.000000000000e+00 -1.241850389220e-01 8.685032324706e-01 0.000000000000e+00 -4.956835030422e-01 1.120191565216e+01
7.4800586700e+01 -4.258080318009e-01 0.000000000000e+00 -9.048135277801e-01 -9.669717567289e+00 0.000000000000e+00 1.000000000000e+00 0.000000000000e+00 -1.218843544248e-01 9.048135277801e-01 0.000000000000e+00 -4.258080318009e-01 1.139059562544e+01
7.4900055647e+01 -3.485086610688e-01 0.000000000000e+00 -9.373055601884e-01 -9.906059257987e+00 0.000000000000e+00 1.000000000000e+00 0.000000000000e+00 -1.203836960653e-01 9.373055601884e-01 0.000000000000e+00 -3.485086610688e-01 1.154786336636e+01
7.5000472307e+01 -2.881322140994e-01 0.000000000000e+00 -9.575906365447e-01 -1.015468547231e+01 0.000000000000e+00 1.000000000000e+00 0.000000000000e+00 -1.333830242985e-01 9.575906365447e-01 0.000000000000e+00 -2.881322140994e-01 1.169721950323e+01
7.5101096869e+01 -2.027510465552e-01 0.000000000000e+00 -9.792303166880e-01 -1.041681608401e+01 0.000000000000e+00 1.000000000000e+00 0.000000000000e+00 -1.378823415694e-01 9.792303166880e-01 0.000000000000e+00 -2.027510465552e-01 1.181916004690e+01
7.5200228453e+01 -1.241872573267e-01 0.000000000000e+00 -9.922587994660e-01 -1.068967000908e+01 0.000000000000e+00 1.000000000000e+00 0.000000000000e+00 -1.554816507101e-01 9.922587994660e-01 0.000000000000e+00 -1.241872573267e-01 1.192733280741e+01
7.5300277472e+01 -5.110648769616e-02 0.000000000000e+00 -9.986932096071e-01 -1.098794439656e+01 0.000000000000e+00 1.000000000000e+00 0.000000000000e+00 -1.710809455226e-01 9.986932096071e-01 0.000000000000e+00 -5.110648769616e-02 1.200995347688e+01
7.5399999619e+01 2.942576290782e-02 0.000000000000e+00 -9.995669684805e-01 -1.131758872977e+01 0.000000000000e+00 1.000000000000e+00 0.000000000000e+00 -1.719802279766e-01 9.995669684805e-01 0.000000000000e+00 2.942576290782e-02 1.205394771104e+01
7.5500076056e+01 1.332644640067e-01 0.000000000000e+00 -9.910805126896e-01 -1.164519636893e+01 0.000000000000e+00 1.000000000000e+00 0.000000000000e+00 -1.892795111399e-01 9.910805126896e-01 0.000000000000e+00 1.332644640067e-01 1.207089995367e+01
7.5600435734e+01 2.172862329128e-01 0.000000000000e+00 -9.761079310130e-01 -1.198191566824e+01 0.000000000000e+00 1.000000000000e+00 0.000000000000e+00 -1.913788440679e-01 9.761079310130e-01 0.000000000000e+00 2.172862329128e-01 1.204720182252e+01
7.5700223207e+01 3.032467930652e-01 0.000000000000e+00 -9.529120539146e-01 -1.230381865130e+01 0.000000000000e+00 1.000000000000e+00 0.000000000000e+00 -2.010782380687e-01 9.529120539146e-01 0.000000000000e+00 3.032467930652e-01 1.198991502666e+01
7.5800088167e+01 3.869929195817e-01 0.000000000000e+00 -9.220826862021e-01 -1.261688608036e+01 0.000000000000e+00 1.000000000000e+00 0.000000000000e+00 -2.156777100802e-01 9.220826862021e-01 0.000000000000e+00 3.869929195817e-01 1.188612570982e+01
7.5921585798e+01 4.673233227597e-01 0.000000000000e+00 -8.840864844600e-01 -1.290648308586e+01 0.000000000000e+00 1.000000000000e+00 0.000000000000e+00 -2.062772788510e-01 8.840864844600e-01 0.000000000000e+00 4.673233227597e-01 1.174212971930e+01
7.6000024080e+01 5.490733053730e-01 0.000000000000e+00 -8.357741951788e-01 -1.317964171664e+01 0.000000000000e+00 1.000000000000e+00 0.000000000000e+00 -1.991768998168e-01 8.357741951788e-01 0.000000000000e+00 5.490733053730e-01 1.157283537931e+01
7.6100099087e+01 5.901484381830e-01 0.000000000000e+00 -8.072947546653e-01 -1.346257867674e+01 0.000000000000e+00 1.000000000000e+00 0.000000000000e+00 -2.160765555464e-01 8.072947546653e-01 0.000000000000e+00 5.901484381830e-01 1.139616697855e+01
7.6200024128e+01 6.524919278049e-01 0.000000000000e+00 -7.577956744067e-01 -1.373431789469e+01 0.000000000000e+00 1.000000000000e+00 0.000000000000e+00 -2.313762221041e-01 7.577956744067e-01 0.000000000000e+00 6.524919278049e-01 1.119475809114e+01
7.6300772905e+01 7.217820061707e-01 0.000000000000e+00 -6.921204631914e-01 -1.399474193888e+01 0.000000000000e+00 1.000000000000e+00 0.000000000000e+00 -2.334759396314e-01 6.921204631914e-01 0.000000000000e+00 7.217820061707e-01 1.095619703922e+01
7.6400464058e+01 7.765617968358e-01 0.000000000000e+00 -6.300410904816e-01 -1.425573921749e+01 0.000000000000e+00 1.000000000000e+00 0.000000000000e+00 -2.561756815857e-01 6.300410904816e-01 0.000000000000e+00 7.765617968358e-01 1.070266314602e+01
7.6500277042e+01 8.144042880621e-01 0.000000000000e+00 -5.802979024484e-01 -1.451513077511e+01 0.000000000000e+00 1.000000000000e+00 0.000000000000e+00 -2.642754766845e-01 5.802979024484e-01 0.000000000000e+00 8.144042880621e-01 1.042312614651e+01
7.6600249290e+01 8.663840981531e-01 0.000000000000e+00 -4.993782078420e-01 -1.478752415945e+01 0.000000000000e+00 1.000000000000e+00 0.000000000000e+00 -2.519752394726e-01 4.993782078420e-01 0.000000000000e+00 8.663840981531e-01 1.010912372189e+01
7.6700195074e+01 9.006919913762e-01 0.000000000000e+00 -4.344582104999e-01 -1.500993993755e+01 0.000000000000e+00 1.000000000000e+00 0.000000000000e+00 -2.788751848290e-01 4.344582104999e-01 0.000000000000e+00 9.006919913762e-01 9.756676548760e+00
7.6800355911e+01 9.279450058267e-01 0.000000000000e+00 -3.727171396130e-01 -1.524190783136e+01 0.000000000000e+00 1.000000000000e+00 0.000000000000e+00 -2.770750744175e-01 3.727171396130e-01 0.000000000000e+00 9.279450058267e-01 9.416114855784e+00
7.6900246620e+01 9.616008333095e-01 0.000000000000e+00 -2.744518853614e-01 -1.542071816228e+01 0.000000000000e+00 1.000000000000e+00 0.000000000000e+00 -2.792751679584e-01 2.744518853614e-01 0.000000000000e+00 9.616008333095e-01 8.991089822803e+00
7.7000203848e+01 9.858811722443e-01 0.000000000000e+00 -1.674464517813e-01 -1.560865111201e+01 0.000000000000e+00 1.000000000000e+00 0.000000000000e+00 -3.015752397371e-01 1.674464517813e-01 0.000000000000e+00 9.858811722443e-01 8.552126044129e+00
7.7100119352e+01 9.946493336778e-01 0.000000000000e+00 -1.033087751078e-01 -1.577319806626e+01 0.000000000000e+00 1.000000000000e+00 0.000000000000e+00 -2.990753455461e-01 1.033087751078e-01 0.000000000000e+00 9.946493336778e-01 8.135985628251e+00
7.7200039625e+01 9.993333575762e-01 0.000000000000e+00 -3.650808726248e-02 -1.589955367386e+01 0.000000000000e+00 1.000000000000e+00 0.000000000000e+00 -2.788755397630e-01 3.650808726248e-02 0.000000000000e+00 9.993333575762e-01 7.704805080972e+00
7.7300548077e+01 9.995611506998e-01 0.000000000000e+00 2.962272795927e-02 -1.599935651128e+01 0.000000000000e+00 1.000000000000e+00 0.000000000000e+00 -3.118757629079e-01 -2.962272795927e-02 0.000000000000e+00 9.995611506998e-01 7.287679516716e+00
7.7400134563e+01 9.964088018026e-01 0.000000000000e+00 8.467289820472e-02 -1.607104387593e+01 0.000000000000e+00 1.000000000000e+00 0.000000000000e+00 -3.006760370771e-01 -8.467289820472e-02 0.000000000000e+00 9.964088018026e-01 6.875530415509e+00
7.7500246763e+01 9.895304595369e-01 0.000000000000e+00 1.443241824807e-01 -1.611309499073e+01 0.000000000000e+00 1.000000000000e+00 0.000000000000e+00 -3.051763564502e-01 -1.443241824807e-01 0.000000000000e+00 9.895304595369e-01 6.469024294159e+00
7.7600831747e+01 9.691192214826e-01 0.000000000000e+00 2.465926490246e-01 -1.616016797454e+01 0.000000000000e+00 1.000000000000e+00 0.000000000000e+00 -3.404766651983e-01 -2.465926490246e-01 0.000000000000e+00 9.691192214826e-01 6.050115425709e+00
7.7700276375e+01 9.659271308134e-01 0.000000000000e+00 2.588141765023e-01 -1.617245788238e+01 0.000000000000e+00 1.000000000000e+00 0.000000000000e+00 -3.264769883428e-01 -2.588141765023e-01 0.000000000000e+00 9.659271308134e-01 5.676605706079e+00
7.7800027132e+01 9.558374868286e-01 0.000000000000e+00 2.938957277219e-01 -1.617095965623e+01 0.000000000000e+00 1.000000000000e+00 0.000000000000e+00 -3.587773488575e-01 -2.938957277219e-01 0.000000000000e+00 9.558374868286e-01 5.280207856735e+00
7.7900691032e+01 9.336124176586e-01 0.000000000000e+00 3.582845985996e-01 -1.615668096801e+01 0.000000000000e+00 1.000000000000e+00 0.000000000000e+00 -3.438777341341e-01 -3.582845985996e-01 0.000000000000e+00 9.336124176586e-01 4.881840081423e+00
7.8000080585e+01 9.206458492953e-01 0.000000000000e+00 3.903987963292e-01 -1.612027425245e+01 0.000000000000e+00 1.000000000000e+00 0.000000000000e+00 -3.687781573846e-01 -3.903987963292e-01 0.000000000000e+00 9.206458492953e-01 4.465877448454e+00
7.8100408316e+01 8.932395671579e-01 0.000000000000e+00 4.495810001141e-01 -1.606794237891e+01 0.000000000000e+00 1.000000000000e+00 0.000000000000e+00 -3.589786221613e-01 -4.495810001141e-01 0.000000000000e+00 8.932395671579e-01 4.036916736063e+00
7.8200552464e+01 9.030510243587e-01 0.000000000000e+00 4.295332902170e-01 -1.597888391788e+01 0.000000000000e+00 1.000000000000e+00 0.000000000000e+00 -3.863790934833e-01 -4.295332902170e-01 0.000000000000e+00 9.030510243587e-01 3.622068516122e+00
7.8300166368e+01 8.665129942791e-01 0.000000000000e+00 4.991545159021e-01 -1.594122064129e+01 0.000000000000e+00 1.000000000000e+00 0.000000000000e+00 -3.376794787134e-01 -4.991545159021e-01 0.000000000000e+00 8.665129942791e-01 3.191049208137e+00
7.8400111914e+01 8.615148737183e-01 0.000000000000e+00 5.077323333826e-01 -1.583621288480e+01 0.000000000000e+00 1.000000000000e+00 0.000000000000e+00 -3.542799579984e-01 -5.077323333826e-01 0.000000000000e+00 8.615148737183e-01 2.764825894413e+00
7.8500248671e+01 -2.132858131381e-01 0.000000000000e+00 9.769898473956e-01 -1.628547687443e+01 0.000000000000e+00 1.000000000000e+00 0.000000000000e+00 -3.724804405263e-01 -9.769898473956e-01 0.000000000000e+00 -2.132858131381e-01 2.238201126093e+00
7.8600239038e+01 -2.185461255823e-01 0.000000000000e+00 9.758266193300e-01 -1.615701091324e+01 0.000000000000e+00 1.000000000000e+00 0.000000000000e+00 -4.031809211226e-01 -9.758266193300e-01 0.000000000000e+00 -2.185461255823e-01 1.796372987912e+00
7.8700403452e+01 -2.185461255823e-01 0.000000000000e+00 9.758266193300e-01 -1.604576016440e+01 0.000000000000e+00 1.000000000000e+00 0.000000000000e+00 -3.695813174865e-01 -9.758266193300e-01 0.000000000000e+00 -2.185461255823e-01 1.358810815120e+00
7.8800466299e+01 -2.185461255823e-01 0.000000000000e+00 9.758266193300e-01 -1.591007883913e+01 0.000000000000e+00 1.000000000000e+00 0.000000000000e+00 -2.932817451903e-01 -9.758266193300e-01 0.000000000000e+00 -2.185461255823e-01 9.091928761078e-01
7.8900076628e+01 7.580746661358e-01 0.000000000000e+00 6.521677702578e-01 -1.527096069374e+01 0.000000000000e+00 1.000000000000e+00 0.000000000000e+00 -2.932821351785e-01 -6.521677702578e-01 0.000000000000e+00 7.580746661358e-01 4.957145790192e-01
7.9015855551e+01 7.855318381557e-01 0.000000000000e+00 6.188212433682e-01 -1.513755139715e+01 0.000000000000e+00 1.000000000000e+00 0.000000000000e+00 -2.801824476110e-01 -6.188212433682e-01 0.000000000000e+00 7.855318381557e-01 1.767622687768e-02
7.9100203037e+01 7.891259428918e-01 0.000000000000e+00 6.142314272773e-01 -1.503873967448e+01 0.000000000000e+00 1.000000000000e+00 0.000000000000e+00 -2.689826746007e-01 -6.142314272773e-01 0.000000000000e+00 7.891259428918e-01 -4.729573053273e-01
7.9200269938e+01 8.021738472569e-01 0.000000000000e+00 5.970905448733e-01 -1.493448971477e+01 0.000000000000e+00 1.000000000000e+00 0.000000000000e+00 -2.838828596937e-01 -5.970905448733e-01 0.000000000000e+00 8.021738472569e-01 -9.637058252386e-01
7.9300140858e+01 7.981264448647e-01 0.000000000000e+00 6.024899816657e-01 -1.484209248159e+01 0.000000000000e+00 1.000000000000e+00 0.000000000000e+00 -2.865830003981e-01 -6.024899816657e-01 0.000000000000e+00 7.981264448647e-01 -1.475251486769e+00
7.9400439739e+01 8.243294135763e-01 0.000000000000e+00 5.661104290798e-01 -1.476764361903e+01 0.000000000000e+00 1.000000000000e+00 0.000000000000e+00 -2.679830141559e-01 -5.661104290798e-01 0.000000000000e+00 8.243294135763e-01 -1.970934486697e+00
7.9500394821e+01 8.473829298705e-01 0.000000000000e+00 5.309822691616e-01 -1.469368853366e+01 0.000000000000e+00 1.000000000000e+00 0.000000000000e+00 -2.724829859191e-01 -5.309822691616e-01 0.000000000000e+00 8.473829298705e-01 -2.470212949961e+00
7.9600348949e+01 8.549816616645e-01 0.000000000000e+00 5.186582287185e-01 -1.465396011262e+01 0.000000000000e+00 1.000000000000e+00 0.000000000000e+00 -2.654828536955e-01 -5.186582287185e-01 0.000000000000e+00 8.549816616645e-01 -2.998127985030e+00
7.9702074766e+01 8.690630851879e-01 0.000000000000e+00 4.947012775037e-01 -1.462836293951e+01 0.000000000000e+00 1.000000000000e+00 0.000000000000e+00 -2.377826162517e-01 -4.947012775037e-01 0.000000000000e+00 8.690630851879e-01 -3.553430739572e+00
7.9799994469e+01 8.747911973033e-01 0.000000000000e+00 4.845001146757e-01 -1.459070513163e+01 0.000000000000e+00 1.000000000000e+00 0.000000000000e+00 -2.392823641001e-01 -4.845001146757e-01 0.000000000000e+00 8.747911973033e-01 -4.123375166700e+00
7.9920814514e+01 8.814409410057e-01 0.000000000000e+00 4.722942594601e-01 -1.455610765761e+01 0.000000000000e+00 1.000000000000e+00 0.000000000000e+00 -2.457820619198e-01 -4.722942594601e-01 0.000000000000e+00 8.814409410057e-01 -4.674502535110e+00
8.0000306845e+01 8.920226637028e-01 0.000000000000e+00 4.519906718513e-01 -1.454119331976e+01 0.000000000000e+00 1.000000000000e+00 0.000000000000e+00 -2.549816748840e-01 -4.519906718513e-01 0.000000000000e+00 8.920226637028e-01 -5.205430583550e+00
8.0100316763e+01 9.049852462836e-01 0.000000000000e+00 4.254429503577e-01 -1.453874523091e+01 0.000000000000e+00 1.000000000000e+00 0.000000000000e+00 -2.505812047460e-01 -4.254429503577e-01 0.000000000000e+00 9.049852462836e-01 -5.739324181559e+00
8.0200428486e+01 9.112966943519e-01 0.000000000000e+00 4.117503307386e-01 -1.454699049545e+01 0.000000000000e+00 1.000000000000e+00 0.000000000000e+00 -2.353806795102e-01 -4.117503307386e-01 0.000000000000e+00 9.112966943519e-01 -6.271445850086e+00
8.0300297976e+01 9.223821120549e-01 0.000000000000e+00 3.862787068442e-01 -1.457178627824e+01 0.000000000000e+00 1.000000000000e+00 0.000000000000e+00 -2.328800873172e-01 -3.862787068442e-01 0.000000000000e+00 9.223821120549e-01 -6.776270972191e+00
8.0400071621e+01 9.296103192519e-01 0.000000000000e+00 3.685439652746e-01 -1.462103153132e+01 0.000000000000e+00 1.000000000000e+00 0.000000000000e+00 -2.315794045843e-01 -3.685439652746e-01 0.000000000000e+00 9.296103192519e-01 -7.282950072679e+00
8.0500559330e+01 9.349867615722e-01 0.000000000000e+00 3.546826126056e-01 -1.467796391212e+01 0.000000000000e+00 1.000000000000e+00 0.000000000000e+00 -2.342786798622e-01 -3.546826126056e-01 0.000000000000e+00 9.349867615722e-01 -7.778128955604e+00
8.0600309610e+01 9.419237188093e-01 0.000000000000e+00 3.358269017582e-01 -1.473421760509e+01 0.000000000000e+00 1.000000000000e+00 0.000000000000e+00 -2.301779398643e-01 -3.358269017582e-01 0.000000000000e+00 9.419237188093e-01 -8.252420769452e+00
8.0700166941e+01 9.536414664335e-01 0.000000000000e+00 3.009451004727e-01 -1.479285063230e+01 0.000000000000e+00 1.000000000000e+00 0.000000000000e+00 -2.409771464087e-01 -3.009451004727e-01 0.000000000000e+00 9.536414664335e-01 -8.719002067625e+00
8.0800171137e+01 9.661838353208e-01 0.000000000000e+00 2.578542153326e-01 -1.488065316390e+01 0.000000000000e+00 1.000000000000e+00 0.000000000000e+00 -2.458762620598e-01 -2.578542153326e-01 0.000000000000e+00 9.661838353208e-01 -9.169968963949e+00
8.0900787592e+01 9.706135196400e-01 0.000000000000e+00 2.406437106847e-01 -1.498363509992e+01 0.000000000000e+00 1.000000000000e+00 0.000000000000e+00 -2.361753562224e-01 -2.406437106847e-01 0.000000000000e+00 9.706135196400e-01 -9.610343937832e+00
8.1000054598e+01 9.781648636240e-01 0.000000000000e+00 2.078304587194e-01 -1.508045171950e+01 0.000000000000e+00 1.000000000000e+00 0.000000000000e+00 -2.729744258668e-01 -2.078304587194e-01 0.000000000000e+00 9.781648636240e-01 -1.004107706308e+01
8.1100564003e+01 9.866994284825e-01 0.000000000000e+00 1.625553377541e-01 -1.520579162869e+01 0.000000000000e+00 1.000000000000e+00 0.000000000000e+00 -2.564734183321e-01 -1.625553377541e-01 0.000000000000e+00 9.866994284825e-01 -1.044918798567e+01
8.1199968815e+01 9.905446608441e-01 0.000000000000e+00 1.371906515522e-01 -1.534552402681e+01 0.000000000000e+00 1.000000000000e+00 0.000000000000e+00 -2.514723753760e-01 -1.371906515522e-01 0.000000000000e+00 9.905446608441e-01 -1.085425194989e+01
8.1300304651e+01 9.957091010682e-01 0.000000000000e+00 9.253856520421e-02 -1.550439875796e+01 0.000000000000e+00 1.000000000000e+00 0.000000000000e+00 -2.374712977028e-01 -9.253856520421e-02 0.000000000000e+00 9.957091010682e-01 -1.122153033396e+01
8.1400026321e+01 9.987026954709e-01 0.000000000000e+00 5.092078219271e-02 -1.567639840603e+01 0.000000000000e+00 1.000000000000e+00 0.000000000000e+00 -2.669702056614e-01 -5.092078219271e-02 0.000000000000e+00 9.987026954709e-01 -1.156803516787e+01
8.1501333475e+01 9.999458913974e-01 0.000000000000e+00 1.040260916623e-02 -1.587661832206e+01 0.000000000000e+00 1.000000000000e+00 0.000000000000e+00 -2.646690566883e-01 -1.040260916623e-02 0.000000000000e+00 9.999458913974e-01 -1.189465121848e+01
8.1600296021e+01 9.994182704963e-01 0.000000000000e+00 -3.410455392103e-02 -1.606954648599e+01 0.000000000000e+00 1.000000000000e+00 0.000000000000e+00 -2.543679286442e-01 3.410455392103e-02 0.000000000000e+00 9.994182704963e-01 -1.220465856895e+01
8.1700076103e+01 9.965639980339e-01 0.000000000000e+00 -8.282631117349e-02 -1.628337863945e+01 0.000000000000e+00 1.000000000000e+00 0.000000000000e+00 -2.660667741900e-01 8.282631117349e-02 0.000000000000e+00 9.965639980339e-01 -1.248739681763e+01
8.1800084114e+01 9.904718203076e-01 0.000000000000e+00 -1.377155516877e-01 -1.651098312898e+01 0.000000000000e+00 1.000000000000e+00 0.000000000000e+00 -2.772656303407e-01 1.377155516877e-01 0.000000000000e+00 9.904718203076e-01 -1.273508110764e+01
8.1900010347e+01 9.816215421414e-01 0.000000000000e+00 -1.908380150913e-01 -1.676705463581e+01 0.000000000000e+00 1.000000000000e+00 0.000000000000e+00 -2.839644893620e-01 1.908380150913e-01 0.000000000000e+00 9.816215421414e-01 -1.293753618020e+01
8.2000952244e+01 9.695459810496e-01 0.000000000000e+00 -2.449093518641e-01 -1.702428808700e+01 0.000000000000e+00 1.000000000000e+00 0.000000000000e+00 -2.843633469241e-01 2.449093518641e-01 0.000000000000e+00 9.695459810496e-01 -1.313083461836e+01
8.2100027800e+01 9.501427578337e-01 0.000000000000e+00 -3.118152333293e-01 -1.728635596441e+01 0.000000000000e+00 1.000000000000e+00 0.000000000000e+00 -2.988622222967e-01 3.118152333293e-01 0.000000000000e+00 9.501427578337e-01 -1.329580645759e+01
8.2200013638e+01 9.306213750534e-01 0.000000000000e+00 -3.659834098613e-01 -1.757053236386e+01 0.000000000000e+00 1.000000000000e+00 0.000000000000e+00 -2.787610594010e-01 3.659834098613e-01 0.000000000000e+00 9.306213750534e-01 -1.345168835928e+01
8.2300333023e+01 9.075426137812e-01 0.000000000000e+00 -4.199600030613e-01 -1.785661807487e+01 0.000000000000e+00 1.000000000000e+00 0.000000000000e+00 -2.928599400568e-01 4.199600030613e-01 0.000000000000e+00 9.075426137812e-01 -1.357831085039e+01
8.2400174618e+01 8.819673361134e-01 0.000000000000e+00 -4.713105324827e-01 -1.814033790712e+01 0.000000000000e+00 1.000000000000e+00 0.000000000000e+00 -3.102588613473e-01 4.713105324827e-01 0.000000000000e+00 8.819673361134e-01 -1.368486218749e+01
8.2500282288e+01 8.508164838715e-01 0.000000000000e+00 -5.254629490007e-01 -1.842579281374e+01 0.000000000000e+00 1.000000000000e+00 0.000000000000e+00 -3.299578347993e-01 5.254629490007e-01 0.000000000000e+00 8.508164838715e-01 -1.376048465217e+01
8.2600054979e+01 8.136969647730e-01 0.000000000000e+00 -5.812892993332e-01 -1.872260392590e+01 0.000000000000e+00 1.000000000000e+00 0.000000000000e+00 -3.370568184605e-01 5.812892993332e-01 0.000000000000e+00 8.136969647730e-01 -1.381239440889e+01
8.2701103687e+01 7.623305232212e-01 0.000000000000e+00 -6.471878964917e-01 -1.902335774691e+01 0.000000000000e+00 1.000000000000e+00 0.000000000000e+00 -3.276558400656e-01 6.471878964917e-01 0.000000000000e+00 7.623305232212e-01 -1.383666606851e+01
8.2800006390e+01 7.221464726297e-01 0.000000000000e+00 -6.917401767054e-01 -1.932606418305e+01 0.000000000000e+00 1.000000000000e+00 0.000000000000e+00 -3.383549092673e-01 6.917401767054e-01 0.000000000000e+00 7.221464726297e-01 -1.383802972701e+01
8.2900625229e+01 6.711420885932e-01 0.000000000000e+00 -7.413287374159e-01 -1.960207328564e+01 0.000000000000e+00 1.000000000000e+00 0.000000000000e+00 -3.601540876574e-01 7.413287374159e-01 0.000000000000e+00 6.711420885932e-01 -1.382482623208e+01
8.3000308990e+01 6.133120209745e-01 0.000000000000e+00 -7.898407212396e-01 -1.989419366433e+01 0.000000000000e+00 1.000000000000e+00 0.000000000000e+00 -3.685532908264e-01 7.898407212396e-01 0.000000000000e+00 6.133120209745e-01 -1.377753084433e+01
8.3100246191e+01 5.543832169627e-01 0.000000000000e+00 -8.322615266550e-01 -2.020012785171e+01 0.000000000000e+00 1.000000000000e+00 0.000000000000e+00 -3.683525135213e-01 8.322615266550e-01 0.000000000000e+00 5.543832169627e-01 -1.370264824319e+01
8.3200057983e+01 4.849698981977e-01 0.000000000000e+00 -8.745308444201e-01 -2.050150388862e+01 0.000000000000e+00 1.000000000000e+00 0.000000000000e+00 -3.825518056354e-01 8.745308444201e-01 0.000000000000e+00 4.849698981977e-01 -1.360263021279e+01
8.3300398111e+01 4.009943818693e-01 0.000000000000e+00 -9.160805126785e-01 -2.079836201408e+01 0.000000000000e+00 1.000000000000e+00 0.000000000000e+00 -3.768511567790e-01 9.160805126785e-01 0.000000000000e+00 4.009943818693e-01 -1.348569389886e+01
8.3400230169e+01 3.353062931116e-01 0.000000000000e+00 -9.421091708501e-01 -2.108876793680e+01 0.000000000000e+00 1.000000000000e+00 0.000000000000e+00 -3.890505658548e-01 9.421091708501e-01 0.000000000000e+00 3.353062931116e-01 -1.334572932995e+01
8.3500170469e+01 2.489905636570e-01 0.000000000000e+00 -9.685059107769e-01 -2.139145470762e+01 0.000000000000e+00 1.000000000000e+00 0.000000000000e+00 -3.937500021624e-01 9.685059107769e-01 0.000000000000e+00 2.489905636570e-01 -1.318067714485e+01
8.3600269079e+01 1.666984630540e-01 0.000000000000e+00 -9.860079220855e-01 -2.169003654925e+01 0.000000000000e+00 1.000000000000e+00 0.000000000000e+00 -3.959494817793e-01 9.860079220855e-01 0.000000000000e+00 1.666984630540e-01 -1.299932723081e+01
8.3700370073e+01 5.706475573889e-02 0.000000000000e+00 -9.983704791571e-01 -2.198962844972e+01 0.000000000000e+00 1.000000000000e+00 0.000000000000e+00 -3.966490246626e-01 9.983704791571e-01 0.000000000000e+00 5.706475573889e-02 -1.280108719118e+01
8.3800405264e+01 -3.518505441596e-02 0.000000000000e+00 -9.993808142774e-01 -2.225715048826e+01 0.000000000000e+00 1.000000000000e+00 0.000000000000e+00 -3.969487007243e-01 9.993808142774e-01 0.000000000000e+00 -3.518505441596e-02 -1.257897861677e+01
8.3931032419e+01 -1.215102723756e-01 0.000000000000e+00 -9.925901740936e-01 -2.249631369500e+01 0.000000000000e+00 1.000000000000e+00 0.000000000000e+00 -3.982484935900e-01 9.925901740936e-01 0.000000000000e+00 -1.215102723756e-01 -1.234307665993e+01
8.4000324965e+01 -2.275014492940e-01 0.000000000000e+00 -9.737777418740e-01 -2.271695255026e+01 0.000000000000e+00 1.000000000000e+00 0.000000000000e+00 -4.005483915009e-01 9.737777418740e-01 0.000000000000e+00 -2.275014492940e-01 -1.210229900209e+01
8.4100454569e+01 -3.019683612082e-01 0.000000000000e+00 -9.533179473970e-01 -2.287870955006e+01 0.000000000000e+00 1.000000000000e+00 0.000000000000e+00 -4.062484389820e-01 9.533179473970e-01 0.000000000000e+00 -3.019683612082e-01 -1.186108558604e+01
8.4200172663e+01 -3.860397317198e-01 0.000000000000e+00 -9.224821545882e-01 -2.302738854887e+01 0.000000000000e+00 1.000000000000e+00 0.000000000000e+00 -4.241485559630e-01 9.224821545882e-01 0.000000000000e+00 -3.860397317198e-01 -1.161645999880e+01
8.4300666809e+01 -4.800244515581e-01 0.000000000000e+00 -8.772551087947e-01 -2.315458447523e+01 0.000000000000e+00 1.000000000000e+00 0.000000000000e+00 -4.155487644714e-01 8.772551087947e-01 0.000000000000e+00 -4.800244515581e-01 -1.137571955866e+01
8.4400610685e+01 -5.501119222668e-01 0.000000000000e+00 -8.350909369524e-01 -2.324521038090e+01 0.000000000000e+00 1.000000000000e+00 0.000000000000e+00 -4.447490675108e-01 8.350909369524e-01 0.000000000000e+00 -5.501119222668e-01 -1.112705677944e+01
8.4500070333e+01 -6.183633530175e-01 0.000000000000e+00 -7.858923359118e-01 -2.331143437220e+01 0.000000000000e+00 1.000000000000e+00 0.000000000000e+00 -4.210494367148e-01 7.858923359118e-01 0.000000000000e+00 -6.183633530175e-01 -1.088622683357e+01
8.4600358486e+01 -6.722543387689e-01 0.000000000000e+00 -7.403202712384e-01 -2.334071413310e+01 0.000000000000e+00 1.000000000000e+00 0.000000000000e+00 -4.364499040624e-01 7.403202712384e-01 0.000000000000e+00 -6.722543387689e-01 -1.064575470297e+01
8.4700093508e+01 -7.261631165492e-01 0.000000000000e+00 -6.875224564795e-01 -2.335802261189e+01 0.000000000000e+00 1.000000000000e+00 0.000000000000e+00 -4.344503779947e-01 6.875224564795e-01 0.000000000000e+00 -7.261631165492e-01 -1.042259926601e+01
8.4800423622e+01 -7.676682090859e-01 0.000000000000e+00 -6.408475019525e-01 -2.335510751319e+01 0.000000000000e+00 1.000000000000e+00 0.000000000000e+00 -4.388509053259e-01 6.408475019525e-01 0.000000000000e+00 -7.676682090859e-01 -1.019082849619e+01
8.4900361300e+01 -8.209126099912e-01 0.000000000000e+00 -5.710538387555e-01 -2.333405663957e+01 0.000000000000e+00 1.000000000000e+00 0.000000000000e+00 -3.966515063371e-01 5.710538387555e-01 0.000000000000e+00 -8.209126099912e-01 -9.975155627540e+00
8.5000336409e+01 -8.602196820775e-01 0.000000000000e+00 -5.099236203261e-01 -2.331299527445e+01 0.000000000000e+00 1.000000000000e+00 0.000000000000e+00 -3.883520871475e-01 5.099236203261e-01 0.000000000000e+00 -8.602196820775e-01 -9.745802884548e+00
8.5100210667e+01 -8.898403031618e-01 0.000000000000e+00 -4.562721061702e-01 -2.326108342045e+01 0.000000000000e+00 1.000000000000e+00 0.000000000000e+00 -3.890527524324e-01 4.562721061702e-01 0.000000000000e+00 -8.898403031618e-01 -9.511266943535e+00
8.5200494766e+01 -9.209695305654e-01 0.000000000000e+00 -3.896346028912e-01 -2.320163649608e+01 0.000000000000e+00 1.000000000000e+00 0.000000000000e+00 -3.842534444237e-01 3.896346028912e-01 0.000000000000e+00 -9.209695305654e-01 -9.278828248399e+00
8.5300327301e+01 -9.490167079378e-01 0.000000000000e+00 -3.152257731450e-01 -2.311634201048e+01 0.000000000000e+00 1.000000000000e+00 0.000000000000e+00 -3.747542192333e-01 3.152257731450e-01 0.000000000000e+00 -9.490167079378e-01 -9.047506111544e+00
8.5400151730e+01 -9.727723877459e-01 0.000000000000e+00 -2.317625544369e-01 -2.299372598764e+01 0.000000000000e+00 1.000000000000e+00 0.000000000000e+00 -4.005551059645e-01 2.317625544369e-01 0.000000000000e+00 -9.727723877459e-01 -8.823328863931e+00
8.5501009941e+01 -9.845461811554e-01 0.000000000000e+00 -1.751251471727e-01 -2.285158397228e+01 0.000000000000e+00 1.000000000000e+00 0.000000000000e+00 -4.019560353720e-01 1.751251471727e-01 0.000000000000e+00 -9.845461811554e-01 -8.570266392428e+00
8.5600304365e+01 -9.937637678206e-01 0.000000000000e+00 -1.115059360170e-01 -2.270249988848e+01 0.000000000000e+00 1.000000000000e+00 0.000000000000e+00 -3.772569831788e-01 1.115059360170e-01 0.000000000000e+00 -9.937637678206e-01 -8.314192967628e+00
8.5700577736e+01 -9.989728054202e-01 0.000000000000e+00 -4.531372894414e-02 -2.251797920830e+01 0.000000000000e+00 1.000000000000e+00 0.000000000000e+00 -4.004580153101e-01 4.531372894414e-02 0.000000000000e+00 -9.989728054202e-01 -8.069256901307e+00
8.5800397635e+01 -9.994158963698e-01 0.000000000000e+00 3.417405570561e-02 -2.231323122714e+01 0.000000000000e+00 1.000000000000e+00 0.000000000000e+00 -3.843590872612e-01 -3.417405570561e-02 0.000000000000e+00 -9.994158963698e-01 -7.838192479264e+00
8.5900125504e+01 -9.964841048461e-01 0.000000000000e+00 8.378203142142e-02 -2.207332669589e+01 0.000000000000e+00 1.000000000000e+00 0.000000000000e+00 -3.279602866293e-01 -8.378203142142e-02 0.000000000000e+00 -9.964841048461e-01 -7.553078266508e+00
8.6000051022e+01 -9.862483140514e-01 0.000000000000e+00 1.652702726772e-01 -2.180717236390e+01 0.000000000000e+00 1.000000000000e+00 0.000000000000e+00 -3.392614787596e-01 -1.652702726772e-01 0.000000000000e+00 -9.862483140514e-01 -7.346752471987e+00
8.6100077629e+01 -9.739573769504e-01 0.000000000000e+00 2.267311797789e-01 -2.154780395993e+01 0.000000000000e+00 1.000000000000e+00 0.000000000000e+00 -2.903626430569e-01 -2.267311797789e-01 0.000000000000e+00 -9.739573769504e-01 -7.105503282068e+00
8.6200123549e+01 -9.542270560635e-01 0.000000000000e+00 2.990831414111e-01 -2.124982386593e+01 0.000000000000e+00 1.000000000000e+00 0.000000000000e+00 -3.150638797717e-01 -2.990831414111e-01 0.000000000000e+00 -9.542270560635e-01 -6.888242006706e+00
8.6300019026e+01 -9.367190561755e-01 0.000000000000e+00 3.500820043899e-01 -2.091711000186e+01 0.000000000000e+00 1.000000000000e+00 0.000000000000e+00 -3.042652017546e-01 -3.500820043899e-01 0.000000000000e+00 -9.367190561755e-01 -6.658536280349e+00
8.6400144339e+01 -9.165860590032e-01 0.000000000000e+00 3.998374625283e-01 -2.054667645509e+01 0.000000000000e+00 1.000000000000e+00 0.000000000000e+00 -2.688665869942e-01 -3.998374625283e-01 0.000000000000e+00 -9.165860590032e-01 -6.448532812778e+00
8.6500790596e+01 -8.986646120855e-01 0.000000000000e+00 4.386364268790e-01 -2.017187757077e+01 0.000000000000e+00 1.000000000000e+00 0.000000000000e+00 -3.000679255550e-01 -4.386364268790e-01 0.000000000000e+00 -8.986646120855e-01 -6.260457762816e+00
8.6600379705e+01 -8.730653290992e-01 0.000000000000e+00 4.876032517579e-01 -1.977260088944e+01 0.000000000000e+00 1.000000000000e+00 0.000000000000e+00 -2.891692998449e-01 -4.876032517579e-01 0.000000000000e+00 -8.730653290992e-01 -6.080996059663e+00
8.6700412273e+01 -8.543816876018e-01 0.000000000000e+00 5.196459678385e-01 -1.936380832701e+01 0.000000000000e+00 1.000000000000e+00 0.000000000000e+00 -2.746706816013e-01 -5.196459678385e-01 0.000000000000e+00 -8.543816876018e-01 -5.882592534178e+00
8.6800454140e+01 -8.369084468561e-01 0.000000000000e+00 5.473429012793e-01 -1.893210605542e+01 0.000000000000e+00 1.000000000000e+00 0.000000000000e+00 -2.509721019743e-01 -5.473429012793e-01 0.000000000000e+00 -8.369084468561e-01 -5.676680449001e+00
8.6900626421e+01 -8.172623308439e-01 0.000000000000e+00 5.762658089663e-01 -1.850839174170e+01 0.000000000000e+00 1.000000000000e+00 0.000000000000e+00 -2.837734386618e-01 -5.762658089663e-01 0.000000000000e+00 -8.172623308439e-01 -5.498492647327e+00
8.7000180006e+01 -8.087825565972e-01 0.000000000000e+00 5.881077929633e-01 -1.807683375745e+01 0.000000000000e+00 1.000000000000e+00 0.000000000000e+00 -2.823747994754e-01 -5.881077929633e-01 0.000000000000e+00 -8.087825565972e-01 -5.275279348349e+00
8.7100240707e+01 -8.124768186030e-01 0.000000000000e+00 5.829934984482e-01 -1.765498974670e+01 0.000000000000e+00 1.000000000000e+00 0.000000000000e+00 -2.982760949134e-01 -5.829934984482e-01 0.000000000000e+00 -8.124768186030e-01 -5.059602415595e+00
8.7200060129e+01 -8.089484236687e-01 0.000000000000e+00 5.878796201978e-01 -1.724264703323e+01 0.000000000000e+00 1.000000000000e+00 0.000000000000e+00 -2.709773341793e-01 -5.878796201978e-01 0.000000000000e+00 -8.089484236687e-01 -4.836530734838e+00
8.7300673723e+01 -8.228030326326e-01 0.000000000000e+00 5.683266397862e-01 -1.682487347367e+01 0.000000000000e+00 1.000000000000e+00 0.000000000000e+00 -2.671785762292e-01 -5.683266397862e-01 0.000000000000e+00 -8.228030326326e-01 -4.585763828327e+00
8.7400644302e+01 -8.223244169132e-01 0.000000000000e+00 5.690189393582e-01 -1.642193566407e+01 0.000000000000e+00 1.000000000000e+00 0.000000000000e+00 -2.665797427308e-01 -5.690189393582e-01 0.000000000000e+00 -8.223244169132e-01 -4.334959435394e+00
8.7500451565e+01 -8.254334132774e-01 0.000000000000e+00 5.644994953454e-01 -1.602465312602e+01 0.000000000000e+00 1.000000000000e+00 0.000000000000e+00 -2.601808506834e-01 -5.644994953454e-01 0.000000000000e+00 -8.254334132774e-01 -4.101541845706e+00
8.7600154400e+01 -8.276282445608e-01 0.000000000000e+00 5.612766597724e-01 -1.563272175511e+01 0.000000000000e+00 1.000000000000e+00 0.000000000000e+00 -2.705819199779e-01 -5.612766597724e-01 0.000000000000e+00 -8.276282445608e-01 -3.855986177402e+00
8.7700921774e+01 -8.419038028873e-01 0.000000000000e+00 5.396276370646e-01 -1.524472993834e+01 0.000000000000e+00 1.000000000000e+00 0.000000000000e+00 -2.657829609199e-01 -5.396276370646e-01 0.000000000000e+00 -8.419038028873e-01 -3.586155876817e+00
8.7800619841e+01 -8.469781378744e-01 0.000000000000e+00 5.316277212136e-01 -1.486135320676e+01 0.000000000000e+00 1.000000000000e+00 0.000000000000e+00 -2.453839595730e-01 -5.316277212136e-01 0.000000000000e+00 -8.469781378744e-01 -3.310105047491e+00
8.7908438921e+01 -8.578810620565e-01 0.000000000000e+00 5.138483077376e-01 -1.444588145234e+01 0.000000000000e+00 1.000000000000e+00 0.000000000000e+00 -2.380849955696e-01 -5.138483077376e-01 0.000000000000e+00 -8.578810620565e-01 -3.026971962537e+00
8.8000312090e+01 -8.637192712842e-01 0.000000000000e+00 5.039732338252e-01 -1.403789866307e+01 0.000000000000e+00 1.000000000000e+00 0.000000000000e+00 -2.116859834433e-01 -5.039732338252e-01 0.000000000000e+00 -8.637192712842e-01 -2.726070453508e+00
8.8100267649e+01 -8.703837838850e-01 0.000000000000e+00 4.923739115246e-01 -1.361207016479e+01 0.000000000000e+00 1.000000000000e+00 0.000000000000e+00 -2.128869677212e-01 -4.923739115246e-01 0.000000000000e+00 -8.703837838850e-01 -2.426280219459e+00
8.8200451612e+01 -8.730431334122e-01 0.000000000000e+00 4.876429915438e-01 -1.319134785686e+01 0.000000000000e+00 1.000000000000e+00 0.000000000000e+00 -1.925879015548e-01 -4.876429915438e-01 0.000000000000e+00 -8.730431334122e-01 -2.109620685175e+00
8.8300822258e+01 -8.858956925471e-01 0.000000000000e+00 4.638844920091e-01 -1.278260072172e+01 0.000000000000e+00 1.000000000000e+00 0.000000000000e+00 -1.880887816429e-01 -4.638844920091e-01 0.000000000000e+00 -8.858956925471e-01 -1.765664221130e+00
8.8400258541e+01 -9.000860221001e-01 0.000000000000e+00 4.357122362524e-01 -1.236158287803e+01 0.000000000000e+00 1.000000000000e+00 0.000000000000e+00 -1.766896462606e-01 -4.357122362524e-01 0.000000000000e+00 -9.000860221001e-01 -1.390106908417e+00
8.8500276566e+01 -9.184621522749e-01 0.000000000000e+00 3.955088808593e-01 -1.196006349357e+01 0.000000000000e+00 1.000000000000e+00 0.000000000000e+00 -1.667904352552e-01 -3.955088808593e-01 0.000000000000e+00 -9.184621522749e-01 -9.692730449674e-01
8.8600239277e+01 -9.334987786557e-01 0.000000000000e+00 3.585805770651e-01 -1.157216056793e+01 0.000000000000e+00 1.000000000000e+00 0.000000000000e+00 -1.609911498669e-01 -3.585805770651e-01 0.000000000000e+00 -9.334987786557e-01 -5.419508714868e-01
8.8700600863e+01 -9.422371981587e-01 0.000000000000e+00 3.349463575053e-01 -1.120178491764e+01 0.000000000000e+00 1.000000000000e+00 0.000000000000e+00 -1.589917837479e-01 -3.349463575053e-01 0.000000000000e+00 -9.422371981587e-01 -1.141172434848e-01
8.8800830603e+01 -9.471127434189e-01 0.000000000000e+00 3.209009991470e-01 -1.083759688793e+01 0.000000000000e+00 1.000000000000e+00 0.000000000000e+00 -1.255923589675e-01 -3.209009991470e-01 0.000000000000e+00 -9.471127434189e-01 3.040640086338e-01
8.8948474884e+01 -9.544020196399e-01 0.000000000000e+00 2.985243455856e-01 -1.049245396388e+01 0.000000000000e+00 1.000000000000e+00 0.000000000000e+00 -1.007928566409e-01 -2.985243455856e-01 0.000000000000e+00 -9.544020196399e-01 7.360172932403e-01
8.9000248671e+01 -9.651007403998e-01 0.000000000000e+00 2.618789049918e-01 -1.015540313557e+01 0.000000000000e+00 1.000000000000e+00 0.000000000000e+00 -1.081932976493e-01 -2.618789049918e-01 0.000000000000e+00 -9.651007403998e-01 1.166263987026e+00
8.9100407600e+01 -9.707754634805e-01 0.000000000000e+00 2.399895820744e-01 -9.827438951863e+00 0.000000000000e+00 1.000000000000e+00 0.000000000000e+00 -9.359368080210e-02 -2.399895820744e-01 0.000000000000e+00 -9.707754634805e-01 1.584855736774e+00
8.9200363636e+01 -9.771574478546e-01 0.000000000000e+00 2.125166395892e-01 -9.538250857861e+00 0.000000000000e+00 1.000000000000e+00 0.000000000000e+00 -8.439396857767e-02 -2.125166395892e-01 0.000000000000e+00 -9.771574478546e-01 2.014600791977e+00
8.9300408840e+01 -9.816299985105e-01 0.000000000000e+00 1.907945125632e-01 -9.258228101414e+00 0.000000000000e+00 1.000000000000e+00 0.000000000000e+00 -8.759419793351e-02 -1.907945125632e-01 0.000000000000e+00 -9.816299985105e-01 2.447789998016e+00
8.9400383234e+01 -9.865812285436e-01 0.000000000000e+00 1.632711838793e-01 -9.004026955258e+00 0.000000000000e+00 1.000000000000e+00 0.000000000000e+00 -7.749435507567e-02 -1.632711838793e-01 0.000000000000e+00 -9.865812285436e-01 2.884652751789e+00
8.9500716448e+01 -9.907190083994e-01 0.000000000000e+00 1.359258856732e-01 -8.755267490299e+00 0.000000000000e+00 1.000000000000e+00 0.000000000000e+00 -7.489446974113e-02 -1.359258856732e-01 0.000000000000e+00 -9.907190083994e-01 3.318465754984e+00
8.9600530624e+01 -9.935865172246e-01 0.000000000000e+00 1.130744568390e-01 -8.530482839542e+00 0.000000000000e+00 1.000000000000e+00 0.000000000000e+00 -7.449451643411e-02 -1.130744568390e-01 0.000000000000e+00 -9.935865172246e-01 3.748562818204e+00
8.9701311350e+01 -9.973780755903e-01 0.000000000000e+00 7.236694225863e-02 -8.325884380963e+00 0.000000000000e+00 1.000000000000e+00 0.000000000000e+00 -7.049450202713e-02 -7.236694225863e-02 0.000000000000e+00 -9.973780755903e-01 4.190484877692e+00
8.9800913095e+01 -9.993229382303e-01 0.000000000000e+00 3.679218839244e-02 -8.134825236629e+00 0.000000000000e+00 1.000000000000e+00 0.000000000000e+00 -7.889443866889e-02 -3.679218839244e-02 0.000000000000e+00 -9.993229382303e-01 4.628016533710e+00
8.9900249243e+01 -9.999962021893e-01 0.000000000000e+00 2.756012877884e-03 -7.983195386962e+00 0.000000000000e+00 1.000000000000e+00 0.000000000000e+00 -5.509430010319e-02 -2.756012877884e-03 0.000000000000e+00 -9.999962021893e-01 5.062418293378e+00
9.0000024796e+01 -9.992362037465e-01 0.000000000000e+00 -3.907696408786e-02 -7.833007603481e+00 0.000000000000e+00 1.000000000000e+00 0.000000000000e+00 -3.999413214242e-02 3.907696408786e-02 0.000000000000e+00 -9.992362037465e-01 5.493181532241e+00
9.0100216389e+01 -9.968781104616e-01 0.000000000000e+00 -7.895589200666e-02 -7.696253423423e+00 0.000000000000e+00 1.000000000000e+00 0.000000000000e+00 -2.099391693718e-02 7.895589200666e-02 0.000000000000e+00 -9.968781104616e-01 5.925396661743e+00
9.0200094223e+01 -9.935353558121e-01 0.000000000000e+00 -1.135231110889e-01 -7.585455389502e+00 0.000000000000e+00 1.000000000000e+00 0.000000000000e+00 -2.769365831837e-02 1.135231110889e-01 0.000000000000e+00 -9.935353558121e-01 6.342699303920e+00
9.0300657988e+01 -9.874401923578e-01 0.000000000000e+00 -1.579932483252e-01 -7.507139051388e+00 0.000000000000e+00 1.000000000000e+00 0.000000000000e+00 -2.499333481001e-02 1.579932483252e-01 0.000000000000e+00 -9.874401923578e-01 6.765631092913e+00
9.0401140690e+01 -9.796192298454e-01 0.000000000000e+00 -2.008635470094e-01 -7.456037268405e+00 0.000000000000e+00 1.000000000000e+00 0.000000000000e+00 -3.169295966922e-02 2.008635470094e-01 0.000000000000e+00 -9.796192298454e-01 7.184801261528e+00
9.0500685930e+01 -9.685335441590e-01 0.000000000000e+00 -2.488830525343e-01 -7.420589861377e+00 0.000000000000e+00 1.000000000000e+00 0.000000000000e+00 -4.629255102054e-02 2.488830525343e-01 0.000000000000e+00 -9.685335441590e-01 7.596983945954e+00
9.0600673199e+01 -9.555159574702e-01 0.000000000000e+00 -2.949394090653e-01 -7.405056946673e+00 0.000000000000e+00 1.000000000000e+00 0.000000000000e+00 -4.469209856647e-02 2.949394090653e-01 0.000000000000e+00 -9.555159574702e-01 8.006268123156e+00
9.0700323105e+01 -9.392573808373e-01 0.000000000000e+00 -3.432135960925e-01 -7.409518044981e+00 0.000000000000e+00 1.000000000000e+00 0.000000000000e+00 -3.869161940977e-02 3.432135960925e-01 0.000000000000e+00 -9.392573808373e-01 8.402326066370e+00
9.0800498009e+01 -9.228997235469e-01 0.000000000000e+00 -3.850403878517e-01 -7.439161412869e+00 0.000000000000e+00 1.000000000000e+00 0.000000000000e+00 -5.349111337925e-02 3.850403878517e-01 0.000000000000e+00 -9.228997235469e-01 8.778731719095e+00
9.0900842905e+01 -9.040760174569e-01 0.000000000000e+00 -4.273716820980e-01 -7.487313292998e+00 0.000000000000e+00 1.000000000000e+00 0.000000000000e+00 -9.929057921826e-02 4.273716820980e-01 0.000000000000e+00 -9.040760174569e-01 9.145594166725e+00
9.1000649214e+01 -8.765069172909e-01 0.000000000000e+00 -4.813892644641e-01 -7.544295420596e+00 0.000000000000e+00 1.000000000000e+00 0.000000000000e+00 -8.739003968220e-02 4.813892644641e-01 0.000000000000e+00 -8.765069172909e-01 9.496196894178e+00
9.1100477695e+01 -8.461231904963e-01 0.000000000000e+00 -5.329873793105e-01 -7.644722738949e+00 0.000000000000e+00 1.000000000000e+00 0.000000000000e+00 -8.798945671435e-02 5.329873793105e-01 0.000000000000e+00 -8.461231904963e-01 9.831276533714e+00
9.1200403452e+01 -8.139585839484e-01 0.000000000000e+00 -5.809229067756e-01 -7.748135526325e+00 0.000000000000e+00 1.000000000000e+00 0.000000000000e+00 -8.548887003524e-02 5.809229067756e-01 0.000000000000e+00 -8.139585839484e-01 1.015270725255e+01
9.1300091505e+01 -7.781499531803e-01 0.000000000000e+00 -6.280785383736e-01 -7.867744558734e+00 0.000000000000e+00 1.000000000000e+00 0.000000000000e+00 -1.058882721530e-01 6.280785383736e-01 0.000000000000e+00 -7.781499531803e-01 1.045758392677e+01
9.1400498390e+01 -7.403107018336e-01 0.000000000000e+00 -6.722648769277e-01 -7.987218589644e+00 0.000000000000e+00 1.000000000000e+00 0.000000000000e+00 -9.238767568166e-02 6.722648769277e-01 0.000000000000e+00 -7.403107018336e-01 1.074798260449e+01
9.1500561714e+01 -7.007433283425e-01 0.000000000000e+00 -7.134134760315e-01 -8.138188530036e+00 0.000000000000e+00 1.000000000000e+00 0.000000000000e+00 -8.078705662662e-02 7.134134760315e-01 0.000000000000e+00 -7.007433283425e-01 1.101950722154e+01
9.1600344419e+01 -6.521040349979e-01 0.000000000000e+00 -7.581294925931e-01 -8.313470522994e+00 0.000000000000e+00 1.000000000000e+00 0.000000000000e+00 -8.528644029489e-02 7.581294925931e-01 0.000000000000e+00 -6.521040349979e-01 1.126142926156e+01
9.1700130701e+01 -5.974212338378e-01 0.000000000000e+00 -8.019275960832e-01 -8.490880239018e+00 0.000000000000e+00 1.000000000000e+00 0.000000000000e+00 -1.027858415076e-01 8.019275960832e-01 0.000000000000e+00 -5.974212338378e-01 1.147929448376e+01
9.1800949335e+01 -5.420748021662e-01 0.000000000000e+00 -8.403302379758e-01 -8.682335236014e+00 0.000000000000e+00 1.000000000000e+00 0.000000000000e+00 -1.144852312837e-01 8.403302379758e-01 0.000000000000e+00 -5.420748021662e-01 1.168346934091e+01
9.1913696527e+01 -4.927118632592e-01 0.000000000000e+00 -8.701925188162e-01 -8.880720233583e+00 0.000000000000e+00 1.000000000000e+00 0.000000000000e+00 -7.218462875063e-02 8.701925188162e-01 0.000000000000e+00 -4.927118632592e-01 1.187040165206e+01
9.2000683069e+01 -4.435864714870e-01 0.000000000000e+00 -8.962315785073e-01 -9.086434286237e+00 0.000000000000e+00 1.000000000000e+00 0.000000000000e+00 -1.025840228759e-01 8.962315785073e-01 0.000000000000e+00 -4.435864714870e-01 1.204422828587e+01
9.2100508928e+01 -3.564933020814e-01 0.000000000000e+00 -9.342978783938e-01 -9.298018745878e+00 0.000000000000e+00 1.000000000000e+00 0.000000000000e+00 -9.068339573756e-02 9.342978783938e-01 0.000000000000e+00 -3.564933020814e-01 1.220540589634e+01
9.2200076103e+01 -2.919204232044e-01 0.000000000000e+00 -9.564426101529e-01 -9.524094797342e+00 0.000000000000e+00 1.000000000000e+00 0.000000000000e+00 -9.778276455275e-02 9.564426101529e-01 0.000000000000e+00 -2.919204232044e-01 1.235529440554e+01
9.2300145864e+01 -2.300211592540e-01 0.000000000000e+00 -9.731856278714e-01 -9.779551833143e+00 0.000000000000e+00 1.000000000000e+00 0.000000000000e+00 -9.998212294515e-02 9.731856278714e-01 0.000000000000e+00 -2.300211592540e-01 1.247956224820e+01
9.2400137186e+01 -1.507227448177e-01 0.000000000000e+00 -9.885760740553e-01 -1.005038999676e+01 0.000000000000e+00 1.000000000000e+00 0.000000000000e+00 -1.007814656605e-01 9.885760740553e-01 0.000000000000e+00 -1.507227448177e-01 1.258271193752e+01
9.2500108957e+01 -7.240526078976e-02 0.000000000000e+00 -9.973752945657e-01 -1.033135202457e+01 0.000000000000e+00 1.000000000000e+00 0.000000000000e+00 -1.267808102796e-01 9.973752945657e-01 0.000000000000e+00 -7.240526078976e-02 1.266557471254e+01
9.2600545883e+01 1.668037815665e-03 0.000000000000e+00 -9.999986088240e-01 -1.064906004717e+01 0.000000000000e+00 1.000000000000e+00 0.000000000000e+00 -1.276801229348e-01 9.999986088240e-01 0.000000000000e+00 1.668037815665e-03 1.272497899193e+01
9.2700498581e+01 9.086079726128e-02 0.000000000000e+00 -9.958636028699e-01 -1.096556977809e+01 0.000000000000e+00 1.000000000000e+00 0.000000000000e+00 -1.456794447979e-01 9.958636028699e-01 0.000000000000e+00 9.086079726128e-02 1.275955792609e+01
9.2800218344e+01 1.654224486605e-01 0.000000000000e+00 -9.862228011353e-01 -1.129815724250e+01 0.000000000000e+00 1.000000000000e+00 0.000000000000e+00 -1.357787763434e-01 9.862228011353e-01 0.000000000000e+00 1.654224486605e-01 1.277052418707e+01
9.2921750069e+01 2.634395988877e-01 0.000000000000e+00 -9.646758925867e-01 -1.164212661305e+01 0.000000000000e+00 1.000000000000e+00 0.000000000000e+00 -1.416781357683e-01 9.646758925867e-01 0.000000000000e+00 2.634395988877e-01 1.272762977057e+01
9.3000049829e+01 3.348102369916e-01 0.000000000000e+00 -9.422855751871e-01 -1.197108218903e+01 0.000000000000e+00 1.000000000000e+00 0.000000000000e+00 -1.473775609489e-01 9.422855751871e-01 0.000000000000e+00 3.348102369916e-01 1.266672653114e+01
9.3101082087e+01 4.055936756445e-01 0.000000000000e+00 -9.140534832695e-01 -1.227847907906e+01 0.000000000000e+00 1.000000000000e+00 0.000000000000e+00 -1.742770918054e-01 9.140534832695e-01 0.000000000000e+00 4.055936756445e-01 1.255873258845e+01
9.3200456619e+01 4.674794341881e-01 0.000000000000e+00 -8.840039471695e-01 -1.258785533880e+01 0.000000000000e+00 1.000000000000e+00 0.000000000000e+00 -1.960766434108e-01 8.840039471695e-01 0.000000000000e+00 4.674794341881e-01 1.243469080215e+01
9.3300076246e+01 5.363135833220e-01 0.000000000000e+00 -8.440188033120e-01 -1.287346859090e+01 0.000000000000e+00 1.000000000000e+00 0.000000000000e+00 -1.737762569083e-01 8.440188033120e-01 0.000000000000e+00 5.363135833220e-01 1.228270541571e+01
9.3400650501e+01 5.879387600964e-01 0.000000000000e+00 -8.089054421725e-01 -1.313830672836e+01 0.000000000000e+00 1.000000000000e+00 0.000000000000e+00 -2.080759464480e-01 8.089054421725e-01 0.000000000000e+00 5.879387600964e-01 1.211566517097e+01
9.3500336170e+01 6.514617644765e-01 0.000000000000e+00 -7.586814676959e-01 -1.339702308543e+01 0.000000000000e+00 1.000000000000e+00 0.000000000000e+00 -2.248756355340e-01 7.586814676959e-01 0.000000000000e+00 6.514617644765e-01 1.193526421898e+01
9.3600075960e+01 6.903857480751e-01 0.000000000000e+00 -7.234414412064e-01 -1.365179194780e+01 0.000000000000e+00 1.000000000000e+00 0.000000000000e+00 -2.186753704953e-01 7.234414412064e-01 0.000000000000e+00 6.903857480751e-01 1.174581592914e+01
9.3701264143e+01 7.365451038498e-01 0.000000000000e+00 -6.763884312988e-01 -1.389622901976e+01 0.000000000000e+00 1.000000000000e+00 0.000000000000e+00 -2.341751592656e-01 6.763884312988e-01 0.000000000000e+00 7.365451038498e-01 1.152060089593e+01
9.3800752401e+01 7.859539042972e-01 0.000000000000e+00 -6.182850963108e-01 -1.413376972454e+01 0.000000000000e+00 1.000000000000e+00 0.000000000000e+00 -2.787749969158e-01 6.182850963108e-01 0.000000000000e+00 7.859539042972e-01 1.126112691205e+01
9.3900605679e+01 8.269140643954e-01 0.000000000000e+00 -5.623283116695e-01 -1.437832336423e+01 0.000000000000e+00 1.000000000000e+00 0.000000000000e+00 -2.963748163937e-01 5.623283116695e-01 0.000000000000e+00 8.269140643954e-01 1.099911787629e+01
9.4000340939e+01 8.649975547758e-01 0.000000000000e+00 -5.017760757866e-01 -1.461983422359e+01 0.000000000000e+00 1.000000000000e+00 0.000000000000e+00 -3.132746988786e-01 5.017760757866e-01 0.000000000000e+00 8.649975547758e-01 1.069138522567e+01
9.4201119423e+01 9.284940751290e-01 0.000000000000e+00 -3.713472127947e-01 -1.508840852045e+01 0.000000000000e+00 1.000000000000e+00 0.000000000000e+00 -3.141745153887e-01 3.713472127947e-01 0.000000000000e+00 9.284940751290e-01 1.003165056659e+01
9.4300098181e+01 9.560613019625e-01 0.000000000000e+00 -2.931668243336e-01 -1.531171648414e+01 0.000000000000e+00 1.000000000000e+00 0.000000000000e+00 -2.989744875194e-01 2.931668243336e-01 0.000000000000e+00 9.560613019625e-01 9.654479315540e+00
9.4400358438e+01 9.749309784738e-01 0.000000000000e+00 -2.225074992267e-01 -1.549367727536e+01 0.000000000000e+00 1.000000000000e+00 0.000000000000e+00 -3.314745784381e-01 2.225074992267e-01 0.000000000000e+00 9.749309784738e-01 9.257528422950e+00
9.4500127077e+01 9.868240497914e-01 0.000000000000e+00 -1.617970789393e-01 -1.567121874929e+01 0.000000000000e+00 1.000000000000e+00 0.000000000000e+00 -3.283746979474e-01 1.617970789393e-01 0.000000000000e+00 9.868240497914e-01 8.835757773020e+00
9.4600800514e+01 9.959616101589e-01 0.000000000000e+00 -8.978012636238e-02 -1.582519835802e+01 0.000000000000e+00 1.000000000000e+00 0.000000000000e+00 -3.210748566654e-01 8.978012636238e-02 0.000000000000e+00 9.959616101589e-01 8.408231120585e+00
9.4700475931e+01 9.994974830037e-01 0.000000000000e+00 -3.169828811408e-02 -1.596602510593e+01 0.000000000000e+00 1.000000000000e+00 0.000000000000e+00 -3.289750561527e-01 3.169828811408e-02 0.000000000000e+00 9.994974830037e-01 7.960437644988e+00
9.4800369024e+01 9.985632006940e-01 0.000000000000e+00 5.358669816032e-02 -1.614933336563e+01 0.000000000000e+00 1.000000000000e+00 0.000000000000e+00 -2.478750988923e-01 -5.358669816032e-02 0.000000000000e+00 9.985632006940e-01 7.529559080017e+00
9.4900111675e+01 9.931315238108e-01 0.000000000000e+00 1.170033179584e-01 -1.606443312819e+01 0.000000000000e+00 1.000000000000e+00 0.000000000000e+00 -2.719649564110e-01 -1.170033179584e-01 0.000000000000e+00 9.931315238108e-01 6.974708545926e+00
9.5000206947e+01 9.908209665874e-01 0.000000000000e+00 1.351806649298e-01 -1.621361326087e+01 0.000000000000e+00 1.000000000000e+00 0.000000000000e+00 -2.691209175854e-01 -1.351806649298e-01 0.000000000000e+00 9.908209665874e-01 6.574063441634e+00
9.4100853682e+01 8.977209880542e-01 0.000000000000e+00 -4.405644420592e-01 -1.485347310637e+01 0.000000000000e+00 1.000000000000e+00 0.000000000000e+00 -3.137251606197e-01 4.405644420592e-01 0.000000000000e+00 8.977209880542e-01 1.036294735628e+01
9.5100332499e+01 9.781921247386e-01 0.000000000000e+00 2.077021114464e-01 -1.637428064152e+01 0.000000000000e+00 1.000000000000e+00 0.000000000000e+00 -2.662760184285e-01 -2.077021114464e-01 0.000000000000e+00 9.781921247386e-01 6.148615738521e+00
9.5200351715e+01 9.650971051514e-01 0.000000000000e+00 2.618923015828e-01 -1.638806821035e+01 0.000000000000e+00 1.000000000000e+00 0.000000000000e+00 -2.916764256746e-01 -2.618923015828e-01 0.000000000000e+00 9.650971051514e-01 5.690767980280e+00
9.5301709652e+01 9.562239858500e-01 0.000000000000e+00 2.926357614597e-01 -1.639701305488e+01 0.000000000000e+00 1.000000000000e+00 0.000000000000e+00 -2.439767846770e-01 -2.926357614597e-01 0.000000000000e+00 9.562239858500e-01 5.267090000623e+00
9.5400727987e+01 9.337218513918e-01 0.000000000000e+00 3.579993075880e-01 -1.637729068157e+01 0.000000000000e+00 1.000000000000e+00 0.000000000000e+00 -2.422772323584e-01 -3.579993075880e-01 0.000000000000e+00 9.337218513918e-01 4.810825106813e+00
9.5500501633e+01 9.145760589340e-01 0.000000000000e+00 4.044139369813e-01 -1.631832562652e+01 0.000000000000e+00 1.000000000000e+00 0.000000000000e+00 -2.640777272963e-01 -4.044139369813e-01 0.000000000000e+00 9.145760589340e-01 4.379860481207e+00
9.5601829052e+01 9.116765365898e-01 0.000000000000e+00 4.109086183467e-01 -1.623626068604e+01 0.000000000000e+00 1.000000000000e+00 0.000000000000e+00 -2.784782125064e-01 -4.109086183467e-01 0.000000000000e+00 9.116765365898e-01 3.980264688652e+00
9.5700595617e+01 8.566323341142e-01 0.000000000000e+00 5.159273632499e-01 -1.618143242657e+01 0.000000000000e+00 1.000000000000e+00 0.000000000000e+00 -2.688786943045e-01 -5.159273632499e-01 0.000000000000e+00 8.566323341142e-01 3.543076277835e+00
9.5800315142e+01 8.578871070525e-01 0.000000000000e+00 5.138382153491e-01 -1.608694752397e+01 0.000000000000e+00 1.000000000000e+00 0.000000000000e+00 -2.013791364058e-01 -5.138382153491e-01 0.000000000000e+00 8.578871070525e-01 3.174741019911e+00
9.5900132895e+01 8.109678445902e-01 0.000000000000e+00 5.850907237691e-01 -1.600272873692e+01 0.000000000000e+00 1.000000000000e+00 0.000000000000e+00 -2.337796144910e-01 -5.850907237691e-01 0.000000000000e+00 8.109678445902e-01 2.768401175977e+00
9.6000164270e+01 -2.130686553441e-01 0.000000000000e+00 9.770372296437e-01 -1.641260798932e+01 0.000000000000e+00 1.000000000000e+00 0.000000000000e+00 -2.387800882866e-01 -9.770372296437e-01 0.000000000000e+00 -2.130686553441e-01 2.335713325612e+00
9.6100164175e+01 -2.185461255823e-01 0.000000000000e+00 9.758266193300e-01 -1.630420474175e+01 0.000000000000e+00 1.000000000000e+00 0.000000000000e+00 -2.444805136517e-01 -9.758266193300e-01 0.000000000000e+00 -2.185461255823e-01 1.938562961740e+00
9.6200418711e+01 -2.185461255823e-01 0.000000000000e+00 9.758266193300e-01 -1.618324086483e+01 0.000000000000e+00 1.000000000000e+00 0.000000000000e+00 -2.358809372268e-01 -9.758266193300e-01 0.000000000000e+00 -2.185461255823e-01 1.536903710212e+00
9.6301086664e+01 -2.185461255823e-01 0.000000000000e+00 9.758266193300e-01 -1.606412054486e+01 0.000000000000e+00 1.000000000000e+00 0.000000000000e+00 -2.456813290284e-01 -9.758266193300e-01 0.000000000000e+00 -2.185461255823e-01 1.133466730102e+00
9.6400665760e+01 -2.185461255823e-01 0.000000000000e+00 9.758266193300e-01 -1.594019698195e+01 0.000000000000e+00 1.000000000000e+00 0.000000000000e+00 -2.552817063548e-01 -9.758266193300e-01 0.000000000000e+00 -2.185461255823e-01 7.231180584037e-01
9.6500341177e+01 -2.185461255823e-01 0.000000000000e+00 9.758266193300e-01 -1.582527197690e+01 0.000000000000e+00 1.000000000000e+00 0.000000000000e+00 -2.370820333719e-01 -9.758266193300e-01 0.000000000000e+00 -2.185461255823e-01 2.986828355422e-01
9.6600505590e+01 -2.185461255823e-01 0.000000000000e+00 9.758266193300e-01 -1.570789298711e+01 0.000000000000e+00 1.000000000000e+00 0.000000000000e+00 -2.361823380303e-01 -9.758266193300e-01 0.000000000000e+00 -2.185461255823e-01 -1.617395149717e-01
9.6700124979e+01 -2.185461255823e-01 0.000000000000e+00 9.758266193300e-01 -1.561646486898e+01 0.000000000000e+00 1.000000000000e+00 0.000000000000e+00 -2.315825449658e-01 -9.758266193300e-01 0.000000000000e+00 -2.185461255823e-01 -6.115888293208e-01
9.6800300837e+01 -2.185461255823e-01 0.000000000000e+00 9.758266193300e-01 -1.551330883112e+01 0.000000000000e+00 1.000000000000e+00 0.000000000000e+00 -2.611827412505e-01 -9.758266193300e-01 0.000000000000e+00 -2.185461255823e-01 -1.107422265113e+00
9.6913998365e+01 8.040446810694e-01 0.000000000000e+00 5.945688781328e-01 -1.489464639761e+01 0.000000000000e+00 1.000000000000e+00 0.000000000000e+00 -2.440828610832e-01 -5.945688781328e-01 0.000000000000e+00 8.040446810694e-01 -1.522517556872e+00
9.7000256300e+01 8.202492290007e-01 0.000000000000e+00 5.720062957030e-01 -1.482439812856e+01 0.000000000000e+00 1.000000000000e+00 0.000000000000e+00 -2.379828844454e-01 -5.720062957030e-01 0.000000000000e+00 8.202492290007e-01 -1.989900986435e+00
9.7101102829e+01 8.319913573673e-01 0.000000000000e+00 5.547885915068e-01 -1.475459069492e+01 0.000000000000e+00 1.000000000000e+00 0.000000000000e+00 -2.398828719258e-01 -5.547885915068e-01 0.000000000000e+00 8.319913573673e-01 -2.476273449255e+00
9.7200206995e+01 8.711311920127e-01 0.000000000000e+00 4.910503500687e-01 -1.468141545931e+01 0.000000000000e+00 1.000000000000e+00 0.000000000000e+00 -2.370827766587e-01 -4.910503500687e-01 0.000000000000e+00 8.711311920127e-01 -2.962794619432e+00
9.7300477982e+01 8.774815464619e-01 0.000000000000e+00 4.796103998235e-01 -1.466443782725e+01 0.000000000000e+00 1.000000000000e+00 0.000000000000e+00 -2.033825466786e-01 -4.796103998235e-01 0.000000000000e+00 8.774815464619e-01 -3.498366117610e+00
9.7400586128e+01 8.843291046962e-01 0.000000000000e+00 4.668640429367e-01 -1.464572988669e+01 0.000000000000e+00 1.000000000000e+00 0.000000000000e+00 -2.281822646099e-01 -4.668640429367e-01 0.000000000000e+00 8.843291046962e-01 -4.048168689929e+00
9.7500294924e+01 8.885920591197e-01 0.000000000000e+00 4.586983240316e-01 -1.461096437478e+01 0.000000000000e+00 1.000000000000e+00 0.000000000000e+00 -2.337819903608e-01 -4.586983240316e-01 0.000000000000e+00 8.885920591197e-01 -4.579076989706e+00
9.7601244688e+01 8.953070853339e-01 0.000000000000e+00 4.454494617248e-01 -1.459670156224e+01 0.000000000000e+00 1.000000000000e+00 0.000000000000e+00 -2.178816005044e-01 -4.454494617248e-01 0.000000000000e+00 8.953070853339e-01 -5.131120177542e+00
9.7700206757e+01 8.906731295033e-01 0.000000000000e+00 4.546442305592e-01 -1.460629589880e+01 0.000000000000e+00 1.000000000000e+00 0.000000000000e+00 -2.187811109280e-01 -4.546442305592e-01 0.000000000000e+00 8.906731295033e-01 -5.709733736250e+00
9.7800286055e+01 9.183935227313e-01 0.000000000000e+00 3.956682163193e-01 -1.459572124681e+01 0.000000000000e+00 1.000000000000e+00 0.000000000000e+00 -2.868805492926e-01 -3.956682163193e-01 0.000000000000e+00 9.183935227313e-01 -6.272642525212e+00
9.7900276661e+01 9.264435472180e-01 0.000000000000e+00 3.764337309781e-01 -1.461187551814e+01 0.000000000000e+00 1.000000000000e+00 0.000000000000e+00 -2.725799322937e-01 -3.764337309781e-01 0.000000000000e+00 9.264435472180e-01 -6.826102504280e+00
9.8000061512e+01 9.300618021604e-01 0.000000000000e+00 3.674031085363e-01 -1.465828518008e+01 0.000000000000e+00 1.000000000000e+00 0.000000000000e+00 -2.793792078726e-01 -3.674031085363e-01 0.000000000000e+00 9.300618021604e-01 -7.380410577703e+00
9.8100054026e+01 9.322770705481e-01 0.000000000000e+00 3.617450258542e-01 -1.470998570412e+01 0.000000000000e+00 1.000000000000e+00 0.000000000000e+00 -2.749784517738e-01 -3.617450258542e-01 0.000000000000e+00 9.322770705481e-01 -7.914114628774e+00
9.8200096130e+01 9.440526226560e-01 0.000000000000e+00 3.297948538961e-01 -1.475310880850e+01 0.000000000000e+00 1.000000000000e+00 0.000000000000e+00 -2.698776476968e-01 -3.297948538961e-01 0.000000000000e+00 9.440526226560e-01 -8.438318447509e+00
9.8300137281e+01 9.509200032565e-01 0.000000000000e+00 3.094368229650e-01 -1.481789753793e+01 0.000000000000e+00 1.000000000000e+00 0.000000000000e+00 -2.774767671120e-01 -3.094368229650e-01 0.000000000000e+00 9.509200032565e-01 -8.960210369654e+00
9.8400224924e+01 9.637795413390e-01 0.000000000000e+00 2.667001981557e-01 -1.489264913757e+01 0.000000000000e+00 1.000000000000e+00 0.000000000000e+00 -2.768758294262e-01 -2.667001981557e-01 0.000000000000e+00 9.637795413390e-01 -9.456060878756e+00
9.8500166178e+01 9.655591583106e-01 0.000000000000e+00 2.601836117100e-01 -1.499004749066e+01 0.000000000000e+00 1.000000000000e+00 0.000000000000e+00 -2.898748255670e-01 -2.601836117100e-01 0.000000000000e+00 9.655591583106e-01 -9.963258977931e+00
9.8600359678e+01 9.733274487148e-01 0.000000000000e+00 2.294203076850e-01 -1.511120502466e+01 0.000000000000e+00 1.000000000000e+00 0.000000000000e+00 -2.740737334131e-01 -2.294203076850e-01 0.000000000000e+00 9.733274487148e-01 -1.044429511161e+01
9.8700302601e+01 9.835000827760e-01 0.000000000000e+00 1.809076758451e-01 -1.523542828661e+01 0.000000000000e+00 1.000000000000e+00 0.000000000000e+00 -2.723725796447e-01 -1.809076758451e-01 0.000000000000e+00 9.835000827760e-01 -1.092034881930e+01
9.8800648212e+01 9.911666202241e-01 0.000000000000e+00 1.326225129964e-01 -1.537999041993e+01 0.000000000000e+00 1.000000000000e+00 0.000000000000e+00 -2.860713447341e-01 -1.326225129964e-01 0.000000000000e+00 9.911666202241e-01 -1.139265927106e+01
9.8900333643e+01 9.955940918643e-01 0.000000000000e+00 9.376782094572e-02 -1.558889201710e+01 0.000000000000e+00 1.000000000000e+00 0.000000000000e+00 -2.215699642576e-01 -9.376782094572e-02 0.000000000000e+00 9.955940918643e-01 -1.184318679340e+01
9.9000264645e+01 9.970013973300e-01 0.000000000000e+00 7.738354942793e-02 -1.578612108869e+01 0.000000000000e+00 1.000000000000e+00 0.000000000000e+00 -2.315685051644e-01 -7.738354942793e-02 0.000000000000e+00 9.970013973300e-01 -1.234450798362e+01
9.9100406885e+01 9.989439185435e-01 0.000000000000e+00 4.594613808578e-02 -1.599709393515e+01 0.000000000000e+00 1.000000000000e+00 0.000000000000e+00 -2.223669639574e-01 -4.594613808578e-02 0.000000000000e+00 9.989439185435e-01 -1.283528432530e+01
9.9200201750e+01 9.996413743431e-01 0.000000000000e+00 2.677914676637e-02 -1.623216513232e+01 0.000000000000e+00 1.000000000000e+00 0.000000000000e+00 -2.439653045632e-01 -2.677914676637e-02 0.000000000000e+00 9.996413743431e-01 -1.333922534253e+01
9.9300251722e+01 9.999995320957e-01 0.000000000000e+00 -9.673718494118e-04 -1.648362067086e+01 0.000000000000e+00 1.000000000000e+00 0.000000000000e+00 -2.555635601553e-01 9.673718494118e-04 0.000000000000e+00 9.999995320957e-01 -1.383371694027e+01
9.9400640965e+01 9.999904545073e-01 0.000000000000e+00 -4.369312790519e-03 -1.675507902937e+01 0.000000000000e+00 1.000000000000e+00 0.000000000000e+00 -2.444616957096e-01 4.369312790519e-03 0.000000000000e+00 9.999904545073e-01 -1.435113533756e+01
9.9500458002e+01 9.998202124406e-01 0.000000000000e+00 -1.896161372719e-02 -1.701283963527e+01 0.000000000000e+00 1.000000000000e+00 0.000000000000e+00 -2.432597971993e-01 1.896161372719e-02 0.000000000000e+00 9.998202124406e-01 -1.486887104673e+01
9.9600106001e+01 9.994238604695e-01 0.000000000000e+00 -3.394034655337e-02 -1.727582142833e+01 0.000000000000e+00 1.000000000000e+00 0.000000000000e+00 -2.428578761300e-01 3.394034655337e-02 0.000000000000e+00 9.994238604695e-01 -1.536760146621e+01
9.9700306416e+01 9.994543305459e-01 0.000000000000e+00 -3.303091208414e-02 -1.752539180119e+01 0.000000000000e+00 1.000000000000e+00 0.000000000000e+00 -2.388559615405e-01 3.303091208414e-02 0.000000000000e+00 9.994543305459e-01 -1.586739492590e+01
9.9801091909e+01 9.991360480953e-01 0.000000000000e+00 -4.155908320163e-02 -1.778148411162e+01 0.000000000000e+00 1.000000000000e+00 0.000000000000e+00 -2.445539860465e-01 4.155908320163e-02 0.000000000000e+00 9.991360480953e-01 -1.635877831411e+01
9.9916697979e+01 9.993242954579e-01 0.000000000000e+00 -3.675530584169e-02 -1.800810833825e+01 0.000000000000e+00 1.000000000000e+00 0.000000000000e+00 -2.911520200263e-01 3.675530584169e-02 0.000000000000e+00 9.993242954579e-01 -1.686774232980e+01
1.0000011778e+02 9.994324741512e-01 0.000000000000e+00 -3.368574790614e-02 -1.825516902136e+01 0.000000000000e+00 1.000000000000e+00 0.000000000000e+00 -2.877500570658e-01 3.368574790614e-02 0.000000000000e+00 9.994324741512e-01 -1.733540182089e+01
1.0010034370e+02 9.994924934170e-01 0.000000000000e+00 -3.185522881893e-02 -1.847558401441e+01 0.000000000000e+00 1.000000000000e+00 0.000000000000e+00 -3.010481451304e-01 3.185522881893e-02 0.000000000000e+00 9.994924934170e-01 -1.779627740857e+01
1.0020050859e+02 9.992495570228e-01 0.000000000000e+00 -3.873400043464e-02 -1.869604859385e+01 0.000000000000e+00 1.000000000000e+00 0.000000000000e+00 -2.975462238963e-01 3.873400043464e-02 0.000000000000e+00 9.992495570228e-01 -1.824100383529e+01
1.0030010509e+02 9.991902726471e-01 0.000000000000e+00 -4.023430187527e-02 -1.890934009281e+01 0.000000000000e+00 1.000000000000e+00 0.000000000000e+00 -3.059442962280e-01 4.023430187527e-02 0.000000000000e+00 9.991902726471e-01 -1.868432331607e+01
1.0040005898e+02 9.992595191752e-01 0.000000000000e+00 -3.847613984974e-02 -1.913429982631e+01 0.000000000000e+00 1.000000000000e+00 0.000000000000e+00 -3.175423514924e-01 3.847613984974e-02 0.000000000000e+00 9.992595191752e-01 -1.911167109251e+01
1.0050005531e+02 9.998312406344e-01 0.000000000000e+00 -1.837090775047e-02 -1.934280912840e+01 0.000000000000e+00 1.000000000000e+00 0.000000000000e+00 -3.243404257267e-01 1.837090775047e-02 0.000000000000e+00 9.998312406344e-01 -1.954777722726e+01
1.0060026026e+02 9.999985968667e-01 0.000000000000e+00 -1.675190907713e-03 -1.952139767103e+01 0.000000000000e+00 1.000000000000e+00 0.000000000000e+00 -3.342385773260e-01 1.675190907713e-03 0.000000000000e+00 9.999985968667e-01 -1.997570842132e+01
1.0070012116e+02 9.997872258935e-01 0.000000000000e+00 2.062772261048e-02 -1.968763153955e+01 0.000000000000e+00 1.000000000000e+00 0.000000000000e+00 -3.242367343621e-01 -2.062772261048e-02 0.000000000000e+00 9.997872258935e-01 -2.040646476478e+01
1.0080036902e+02 9.984734037084e-01 0.000000000000e+00 5.523460950242e-02 -1.982889372747e+01 0.000000000000e+00 1.000000000000e+00 0.000000000000e+00 -3.131349445527e-01 -5.523460950242e-02 0.000000000000e+00 9.984734037084e-01 -2.084270262075e+01
1.0090017343e+02 9.953475998631e-01 0.000000000000e+00 9.634913308728e-02 -1.996440928371e+01 0.000000000000e+00 1.000000000000e+00 0.000000000000e+00 -3.183331604754e-01 -9.634913308728e-02 0.000000000000e+00 9.953475998631e-01 -2.127766718517e+01
1.0100043631e+02 9.904576285357e-01 0.000000000000e+00 1.378175826061e-01 -2.005618809567e+01 0.000000000000e+00 1.000000000000e+00 0.000000000000e+00 -3.211314964462e-01 -1.378175826061e-01 0.000000000000e+00 9.904576285357e-01 -2.171057688053e+01
1.0110021186e+02 9.845659884896e-01 0.000000000000e+00 1.750137546297e-01 -2.012760935776e+01 0.000000000000e+00 1.000000000000e+00 0.000000000000e+00 -3.264299173448e-01 -1.750137546297e-01 0.000000000000e+00 9.845659884896e-01 -2.212678358839e+01
1.0119993329e+02 9.739986293736e-01 0.000000000000e+00 2.265539008234e-01 -2.016990669694e+01 0.000000000000e+00 1.000000000000e+00 0.000000000000e+00 -3.262284286430e-01 -2.265539008234e-01 0.000000000000e+00 9.739986293736e-01 -2.254562491371e+01
1.0130046606e+02 9.599201766465e-01 0.000000000000e+00 2.802735350811e-01 -2.017677581371e+01 0.000000000000e+00 1.000000000000e+00 0.000000000000e+00 -3.125270518281e-01 -2.802735350811e-01 0.000000000000e+00 9.599201766465e-01 -2.296065482163e+01
1.0140026426e+02 9.396625128286e-01 0.000000000000e+00 3.421028529325e-01 -2.017192633208e+01 0.000000000000e+00 1.000000000000e+00 0.000000000000e+00 -3.178257442820e-01 -3.421028529325e-01 0.000000000000e+00 9.396625128286e-01 -2.336651278440e+01
1.0149998236e+02 9.158665035326e-01 0.000000000000e+00 4.014829357605e-01 -2.013660153429e+01 0.000000000000e+00 1.000000000000e+00 0.000000000000e+00 -3.266245621184e-01 -4.014829357605e-01 0.000000000000e+00 9.158665035326e-01 -2.375786648166e+01
1.0160029602e+02 8.881886229718e-01 0.000000000000e+00 4.594790202212e-01 -2.007490076178e+01 0.000000000000e+00 1.000000000000e+00 0.000000000000e+00 -3.192235032677e-01 -4.594790202212e-01 0.000000000000e+00 8.881886229718e-01 -2.413310652692e+01
1.0170050430e+02 8.546031874240e-01 0.000000000000e+00 5.192816115027e-01 -1.996898707611e+01 0.000000000000e+00 1.000000000000e+00 0.000000000000e+00 -3.167226690079e-01 -5.192816115027e-01 0.000000000000e+00 8.546031874240e-01 -2.448319218415e+01
1.0180056477e+02 8.110509186540e-01 0.000000000000e+00 5.849755613275e-01 -1.985436369041e+01 0.000000000000e+00 1.000000000000e+00 0.000000000000e+00 -3.027219274596e-01 -5.849755613275e-01 0.000000000000e+00 8.110509186540e-01 -2.481730589041e+01
1.0190008116e+02 7.660635838681e-01 0.000000000000e+00 6.427647979403e-01 -1.970644470708e+01 0.000000000000e+00 1.000000000000e+00 0.000000000000e+00 -3.099213918470e-01 -6.427647979403e-01 0.000000000000e+00 7.660635838681e-01 -2.511593129116e+01
1.0200096703e+02 7.113089249487e-01 0.000000000000e+00 7.028795154850e-01 -1.953955264731e+01 0.000000000000e+00 1.000000000000e+00 0.000000000000e+00 -3.262209818006e-01 -7.028795154850e-01 0.000000000000e+00 7.113089249487e-01 -2.539708690717e+01
1.0210056448e+02 6.505392146019e-01 0.000000000000e+00 7.594726659105e-01 -1.936415366863e+01 0.000000000000e+00 1.000000000000e+00 0.000000000000e+00 -3.037206969427e-01 -7.594726659105e-01 0.000000000000e+00 6.505392146019e-01 -2.564818209422e+01
1.0219999313e+02 5.733113201938e-01 0.000000000000e+00 8.193376166988e-01 -1.917789203404e+01 0.000000000000e+00 1.000000000000e+00 0.000000000000e+00 -2.812205410192e-01 -8.193376166988e-01 0.000000000000e+00 5.733113201938e-01 -2.587756437656e+01
1.0229997969e+02 5.078984873693e-01 0.000000000000e+00 8.614169295573e-01 -1.896153131539e+01 0.000000000000e+00 1.000000000000e+00 0.000000000000e+00 -2.760206091670e-01 -8.614169295573e-01 0.000000000000e+00 5.078984873693e-01 -2.605706578440e+01
1.0240035629e+02 4.277734906531e-01 0.000000000000e+00 9.038859666432e-01 -1.874290611519e+01 0.000000000000e+00 1.000000000000e+00 0.000000000000e+00 -2.701208014818e-01 -9.038859666432e-01 0.000000000000e+00 4.277734906531e-01 -2.620754226754e+01
1.0250068831e+02 3.325110342697e-01 0.000000000000e+00 9.430993649075e-01 -1.852042433930e+01 0.000000000000e+00 1.000000000000e+00 0.000000000000e+00 -2.560211331950e-01 -9.430993649075e-01 0.000000000000e+00 3.325110342697e-01 -2.632442159103e+01
1.0260037327e+02 2.592896776472e-01 0.000000000000e+00 9.657995977767e-01 -1.827986014399e+01 0.000000000000e+00 1.000000000000e+00 0.000000000000e+00 -2.553216183158e-01 -9.657995977767e-01 0.000000000000e+00 2.592896776472e-01 -2.639955057933e+01
1.0270051432e+02 1.654774888759e-01 0.000000000000e+00 9.862135674768e-01 -1.804420205645e+01 0.000000000000e+00 1.000000000000e+00 0.000000000000e+00 -2.649221789013e-01 -9.862135674768e-01 0.000000000000e+00 1.654774888759e-01 -2.645262471685e+01
1.0280010819e+02 5.742212747727e-02 0.000000000000e+00 9.983499883688e-01 -1.780103828892e+01 0.000000000000e+00 1.000000000000e+00 0.000000000000e+00 -2.632228551707e-01 -9.983499883688e-01 0.000000000000e+00 5.742212747727e-02 -2.647751637549e+01
1.0292836070e+02 -2.468923907616e-02 0.000000000000e+00 9.996951742776e-01 -1.756520461083e+01 0.000000000000e+00 1.000000000000e+00 0.000000000000e+00 -2.408235716906e-01 -9.996951742776e-01 0.000000000000e+00 -2.468923907616e-02 -2.647360345345e+01
1.0300023007e+02 -1.127931273239e-01 0.000000000000e+00 9.936184934010e-01 -1.730711814859e+01 0.000000000000e+00 1.000000000000e+00 0.000000000000e+00 -2.377244496469e-01 -9.936184934010e-01 0.000000000000e+00 -1.127931273239e-01 -2.643919508818e+01
1.0309998488e+02 -2.296105753935e-01 0.000000000000e+00 9.732825816110e-01 -1.706271089055e+01 0.000000000000e+00 1.000000000000e+00 0.000000000000e+00 -2.225253994186e-01 -9.732825816110e-01 0.000000000000e+00 -2.296105753935e-01 -2.637230380470e+01
1.0320046782e+02 -3.154268178971e-01 0.000000000000e+00 9.489499051854e-01 -1.680012642329e+01 0.000000000000e+00 1.000000000000e+00 0.000000000000e+00 -2.181265112223e-01 -9.489499051854e-01 0.000000000000e+00 -3.154268178971e-01 -2.626599335842e+01
1.0330075192e+02 -4.112669144540e-01 0.000000000000e+00 9.115149615204e-01 -1.653281495832e+01 0.000000000000e+00 1.000000000000e+00 0.000000000000e+00 -2.098277294887e-01 -9.115149615204e-01 0.000000000000e+00 -4.112669144540e-01 -2.612760579061e+01
1.0340025878e+02 -4.962672296801e-01 0.000000000000e+00 8.681698202228e-01 -1.627625463745e+01 0.000000000000e+00 1.000000000000e+00 0.000000000000e+00 -1.888289761340e-01 -8.681698202228e-01 0.000000000000e+00 -4.962672296801e-01 -2.596589803911e+01
1.0350017333e+02 -5.733615746078e-01 0.000000000000e+00 8.193024501143e-01 -1.600952231347e+01 0.000000000000e+00 1.000000000000e+00 0.000000000000e+00 -1.886303743588e-01 -8.193024501143e-01 0.000000000000e+00 -5.733615746078e-01 -2.576500432044e+01
1.0360057259e+02 -6.521545030576e-01 0.000000000000e+00 7.580860796385e-01 -1.575386044217e+01 0.000000000000e+00 1.000000000000e+00 0.000000000000e+00 -1.766317989670e-01 -7.580860796385e-01 0.000000000000e+00 -6.521545030576e-01 -2.553976307915e+01
1.0370040941e+02 -7.235003711495e-01 0.000000000000e+00 6.903239912871e-01 -1.549341881776e+01 0.000000000000e+00 1.000000000000e+00 0.000000000000e+00 -1.948333296563e-01 -6.903239912871e-01 0.000000000000e+00 -7.235003711495e-01 -2.528147886647e+01
1.0380031967e+02 -7.836164437109e-01 0.000000000000e+00 6.212449349057e-01 -1.526377359535e+01 0.000000000000e+00 1.000000000000e+00 0.000000000000e+00 -1.933348675103e-01 -6.212449349057e-01 0.000000000000e+00 -7.836164437109e-01 -2.499552991348e+01
1.0392642260e+02 -8.354139628157e-01 0.000000000000e+00 5.496212429778e-01 -1.502358790066e+01 0.000000000000e+00 1.000000000000e+00 0.000000000000e+00 -1.777364839115e-01 -5.496212429778e-01 0.000000000000e+00 -8.354139628157e-01 -2.468843197346e+01
1.0400029731e+02 -8.706857436600e-01 0.000000000000e+00 4.918397460425e-01 -1.480725617950e+01 0.000000000000e+00 1.000000000000e+00 0.000000000000e+00 -1.756380242510e-01 -4.918397460425e-01 0.000000000000e+00 -8.706857436600e-01 -2.438679434349e+01
1.0410045886e+02 -9.020101898426e-01 0.000000000000e+00 4.317147407956e-01 -1.458316006090e+01 0.000000000000e+00 1.000000000000e+00 0.000000000000e+00 -1.697396400987e-01 -4.317147407956e-01 0.000000000000e+00 -9.020101898426e-01 -2.406295472582e+01
1.0420022511e+02 -9.262757199683e-01 0.000000000000e+00 3.768465080073e-01 -1.436417369647e+01 0.000000000000e+00 1.000000000000e+00 0.000000000000e+00 -1.584412496333e-01 -3.768465080073e-01 0.000000000000e+00 -9.262757199683e-01 -2.373347956795e+01
1.0430070281e+02 -9.491867044478e-01 0.000000000000e+00 3.147135206811e-01 -1.414876055877e+01 0.000000000000e+00 1.000000000000e+00 0.000000000000e+00 -1.673428657284e-01 -3.147135206811e-01 0.000000000000e+00 -9.491867044478e-01 -2.339011199123e+01
1.0440000010e+02 -9.637313183913e-01 0.000000000000e+00 2.668744010801e-01 -1.394496733141e+01 0.000000000000e+00 1.000000000000e+00 0.000000000000e+00 -1.505444642009e-01 -2.668744010801e-01 0.000000000000e+00 -9.637313183913e-01 -2.304571938602e+01
1.0450015402e+02 -9.759047399854e-01 0.000000000000e+00 2.181970175646e-01 -1.375445558202e+01 0.000000000000e+00 1.000000000000e+00 0.000000000000e+00 -1.565461195667e-01 -2.181970175646e-01 0.000000000000e+00 -9.759047399854e-01 -2.267106614514e+01
1.0459999418e+02 -9.837258657281e-01 0.000000000000e+00 1.796758778957e-01 -1.357349469153e+01 0.000000000000e+00 1.000000000000e+00 0.000000000000e+00 -1.603477407358e-01 -1.796758778957e-01 0.000000000000e+00 -9.837258657281e-01 -2.229835224667e+01
1.0470000982e+02 -9.916432320938e-01 0.000000000000e+00 1.290104656319e-01 -1.338693726036e+01 0.000000000000e+00 1.000000000000e+00 0.000000000000e+00 -1.651493467429e-01 -1.290104656319e-01 0.000000000000e+00 -9.916432320938e-01 -2.191928593753e+01
1.0480008078e+02 -9.958068799755e-01 0.000000000000e+00 9.148036834982e-02 -1.319284514718e+01 0.000000000000e+00 1.000000000000e+00 0.000000000000e+00 -1.477510113156e-01 -9.148036834982e-02 0.000000000000e+00 -9.958068799755e-01 -2.152700794224e+01
1.0490006900e+02 -9.984034992526e-01 0.000000000000e+00 5.648409227590e-02 -1.300503777555e+01 0.000000000000e+00 1.000000000000e+00 0.000000000000e+00 -1.423526705515e-01 -5.648409227590e-02 0.000000000000e+00 -9.984034992526e-01 -2.112530974266e+01
1.0500003934e+02 -9.990618800672e-01 0.000000000000e+00 4.330542456364e-02 -1.281941744064e+01 0.000000000000e+00 1.000000000000e+00 0.000000000000e+00 -1.231543244374e-01 -4.330542456364e-02 0.000000000000e+00 -9.990618800672e-01 -2.072722857958e+01
1.0510001302e+02 -9.998048832739e-01 0.000000000000e+00 1.975336380880e-02 -1.264171851314e+01 0.000000000000e+00 1.000000000000e+00 0.000000000000e+00 -1.236559585722e-01 -1.975336380880e-02 0.000000000000e+00 -9.998048832739e-01 -2.031614390216e+01
1.0520008492e+02 -9.999900017025e-01 0.000000000000e+00 4.471744061889e-03 -1.248606723041e+01 0.000000000000e+00 1.000000000000e+00 0.000000000000e+00 -1.246575534154e-01 -4.471744061889e-03 0.000000000000e+00 -9.999900017025e-01 -1.989919483111e+01
1.0530005169e+02 -9.999458786236e-01 0.000000000000e+00 -1.040383697315e-02 -1.231291608164e+01 0.000000000000e+00 1.000000000000e+00 0.000000000000e+00 -1.366591670174e-01 1.040383697315e-02 0.000000000000e+00 -9.999458786236e-01 -1.947686190424e+01
1.0540024900e+02 -9.994232132546e-01 0.000000000000e+00 -3.395939940483e-02 -1.213375049238e+01 0.000000000000e+00 1.000000000000e+00 0.000000000000e+00 -1.361608013819e-01 3.395939940483e-02 0.000000000000e+00 -9.994232132546e-01 -1.903587386793e+01
1.0550002122e+02 -9.983529491575e-01 0.000000000000e+00 -5.737062757696e-02 -1.196344883673e+01 0.000000000000e+00 1.000000000000e+00 0.000000000000e+00 -1.211624221619e-01 5.737062757696e-02 0.000000000000e+00 -9.983529491575e-01 -1.858322826014e+01
1.0560017514e+02 -9.963614202894e-01 0.000000000000e+00 -8.522863461795e-02 -1.180647652161e+01 0.000000000000e+00 1.000000000000e+00 0.000000000000e+00 -1.177640584870e-01 8.522863461795e-02 0.000000000000e+00 -9.963614202894e-01 -1.810265783387e+01
1.0570010185e+02 -9.955044383894e-01 0.000000000000e+00 -9.471490456636e-02 -1.164953646394e+01 0.000000000000e+00 1.000000000000e+00 0.000000000000e+00 -1.024656990433e-01 9.471490456636e-02 0.000000000000e+00 -9.955044383894e-01 -1.761705836179e+01
1.0580023384e+02 -9.939096931705e-01 0.000000000000e+00 -1.101976488939e-01 -1.150016792939e+01 0.000000000000e+00 1.000000000000e+00 0.000000000000e+00 -1.579672644481e-01 1.101976488939e-01 0.000000000000e+00 -9.939096931705e-01 -1.713664452538e+01
1.0590039396e+02 -9.921771338061e-01 0.000000000000e+00 -1.248380356794e-01 -1.134736181474e+01 0.000000000000e+00 1.000000000000e+00 0.000000000000e+00 -1.495687999986e-01 1.248380356794e-01 0.000000000000e+00 -9.921771338061e-01 -1.665498883557e+01
1.0600089622e+02 -9.932849377984e-01 0.000000000000e+00 -1.156937005319e-01 -1.119236278701e+01 0.000000000000e+00 1.000000000000e+00 0.000000000000e+00 -1.414703368284e-01 1.156937005319e-01 0.000000000000e+00 -9.932849377984e-01 -1.617326043170e+01
1.0610065985e+02 -9.892023590636e-01 0.000000000000e+00 -1.465561081057e-01 -1.103775267287e+01 0.000000000000e+00 1.000000000000e+00 0.000000000000e+00 -1.401718646246e-01 1.465561081057e-01 0.000000000000e+00 -9.892023590636e-01 -1.565487431092e+01
1.0620000792e+02 -9.865692460031e-01 0.000000000000e+00 -1.633435730015e-01 -1.089894388084e+01 0.000000000000e+00 1.000000000000e+00 0.000000000000e+00 -1.391733498064e-01 1.633435730015e-01 0.000000000000e+00 -9.865692460031e-01 -1.513483939374e+01
1.0629999208e+02 -9.852981628761e-01 0.000000000000e+00 -1.708435841143e-01 -1.076589362836e+01 0.000000000000e+00 1.000000000000e+00 0.000000000000e+00 -1.385748229451e-01 1.708435841143e-01 0.000000000000e+00 -9.852981628761e-01 -1.460205427888e+01
1.0640009212e+02 -9.848117798716e-01 0.000000000000e+00 -1.736253386639e-01 -1.064813570774e+01 0.000000000000e+00 1.000000000000e+00 0.000000000000e+00 -1.325762407156e-01 1.736253386639e-01 0.000000000000e+00 -9.848117798716e-01 -1.406625091660e+01
1.0650023150e+02 -9.808102998936e-01 0.000000000000e+00 -1.949644983646e-01 -1.052071276331e+01 0.000000000000e+00 1.000000000000e+00 0.000000000000e+00 -1.257776743223e-01 1.949644983646e-01 0.000000000000e+00 -9.808102998936e-01 -1.349577553208e+01
1.0660035419e+02 -9.728309842639e-01 0.000000000000e+00 -2.315164703777e-01 -1.040341039912e+01 0.000000000000e+00 1.000000000000e+00 0.000000000000e+00 -1.302790568231e-01 2.315164703777e-01 0.000000000000e+00 -9.728309842639e-01 -1.290886578126e+01
1.0670080447e+02 -9.678452185654e-01 0.000000000000e+00 -2.515464825835e-01 -1.028784765838e+01 0.000000000000e+00 1.000000000000e+00 0.000000000000e+00 -1.359803874560e-01 2.515464825835e-01 0.000000000000e+00 -9.678452185654e-01 -1.233083052235e+01
1.0680000901e+02 -9.671323316029e-01 0.000000000000e+00 -2.542735793752e-01 -1.020320717249e+01 0.000000000000e+00 1.000000000000e+00 0.000000000000e+00 -1.260816523859e-01 2.542735793752e-01 0.000000000000e+00 -9.671323316029e-01 -1.174558144720e+01
1.0690025091e+02 -9.603673318069e-01 0.000000000000e+00 -2.787374894019e-01 -1.010871633771e+01 0.000000000000e+00 1.000000000000e+00 0.000000000000e+00 -1.257829016681e-01 2.787374894019e-01 0.000000000000e+00 -9.603673318069e-01 -1.113347510514e+01
1.0700054145e+02 -9.554934449522e-01 0.000000000000e+00 -2.950123330529e-01 -1.003864691400e+01 0.000000000000e+00 1.000000000000e+00 0.000000000000e+00 -1.121840794634e-01 2.950123330529e-01 0.000000000000e+00 -9.554934449522e-01 -1.051328030815e+01
1.0710067511e+02 -9.507499698046e-01 0.000000000000e+00 -3.099588600389e-01 -9.982248795856e+00 0.000000000000e+00 1.000000000000e+00 0.000000000000e+00 -1.324851914048e-01 3.099588600389e-01 0.000000000000e+00 -9.507499698046e-01 -9.885697838437e+00
1.0720028210e+02 -9.447823378021e-01 0.000000000000e+00 -3.276985416160e-01 -9.917554146730e+00 0.000000000000e+00 1.000000000000e+00 0.000000000000e+00 -1.377862622936e-01 3.276985416160e-01 0.000000000000e+00 -9.447823378021e-01 -9.250062359901e+00
1.0730017853e+02 -9.433185911535e-01 0.000000000000e+00 -3.318885891141e-01 -9.874172259497e+00 0.000000000000e+00 1.000000000000e+00 0.000000000000e+00 -1.415872588882e-01 3.318885891141e-01 0.000000000000e+00 -9.433185911535e-01 -8.612193523171e+00
1.0740089774e+02 -9.396349564412e-01 0.000000000000e+00 -3.421785332744e-01 -9.828504598479e+00 0.000000000000e+00 1.000000000000e+00 0.000000000000e+00 -1.501882034112e-01 3.421785332744e-01 0.000000000000e+00 -9.396349564412e-01 -7.962073989238e+00
1.0750105929e+02 -9.377539796290e-01 0.000000000000e+00 -3.473002644543e-01 -9.774421321488e+00 0.000000000000e+00 1.000000000000e+00 0.000000000000e+00 -1.393891021461e-01 3.473002644543e-01 0.000000000000e+00 -9.377539796290e-01 -7.309903310152e+00
1.0760011125e+02 -9.341829699033e-01 0.000000000000e+00 -3.567943087306e-01 -9.725832992758e+00 0.000000000000e+00 1.000000000000e+00 0.000000000000e+00 -1.358899074958e-01 3.567943087306e-01 0.000000000000e+00 -9.341829699033e-01 -6.670215540467e+00
1.0770000911e+02 -9.354069032730e-01 0.000000000000e+00 -3.535730834060e-01 -9.677874265196e+00 0.000000000000e+00 1.000000000000e+00 0.000000000000e+00 -1.536906365706e-01 3.535730834060e-01 0.000000000000e+00 -9.354069032730e-01 -6.052770071670e+00
1.0780008960e+02 -9.404261875386e-01 0.000000000000e+00 -3.399979202753e-01 -9.619235746042e+00 0.000000000000e+00 1.000000000000e+00 0.000000000000e+00 -6.929133076394e-02 3.399979202753e-01 0.000000000000e+00 -9.404261875386e-01 -5.430458635652e+00
1.0790106535e+02 -9.373463125350e-01 0.000000000000e+00 -3.483990390012e-01 -9.574383518352e+00 0.000000000000e+00 1.000000000000e+00 0.000000000000e+00 -6.469192253131e-02 3.483990390012e-01 0.000000000000e+00 -9.373463125350e-01 -4.817198805063e+00
1.0800075197e+02 -9.395972999289e-01 0.000000000000e+00 -3.422819217637e-01 -9.529044749012e+00 0.000000000000e+00 1.000000000000e+00 0.000000000000e+00 -7.609245135158e-02 3.422819217637e-01 0.000000000000e+00 -9.395972999289e-01 -4.221391241887e+00
1.0810002208e+02 -9.390762335095e-01 0.000000000000e+00 -3.437089286846e-01 -9.491774665919e+00 0.000000000000e+00 1.000000000000e+00 0.000000000000e+00 -8.279290389868e-02 3.437089286846e-01 0.000000000000e+00 -9.390762335095e-01 -3.631819792638e+00
1.0820043015e+02 -9.380512191580e-01 0.000000000000e+00 -3.464966237011e-01 -9.439147104475e+00 0.000000000000e+00 1.000000000000e+00 0.000000000000e+00 -9.859332285753e-02 3.464966237011e-01 0.000000000000e+00 -9.380512191580e-01 -3.039297604415e+00
1.0830064321e+02 -9.423158783891e-01 0.000000000000e+00 -3.347249398174e-01 -9.389235325834e+00 0.000000000000e+00 1.000000000000e+00 0.000000000000e+00 -9.449367680220e-02 3.347249398174e-01 0.000000000000e+00 -9.423158783891e-01 -2.476167416045e+00
1.0840041089e+02 -9.422509014772e-01 0.000000000000e+00 -3.349078062174e-01 -9.345522598439e+00 0.000000000000e+00 1.000000000000e+00 0.000000000000e+00 -1.021939706575e-01 3.349078062174e-01 0.000000000000e+00 -9.422509014772e-01 -1.898870113584e+00
1.0850001287e+02 -9.455257738533e-01 0.000000000000e+00 -3.255472484588e-01 -9.297071694329e+00 0.000000000000e+00 1.000000000000e+00 0.000000000000e+00 -1.038942157247e-01 3.255472484588e-01 0.000000000000e+00 -9.455257738533e-01 -1.351368383887e+00
1.0860056901e+02 -9.423396455267e-01 0.000000000000e+00 -3.346580231649e-01 -9.236944611416e+00 0.000000000000e+00 1.000000000000e+00 0.000000000000e+00 -1.067944203440e-01 3.346580231649e-01 0.000000000000e+00 -9.423396455267e-01 -7.932037029024e-01
1.0870025802e+02 -9.489581649806e-01 0.000000000000e+00 -3.154019675218e-01 -9.183321411507e+00 0.000000000000e+00 1.000000000000e+00 0.000000000000e+00 -9.359457631460e-02 3.154019675218e-01 0.000000000000e+00 -9.489581649806e-01 -2.620683411490e-01
1.0880042386e+02 -9.496813928386e-01 0.000000000000e+00 -3.132175794813e-01 -9.157341830627e+00 0.000000000000e+00 1.000000000000e+00 0.000000000000e+00 -1.777946432193e-01 3.132175794813e-01 0.000000000000e+00 -9.496813928386e-01 2.829739669868e-01
1.0890021586e+02 -9.513766712938e-01 0.000000000000e+00 -3.080299162709e-01 -9.105686680153e+00 0.000000000000e+00 1.000000000000e+00 0.000000000000e+00 -1.788947005486e-01 3.080299162709e-01 0.000000000000e+00 -9.513766712938e-01 7.997574487869e-01
1.0900028944e+02 -9.523290026129e-01 0.000000000000e+00 -3.050728942110e-01 -9.033305603878e+00 0.000000000000e+00 1.000000000000e+00 0.000000000000e+00 -1.939947407212e-01 3.050728942110e-01 0.000000000000e+00 -9.523290026129e-01 1.305477719768e+00
1.0909996676e+02 -9.507566816112e-01 0.000000000000e+00 -3.099382718730e-01 -8.963551272260e+00 0.000000000000e+00 1.000000000000e+00 0.000000000000e+00 -1.860947385806e-01 3.099382718730e-01 0.000000000000e+00 -9.507566816112e-01 1.800359144439e+00
1.0920039797e+02 -9.536068473961e-01 0.000000000000e+00 -3.010547800637e-01 -8.894601413824e+00 0.000000000000e+00 1.000000000000e+00 0.000000000000e+00 -1.831947025247e-01 3.010547800637e-01 0.000000000000e+00 -9.536068473961e-01 2.273328125884e+00
1.0930019617e+02 -9.518474869088e-01 0.000000000000e+00 -3.065719518569e-01 -8.828031037087e+00 0.000000000000e+00 1.000000000000e+00 0.000000000000e+00 -1.975946233806e-01 3.065719518569e-01 0.000000000000e+00 -9.518474869088e-01 2.756872554964e+00
1.0940001297e+02 -9.541071026245e-01 0.000000000000e+00 -2.994655852039e-01 -8.758641958791e+00 0.000000000000e+00 1.000000000000e+00 0.000000000000e+00 -1.972945219605e-01 2.994655852039e-01 0.000000000000e+00 -9.541071026245e-01 3.220964721178e+00
1.0950030065e+02 -9.568063283348e-01 0.000000000000e+00 -2.907260739226e-01 -8.700484509275e+00 0.000000000000e+00 1.000000000000e+00 0.000000000000e+00 -1.914943756183e-01 2.907260739226e-01 0.000000000000e+00 -9.568063283348e-01 3.671598965661e+00
1.0960021162e+02 -9.576214553972e-01 0.000000000000e+00 -2.880297695776e-01 -8.645226934298e+00 0.000000000000e+00 1.000000000000e+00 0.000000000000e+00 -1.977941914229e-01 2.880297695776e-01 0.000000000000e+00 -9.576214553972e-01 4.126635347616e+00
1.0970013046e+02 -9.554803059656e-01 0.000000000000e+00 -2.950548845755e-01 -8.588051921648e+00 0.000000000000e+00 1.000000000000e+00 0.000000000000e+00 -1.895939859851e-01 2.950548845755e-01 0.000000000000e+00 -9.554803059656e-01 4.563882704559e+00
1.0980000019e+02 -9.497532102506e-01 0.000000000000e+00 -3.129997437998e-01 -8.499319085487e+00 0.000000000000e+00 1.000000000000e+00 0.000000000000e+00 -1.188937985610e-01 3.129997437998e-01 0.000000000000e+00 -9.497532102506e-01 4.988524560233e+00
1.0990021873e+02 -9.481549412775e-01 0.000000000000e+00 -3.178084443987e-01 -8.456465161539e+00 0.000000000000e+00 1.000000000000e+00 0.000000000000e+00 -1.084935277050e-01 3.178084443987e-01 0.000000000000e+00 -9.481549412775e-01 5.411857309332e+00
1.0999999905e+02 -9.450065856110e-01 0.000000000000e+00 -3.270513004895e-01 -8.421876662951e+00 0.000000000000e+00 1.000000000000e+00 0.000000000000e+00 -1.001932247616e-01 3.270513004895e-01 0.000000000000e+00 -9.450065856110e-01 5.831186514079e+00
1.1010013175e+02 -9.455199717563e-01 0.000000000000e+00 -3.255640996945e-01 -8.395770367797e+00 0.000000000000e+00 1.000000000000e+00 0.000000000000e+00 -1.127928995265e-01 3.255640996945e-01 0.000000000000e+00 -9.455199717563e-01 6.232208053687e+00
1.1020017982e+02 -9.456184611524e-01 0.000000000000e+00 -3.252779210580e-01 -8.363720287250e+00 0.000000000000e+00 1.000000000000e+00 0.000000000000e+00 -1.238925520660e-01 3.252779210580e-01 0.000000000000e+00 -9.456184611524e-01 6.636338491488e+00
1.1030000997e+02 -9.446876832583e-01 0.000000000000e+00 -3.279713113980e-01 -8.319684504669e+00 0.000000000000e+00 1.000000000000e+00 0.000000000000e+00 -1.416921837671e-01 3.279713113980e-01 0.000000000000e+00 -9.446876832583e-01 7.049782097983e+00
1.1040029979e+02 -9.495339388410e-01 0.000000000000e+00 -3.136643093964e-01 -8.258985133245e+00 0.000000000000e+00 1.000000000000e+00 0.000000000000e+00 -1.095918074948e-01 3.136643093964e-01 0.000000000000e+00 -9.495339388410e-01 7.460952142716e+00
1.1050097060e+02 -9.543155666667e-01 0.000000000000e+00 -2.988006010997e-01 -8.201856483720e+00 0.000000000000e+00 1.000000000000e+00 0.000000000000e+00 -1.156913982709e-01 2.988006010997e-01 0.000000000000e+00 -9.543155666667e-01 7.871343426525e+00
1.1059996486e+02 -9.612273722770e-01 0.000000000000e+00 -2.757570285331e-01 -8.123897592855e+00 0.000000000000e+00 1.000000000000e+00 0.000000000000e+00 -1.128909970461e-01 2.757570285331e-01 0.000000000000e+00 -9.612273722770e-01 8.272509965316e+00
1.1070021367e+02 -9.683932839701e-01 0.000000000000e+00 -2.494282413072e-01 -8.028300569326e+00 0.000000000000e+00 1.000000000000e+00 0.000000000000e+00 -1.234906161846e-01 2.494282413072e-01 0.000000000000e+00 -9.683932839701e-01 8.648522077363e+00
1.1080039430e+02 -9.783203373889e-01 0.000000000000e+00 -2.070973622508e-01 -7.929325349177e+00 0.000000000000e+00 1.000000000000e+00 0.000000000000e+00 -1.326902476914e-01 2.070973622508e-01 0.000000000000e+00 -9.783203373889e-01 8.996120472891e+00
1.1090015554e+02 -9.890828404186e-01 0.000000000000e+00 -1.473605604951e-01 -7.802117840566e+00 0.000000000000e+00 1.000000000000e+00 0.000000000000e+00 -1.128899159469e-01 1.473605604951e-01 0.000000000000e+00 -9.890828404186e-01 9.315537079058e+00
1.1100019789e+02 -9.960659083339e-01 0.000000000000e+00 -8.861549669711e-02 -7.647075666636e+00 0.000000000000e+00 1.000000000000e+00 0.000000000000e+00 -1.025896226180e-01 8.861549669711e-02 0.000000000000e+00 -9.960659083339e-01 9.613012324458e+00
1.1110038662e+02 -9.995349700500e-01 0.000000000000e+00 -3.049333775052e-02 -7.457693567458e+00 0.000000000000e+00 1.000000000000e+00 0.000000000000e+00 -1.150893679593e-01 3.049333775052e-02 0.000000000000e+00 -9.995349700500e-01 9.892998031123e+00
1.1120023084e+02 -9.995569873806e-01 0.000000000000e+00 2.976287920487e-02 -7.256442868648e+00 0.000000000000e+00 1.000000000000e+00 0.000000000000e+00 -1.092891329309e-01 -2.976287920487e-02 0.000000000000e+00 -9.995569873806e-01 1.015187847146e+01
1.1129998350e+02 -9.956582735142e-01 0.000000000000e+00 9.308384598134e-02 -7.030486500391e+00 0.000000000000e+00 1.000000000000e+00 0.000000000000e+00 -1.022889552122e-01 -9.308384598134e-02 0.000000000000e+00 -9.956582735142e-01 1.037623257559e+01
1.1140033627e+02 -9.857668893434e-01 0.000000000000e+00 1.681179344216e-01 -6.790814863435e+00 0.000000000000e+00 1.000000000000e+00 0.000000000000e+00 -1.084888164749e-01 -1.681179344216e-01 0.000000000000e+00 -9.857668893434e-01 1.056463795197e+01
1.1150010180e+02 -9.712042466334e-01 0.000000000000e+00 2.382484235441e-01 -6.529485854009e+00 0.000000000000e+00 1.000000000000e+00 0.000000000000e+00 -1.050887074436e-01 -2.382484235441e-01 0.000000000000e+00 -9.712042466334e-01 1.073669659670e+01
1.1160005093e+02 -9.531704204721e-01 0.000000000000e+00 3.024337109798e-01 -6.260624816275e+00 0.000000000000e+00 1.000000000000e+00 0.000000000000e+00 -9.568861588600e-02 -3.024337109798e-01 0.000000000000e+00 -9.531704204721e-01 1.089208181682e+01
1.1170008802e+02 -9.243028712681e-01 0.000000000000e+00 3.816597989906e-01 -5.985055986771e+00 0.000000000000e+00 1.000000000000e+00 0.000000000000e+00 -9.528855525413e-02 -3.816597989906e-01 0.000000000000e+00 -9.243028712681e-01 1.101373057052e+01
1.1180003524e+02 -8.991161844018e-01 0.000000000000e+00 4.377100489442e-01 -5.692092209641e+00 0.000000000000e+00 1.000000000000e+00 0.000000000000e+00 -9.238853883993e-02 -4.377100489442e-01 0.000000000000e+00 -8.991161844018e-01 1.111959494454e+01
1.1190019441e+02 -8.653038550632e-01 0.000000000000e+00 5.012476817030e-01 -5.389474822776e+00 0.000000000000e+00 1.000000000000e+00 0.000000000000e+00 -1.022885561491e-01 -5.012476817030e-01 0.000000000000e+00 -8.653038550632e-01 1.119508639632e+01
1.1200035882e+02 -8.310106536726e-01 0.000000000000e+00 5.562564997217e-01 -5.085244913224e+00 0.000000000000e+00 1.000000000000e+00 0.000000000000e+00 -1.089885853881e-01 -5.562564997217e-01 0.000000000000e+00 -8.310106536726e-01 1.125977450980e+01
1.1210021567e+02 -7.740378132039e-01 0.000000000000e+00 6.331393714898e-01 -4.759081587846e+00 0.000000000000e+00 1.000000000000e+00 0.000000000000e+00 -9.808867335738e-02 -6.331393714898e-01 0.000000000000e+00 -7.740378132039e-01 1.127409855477e+01
1.1220080733e+02 -7.239388327228e-01 0.000000000000e+00 6.898641652354e-01 -4.418484281612e+00 0.000000000000e+00 1.000000000000e+00 0.000000000000e+00 -1.036887953115e-01 -6.898641652354e-01 0.000000000000e+00 -7.239388327228e-01 1.127703293885e+01
1.1230012989e+02 -6.734087021383e-01 0.000000000000e+00 7.392703970026e-01 -4.061346483429e+00 0.000000000000e+00 1.000000000000e+00 0.000000000000e+00 -1.036889377759e-01 -7.392703970026e-01 0.000000000000e+00 -6.734087021383e-01 1.126654609628e+01
1.1240023446e+02 -6.074961785423e-01 0.000000000000e+00 7.943226001169e-01 -3.692885130018e+00 0.000000000000e+00 1.000000000000e+00 0.000000000000e+00 -7.548911772061e-02 -7.943226001169e-01 0.000000000000e+00 -6.074961785423e-01 1.122195131163e+01
1.1250009751e+02 -5.426112636258e-01 0.000000000000e+00 8.399839382907e-01 -3.323782614181e+00 0.000000000000e+00 1.000000000000e+00 0.000000000000e+00 -8.448930929349e-02 -8.399839382907e-01 0.000000000000e+00 -5.426112636258e-01 1.116423279301e+01
1.1260032535e+02 -4.806415858754e-01 0.000000000000e+00 8.769171374350e-01 -2.943500233238e+00 0.000000000000e+00 1.000000000000e+00 0.000000000000e+00 -7.808953580574e-02 -8.769171374350e-01 0.000000000000e+00 -4.806415858754e-01 1.108497475162e+01
1.1269999909e+02 -3.963673495596e-01 0.000000000000e+00 9.180920020363e-01 -2.547749558497e+00 0.000000000000e+00 1.000000000000e+00 0.000000000000e+00 -7.608977801962e-02 -9.180920020363e-01 0.000000000000e+00 -3.963673495596e-01 1.098026692380e+01
1.1280048418e+02 -3.283628823427e-01 0.000000000000e+00 9.445516489317e-01 -2.149513837769e+00 0.000000000000e+00 1.000000000000e+00 0.000000000000e+00 -5.309005992340e-02 -9.445516489317e-01 0.000000000000e+00 -3.283628823427e-01 1.085104562073e+01
1.1290015912e+02 -2.420458035952e-01 0.000000000000e+00 9.702648241392e-01 -1.765053384403e+00 0.000000000000e+00 1.000000000000e+00 0.000000000000e+00 -3.699037577660e-02 -9.702648241392e-01 0.000000000000e+00 -2.420458035952e-01 1.068524377799e+01
1.1300078440e+02 -1.692953517651e-01 0.000000000000e+00 9.855653625563e-01 -1.392968314641e+00 0.000000000000e+00 1.000000000000e+00 0.000000000000e+00 -1.489068899324e-02 -9.855653625563e-01 0.000000000000e+00 -1.692953517651e-01 1.051399292703e+01
1.1310003090e+02 -8.187740836418e-02 0.000000000000e+00 9.966424082887e-01 -1.038079694942e+00 0.000000000000e+00 1.000000000000e+00 0.000000000000e+00 -2.309102814961e-02 -9.966424082887e-01 0.000000000000e+00 -8.187740836418e-02 1.031405009673e+01
1.1320026994e+02 1.257246240263e-02 0.000000000000e+00 9.999209634712e-01 -7.045014827757e-01 0.000000000000e+00 1.000000000000e+00 0.000000000000e+00 -3.891370916279e-03 -9.999209634712e-01 0.000000000000e+00 1.257246240263e-02 1.010218829827e+01
1.1329996967e+02 8.649483116823e-02 0.000000000000e+00 9.962522994609e-01 -4.030248647233e-01 0.000000000000e+00 1.000000000000e+00 0.000000000000e+00 -2.191730591843e-03 -9.962522994609e-01 0.000000000000e+00 8.649483116823e-02 9.873911099581e+00
1.1340035105e+02 1.702499398757e-01 0.000000000000e+00 9.854009123054e-01 -1.181992854465e-01 0.000000000000e+00 1.000000000000e+00 0.000000000000e+00 -7.921036874509e-04 -9.854009123054e-01 0.000000000000e+00 1.702499398757e-01 9.628217480514e+00
1.1350001550e+02 2.295176840144e-01 0.000000000000e+00 9.733044912691e-01 1.285636423703e-01 0.000000000000e+00 1.000000000000e+00 0.000000000000e+00 -8.692468862355e-03 -9.733044912691e-01 0.000000000000e+00 2.295176840144e-01 9.380766285046e+00
1.1360035944e+02 2.899376211001e-01 0.000000000000e+00 9.570455453482e-01 3.538194011347e-01 0.000000000000e+00 1.000000000000e+00 0.000000000000e+00 2.070713280262e-02 -9.570455453482e-01 0.000000000000e+00 2.899376211001e-01 9.104866051037e+00
1.1370105052e+02 3.652623328496e-01 0.000000000000e+00 9.309046289504e-01 5.501082565293e-01 0.000000000000e+00 1.000000000000e+00 0.000000000000e+00 2.506761988526e-03 -9.309046289504e-01 0.000000000000e+00 3.652623328496e-01 8.840993705181e+00
1.1380083251e+02 4.352184273540e-01 0.000000000000e+00 9.003248971852e-01 7.303984087061e-01 0.000000000000e+00 1.000000000000e+00 0.000000000000e+00 -4.693608220511e-03 -9.003248971852e-01 0.000000000000e+00 4.352184273540e-01 8.572392041043e+00
1.1390100121e+02 4.867467567080e-01 0.000000000000e+00 8.735431270603e-01 8.846036878704e-01 0.000000000000e+00 1.000000000000e+00 0.000000000000e+00 -1.199398853714e-02 -8.735431270603e-01 0.000000000000e+00 4.867467567080e-01 8.287910259627e+00
1.1400063443e+02 5.434736595537e-01 0.000000000000e+00 8.394262215176e-01 1.033717769415e+00 0.000000000000e+00 1.000000000000e+00 0.000000000000e+00 7.205616330211e-03 -8.394262215176e-01 0.000000000000e+00 5.434736595537e-01 7.983348878268e+00
1.1409997463e+02 5.859595108725e-01 0.000000000000e+00 8.103403307364e-01 1.159322630399e+00 0.000000000000e+00 1.000000000000e+00 0.000000000000e+00 2.780521599306e-02 -8.103403307364e-01 0.000000000000e+00 5.859595108725e-01 7.663828822744e+00
1.1420042372e+02 6.533176107312e-01 0.000000000000e+00 7.570839448228e-01 1.278951618593e+00 0.000000000000e+00 1.000000000000e+00 0.000000000000e+00 1.540482009095e-02 -7.570839448228e-01 0.000000000000e+00 6.533176107312e-01 7.346265380266e+00
1.1430004120e+02 6.855964752949e-01 0.000000000000e+00 7.279817807220e-01 1.359519702752e+00 0.000000000000e+00 1.000000000000e+00 0.000000000000e+00 -8.895565050589e-03 -7.279817807220e-01 0.000000000000e+00 6.855964752949e-01 7.016739670696e+00
1.1440024877e+02 7.301645247001e-01 0.000000000000e+00 6.832713713229e-01 1.426506466604e+00 0.000000000000e+00 1.000000000000e+00 0.000000000000e+00 -2.599595904002e-02 -6.832713713229e-01 0.000000000000e+00 7.301645247001e-01 6.673552127651e+00
1.1450047135e+02 7.889364861179e-01 0.000000000000e+00 6.144747520215e-01 1.481038935119e+00 0.000000000000e+00 1.000000000000e+00 0.000000000000e+00 -3.709634801427e-02 -6.144747520215e-01 0.000000000000e+00 7.889364861179e-01 6.332906319059e+00
1.1460053325e+02 8.227982790921e-01 0.000000000000e+00 5.683335217309e-01 1.514003046579e+00 0.000000000000e+00 1.000000000000e+00 0.000000000000e+00 -4.339670883728e-02 -5.683335217309e-01 0.000000000000e+00 8.227982790921e-01 5.991915481775e+00
1.1470020390e+02 8.546516790994e-01 0.000000000000e+00 5.192017983527e-01 1.525246807518e+00 0.000000000000e+00 1.000000000000e+00 0.000000000000e+00 -4.609708700093e-02 -5.192017983527e-01 0.000000000000e+00 8.546516790994e-01 5.616511554573e+00
1.1480001879e+02 8.931752161175e-01 0.000000000000e+00 4.497088317049e-01 1.493775409137e+00 0.000000000000e+00 1.000000000000e+00 0.000000000000e+00 -5.219745992201e-02 -4.497088317049e-01 0.000000000000e+00 8.931752161175e-01 5.243412759533e+00
1.1489998412e+02 9.148840956324e-01 0.000000000000e+00 4.037165980721e-01 1.500182530606e+00 0.000000000000e+00 1.000000000000e+00 0.000000000000e+00 5.320215669471e-02 -4.037165980721e-01 0.000000000000e+00 9.148840956324e-01 4.799776732153e+00
1.1500019932e+02 9.411850968246e-01 0.000000000000e+00 3.378914226720e-01 1.442365464895e+00 0.000000000000e+00 1.000000000000e+00 0.000000000000e+00 5.860182663221e-02 -3.378914226720e-01 0.000000000000e+00 9.411850968246e-01 4.414742813458e+00
1.1510016870e+02 9.626670894782e-01 0.000000000000e+00 2.706881505268e-01 1.354161278930e+00 0.000000000000e+00 1.000000000000e+00 0.000000000000e+00 4.150151561153e-02 -2.706881505268e-01 0.000000000000e+00 9.626670894782e-01 4.028030214468e+00
1.1520006871e+02 9.756166534530e-01 0.000000000000e+00 2.194815379597e-01 1.231810294465e+00 0.000000000000e+00 1.000000000000e+00 0.000000000000e+00 3.060122823165e-02 -2.194815379597e-01 0.000000000000e+00 9.756166534530e-01 3.634538335621e+00
1.1530020761e+02 9.847002338373e-01 0.000000000000e+00 1.742568491643e-01 1.082582200849e+00 0.000000000000e+00 1.000000000000e+00 0.000000000000e+00 3.890096314330e-02 -1.742568491643e-01 0.000000000000e+00 9.847002338373e-01 3.230574587457e+00
1.1540026951e+02 9.910050953683e-01 0.000000000000e+00 1.338241418954e-01 9.387125465832e-01 0.000000000000e+00 1.000000000000e+00 0.000000000000e+00 6.130072471166e-02 -1.338241418954e-01 0.000000000000e+00 9.910050953683e-01 2.809897079147e+00
1.1550021148e+02 9.935573548280e-01 0.000000000000e+00 1.133304136899e-01 7.630608280720e-01 0.000000000000e+00 1.000000000000e+00 0.000000000000e+00 5.330051475033e-02 -1.133304136899e-01 0.000000000000e+00 9.935573548280e-01 2.376425733651e+00
1.1560001278e+02 9.967886230576e-01 0.000000000000e+00 8.007771814255e-02 5.961644967047e-01 0.000000000000e+00 1.000000000000e+00 0.000000000000e+00 3.860033332427e-02 -8.007771814255e-02 0.000000000000e+00 9.967886230576e-01 1.925055018827e+00
1.1570041537e+02 9.981061041468e-01 0.000000000000e+00 6.151589115754e-02 3.893910904418e-01 0.000000000000e+00 1.000000000000e+00 0.000000000000e+00 4.120019175754e-02 -6.151589115754e-02 0.000000000000e+00 9.981061041468e-01 1.477707546893e+00
1.1580007291e+02 9.988275212334e-01 0.000000000000e+00 4.841056523879e-02 1.752464757466e-01 0.000000000000e+00 1.000000000000e+00 0.000000000000e+00 -8.599909794010e-03 -4.841056523879e-02 0.000000000000e+00 9.988275212334e-01 1.037140621810e+00
1.1590816593e+02 9.997272353354e-01 0.000000000000e+00 2.335497653033e-02 -4.262333345192e-02 0.000000000000e+00 1.000000000000e+00 0.000000000000e+00 -2.469997238101e-02 -2.335497653033e-02 0.000000000000e+00 9.997272353354e-01 5.750954243521e-01
1.1600093746e+02 9.999969456502e-01 0.000000000000e+00 2.471576465103e-03 -2.531534957896e-01 0.000000000000e+00 1.000000000000e+00 0.000000000000e+00 -2.179999376374e-02 -2.471576465103e-03 0.000000000000e+00 9.999969456502e-01 8.903913509821e-02
1.1610187197e+02 9.999861000201e-01 0.000000000000e+00 -5.272548402163e-03 -4.781021134536e-01 0.000000000000e+00 1.000000000000e+00 0.000000000000e+00 -4.819996834494e-02 5.272548402163e-03 0.000000000000e+00 9.999861000201e-01 -3.995147813812e-01
1.1620024800e+02 9.999932824344e-01 0.000000000000e+00 3.665390299390e-03 -7.368860671733e-01 0.000000000000e+00 1.000000000000e+00 0.000000000000e+00 -3.289989275739e-02 -3.665390299390e-03 0.000000000000e+00 9.999932824344e-01 -9.037163405853e-01
1.1630012012e+02 9.999972368624e-01 0.000000000000e+00 -2.350801486690e-03 -9.761566995102e-01 0.000000000000e+00 1.000000000000e+00 0.000000000000e+00 -2.829976606758e-02 2.350801486690e-03 0.000000000000e+00 9.999972368624e-01 -1.418844601142e+00
1.1640042210e+02 9.999999926811e-01 0.000000000000e+00 -1.209866653334e-04 -1.231519430489e+00 0.000000000000e+00 1.000000000000e+00 0.000000000000e+00 -2.899958424420e-02 1.209866653334e-04 0.000000000000e+00 9.999999926811e-01 -1.936806269152e+00
1.1650053191e+02 9.999977901548e-01 0.000000000000e+00 -2.102304811698e-03 -1.484405524514e+00 0.000000000000e+00 1.000000000000e+00 0.000000000000e+00 -2.109934333358e-02 2.102304811698e-03 0.000000000000e+00 9.999977901548e-01 -2.473780128527e+00
1.1660027909e+02 9.999987554428e-01 0.000000000000e+00 -1.577692270569e-03 -1.744691054007e+00 0.000000000000e+00 1.000000000000e+00 0.000000000000e+00 -1.719904025352e-02 1.577692270569e-03 0.000000000000e+00 9.999987554428e-01 -3.019522214556e+00
1.1670038867e+02 9.999276527629e-01 0.000000000000e+00 -1.202868405115e-02 -1.997286545963e+00 0.000000000000e+00 1.000000000000e+00 0.000000000000e+00 -1.169867754695e-02 1.202868405115e-02 0.000000000000e+00 9.999276527629e-01 -3.568135952292e+00
1.1680046225e+02 9.999575679393e-01 0.000000000000e+00 -9.212074736722e-03 -2.273408419203e+00 0.000000000000e+00 1.000000000000e+00 0.000000000000e+00 -2.129825245377e-02 9.212074736722e-03 0.000000000000e+00 9.999575679393e-01 -4.116931372974e+00
1.1693217611e+02 9.997999002592e-01 0.000000000000e+00 -2.000398564340e-02 -2.555038121031e+00 0.000000000000e+00 1.000000000000e+00 0.000000000000e+00 5.002249299752e-03 2.000398564340e-02 0.000000000000e+00 9.997999002592e-01 -4.678451352264e+00
1.1700085235e+02 9.994846334461e-01 0.000000000000e+00 -3.210089570511e-02 -2.824727869247e+00 0.000000000000e+00 1.000000000000e+00 0.000000000000e+00 -5.397182207522e-03 3.210089570511e-02 0.000000000000e+00 9.994846334461e-01 -5.251941052298e+00
1.1710001683e+02 9.992276122675e-01 0.000000000000e+00 -3.929604155910e-02 -3.116200632835e+00 0.000000000000e+00 1.000000000000e+00 0.000000000000e+00 -1.596539024115e-03 3.929604155910e-02 0.000000000000e+00 9.992276122675e-01 -5.825557024707e+00
1.1720005226e+02 9.994011513633e-01 0.000000000000e+00 -3.460258160544e-02 -3.410228490816e+00 0.000000000000e+00 1.000000000000e+00 0.000000000000e+00 -8.895817127871e-03 3.460258160544e-02 0.000000000000e+00 9.994011513633e-01 -6.417801695617e+00
1.1730000401e+02 9.990080681211e-01 0.000000000000e+00 -4.452953883558e-02 -3.708956748306e+00 0.000000000000e+00 1.000000000000e+00 0.000000000000e+00 -2.209503293447e-02 4.452953883558e-02 0.000000000000e+00 9.990080681211e-01 -6.992011050922e+00
1.1740062666e+02 9.994404135446e-01 0.000000000000e+00 -3.344936133735e-02 -4.036862760993e+00 0.000000000000e+00 1.000000000000e+00 0.000000000000e+00 -4.679414965753e-02 3.344936133735e-02 0.000000000000e+00 9.994404135446e-01 -7.591647992488e+00
1.1750039029e+02 9.990092962905e-01 0.000000000000e+00 -4.450197664223e-02 -4.364322789339e+00 0.000000000000e+00 1.000000000000e+00 0.000000000000e+00 -6.819319099200e-02 4.450197664223e-02 0.000000000000e+00 9.990092962905e-01 -8.181130628815e+00
1.1760009217e+02 9.991563856569e-01 0.000000000000e+00 -4.106722538878e-02 -4.664284925219e+00 0.000000000000e+00 1.000000000000e+00 0.000000000000e+00 -6.399214421642e-02 4.106722538878e-02 0.000000000000e+00 9.991563856569e-01 -8.803329699121e+00
1.1770108390e+02 9.994186650901e-01 0.000000000000e+00 -3.409298856809e-02 -4.987153947430e+00 0.000000000000e+00 1.000000000000e+00 0.000000000000e+00 -6.899101694682e-02 3.409298856809e-02 0.000000000000e+00 9.994186650901e-01 -9.419166341176e+00
1.1780080342e+02 9.986225634904e-01 0.000000000000e+00 -5.246880680869e-02 -5.316963955038e+00 0.000000000000e+00 1.000000000000e+00 0.000000000000e+00 -1.053898183433e-01 5.246880680869e-02 0.000000000000e+00 9.986225634904e-01 -1.001607828612e+01
1.1790055466e+02 9.991546221224e-01 0.000000000000e+00 -4.111010935940e-02 -5.587915010292e+00 0.000000000000e+00 1.000000000000e+00 0.000000000000e+00 -9.508856252417e-02 4.111010935940e-02 0.000000000000e+00 9.991546221224e-01 -1.064863295523e+01
1.1800032759e+02 9.992160248034e-01 0.000000000000e+00 -3.958959176562e-02 -5.882840605256e+00 0.000000000000e+00 1.000000000000e+00 0.000000000000e+00 -1.094872572807e-01 3.958959176562e-02 0.000000000000e+00 9.992160248034e-01 -1.124820841751e+01
1.1810001183e+02 9.991011415464e-01 0.000000000000e+00 -4.238996297173e-02 -6.171438916701e+00 0.000000000000e+00 1.000000000000e+00 0.000000000000e+00 -9.268587343438e-02 4.238996297173e-02 0.000000000000e+00 9.991011415464e-01 -1.185566247876e+01
1.1820001388e+02 9.992588022267e-01 0.000000000000e+00 -3.849475512879e-02 -6.471197702266e+00 0.000000000000e+00 1.000000000000e+00 0.000000000000e+00 -1.002844331413e-01 3.849475512879e-02 0.000000000000e+00 9.992588022267e-01 -1.245289396720e+01
1.1830008769e+02 9.989768952123e-01 0.000000000000e+00 -4.522347655827e-02 -6.759063338736e+00 0.000000000000e+00 1.000000000000e+00 0.000000000000e+00 -1.064829647293e-01 4.522347655827e-02 0.000000000000e+00 9.989768952123e-01 -1.302872717171e+01
1.1840024781e+02 9.991989549086e-01 0.000000000000e+00 -4.001810227458e-02 -7.033258310906e+00 0.000000000000e+00 1.000000000000e+00 0.000000000000e+00 -9.528144177563e-02 4.001810227458e-02 0.000000000000e+00 9.991989549086e-01 -1.361435628015e+01
1.1850015593e+02 9.996809378798e-01 0.000000000000e+00 -2.525910607693e-02 -7.316642786673e+00 0.000000000000e+00 1.000000000000e+00 0.000000000000e+00 -1.200798863157e-01 2.525910607693e-02 0.000000000000e+00 9.996809378798e-01 -1.418472541646e+01
1.1860059237e+02 9.996610511745e-01 0.000000000000e+00 -2.603426136442e-02 -7.615960650656e+00 0.000000000000e+00 1.000000000000e+00 0.000000000000e+00 -1.314782674888e-01 2.603426136442e-02 0.000000000000e+00 9.996610511745e-01 -1.473901957419e+01
1.1870009637e+02 9.997632890838e-01 0.000000000000e+00 -2.175697130339e-02 -7.881112551849e+00 0.000000000000e+00 1.000000000000e+00 0.000000000000e+00 -1.100766085369e-01 2.175697130339e-02 0.000000000000e+00 9.997632890838e-01 -1.530411721468e+01
1.1880022621e+02 9.999004294031e-01 0.000000000000e+00 -1.411138829278e-02 -8.156883406483e+00 0.000000000000e+00 1.000000000000e+00 0.000000000000e+00 -1.239749186882e-01 1.411138829278e-02 0.000000000000e+00 9.999004294031e-01 -1.585381580533e+01
1.1893536067e+02 9.995496371124e-01 0.000000000000e+00 -3.000871454229e-02 -8.385539713400e+00 0.000000000000e+00 1.000000000000e+00 0.000000000000e+00 -9.757319650767e-02 3.000871454229e-02 0.000000000000e+00 9.995496371124e-01 -1.640481842228e+01
1.1900074792e+02 9.996157584925e-01 0.000000000000e+00 -2.771886313476e-02 -8.656874915198e+00 0.000000000000e+00 1.000000000000e+00 0.000000000000e+00 -1.131714759892e-01 2.771886313476e-02 0.000000000000e+00 9.996157584925e-01 -1.692170581033e+01
1.1910021925e+02 9.994919992504e-01 0.000000000000e+00 -3.187073005690e-02 -8.913082022987e+00 0.000000000000e+00 1.000000000000e+00 0.000000000000e+00 -1.178697154964e-01 3.187073005690e-02 0.000000000000e+00 9.994919992504e-01 -1.743805262101e+01
1.1920039749e+02 9.994452663441e-01 0.000000000000e+00 -3.330404753845e-02 -9.171468312768e+00 0.000000000000e+00 1.000000000000e+00 0.000000000000e+00 -1.206679465083e-01 3.330404753845e-02 0.000000000000e+00 9.994452663441e-01 -1.793879026937e+01
1.1930099964e+02 9.992008660939e-01 0.000000000000e+00 -3.997035397917e-02 -9.426023388309e+00 0.000000000000e+00 1.000000000000e+00 0.000000000000e+00 -1.487662115589e-01 3.997035397917e-02 0.000000000000e+00 9.992008660939e-01 -1.840955560948e+01
1.1940001345e+02 9.994936139859e-01 0.000000000000e+00 -3.182005030619e-02 -9.683225757584e+00 0.000000000000e+00 1.000000000000e+00 0.000000000000e+00 -1.360643975559e-01 3.182005030619e-02 0.000000000000e+00 9.994936139859e-01 -1.889866400753e+01
1.1950077963e+02 9.993581977956e-01 0.000000000000e+00 -3.582167638140e-02 -9.943510573159e+00 0.000000000000e+00 1.000000000000e+00 0.000000000000e+00 -1.278625869512e-01 3.582167638140e-02 0.000000000000e+00 9.993581977956e-01 -1.936335480356e+01
1.1960033727e+02 9.985979517439e-01 0.000000000000e+00 -5.293515630440e-02 -1.017879286027e+01 0.000000000000e+00 1.000000000000e+00 0.000000000000e+00 -1.528608018678e-01 5.293515630440e-02 0.000000000000e+00 9.985979517439e-01 -1.981043180383e+01
1.1970008469e+02 9.971358744394e-01 0.000000000000e+00 -7.563099831416e-02 -1.041235957058e+01 0.000000000000e+00 1.000000000000e+00 0.000000000000e+00 -1.571590291804e-01 7.563099831416e-02 0.000000000000e+00 9.971358744394e-01 -2.023888510798e+01
1.1980037189e+02 9.964444436547e-01 0.000000000000e+00 -8.425242257485e-02 -1.063227244721e+01 0.000000000000e+00 1.000000000000e+00 0.000000000000e+00 -1.194572773336e-01 8.425242257485e-02 0.000000000000e+00 9.964444436547e-01 -2.066377275255e+01
1.1990001655e+02 9.942126044492e-01 0.000000000000e+00 -1.074304293686e-01 -1.087857414100e+01 0.000000000000e+00 1.000000000000e+00 0.000000000000e+00 -1.189555479581e-01 1.074304293686e-01 0.000000000000e+00 9.942126044492e-01 -2.104933268805e+01
1.2000044799e+02 9.905923954079e-01 0.000000000000e+00 -1.368455558650e-01 -1.114560912096e+01 0.000000000000e+00 1.000000000000e+00 0.000000000000e+00 -1.355538558126e-01 1.368455558650e-01 0.000000000000e+00 9.905923954079e-01 -2.140015349950e+01
1.2010003209e+02 9.860711190452e-01 0.000000000000e+00 -1.663242260917e-01 -1.142793300674e+01 0.000000000000e+00 1.000000000000e+00 0.000000000000e+00 -1.503521851832e-01 1.663242260917e-01 0.000000000000e+00 9.860711190452e-01 -2.172701413857e+01
1.2020038223e+02 9.761828643326e-01 0.000000000000e+00 -2.169493382876e-01 -1.170616461316e+01 0.000000000000e+00 1.000000000000e+00 0.000000000000e+00 -1.462505937908e-01 2.169493382876e-01 0.000000000000e+00 9.761828643326e-01 -2.201419392857e+01
1.2029999828e+02 9.650815363835e-01 0.000000000000e+00 -2.619496671721e-01 -1.200527419885e+01 0.000000000000e+00 1.000000000000e+00 0.000000000000e+00 -1.658489879594e-01 2.619496671721e-01 0.000000000000e+00 9.650815363835e-01 -2.228976162488e+01
1.2040024447e+02 9.525980460997e-01 0.000000000000e+00 -3.042317579856e-01 -1.230890863361e+01 0.000000000000e+00 1.000000000000e+00 0.000000000000e+00 -1.706474548905e-01 3.042317579856e-01 0.000000000000e+00 9.525980460997e-01 -2.253544326789e+01
1.2050051475e+02 9.344926902867e-01 0.000000000000e+00 -3.559823195059e-01 -1.261444809024e+01 0.000000000000e+00 1.000000000000e+00 0.000000000000e+00 -1.663459936168e-01 3.559823195059e-01 0.000000000000e+00 9.344926902867e-01 -2.275002061672e+01
1.2059998488e+02 9.114994043909e-01 0.000000000000e+00 -4.113013928921e-01 -1.293495959445e+01 0.000000000000e+00 1.000000000000e+00 0.000000000000e+00 -1.825445853113e-01 4.113013928921e-01 0.000000000000e+00 9.114994043909e-01 -2.293296813847e+01
1.2070027208e+02 8.803594146102e-01 0.000000000000e+00 -4.743071801134e-01 -1.326087464299e+01 0.000000000000e+00 1.000000000000e+00 0.000000000000e+00 -1.875432773124e-01 4.743071801134e-01 0.000000000000e+00 8.803594146102e-01 -2.307714925552e+01
1.2080005956e+02 8.500899961244e-01 0.000000000000e+00 -5.266374450124e-01 -1.359823281200e+01 0.000000000000e+00 1.000000000000e+00 0.000000000000e+00 -2.079420547342e-01 5.266374450124e-01 0.000000000000e+00 8.500899961244e-01 -2.319162110523e+01
1.2090031433e+02 8.057353821392e-01 0.000000000000e+00 -5.922756908476e-01 -1.394299876368e+01 0.000000000000e+00 1.000000000000e+00 0.000000000000e+00 -1.944409324712e-01 5.922756908476e-01 0.000000000000e+00 8.057353821392e-01 -2.326435359495e+01
1.2100028682e+02 7.713019902410e-01 0.000000000000e+00 -6.364693549970e-01 -1.429390964211e+01 0.000000000000e+00 1.000000000000e+00 0.000000000000e+00 -1.943398272042e-01 6.364693549970e-01 0.000000000000e+00 7.713019902410e-01 -2.333388443773e+01
1.2110046220e+02 7.243844518477e-01 0.000000000000e+00 -6.893962328889e-01 -1.463484858745e+01 0.000000000000e+00 1.000000000000e+00 0.000000000000e+00 -2.133388562664e-01 6.893962328889e-01 0.000000000000e+00 7.243844518477e-01 -2.336547732840e+01
1.2120021749e+02 6.768924708286e-01 0.000000000000e+00 -7.360819131969e-01 -1.498156748455e+01 0.000000000000e+00 1.000000000000e+00 0.000000000000e+00 -2.123379793454e-01 7.360819131969e-01 0.000000000000e+00 6.768924708286e-01 -2.336766153991e+01
1.2130048895e+02 6.300353603077e-01 0.000000000000e+00 -7.765664458126e-01 -1.531763612942e+01 0.000000000000e+00 1.000000000000e+00 0.000000000000e+00 -2.142372098687e-01 7.765664458126e-01 0.000000000000e+00 6.300353603077e-01 -2.334714796293e+01
1.2140022302e+02 5.729954664919e-01 0.000000000000e+00 -8.195585368841e-01 -1.565158353224e+01 0.000000000000e+00 1.000000000000e+00 0.000000000000e+00 -2.184365036962e-01 8.195585368841e-01 0.000000000000e+00 5.729954664919e-01 -2.330704972280e+01
1.2150003910e+02 5.204141574005e-01 0.000000000000e+00 -8.539139914401e-01 -1.599697962727e+01 0.000000000000e+00 1.000000000000e+00 0.000000000000e+00 -2.293357829458e-01 8.539139914401e-01 0.000000000000e+00 5.204141574005e-01 -2.326264453051e+01
1.2160028076e+02 4.571440526571e-01 0.000000000000e+00 -8.893926664417e-01 -1.634295916702e+01 0.000000000000e+00 1.000000000000e+00 0.000000000000e+00 -2.484351935468e-01 8.893926664417e-01 0.000000000000e+00 4.571440526571e-01 -2.318030333326e+01
1.2170034003e+02 3.920552263189e-01 0.000000000000e+00 -9.199416826713e-01 -1.669380686203e+01 0.000000000000e+00 1.000000000000e+00 0.000000000000e+00 -2.540346467276e-01 9.199416826713e-01 0.000000000000e+00 3.920552263189e-01 -2.308190101562e+01
1.2180023766e+02 3.253448432224e-01 0.000000000000e+00 -9.455954383290e-01 -1.704940096657e+01 0.000000000000e+00 1.000000000000e+00 0.000000000000e+00 -2.660341425184e-01 9.455954383290e-01 0.000000000000e+00 3.253448432224e-01 -2.296645013266e+01
1.2190002060e+02 2.596387767335e-01 0.000000000000e+00 -9.657058069704e-01 -1.741599170746e+01 0.000000000000e+00 1.000000000000e+00 0.000000000000e+00 -2.749336731320e-01 9.657058069704e-01 0.000000000000e+00 2.596387767335e-01 -2.283218066241e+01
1.2200025821e+02 1.963210430349e-01 0.000000000000e+00 -9.805396718449e-01 -1.778127747980e+01 0.000000000000e+00 1.000000000000e+00 0.000000000000e+00 -2.939332899241e-01 9.805396718449e-01 0.000000000000e+00 1.963210430349e-01 -2.267190889461e+01
1.2209991217e+02 1.218500201610e-01 0.000000000000e+00 -9.925485240464e-01 -1.813895621988e+01 0.000000000000e+00 1.000000000000e+00 0.000000000000e+00 -3.068330393930e-01 9.925485240464e-01 0.000000000000e+00 1.218500201610e-01 -2.247982156155e+01
1.2220002794e+02 4.138236653817e-02 0.000000000000e+00 -9.991433829735e-01 -1.849518696205e+01 0.000000000000e+00 1.000000000000e+00 0.000000000000e+00 -3.219328672089e-01 9.991433829735e-01 0.000000000000e+00 4.138236653817e-02 -2.226653485340e+01
1.2230003476e+02 -2.490476850785e-02 0.000000000000e+00 -9.996898281495e-01 -1.884605491459e+01 0.000000000000e+00 1.000000000000e+00 0.000000000000e+00 -3.265327259540e-01 9.996898281495e-01 0.000000000000e+00 -2.490476850785e-02 -2.204215087483e+01
1.2240064955e+02 -7.880184858906e-02 0.000000000000e+00 -9.968902992100e-01 -1.919085621938e+01 0.000000000000e+00 1.000000000000e+00 0.000000000000e+00 -3.322326533463e-01 9.968902992100e-01 0.000000000000e+00 -7.880184858906e-02 -2.179452527347e+01
1.2250021958e+02 -1.427027998780e-01 0.000000000000e+00 -9.897655838162e-01 -1.952648341519e+01 0.000000000000e+00 1.000000000000e+00 0.000000000000e+00 -3.399327022047e-01 9.897655838162e-01 0.000000000000e+00 -1.427027998780e-01 -2.151888657920e+01
1.2259999514e+02 -2.018410259373e-01 0.000000000000e+00 -9.794182968725e-01 -1.986515487115e+01 0.000000000000e+00 1.000000000000e+00 0.000000000000e+00 -3.445327590838e-01 9.794182968725e-01 0.000000000000e+00 -2.018410259373e-01 -2.123116334514e+01
1.2270056939e+02 -2.453921514086e-01 0.000000000000e+00 -9.694238969755e-01 -2.018716292449e+01 0.000000000000e+00 1.000000000000e+00 0.000000000000e+00 -3.456329176868e-01 9.694238969755e-01 0.000000000000e+00 -2.453921514086e-01 -2.091523499292e+01
1.2280022264e+02 -2.848566412146e-01 0.000000000000e+00 -9.585701299101e-01 -2.049626808830e+01 0.000000000000e+00 1.000000000000e+00 0.000000000000e+00 -3.597331018051e-01 9.585701299101e-01 0.000000000000e+00 -2.848566412146e-01 -2.059386753629e+01
1.2290017843e+02 -3.309590168495e-01 0.000000000000e+00 -9.436451288307e-01 -2.080378931430e+01 0.000000000000e+00 1.000000000000e+00 0.000000000000e+00 -3.684333235916e-01 9.436451288307e-01 0.000000000000e+00 -3.309590168495e-01 -2.025854112701e+01
1.2300000548e+02 -3.886159708472e-01 0.000000000000e+00 -9.213998194066e-01 -2.109487896616e+01 0.000000000000e+00 1.000000000000e+00 0.000000000000e+00 -3.733336528986e-01 9.213998194066e-01 0.000000000000e+00 -3.886159708472e-01 -1.990539552602e+01
1.2310006952e+02 -4.423615240997e-01 0.000000000000e+00 -8.968368201608e-01 -2.138056804011e+01 0.000000000000e+00 1.000000000000e+00 0.000000000000e+00 -3.727340359426e-01 8.968368201608e-01 0.000000000000e+00 -4.423615240997e-01 -1.953118073150e+01
1.2320015669e+02 -4.754892617251e-01 0.000000000000e+00 -8.797215252477e-01 -2.166210291826e+01 0.000000000000e+00 1.000000000000e+00 0.000000000000e+00 -3.659344235677e-01 8.797215252477e-01 0.000000000000e+00 -4.754892617251e-01 -1.913729390228e+01
1.2330015278e+02 -5.120304015969e-01 0.000000000000e+00 -8.589673264103e-01 -2.192779789705e+01 0.000000000000e+00 1.000000000000e+00 0.000000000000e+00 -3.834348920279e-01 8.589673264103e-01 0.000000000000e+00 -5.120304015969e-01 -1.872578155882e+01
1.2340064216e+02 -5.530052347053e-01 0.000000000000e+00 -8.331777783814e-01 -2.217471817380e+01 0.000000000000e+00 1.000000000000e+00 0.000000000000e+00 -3.964354520898e-01 8.331777783814e-01 0.000000000000e+00 -5.530052347053e-01 -1.829736857954e+01
1.2350026131e+02 -5.918797614292e-01 0.000000000000e+00 -8.060262700499e-01 -2.240527224188e+01 0.000000000000e+00 1.000000000000e+00 0.000000000000e+00 -3.828360791578e-01 8.060262700499e-01 0.000000000000e+00 -5.918797614292e-01 -1.785217932302e+01
1.2360023570e+02 -6.246524511555e-01 0.000000000000e+00 -7.809028846569e-01 -2.261834552261e+01 0.000000000000e+00 1.000000000000e+00 0.000000000000e+00 -3.866367645219e-01 7.809028846569e-01 0.000000000000e+00 -6.246524511555e-01 -1.738948047634e+01
1.2370068836e+02 -6.618921032667e-01 0.000000000000e+00 -7.495991219533e-01 -2.282671640789e+01 0.000000000000e+00 1.000000000000e+00 0.000000000000e+00 -3.695374486362e-01 7.495991219533e-01 0.000000000000e+00 -6.618921032667e-01 -1.692489304657e+01
1.2380045891e+02 -6.911304283911e-01 0.000000000000e+00 -7.227300539980e-01 -2.299455373384e+01 0.000000000000e+00 1.000000000000e+00 0.000000000000e+00 -3.791381952400e-01 7.227300539980e-01 0.000000000000e+00 -6.911304283911e-01 -1.646792232315e+01
1.2390084743e+02 -7.230270614841e-01 0.000000000000e+00 -6.908197075660e-01 -2.312992090114e+01 0.000000000000e+00 1.000000000000e+00 0.000000000000e+00 -4.017390231422e-01 6.908197075660e-01 0.000000000000e+00 -7.230270614841e-01 -1.601267846676e+01
1.2400050807e+02 -7.552689125736e-01 0.000000000000e+00 -6.554150362174e-01 -2.326090686773e+01 0.000000000000e+00 1.000000000000e+00 0.000000000000e+00 -3.913398403337e-01 6.554150362174e-01 0.000000000000e+00 -7.552689125736e-01 -1.555660929472e+01
1.2410123038e+02 -7.831881168867e-01 0.000000000000e+00 -6.217848289942e-01 -2.337109972695e+01 0.000000000000e+00 1.000000000000e+00 0.000000000000e+00 -3.713406596608e-01 6.217848289942e-01 0.000000000000e+00 -7.831881168867e-01 -1.511061636951e+01
1.2420143127e+02 -8.070901952371e-01 0.000000000000e+00 -5.904281639218e-01 -2.344421140895e+01 0.000000000000e+00 1.000000000000e+00 0.000000000000e+00 -4.076415685370e-01 5.904281639218e-01 0.000000000000e+00 -8.070901952371e-01 -1.466493616611e+01
1.2430016470e+02 -8.347229278532e-01 0.000000000000e+00 -5.506701678102e-01 -2.349311796904e+01 0.000000000000e+00 1.000000000000e+00 0.000000000000e+00 -3.955425286689e-01 5.506701678102e-01 0.000000000000e+00 -8.347229278532e-01 -1.422737100334e+01
1.2440026975e+02 -8.500679301499e-01 0.000000000000e+00 -5.266730618995e-01 -2.352034901604e+01 0.000000000000e+00 1.000000000000e+00 0.000000000000e+00 -3.966435116940e-01 5.266730618995e-01 0.000000000000e+00 -8.500679301499e-01 -1.378073176003e+01
1.2450008345e+02 -8.732261636266e-01 0.000000000000e+00 -4.873151620439e-01 -2.353306432649e+01 0.000000000000e+00 1.000000000000e+00 0.000000000000e+00 -3.920445092000e-01 4.873151620439e-01 0.000000000000e+00 -8.732261636266e-01 -1.335236187348e+01
1.2460020566e+02 -8.937067210782e-01 0.000000000000e+00 -4.486516429254e-01 -2.352574241787e+01 0.000000000000e+00 1.000000000000e+00 0.000000000000e+00 -3.841455325252e-01 4.486516429254e-01 0.000000000000e+00 -8.937067210782e-01 -1.292769209490e+01
1.2470061541e+02 -9.091939056709e-01 0.000000000000e+00 -4.163729600862e-01 -2.348499947580e+01 0.000000000000e+00 1.000000000000e+00 0.000000000000e+00 -3.910466263821e-01 4.163729600862e-01 0.000000000000e+00 -9.091939056709e-01 -1.250286476043e+01
1.2480048037e+02 -9.255643448644e-01 0.000000000000e+00 -3.785903373247e-01 -2.343628731194e+01 0.000000000000e+00 1.000000000000e+00 0.000000000000e+00 -3.799477024657e-01 3.785903373247e-01 0.000000000000e+00 -9.255643448644e-01 -1.209137575169e+01
1.2490051508e+02 -9.389752755347e-01 0.000000000000e+00 -3.439846390967e-01 -2.337669746270e+01 0.000000000000e+00 1.000000000000e+00 0.000000000000e+00 -3.776487724835e-01 3.439846390967e-01 0.000000000000e+00 -9.389752755347e-01 -1.168336788200e+01
1.2500030494e+02 -9.497227644623e-01 0.000000000000e+00 -3.130921121046e-01 -2.331158117872e+01 0.000000000000e+00 1.000000000000e+00 0.000000000000e+00 -3.699498308467e-01 3.130921121046e-01 0.000000000000e+00 -9.497227644623e-01 -1.127189882063e+01
1.2510067797e+02 -9.632276244035e-01 0.000000000000e+00 -2.686867015429e-01 -2.322860151223e+01 0.000000000000e+00 1.000000000000e+00 0.000000000000e+00 -3.639509149134e-01 2.686867015429e-01 0.000000000000e+00 -9.632276244035e-01 -1.087618398098e+01
1.2520005751e+02 -9.706639301591e-01 0.000000000000e+00 -2.404402933955e-01 -2.311258727424e+01 0.000000000000e+00 1.000000000000e+00 0.000000000000e+00 -3.825520471195e-01 2.404402933955e-01 0.000000000000e+00 -9.706639301591e-01 -1.048645665297e+01
1.2530032015e+02 -9.783477457024e-01 0.000000000000e+00 -2.069678440700e-01 -2.298301279883e+01 0.000000000000e+00 1.000000000000e+00 0.000000000000e+00 -3.894531888303e-01 2.069678440700e-01 0.000000000000e+00 -9.783477457024e-01 -1.010613458996e+01
1.2540003490e+02 -9.860487291080e-01 0.000000000000e+00 -1.664569128167e-01 -2.284350194983e+01 0.000000000000e+00 1.000000000000e+00 0.000000000000e+00 -3.788543360021e-01 1.664569128167e-01 0.000000000000e+00 -9.860487291080e-01 -9.731629487262e+00
1.2550091958e+02 -9.896500003168e-01 0.000000000000e+00 -1.435021842095e-01 -2.268911327223e+01 0.000000000000e+00 1.000000000000e+00 0.000000000000e+00 -3.783554608510e-01 1.435021842095e-01 0.000000000000e+00 -9.896500003168e-01 -9.370047521603e+00
1.2560030866e+02 -9.948725604204e-01 0.000000000000e+00 -1.011364846259e-01 -2.251932446586e+01 0.000000000000e+00 1.000000000000e+00 0.000000000000e+00 -3.846566003221e-01 1.011364846259e-01 0.000000000000e+00 -9.948725604204e-01 -9.032797074646e+00
1.2570041919e+02 -9.992102134819e-01 0.000000000000e+00 -3.973599468329e-02 -2.235470619540e+01 0.000000000000e+00 1.000000000000e+00 0.000000000000e+00 -3.760577075435e-01 3.973599468329e-02 0.000000000000e+00 -9.992102134819e-01 -8.701564961811e+00
1.2580017805e+02 -9.999200026031e-01 0.000000000000e+00 1.264865187582e-02 -2.216185504078e+01 0.000000000000e+00 1.000000000000e+00 0.000000000000e+00 -3.469588527358e-01 -1.264865187582e-02 0.000000000000e+00 -9.999200026031e-01 -8.382484540105e+00
1.2590124583e+02 -9.980563629366e-01 0.000000000000e+00 6.231770536296e-02 -2.194502872463e+01 0.000000000000e+00 1.000000000000e+00 0.000000000000e+00 -3.582600060638e-01 -6.231770536296e-02 0.000000000000e+00 -9.980563629366e-01 -8.093263971709e+00
1.2600025463e+02 -9.950549357701e-01 0.000000000000e+00 9.932610331373e-02 -2.170189829856e+01 0.000000000000e+00 1.000000000000e+00 0.000000000000e+00 -3.424612190746e-01 -9.932610331373e-02 0.000000000000e+00 -9.950549357701e-01 -7.795621698477e+00
1.2610034108e+02 -9.884715587980e-01 0.000000000000e+00 1.514066624933e-01 -2.143287011929e+01 0.000000000000e+00 1.000000000000e+00 0.000000000000e+00 -3.619624486745e-01 -1.514066624933e-01 0.000000000000e+00 -9.884715587980e-01 -7.537836677926e+00
1.2620012593e+02 -9.810898999509e-01 0.000000000000e+00 1.935525980561e-01 -2.117753044647e+01 0.000000000000e+00 1.000000000000e+00 0.000000000000e+00 -3.585636272557e-01 -1.935525980561e-01 0.000000000000e+00 -9.810898999509e-01 -7.259132701060e+00
1.2630033493e+02 -9.698048289130e-01 0.000000000000e+00 2.438823360086e-01 -2.089145781039e+01 0.000000000000e+00 1.000000000000e+00 0.000000000000e+00 -3.451648747457e-01 -2.438823360086e-01 0.000000000000e+00 -9.698048289130e-01 -6.984697178407e+00
1.2640082240e+02 -9.526316736045e-01 0.000000000000e+00 3.041264448309e-01 -2.056402068196e+01 0.000000000000e+00 1.000000000000e+00 0.000000000000e+00 -3.306661903329e-01 -3.041264448309e-01 0.000000000000e+00 -9.526316736045e-01 -6.738657506797e+00
1.2650068164e+02 -9.326682278473e-01 0.000000000000e+00 3.607353278571e-01 -2.020632405989e+01 0.000000000000e+00 1.000000000000e+00 0.000000000000e+00 -3.065675470920e-01 -3.607353278571e-01 0.000000000000e+00 -9.326682278473e-01 -6.509914611268e+00
1.2660010123e+02 -9.144934615470e-01 0.000000000000e+00 4.046006781850e-01 -1.983588095772e+01 0.000000000000e+00 1.000000000000e+00 0.000000000000e+00 -3.141688894422e-01 -4.046006781850e-01 0.000000000000e+00 -9.144934615470e-01 -6.292787907834e+00
1.2670017195e+02 -8.821979397850e-01 0.000000000000e+00 4.708787477038e-01 -1.944719182570e+01 0.000000000000e+00 1.000000000000e+00 0.000000000000e+00 -3.065702316595e-01 -4.708787477038e-01 0.000000000000e+00 -8.821979397850e-01 -6.098698874112e+00
1.2680005550e+02 -8.657641905239e-01 0.000000000000e+00 5.004521619560e-01 -1.900154328785e+01 0.000000000000e+00 1.000000000000e+00 0.000000000000e+00 -3.648717007994e-01 -5.004521619560e-01 0.000000000000e+00 -8.657641905239e-01 -5.900243717946e+00
1.2690030456e+02 -8.492205006222e-01 0.000000000000e+00 5.280383900086e-01 -1.858581045402e+01 0.000000000000e+00 1.000000000000e+00 0.000000000000e+00 -3.415730771257e-01 -5.280383900086e-01 0.000000000000e+00 -8.492205006222e-01 -5.669175563418e+00
1.2700031233e+02 -8.341856636996e-01 0.000000000000e+00 5.514837064485e-01 -1.815583324041e+01 0.000000000000e+00 1.000000000000e+00 0.000000000000e+00 -3.113744549863e-01 -5.514837064485e-01 0.000000000000e+00 -8.341856636996e-01 -5.436328214325e+00
1.2710068226e+02 -8.326672539683e-01 0.000000000000e+00 5.537736398285e-01 -1.769445085409e+01 0.000000000000e+00 1.000000000000e+00 0.000000000000e+00 -3.157758864612e-01 -5.537736398285e-01 0.000000000000e+00 -8.326672539683e-01 -5.194074355550e+00
1.2720041275e+02 -8.322985078689e-01 0.000000000000e+00 5.543276953203e-01 -1.723791626868e+01 0.000000000000e+00 1.000000000000e+00 0.000000000000e+00 -3.121772860743e-01 -5.543276953203e-01 0.000000000000e+00 -8.322985078689e-01 -4.922318338289e+00
1.2730021930e+02 -8.349633038705e-01 0.000000000000e+00 5.503056252571e-01 -1.676639677319e+01 0.000000000000e+00 1.000000000000e+00 0.000000000000e+00 -2.915786852950e-01 -5.503056252571e-01 0.000000000000e+00 -8.349633038705e-01 -4.640497069981e+00
1.2740126419e+02 -8.428108310978e-01 0.000000000000e+00 5.382099060629e-01 -1.628970409853e+01 0.000000000000e+00 1.000000000000e+00 0.000000000000e+00 -2.840800696713e-01 -5.382099060629e-01 0.000000000000e+00 -8.428108310978e-01 -4.329841582371e+00
1.2750019884e+02 -8.458577915636e-01 0.000000000000e+00 5.334084705468e-01 -1.584219366424e+01 0.000000000000e+00 1.000000000000e+00 0.000000000000e+00 -2.708813286876e-01 -5.334084705468e-01 0.000000000000e+00 -8.458577915636e-01 -4.030496483628e+00
1.2760063529e+02 -8.606675808755e-01 0.000000000000e+00 5.091672762756e-01 -1.539749468288e+01 0.000000000000e+00 1.000000000000e+00 0.000000000000e+00 -2.837825521612e-01 -5.091672762756e-01 0.000000000000e+00 -8.606675808755e-01 -3.703871054520e+00
1.2770012188e+02 -8.687911375777e-01 0.000000000000e+00 4.951787144723e-01 -1.496208931313e+01 0.000000000000e+00 1.000000000000e+00 0.000000000000e+00 -2.643837094139e-01 -4.951787144723e-01 0.000000000000e+00 -8.687911375777e-01 -3.371611637579e+00
1.2779998374e+02 -8.834716831898e-01 0.000000000000e+00 4.684845621809e-01 -1.454380901656e+01 0.000000000000e+00 1.000000000000e+00 0.000000000000e+00 -2.397847912592e-01 -4.684845621809e-01 0.000000000000e+00 -8.834716831898e-01 -3.023711830812e+00
1.2790031266e+02 -8.885598544270e-01 0.000000000000e+00 4.587607057069e-01 -1.414825501875e+01 0.000000000000e+00 1.000000000000e+00 0.000000000000e+00 -2.151857793551e-01 -4.587607057069e-01 0.000000000000e+00 -8.885598544270e-01 -2.679139829591e+00
1.2800034261e+02 -8.965995185434e-01 0.000000000000e+00 4.428423007660e-01 -1.374956587559e+01 0.000000000000e+00 1.000000000000e+00 0.000000000000e+00 -2.164867251011e-01 -4.428423007660e-01 0.000000000000e+00 -8.965995185434e-01 -2.348235540519e+00
1.2810105276e+02 -9.055227789127e-01 0.000000000000e+00 4.242976512665e-01 -1.336467419457e+01 0.000000000000e+00 1.000000000000e+00 0.000000000000e+00 -1.863876120735e-01 -4.242976512665e-01 0.000000000000e+00 -9.055227789127e-01 -1.988337815425e+00
1.2820035529e+02 -9.203521941080e-01 0.000000000000e+00 3.910905762105e-01 -1.299567887758e+01 0.000000000000e+00 1.000000000000e+00 0.000000000000e+00 -1.803884296825e-01 -3.910905762105e-01 0.000000000000e+00 -9.203521941080e-01 -1.608301329848e+00
1.2830042052e+02 -9.313459742575e-01 0.000000000000e+00 3.641355190506e-01 -1.263681584137e+01 0.000000000000e+00 1.000000000000e+00 0.000000000000e+00 -1.661891897764e-01 -3.641355190506e-01 0.000000000000e+00 -9.313459742575e-01 -1.216302156311e+00
1.2840028477e+02 -9.435731548064e-01 0.000000000000e+00 3.311641609969e-01 -1.227358362289e+01 0.000000000000e+00 1.000000000000e+00 0.000000000000e+00 -1.672899158794e-01 -3.311641609969e-01 0.000000000000e+00 -9.435731548064e-01 -7.973252623988e-01
1.2850046802e+02 -9.512218860285e-01 0.000000000000e+00 3.085075745267e-01 -1.191937741814e+01 0.000000000000e+00 1.000000000000e+00 0.000000000000e+00 -1.365905813258e-01 -3.085075745267e-01 0.000000000000e+00 -9.512218860285e-01 -3.585264522871e-01
1.2859999919e+02 -9.607867092630e-01 0.000000000000e+00 2.772884766875e-01 -1.157942638737e+01 0.000000000000e+00 1.000000000000e+00 0.000000000000e+00 -1.667911718938e-01 -2.772884766875e-01 0.000000000000e+00 -9.607867092630e-01 1.080688699145e-01
1.2870046735e+02 -9.682734654497e-01 0.000000000000e+00 2.498929693011e-01 -1.123806998565e+01 0.000000000000e+00 1.000000000000e+00 0.000000000000e+00 -1.302917161645e-01 -2.498929693011e-01 0.000000000000e+00 -9.682734654497e-01 5.865539448009e-01
1.2880066085e+02 -9.751809499178e-01 0.000000000000e+00 2.214093830836e-01 -1.090139306792e+01 0.000000000000e+00 1.000000000000e+00 0.000000000000e+00 -1.369921956432e-01 -2.214093830836e-01 0.000000000000e+00 -9.751809499178e-01 1.088077933589e+00
1.2890006018e+02 -9.830538020668e-01 0.000000000000e+00 1.833172720778e-01 -1.056931599976e+01 0.000000000000e+00 1.000000000000e+00 0.000000000000e+00 -1.244926090607e-01 -1.833172720778e-01 0.000000000000e+00 -9.830538020668e-01 1.601527507203e+00
1.2900026441e+02 -9.882574005145e-01 0.000000000000e+00 1.527982667716e-01 -1.023304970358e+01 0.000000000000e+00 1.000000000000e+00 0.000000000000e+00 -1.289929711962e-01 -1.527982667716e-01 0.000000000000e+00 -9.882574005145e-01 2.118459279703e+00
1.2910030508e+02 -9.905507766290e-01 0.000000000000e+00 1.371464870849e-01 -9.909296873534e+00 0.000000000000e+00 1.000000000000e+00 0.000000000000e+00 -1.131932553882e-01 -1.371464870849e-01 0.000000000000e+00 -9.905507766290e-01 2.637312945761e+00
1.2920013595e+02 -9.933018252359e-01 0.000000000000e+00 1.155486217268e-01 -9.603867675300e+00 0.000000000000e+00 1.000000000000e+00 0.000000000000e+00 -1.044934549783e-01 -1.155486217268e-01 0.000000000000e+00 -9.933018252359e-01 3.165024298886e+00
1.2930011058e+02 -9.956484547592e-01 0.000000000000e+00 9.318881121466e-02 -9.313725681439e+00 0.000000000000e+00 1.000000000000e+00 0.000000000000e+00 -9.139358306152e-02 -9.318881121466e-02 0.000000000000e+00 -9.956484547592e-01 3.678058397209e+00
1.2940006447e+02 -9.972713599837e-01 0.000000000000e+00 7.382299476582e-02 -9.040287110983e+00 0.000000000000e+00 1.000000000000e+00 0.000000000000e+00 -9.689363857725e-02 -7.382299476582e-02 0.000000000000e+00 -9.972713599837e-01 4.189725486317e+00
1.2950128746e+02 -9.981685091258e-01 0.000000000000e+00 6.049485424053e-02 -8.795930803988e+00 0.000000000000e+00 1.000000000000e+00 0.000000000000e+00 -9.569361301779e-02 -6.049485424053e-02 0.000000000000e+00 -9.981685091258e-01 4.689770371811e+00
1.2960028648e+02 -9.992527378324e-01 0.000000000000e+00 3.865185551146e-02 -8.555415765493e+00 0.000000000000e+00 1.000000000000e+00 0.000000000000e+00 -8.679352748630e-02 -3.865185551146e-02 0.000000000000e+00 -9.992527378324e-01 5.202040293276e+00
1.2970038557e+02 -9.996594629208e-01 0.000000000000e+00 2.609517566295e-02 -8.320006913780e+00 0.000000000000e+00 1.000000000000e+00 0.000000000000e+00 -1.009934016694e-01 -2.609517566295e-02 0.000000000000e+00 -9.996594629208e-01 5.694586755008e+00
1.2980007148e+02 -9.999370806280e-01 0.000000000000e+00 1.121761049175e-02 -8.107722653413e+00 0.000000000000e+00 1.000000000000e+00 0.000000000000e+00 -8.529321690630e-02 -1.121761049175e-02 0.000000000000e+00 -9.999370806280e-01 6.173680538994e+00
1.2990086555e+02 -9.999520788567e-01 0.000000000000e+00 -9.789790101780e-03 -7.883280348011e+00 0.000000000000e+00 1.000000000000e+00 0.000000000000e+00 -6.749300311793e-02 9.789790101780e-03 0.000000000000e+00 -9.999520788567e-01 6.655354434472e+00
1.3000007319e+02 -9.999480332594e-01 0.000000000000e+00 -1.019464470828e-02 -7.680506198580e+00 0.000000000000e+00 1.000000000000e+00 0.000000000000e+00 -5.809274197109e-02 1.019464470828e-02 0.000000000000e+00 -9.999480332594e-01 7.113356953639e+00
1.3010038352e+02 -9.999669627557e-01 0.000000000000e+00 -8.128554437098e-03 -7.484701037524e+00 0.000000000000e+00 1.000000000000e+00 0.000000000000e+00 -4.549244403841e-02 8.128554437098e-03 0.000000000000e+00 -9.999669627557e-01 7.561936814016e+00
1.3020035434e+02 -9.999565731075e-01 0.000000000000e+00 -9.319436627472e-03 -7.287322102267e+00 0.000000000000e+00 1.000000000000e+00 0.000000000000e+00 -5.179211846137e-02 9.319436627472e-03 0.000000000000e+00 -9.999565731075e-01 8.003901976876e+00
1.3030041599e+02 -9.999983120268e-01 0.000000000000e+00 -1.837374092724e-03 -7.090935771550e+00 0.000000000000e+00 1.000000000000e+00 0.000000000000e+00 -5.729178944999e-02 1.837374092724e-03 0.000000000000e+00 -9.999983120268e-01 8.414702536358e+00
1.3040008759e+02 -9.996713886661e-01 0.000000000000e+00 2.563424823285e-02 -6.909371509082e+00 0.000000000000e+00 1.000000000000e+00 0.000000000000e+00 -6.419144231514e-02 -2.563424823285e-02 0.000000000000e+00 -9.996713886661e-01 8.797540185004e+00
1.3050138879e+02 -9.991473912615e-01 0.000000000000e+00 4.128547608145e-02 -6.712531303312e+00 0.000000000000e+00 1.000000000000e+00 0.000000000000e+00 -8.109108858440e-02 -4.128547608145e-02 0.000000000000e+00 -9.991473912615e-01 9.177853054852e+00
1.3060008621e+02 -9.981288278110e-01 0.000000000000e+00 6.114607994426e-02 -6.501084094119e+00 0.000000000000e+00 1.000000000000e+00 0.000000000000e+00 -9.199077046744e-02 -6.114607994426e-02 0.000000000000e+00 -9.981288278110e-01 9.520157328261e+00
1.3070031166e+02 -9.937918378282e-01 0.000000000000e+00 1.112554855547e-01 -6.264642968813e+00 0.000000000000e+00 1.000000000000e+00 0.000000000000e+00 -8.049047600483e-02 -1.112554855547e-01 0.000000000000e+00 -9.937918378282e-01 9.829671982730e+00
1.3080026388e+02 -9.884593965957e-01 0.000000000000e+00 1.514860431912e-01 -6.009060391999e+00 0.000000000000e+00 1.000000000000e+00 0.000000000000e+00 -6.119021457307e-02 -1.514860431912e-01 0.000000000000e+00 -9.884593965957e-01 1.011422782115e+01
1.3090000200e+02 -9.805299793124e-01 0.000000000000e+00 1.963694468841e-01 -5.744591386341e+00 0.000000000000e+00 1.000000000000e+00 0.000000000000e+00 -8.028996042006e-02 -1.963694468841e-01 0.000000000000e+00 -9.805299793124e-01 1.038019062960e+01
1.3099993515e+02 -9.632239723348e-01 0.000000000000e+00 2.686997936722e-01 -5.459788634313e+00 0.000000000000e+00 1.000000000000e+00 0.000000000000e+00 -7.798974503756e-02 -2.686997936722e-01 0.000000000000e+00 -9.632239723348e-01 1.060183843689e+01
1.3110065007e+02 -9.423510238458e-01 0.000000000000e+00 3.346259820407e-01 -5.163697106683e+00 0.000000000000e+00 1.000000000000e+00 0.000000000000e+00 -7.188957412562e-02 -3.346259820407e-01 0.000000000000e+00 -9.423510238458e-01 1.078886026916e+01
1.3120032024e+02 -9.244653761944e-01 0.000000000000e+00 3.812660071626e-01 -4.855032366492e+00 0.000000000000e+00 1.000000000000e+00 0.000000000000e+00 -7.628943514070e-02 -3.812660071626e-01 0.000000000000e+00 -9.244653761944e-01 1.096045808290e+01
1.3130142641e+02 -8.944728363833e-01 0.000000000000e+00 4.471222930836e-01 -4.537494942717e+00 0.000000000000e+00 1.000000000000e+00 0.000000000000e+00 -6.278933434951e-02 -4.471222930836e-01 0.000000000000e+00 -8.944728363833e-01 1.108844017578e+01
1.3140022326e+02 -8.568833252711e-01 0.000000000000e+00 5.155103945337e-01 -4.226101989585e+00 0.000000000000e+00 1.000000000000e+00 0.000000000000e+00 -7.018925477001e-02 -5.155103945337e-01 0.000000000000e+00 -8.568833252711e-01 1.118750478911e+01
1.3150048828e+02 -8.145898621704e-01 0.000000000000e+00 5.800373750451e-01 -3.898794486590e+00 0.000000000000e+00 1.000000000000e+00 0.000000000000e+00 -6.228922175458e-02 -5.800373750451e-01 0.000000000000e+00 -8.145898621704e-01 1.125718749446e+01
1.3160068274e+02 -7.738894021780e-01 0.000000000000e+00 6.333207664340e-01 -3.563649519030e+00 0.000000000000e+00 1.000000000000e+00 0.000000000000e+00 -5.468921749799e-02 -6.333207664340e-01 0.000000000000e+00 -7.738894021780e-01 1.130758897785e+01
1.3170053959e+02 -7.246192667675e-01 0.000000000000e+00 6.891494164761e-01 -3.224589710403e+00 0.000000000000e+00 1.000000000000e+00 0.000000000000e+00 -5.228926255938e-02 -6.891494164761e-01 0.000000000000e+00 -7.246192667675e-01 1.131865600166e+01
1.3180031943e+02 -6.746490943561e-01 0.000000000000e+00 7.381386045212e-01 -2.889256889060e+00 0.000000000000e+00 1.000000000000e+00 0.000000000000e+00 -4.478933925767e-02 -7.381386045212e-01 0.000000000000e+00 -6.746490943561e-01 1.130650893773e+01
1.3190025163e+02 -6.037902670023e-01 0.000000000000e+00 7.971432201765e-01 -2.555172545918e+00 0.000000000000e+00 1.000000000000e+00 0.000000000000e+00 -2.238946894579e-02 -7.971432201765e-01 0.000000000000e+00 -6.037902670023e-01 1.124669250787e+01
1.3200021887e+02 -5.394721514995e-01 0.000000000000e+00 8.420034428412e-01 -2.233472945467e+00 0.000000000000e+00 1.000000000000e+00 0.000000000000e+00 -1.789610676631e-03 -8.420034428412e-01 0.000000000000e+00 -5.394721514995e-01 1.117797289541e+01
1.3210012794e+02 -4.745250907496e-01 0.000000000000e+00 8.802419771001e-01 -1.920813492508e+00 0.000000000000e+00 1.000000000000e+00 0.000000000000e+00 8.410216441631e-03 -8.802419771001e-01 0.000000000000e+00 -4.745250907496e-01 1.108729951318e+01
1.3220026731e+02 -4.143928389700e-01 0.000000000000e+00 9.100981128485e-01 -1.612613484194e+00 0.000000000000e+00 1.000000000000e+00 0.000000000000e+00 2.231000844888e-02 -9.100981128485e-01 0.000000000000e+00 -4.143928389700e-01 1.097218907309e+01
1.3230071521e+02 -3.095857078414e-01 0.000000000000e+00 9.508715420604e-01 -1.311648930857e+00 0.000000000000e+00 1.000000000000e+00 0.000000000000e+00 2.180978531610e-02 -9.508715420604e-01 0.000000000000e+00 -3.095857078414e-01 1.083004942216e+01
1.3240031981e+02 -2.551218037634e-01 0.000000000000e+00 9.669089229315e-01 -1.029864549487e+00 0.000000000000e+00 1.000000000000e+00 0.000000000000e+00 2.160953314348e-02 -9.669089229315e-01 0.000000000000e+00 -2.551218037634e-01 1.068134787360e+01
1.3250025296e+02 -1.866725593731e-01 0.000000000000e+00 9.824221880521e-01 -7.322199306339e-01 0.000000000000e+00 1.000000000000e+00 0.000000000000e+00 1.380926781387e-02 -9.824221880521e-01 0.000000000000e+00 -1.866725593731e-01 1.051493294145e+01
1.3260073519e+02 -1.101145713653e-01 0.000000000000e+00 9.939189007022e-01 -4.423106825889e-01 0.000000000000e+00 1.000000000000e+00 0.000000000000e+00 6.608967841581e-03 -9.939189007022e-01 0.000000000000e+00 -1.101145713653e-01 1.032114517766e+01
1.3270024443e+02 -6.038412483058e-03 0.000000000000e+00 9.999817686212e-01 -1.352079608048e-01 0.000000000000e+00 1.000000000000e+00 0.000000000000e+00 3.180864503840e-02 -9.999817686212e-01 0.000000000000e+00 -6.038412483058e-03 1.010333326060e+01
1.3280080152e+02 9.895255808524e-02 0.000000000000e+00 9.950921521389e-01 1.550103124008e-01 0.000000000000e+00 1.000000000000e+00 0.000000000000e+00 4.870828042013e-02 -9.950921521389e-01 0.000000000000e+00 9.895255808524e-02 9.855943138986e+00
1.3290079093e+02 1.951803873167e-01 0.000000000000e+00 9.807673610020e-01 4.004554543475e-01 0.000000000000e+00 1.000000000000e+00 0.000000000000e+00 -2.592078265968e-03 -9.807673610020e-01 0.000000000000e+00 1.951803873167e-01 9.610344990678e+00
1.3300030375e+02 2.631963456124e-01 0.000000000000e+00 9.647422887260e-01 6.548194786894e-01 0.000000000000e+00 1.000000000000e+00 0.000000000000e+00 6.707522601798e-03 -9.647422887260e-01 0.000000000000e+00 2.631963456124e-01 9.329597947885e+00
1.3310007000e+02 3.580005310911e-01 0.000000000000e+00 9.337213822862e-01 8.952059665203e-01 0.000000000000e+00 1.000000000000e+00 0.000000000000e+00 7.507120011553e-03 -9.337213822862e-01 0.000000000000e+00 3.580005310911e-01 9.041743563328e+00
1.3320028567e+02 4.451455859505e-01 0.000000000000e+00 8.954582108110e-01 1.104193224844e+00 0.000000000000e+00 1.000000000000e+00 0.000000000000e+00 -2.893298886672e-03 -8.954582108110e-01 0.000000000000e+00 4.451455859505e-01 8.737286566977e+00
1.3330160737e+02 5.158889753787e-01 0.000000000000e+00 8.566554529580e-01 1.295891603069e+00 0.000000000000e+00 1.000000000000e+00 0.000000000000e+00 -3.937443225954e-04 -8.566554529580e-01 0.000000000000e+00 5.158889753787e-01 8.405002724089e+00
1.3340070820e+02 5.967020717230e-01 0.000000000000e+00 8.024628574591e-01 1.459957472862e+00 0.000000000000e+00 1.000000000000e+00 0.000000000000e+00 -5.794183240468e-03 -8.024628574591e-01 0.000000000000e+00 5.967020717230e-01 8.072990030070e+00
1.3350020504e+02 6.556158655472e-01 0.000000000000e+00 7.550945880105e-01 1.613820256701e+00 0.000000000000e+00 1.000000000000e+00 0.000000000000e+00 7.505363819745e-03 -7.550945880105e-01 0.000000000000e+00 6.556158655472e-01 7.712757958054e+00
1.3360088015e+02 7.117347809494e-01 0.000000000000e+00 7.024482910413e-01 1.730617509203e+00 0.000000000000e+00 1.000000000000e+00 0.000000000000e+00 -5.995077626153e-03 -7.024482910413e-01 0.000000000000e+00 7.117347809494e-01 7.354638505653e+00
1.3370050406e+02 7.550829909467e-01 0.000000000000e+00 6.556292220325e-01 1.797151375141e+00 0.000000000000e+00 1.000000000000e+00 0.000000000000e+00 -3.509550579154e-02 -6.556292220325e-01 0.000000000000e+00 7.550829909467e-01 6.997030259774e+00
1.3380003643e+02 8.117631654617e-01 0.000000000000e+00 5.839867834117e-01 1.870724139029e+00 0.000000000000e+00 1.000000000000e+00 0.000000000000e+00 -3.689595382235e-02 -5.839867834117e-01 0.000000000000e+00 8.117631654617e-01 6.611847844385e+00
1.3390052056e+02 8.495718553340e-01 0.000000000000e+00 5.274729022654e-01 1.923401995686e+00 0.000000000000e+00 1.000000000000e+00 0.000000000000e+00 -3.296392401950e-03 -5.274729022654e-01 0.000000000000e+00 8.495718553340e-01 6.207791681443e+00
1.3400096393e+02 8.787048627163e-01 0.000000000000e+00 4.773654409765e-01 1.929998105977e+00 0.000000000000e+00 1.000000000000e+00 0.000000000000e+00 8.032024937661e-04 -4.773654409765e-01 0.000000000000e+00 8.787048627163e-01 5.821280747581e+00
1.3410050225e+02 9.009267010939e-01 0.000000000000e+00 4.339712885157e-01 1.910074310292e+00 0.000000000000e+00 1.000000000000e+00 0.000000000000e+00 1.570280287989e-02 -4.339712885157e-01 0.000000000000e+00 9.009267010939e-01 5.416709955168e+00
1.3420029664e+02 9.346375218694e-01 0.000000000000e+00 3.556018879504e-01 1.881780492885e+00 0.000000000000e+00 1.000000000000e+00 0.000000000000e+00 2.850240830502e-02 -3.556018879504e-01 0.000000000000e+00 9.346375218694e-01 5.007234651197e+00
1.3430097747e+02 9.512153994071e-01 0.000000000000e+00 3.085275740204e-01 1.783604262927e+00 0.000000000000e+00 1.000000000000e+00 0.000000000000e+00 9.302029747601e-03 -3.085275740204e-01 0.000000000000e+00 9.512153994071e-01 4.584492120033e+00
1.3440627217e+02 9.683170317248e-01 0.000000000000e+00 2.497240999017e-01 1.679987007765e+00 0.000000000000e+00 1.000000000000e+00 0.000000000000e+00 -3.983166360938e-04 -2.497240999017e-01 0.000000000000e+00 9.683170317248e-01 4.172242237865e+00
1.3450026560e+02 9.829544363653e-01 0.000000000000e+00 1.838493296964e-01 1.562516265089e+00 0.000000000000e+00 1.000000000000e+00 0.000000000000e+00 -3.598625431108e-03 -1.838493296964e-01 0.000000000000e+00 9.829544363653e-01 3.773161398065e+00
1.3460033393e+02 9.921920030738e-01 0.000000000000e+00 1.247198021025e-01 1.401562458507e+00 0.000000000000e+00 1.000000000000e+00 0.000000000000e+00 -8.298909402600e-03 -1.247198021025e-01 0.000000000000e+00 9.921920030738e-01 3.375469539018e+00
1.3470046711e+02 9.956490500052e-01 0.000000000000e+00 9.318245126533e-02 1.223032632281e+00 0.000000000000e+00 1.000000000000e+00 0.000000000000e+00 -2.969917270065e-02 -9.318245126533e-02 0.000000000000e+00 9.956490500052e-01 2.946190809779e+00
1.3480148125e+02 9.978602480097e-01 0.000000000000e+00 6.538291399207e-02 1.035084883333e+00 0.000000000000e+00 1.000000000000e+00 0.000000000000e+00 -9.399409523849e-03 -6.538291399207e-02 0.000000000000e+00 9.978602480097e-01 2.500051236794e+00
1.3490046573e+02 9.993663969474e-01 0.000000000000e+00 3.559219931798e-02 8.546179239868e-01 0.000000000000e+00 1.000000000000e+00 0.000000000000e+00 3.170039381631e-02 -3.559219931798e-02 0.000000000000e+00 9.993663969474e-01 2.044809567036e+00
1.3500008440e+02 9.999920881354e-01 0.000000000000e+00 3.977897256583e-03 6.371826274660e-01 0.000000000000e+00 1.000000000000e+00 0.000000000000e+00 3.810023261643e-02 -3.977897256583e-03 0.000000000000e+00 9.999920881354e-01 1.589600372504e+00
1.3510006094e+02 9.999679819223e-01 0.000000000000e+00 -8.002195339406e-03 3.962065641910e-01 0.000000000000e+00 1.000000000000e+00 0.000000000000e+00 3.000112684668e-03 8.002195339406e-03 0.000000000000e+00 9.999679819223e-01 1.134425284669e+00
1.3520019507e+02 9.997003040434e-01 0.000000000000e+00 -2.448064736864e-02 1.536469378814e-01 0.000000000000e+00 1.000000000000e+00 0.000000000000e+00 2.380003515201e-02 2.448064736864e-02 0.000000000000e+00 9.997003040434e-01 6.560579029602e-01
1.3530029154e+02 9.995048617897e-01 0.000000000000e+00 -3.146476217555e-02 -1.000010870689e-01 0.000000000000e+00 1.000000000000e+00 0.000000000000e+00 1.790000277937e-02 3.146476217555e-02 0.000000000000e+00 9.995048617897e-01 1.724500182290e-01
1.3540003753e+02 9.986795108892e-01 0.000000000000e+00 -5.137348080604e-02 -3.490136226475e-01 0.000000000000e+00 1.000000000000e+00 0.000000000000e+00 3.900019401991e-03 5.137348080604e-02 0.000000000000e+00 9.986795108892e-01 -3.114444048779e-01
1.3550132704e+02 9.992804939478e-01 0.000000000000e+00 -3.792748891505e-02 -6.198510502074e-01 0.000000000000e+00 1.000000000000e+00 0.000000000000e+00 1.220008817035e-02 3.792748891505e-02 0.000000000000e+00 9.992804939478e-01 -8.293252760794e-01
1.3560046959e+02 9.996260093666e-01 0.000000000000e+00 -2.734668897264e-02 -8.995363475512e-01 0.000000000000e+00 1.000000000000e+00 0.000000000000e+00 1.770021169665e-02 2.734668897264e-02 0.000000000000e+00 9.996260093666e-01 -1.355026493697e+00
1.3570078826e+02 9.997318744371e-01 0.000000000000e+00 -2.315554435593e-02 -1.172457165076e+00 0.000000000000e+00 1.000000000000e+00 0.000000000000e+00 1.700039192544e-02 2.315554435593e-02 0.000000000000e+00 9.997318744371e-01 -1.884596240614e+00
1.3580028129e+02 9.997972501158e-01 0.000000000000e+00 -2.013600409281e-02 -1.424334109259e+00 0.000000000000e+00 1.000000000000e+00 0.000000000000e+00 4.700063775578e-02 2.013600409281e-02 0.000000000000e+00 9.997972501158e-01 -2.451580350775e+00
1.3590007448e+02 9.998304606803e-01 0.000000000000e+00 -1.841330757523e-02 -1.708199584861e+00 0.000000000000e+00 1.000000000000e+00 0.000000000000e+00 1.810094240127e-02 1.841330757523e-02 0.000000000000e+00 9.998304606803e-01 -2.997394179342e+00
1.3600039196e+02 9.997663676814e-01 0.000000000000e+00 -2.161504229066e-02 -1.977392705757e+00 0.000000000000e+00 1.000000000000e+00 0.000000000000e+00 3.220131572566e-02 2.161504229066e-02 0.000000000000e+00 9.997663676814e-01 -3.561946753244e+00
1.3610085082e+02 9.998104917946e-01 0.000000000000e+00 -1.946742143908e-02 -2.267393528123e+00 0.000000000000e+00 1.000000000000e+00 0.000000000000e+00 -6.098249591885e-03 1.946742143908e-02 0.000000000000e+00 9.998104917946e-01 -4.120990535205e+00
1.3620006776e+02 9.998414394846e-01 0.000000000000e+00 -1.780718645020e-02 -2.538546501779e+00 0.000000000000e+00 1.000000000000e+00 0.000000000000e+00 1.280226332408e-02 1.780718645020e-02 0.000000000000e+00 9.998414394846e-01 -4.709091704173e+00
1.3630031443e+02 9.996671083586e-01 0.000000000000e+00 -2.580062917888e-02 -2.821514553035e+00 0.000000000000e+00 1.000000000000e+00 0.000000000000e+00 1.550286011468e-02 2.580062917888e-02 0.000000000000e+00 9.996671083586e-01 -5.306413266427e+00
1.3640007544e+02 9.997025358204e-01 0.000000000000e+00 -2.438933935499e-02 -3.114550426983e+00 0.000000000000e+00 1.000000000000e+00 0.000000000000e+00 1.920353099089e-02 2.438933935499e-02 0.000000000000e+00 9.997025358204e-01 -5.909442894007e+00
1.3650068974e+02 9.996727508040e-01 0.000000000000e+00 -2.558107308125e-02 -3.409372753173e+00 0.000000000000e+00 1.000000000000e+00 0.000000000000e+00 1.680427165117e-02 2.558107308125e-02 0.000000000000e+00 9.996727508040e-01 -6.510121613987e+00
1.3660024381e+02 9.995703925524e-01 0.000000000000e+00 -2.930921924155e-02 -3.714453312955e+00 0.000000000000e+00 1.000000000000e+00 0.000000000000e+00 1.220509148310e-02 2.930921924155e-02 0.000000000000e+00 9.995703925524e-01 -7.110639082983e+00
1.3670021725e+02 9.997727838547e-01 0.000000000000e+00 -2.131620659002e-02 -4.045498650597e+00 0.000000000000e+00 1.000000000000e+00 0.000000000000e+00 -1.489399579663e-02 2.131620659002e-02 0.000000000000e+00 9.997727838547e-01 -7.720494714115e+00
1.3680014634e+02 9.992120890917e-01 0.000000000000e+00 -3.968880211152e-02 -4.362286706847e+00 0.000000000000e+00 1.000000000000e+00 0.000000000000e+00 -2.659300619027e-02 3.968880211152e-02 0.000000000000e+00 9.992120890917e-01 -8.326097923363e+00
1.3690071249e+02 9.996341212888e-01 0.000000000000e+00 -2.704854072296e-02 -4.672633914039e+00 0.000000000000e+00 1.000000000000e+00 0.000000000000e+00 -1.109193579499e-02 2.704854072296e-02 0.000000000000e+00 9.996341212888e-01 -8.955222303021e+00
1.3700022268e+02 9.988740004189e-01 0.000000000000e+00 -4.744187272040e-02 -4.961641328547e+00 0.000000000000e+00 1.000000000000e+00 0.000000000000e+00 -5.290831266593e-03 4.744187272040e-02 0.000000000000e+00 9.988740004189e-01 -9.550070795510e+00
1.3710031605e+02 9.975989432417e-01 0.000000000000e+00 -6.925567444708e-02 -5.282899017352e+00 0.000000000000e+00 1.000000000000e+00 0.000000000000e+00 -6.918967493713e-02 6.925567444708e-02 0.000000000000e+00 9.975989432417e-01 -1.011467230847e+01
1.3720049572e+02 9.996148555434e-01 0.000000000000e+00 -2.775140675641e-02 -5.567632583751e+00 0.000000000000e+00 1.000000000000e+00 0.000000000000e+00 -6.558844093584e-02 2.775140675641e-02 0.000000000000e+00 9.996148555434e-01 -1.073793087099e+01
1.3730090070e+02 9.990921658249e-01 0.000000000000e+00 -4.260098810160e-02 -5.874801322654e+00 0.000000000000e+00 1.000000000000e+00 0.000000000000e+00 -8.628717086393e-02 4.260098810160e-02 0.000000000000e+00 9.990921658249e-01 -1.129978547814e+01
1.3740151477e+02 9.991887255454e-01 0.000000000000e+00 -4.027270468972e-02 -6.177437205251e+00 0.000000000000e+00 1.000000000000e+00 0.000000000000e+00 -9.348583867964e-02 4.027270468972e-02 0.000000000000e+00 9.991887255454e-01 -1.187249697143e+01
1.3750002360e+02 9.985443628039e-01 0.000000000000e+00 -5.393658788331e-02 -6.464810683930e+00 0.000000000000e+00 1.000000000000e+00 0.000000000000e+00 -9.318445470773e-02 5.393658788331e-02 0.000000000000e+00 9.985443628039e-01 -1.243671276509e+01
1.3760078883e+02 9.971988734821e-01 0.000000000000e+00 -7.479576676578e-02 -6.737993563818e+00 0.000000000000e+00 1.000000000000e+00 0.000000000000e+00 -9.178305537360e-02 7.479576676578e-02 0.000000000000e+00 9.971988734821e-01 -1.298045029530e+01
1.3770033717e+02 9.991787109723e-01 0.000000000000e+00 -4.052040892863e-02 -7.032103387245e+00 0.000000000000e+00 1.000000000000e+00 0.000000000000e+00 -8.938155419713e-02 4.052040892863e-02 0.000000000000e+00 9.991787109723e-01 -1.356163273498e+01
1.3780001831e+02 9.991108837094e-01 0.000000000000e+00 -4.215972074620e-02 -7.316889701899e+00 0.000000000000e+00 1.000000000000e+00 0.000000000000e+00 -1.062800519697e-01 4.215972074620e-02 0.000000000000e+00 9.991108837094e-01 -1.410149712155e+01
1.3790014172e+02 9.999275855664e-01 0.000000000000e+00 -1.203426871180e-02 -7.601034705918e+00 0.000000000000e+00 1.000000000000e+00 0.000000000000e+00 -1.093784438370e-01 1.203426871180e-02 0.000000000000e+00 9.999275855664e-01 -1.467787380419e+01
1.3800060368e+02 9.998963424484e-01 0.000000000000e+00 -1.439806787019e-02 -7.878492067352e+00 0.000000000000e+00 1.000000000000e+00 0.000000000000e+00 -1.081768058929e-01 1.439806787019e-02 0.000000000000e+00 9.998963424484e-01 -1.522774112223e+01
1.3810011721e+02 9.999657939188e-01 0.000000000000e+00 -8.271093779248e-03 -8.120942579146e+00 0.000000000000e+00 1.000000000000e+00 0.000000000000e+00 -1.057751281469e-01 8.271093779248e-03 0.000000000000e+00 9.999657939188e-01 -1.579168522612e+01
1.3820053315e+02 9.999941447405e-01 0.000000000000e+00 -3.422058558261e-03 -8.371133467947e+00 0.000000000000e+00 1.000000000000e+00 0.000000000000e+00 -1.231734294132e-01 3.422058558261e-03 0.000000000000e+00 9.999941447405e-01 -1.633642723775e+01
1.3830004621e+02 9.999987664596e-01 0.000000000000e+00 1.570693857663e-03 -8.611334411888e+00 0.000000000000e+00 1.000000000000e+00 0.000000000000e+00 -1.299716994612e-01 -1.570693857663e-03 0.000000000000e+00 9.999987664596e-01 -1.687663471995e+01
1.3840019369e+02 9.999999978844e-01 0.000000000000e+00 6.504830129585e-05 -8.854911489073e+00 0.000000000000e+00 1.000000000000e+00 0.000000000000e+00 -1.320699323914e-01 -6.504830129582e-05 0.000000000000e+00 9.999999978844e-01 -1.740556743902e+01
1.3850054860e+02 9.999999977800e-01 0.000000000000e+00 6.663378390743e-05 -9.094768175623e+00 0.000000000000e+00 1.000000000000e+00 0.000000000000e+00 -1.476681659105e-01 -6.663378390741e-05 0.000000000000e+00 9.999999977800e-01 -1.791825390949e+01
1.3860004401e+02 9.999965813686e-01 0.000000000000e+00 2.614813778014e-03 -9.341432919270e+00 0.000000000000e+00 1.000000000000e+00 0.000000000000e+00 -1.647664112794e-01 -2.614813778014e-03 0.000000000000e+00 9.999965813686e-01 -1.840724156833e+01
1.3870068336e+02 9.999892234264e-01 0.000000000000e+00 4.642524218347e-03 -9.564164965774e+00 0.000000000000e+00 1.000000000000e+00 0.000000000000e+00 -1.578646560733e-01 -4.642524218347e-03 0.000000000000e+00 9.999892234264e-01 -1.889187386358e+01
1.3880101037e+02 9.999568023149e-01 0.000000000000e+00 -9.294810606841e-03 -9.790417920746e+00 0.000000000000e+00 1.000000000000e+00 0.000000000000e+00 -1.560629165393e-01 9.294810606841e-03 0.000000000000e+00 9.999568023149e-01 -1.934695509977e+01
1.3890012980e+02 9.999920093883e-01 0.000000000000e+00 -3.997644245327e-03 -9.987894007322e+00 0.000000000000e+00 1.000000000000e+00 0.000000000000e+00 -1.185611959683e-01 3.997644245327e-03 0.000000000000e+00 9.999920093883e-01 -1.980743841819e+01
1.3900064874e+02 9.997431375542e-01 0.000000000000e+00 -2.266404450624e-02 -1.019333815487e+01 0.000000000000e+00 1.000000000000e+00 0.000000000000e+00 -1.193594670032e-01 2.266404450624e-02 0.000000000000e+00 9.997431375542e-01 -2.024120329418e+01
1.3910060835e+02 9.995933067075e-01 0.000000000000e+00 -2.851703325276e-02 -1.039086806105e+01 0.000000000000e+00 1.000000000000e+00 0.000000000000e+00 -1.231577684789e-01 2.851703325276e-02 0.000000000000e+00 9.995933067075e-01 -2.066515300852e+01
1.3920071530e+02 9.996145592647e-01 0.000000000000e+00 -2.776207676054e-02 -1.059753006946e+01 0.000000000000e+00 1.000000000000e+00 0.000000000000e+00 -1.103561034481e-01 2.776207676054e-02 0.000000000000e+00 9.996145592647e-01 -2.106728015509e+01
1.3930028033e+02 9.988018375861e-01 0.000000000000e+00 -4.893760552634e-02 -1.080319744761e+01 0.000000000000e+00 1.000000000000e+00 0.000000000000e+00 -1.138544733917e-01 4.893760552634e-02 0.000000000000e+00 9.988018375861e-01 -2.143828649727e+01
1.3940021586e+02 9.986279716254e-01 0.000000000000e+00 -5.236577400613e-02 -1.102665028186e+01 0.000000000000e+00 1.000000000000e+00 0.000000000000e+00 -1.476528339793e-01 5.236577400613e-02 0.000000000000e+00 9.986279716254e-01 -2.180429740062e+01
1.3950031066e+02 9.967354022441e-01 0.000000000000e+00 -8.073746288558e-02 -1.124050609226e+01 0.000000000000e+00 1.000000000000e+00 0.000000000000e+00 -1.441512785717e-01 8.073746288558e-02 0.000000000000e+00 9.967354022441e-01 -2.212950860408e+01
1.3960022712e+02 9.919482797006e-01 0.000000000000e+00 -1.266436354465e-01 -1.146011222267e+01 0.000000000000e+00 1.000000000000e+00 0.000000000000e+00 -1.565497243441e-01 1.266436354465e-01 0.000000000000e+00 9.919482797006e-01 -2.243495495258e+01
1.3970000648e+02 9.869372055736e-01 0.000000000000e+00 -1.611054072790e-01 -1.170373173372e+01 0.000000000000e+00 1.000000000000e+00 0.000000000000e+00 -1.571481819738e-01 1.611054072790e-01 0.000000000000e+00 9.869372055736e-01 -2.272469513413e+01
1.3980074930e+02 9.762237310680e-01 0.000000000000e+00 -2.167653729260e-01 -1.196404583453e+01 0.000000000000e+00 1.000000000000e+00 0.000000000000e+00 -1.807466980945e-01 2.167653729260e-01 0.000000000000e+00 9.762237310680e-01 -2.297188514178e+01
1.3990076184e+02 9.608344032441e-01 0.000000000000e+00 -2.771231667375e-01 -1.225166291699e+01 0.000000000000e+00 1.000000000000e+00 0.000000000000e+00 -1.765452700543e-01 2.771231667375e-01 0.000000000000e+00 9.608344032441e-01 -2.318163070238e+01
1.4000050402e+02 9.409324244613e-01 0.000000000000e+00 -3.385944072150e-01 -1.255094645168e+01 0.000000000000e+00 1.000000000000e+00 0.000000000000e+00 -1.789438493375e-01 3.385944072150e-01 0.000000000000e+00 9.409324244613e-01 -2.337744846601e+01
1.4010114765e+02 9.139984847743e-01 0.000000000000e+00 -4.057175986204e-01 -1.287334957080e+01 0.000000000000e+00 1.000000000000e+00 0.000000000000e+00 -1.958424483605e-01 4.057175986204e-01 0.000000000000e+00 9.139984847743e-01 -2.354709240750e+01
1.4020002270e+02 8.782064869719e-01 0.000000000000e+00 -4.782816808539e-01 -1.322607711854e+01 0.000000000000e+00 1.000000000000e+00 0.000000000000e+00 -2.102411084804e-01 4.782816808539e-01 0.000000000000e+00 8.782064869719e-01 -2.367700321206e+01
1.4030045366e+02 8.354114052980e-01 0.000000000000e+00 -5.496251303370e-01 -1.360768607147e+01 0.000000000000e+00 1.000000000000e+00 0.000000000000e+00 -2.200398397664e-01 5.496251303370e-01 0.000000000000e+00 8.354114052980e-01 -2.376711271949e+01
1.4040017939e+02 7.700421433088e-01 0.000000000000e+00 -6.379930231033e-01 -1.399713817177e+01 0.000000000000e+00 1.000000000000e+00 0.000000000000e+00 -2.218386192752e-01 6.379930231033e-01 0.000000000000e+00 7.700421433088e-01 -2.382779419255e+01
1.4050028348e+02 7.053305923387e-01 0.000000000000e+00 -7.088785195724e-01 -1.438703874452e+01 0.000000000000e+00 1.000000000000e+00 0.000000000000e+00 -2.360375268706e-01 7.088785195724e-01 0.000000000000e+00 7.053305923387e-01 -2.385851706694e+01
1.4060018778e+02 6.435380720437e-01 0.000000000000e+00 -7.654141034958e-01 -1.479635420883e+01 0.000000000000e+00 1.000000000000e+00 0.000000000000e+00 -2.461364151587e-01 7.654141034958e-01 0.000000000000e+00 6.435380720437e-01 -2.388362963662e+01
1.4070023155e+02 5.699367217346e-01 0.000000000000e+00 -8.216885865207e-01 -1.522254050279e+01 0.000000000000e+00 1.000000000000e+00 0.000000000000e+00 -2.445353539096e-01 8.216885865207e-01 0.000000000000e+00 5.699367217346e-01 -2.388158915889e+01
1.4080080295e+02 4.857726528769e-01 0.000000000000e+00 -8.740851959145e-01 -1.563726849252e+01 0.000000000000e+00 1.000000000000e+00 0.000000000000e+00 -2.574344515423e-01 8.740851959145e-01 0.000000000000e+00 4.857726528769e-01 -2.384303161514e+01
1.4090163207e+02 4.040560431884e-01 0.000000000000e+00 -9.147342313279e-01 -1.605221392174e+01 0.000000000000e+00 1.000000000000e+00 0.000000000000e+00 -2.700336941766e-01 9.147342313279e-01 0.000000000000e+00 4.040560431884e-01 -2.376632662098e+01
1.4100023651e+02 3.184370085366e-01 0.000000000000e+00 -9.479440234498e-01 -1.647299885531e+01 0.000000000000e+00 1.000000000000e+00 0.000000000000e+00 -2.738330502082e-01 9.479440234498e-01 0.000000000000e+00 3.184370085366e-01 -2.365520132613e+01
1.4110004735e+02 2.301435588275e-01 0.000000000000e+00 -9.731566895060e-01 -1.687926851805e+01 0.000000000000e+00 1.000000000000e+00 0.000000000000e+00 -2.932324887977e-01 9.731566895060e-01 0.000000000000e+00 2.301435588275e-01 -2.353133706368e+01
1.4120007992e+02 1.653001891051e-01 0.000000000000e+00 -9.862433003483e-01 -1.727306878192e+01 0.000000000000e+00 1.000000000000e+00 0.000000000000e+00 -2.995320196566e-01 9.862433003483e-01 0.000000000000e+00 1.653001891051e-01 -2.338667677556e+01
1.4130002499e+02 8.586489917950e-02 0.000000000000e+00 -9.963067896431e-01 -1.764892993697e+01 0.000000000000e+00 1.000000000000e+00 0.000000000000e+00 -2.919317109182e-01 9.963067896431e-01 0.000000000000e+00 8.586489917950e-02 -2.321204782209e+01
1.4140015388e+02 4.212113589959e-03 0.000000000000e+00 -9.999911290102e-01 -1.799986207514e+01 0.000000000000e+00 1.000000000000e+00 0.000000000000e+00 -3.196315715434e-01 9.999911290102e-01 0.000000000000e+00 4.212113589959e-03 -2.300828922772e+01
1.4150004959e+02 -7.229768837323e-02 0.000000000000e+00 -9.973830980400e-01 -1.831834440252e+01 0.000000000000e+00 1.000000000000e+00 0.000000000000e+00 -3.196315982012e-01 9.973830980400e-01 0.000000000000e+00 -7.229768837323e-02 -2.278052398906e+01
1.4160013771e+02 -1.447890009126e-01 0.000000000000e+00 -9.894625537203e-01 -1.860837958548e+01 0.000000000000e+00 1.000000000000e+00 0.000000000000e+00 -3.230317149097e-01 9.894625537203e-01 0.000000000000e+00 -1.447890009126e-01 -2.254768410430e+01
1.4170065737e+02 -2.192319754832e-01 0.000000000000e+00 -9.756727632386e-01 -1.887657403417e+01 0.000000000000e+00 1.000000000000e+00 0.000000000000e+00 -3.305319535029e-01 9.756727632386e-01 0.000000000000e+00 -2.192319754832e-01 -2.229756379205e+01
1.4180031085e+02 -2.870696321605e-01 0.000000000000e+00 -9.579097171922e-01 -1.911392509757e+01 0.000000000000e+00 1.000000000000e+00 0.000000000000e+00 -3.350323094084e-01 9.579097171922e-01 0.000000000000e+00 -2.870696321605e-01 -2.203418486601e+01
1.4190015626e+02 -3.582353106749e-01 0.000000000000e+00 -9.336313309790e-01 -1.932109265532e+01 0.000000000000e+00 1.000000000000e+00 0.000000000000e+00 -3.357328229001e-01 9.336313309790e-01 0.000000000000e+00 -3.582353106749e-01 -2.175261726667e+01
1.4200001264e+02 -4.323532150639e-01 0.000000000000e+00 -9.017043292698e-01 -1.950339091981e+01 0.000000000000e+00 1.000000000000e+00 0.000000000000e+00 -3.293334578761e-01 9.017043292698e-01 0.000000000000e+00 -4.323532150639e-01 -2.145667562755e+01
1.4210017467e+02 -5.070261688084e-01 0.000000000000e+00 -8.619306608675e-01 -1.966650585051e+01 0.000000000000e+00 1.000000000000e+00 0.000000000000e+00 -3.382341773049e-01 8.619306608675e-01 0.000000000000e+00 -5.070261688084e-01 -2.115284995964e+01
1.4220001149e+02 -5.707059940828e-01 0.000000000000e+00 -8.211544728722e-01 -1.982262011146e+01 0.000000000000e+00 1.000000000000e+00 0.000000000000e+00 -3.550349483374e-01 8.211544728722e-01 0.000000000000e+00 -5.707059940828e-01 -2.083131574818e+01
1.4229995942e+02 -6.349650678450e-01 0.000000000000e+00 -7.725408485100e-01 -1.994951361549e+01 0.000000000000e+00 1.000000000000e+00 0.000000000000e+00 -3.360358628379e-01 7.725408485100e-01 0.000000000000e+00 -6.349650678450e-01 -2.049299111400e+01
1.4240022063e+02 -7.037467133193e-01 0.000000000000e+00 -7.104509578376e-01 -2.004295916066e+01 0.000000000000e+00 1.000000000000e+00 0.000000000000e+00 -3.452369067320e-01 7.104509578376e-01 0.000000000000e+00 -7.037467133193e-01 -2.014900624594e+01
1.4250045395e+02 -7.590367308450e-01 0.000000000000e+00 -6.510478025676e-01 -2.010972997525e+01 0.000000000000e+00 1.000000000000e+00 0.000000000000e+00 -3.619379834641e-01 6.510478025676e-01 0.000000000000e+00 -7.590367308450e-01 -1.980683510029e+01
1.4260001945e+02 -8.160862639404e-01 0.000000000000e+00 -5.779301080648e-01 -2.014895781860e+01 0.000000000000e+00 1.000000000000e+00 0.000000000000e+00 -3.630391631031e-01 5.779301080648e-01 0.000000000000e+00 -8.160862639404e-01 -1.946050660968e+01
1.4270002675e+02 -8.707913956919e-01 0.000000000000e+00 -4.916526672244e-01 -2.015418563026e+01 0.000000000000e+00 1.000000000000e+00 0.000000000000e+00 -3.449404635011e-01 4.916526672244e-01 0.000000000000e+00 -8.707913956919e-01 -1.910907119614e+01
1.4280008101e+02 -9.081215410751e-01 0.000000000000e+00 -4.187066594113e-01 -2.012249451451e+01 0.000000000000e+00 1.000000000000e+00 0.000000000000e+00 -3.587418460969e-01 4.187066594113e-01 0.000000000000e+00 -9.081215410751e-01 -1.874492620667e+01
1.4290068555e+02 -9.424396225651e-01 0.000000000000e+00 -3.343763715027e-01 -2.005926757557e+01 0.000000000000e+00 1.000000000000e+00 0.000000000000e+00 -3.636432777203e-01 3.343763715027e-01 0.000000000000e+00 -9.424396225651e-01 -1.839362442682e+01
1.4299996352e+02 -9.708006987805e-01 0.000000000000e+00 -2.398874803888e-01 -1.995917757868e+01 0.000000000000e+00 1.000000000000e+00 0.000000000000e+00 -3.430447847060e-01 2.398874803888e-01 0.000000000000e+00 -9.708006987805e-01 -1.805002577122e+01
1.4310003090e+02 -9.851125155192e-01 0.000000000000e+00 -1.719108250444e-01 -1.983358872165e+01 0.000000000000e+00 1.000000000000e+00 0.000000000000e+00 -3.366463292668e-01 1.719108250444e-01 0.000000000000e+00 -9.851125155192e-01 -1.768913469116e+01
1.4320020676e+02 -9.916893172575e-01 0.000000000000e+00 -1.286557345684e-01 -1.968189631668e+01 0.000000000000e+00 1.000000000000e+00 0.000000000000e+00 -3.362479351713e-01 1.286557345684e-01 0.000000000000e+00 -9.916893172575e-01 -1.730560032069e+01
1.4330060601e+02 -9.955453390725e-01 0.000000000000e+00 -9.428402754989e-02 -1.950435106386e+01 0.000000000000e+00 1.000000000000e+00 0.000000000000e+00 -3.306496025911e-01 9.428402754989e-02 0.000000000000e+00 -9.955453390725e-01 -1.691087522425e+01
1.4340001440e+02 -9.981575998561e-01 0.000000000000e+00 -6.067458981728e-02 -1.932108200408e+01 0.000000000000e+00 1.000000000000e+00 0.000000000000e+00 -3.294512483724e-01 6.067458981728e-02 0.000000000000e+00 -9.981575998561e-01 -1.651672191754e+01
1.4350060225e+02 -9.993712357293e-01 0.000000000000e+00 -3.545607418858e-02 -1.912207962231e+01 0.000000000000e+00 1.000000000000e+00 0.000000000000e+00 -3.075529444755e-01 3.545607418858e-02 0.000000000000e+00 -9.993712357293e-01 -1.610269438902e+01
1.4362377477e+02 -9.997215274608e-01 0.000000000000e+00 -2.359804083717e-02 -1.891024502755e+01 0.000000000000e+00 1.000000000000e+00 0.000000000000e+00 -3.123546726297e-01 2.359804083717e-02 0.000000000000e+00 -9.997215274608e-01 -1.566797111482e+01
1.4370006561e+02 -9.998874520808e-01 0.000000000000e+00 -1.500277212503e-02 -1.868428215904e+01 0.000000000000e+00 1.000000000000e+00 0.000000000000e+00 -3.211564411467e-01 1.500277212503e-02 0.000000000000e+00 -9.998874520808e-01 -1.521522615733e+01
1.4380028224e+02 -9.999993331590e-01 0.000000000000e+00 -1.154851337412e-03 -1.846196802236e+01 0.000000000000e+00 1.000000000000e+00 0.000000000000e+00 -3.004581924651e-01 1.154851337412e-03 0.000000000000e+00 -9.999993331590e-01 -1.475137517115e+01
1.4390004635e+02 -9.999994721915e-01 0.000000000000e+00 -1.027432143505e-03 -1.821725300818e+01 0.000000000000e+00 1.000000000000e+00 0.000000000000e+00 -2.983599705881e-01 1.027432143505e-03 0.000000000000e+00 -9.999994721915e-01 -1.427451061422e+01
1.4400003457e+02 -9.999980520508e-01 0.000000000000e+00 -1.973802081571e-03 -1.798164953631e+01 0.000000000000e+00 1.000000000000e+00 0.000000000000e+00 -3.153616975822e-01 1.973802081570e-03 0.000000000000e+00 -9.999980520508e-01 -1.378887813353e+01
1.4410003376e+02 -9.998977760345e-01 0.000000000000e+00 1.429816356203e-02 -1.774088922056e+01 0.000000000000e+00 1.000000000000e+00 0.000000000000e+00 -3.082634065722e-01 -1.429816356203e-02 0.000000000000e+00 -9.998977760345e-01 -1.330773384589e+01
1.4419998479e+02 -9.998724667900e-01 0.000000000000e+00 1.597028976593e-02 -1.748831739110e+01 0.000000000000e+00 1.000000000000e+00 0.000000000000e+00 -2.935651370591e-01 -1.597028976593e-02 0.000000000000e+00 -9.998724667900e-01 -1.279972409233e+01
1.4430019259e+02 -9.999626047554e-01 0.000000000000e+00 8.648068619877e-03 -1.722001345574e+01 0.000000000000e+00 1.000000000000e+00 0.000000000000e+00 -2.723668595298e-01 -8.648068619877e-03 0.000000000000e+00 -9.999626047554e-01 -1.228307102767e+01
1.4440014458e+02 -9.998607452596e-01 0.000000000000e+00 1.668802231866e-02 -1.695917297000e+01 0.000000000000e+00 1.000000000000e+00 0.000000000000e+00 -2.717685473320e-01 -1.668802231866e-02 0.000000000000e+00 -9.998607452596e-01 -1.175771210579e+01
1.4450022101e+02 -9.999442933734e-01 0.000000000000e+00 1.055510065744e-02 -1.669051604648e+01 0.000000000000e+00 1.000000000000e+00 0.000000000000e+00 -2.709702067919e-01 -1.055510065744e-02 0.000000000000e+00 -9.999442933734e-01 -1.121852633338e+01
1.4460003805e+02 -9.999106514340e-01 0.000000000000e+00 1.336746605510e-02 -1.642417091681e+01 0.000000000000e+00 1.000000000000e+00 0.000000000000e+00 -2.704718343358e-01 -1.336746605510e-02 0.000000000000e+00 -9.999106514340e-01 -1.066806202798e+01
1.4472794223e+02 -9.998866958972e-01 0.000000000000e+00 1.505308499256e-02 -1.614977601193e+01 0.000000000000e+00 1.000000000000e+00 0.000000000000e+00 -2.502734521662e-01 -1.505308499256e-02 0.000000000000e+00 -9.998866958972e-01 -1.009883482977e+01
1.4480051517e+02 -9.998622981085e-01 0.000000000000e+00 1.659472269014e-02 -1.588254661488e+01 0.000000000000e+00 1.000000000000e+00 0.000000000000e+00 -2.537749969270e-01 -1.659472269014e-02 0.000000000000e+00 -9.998622981085e-01 -9.524295209297e+00
1.4490026546e+02 -9.999384776383e-01 0.000000000000e+00 1.109238199623e-02 -1.560805677173e+01 0.000000000000e+00 1.000000000000e+00 0.000000000000e+00 -2.532765069696e-01 -1.109238199623e-02 0.000000000000e+00 -9.999384776383e-01 -8.936414227326e+00
1.4500002766e+02 -9.999991669986e-01 0.000000000000e+00 1.290737048642e-03 -1.532667939158e+01 0.000000000000e+00 1.000000000000e+00 0.000000000000e+00 -2.389779804506e-01 -1.290737048642e-03 0.000000000000e+00 -9.999991669986e-01 -8.336837545235e+00
1.4510025477e+02 -9.999987061459e-01 0.000000000000e+00 -1.608635008293e-03 -1.505317013914e+01 0.000000000000e+00 1.000000000000e+00 0.000000000000e+00 -2.328793813674e-01 1.608635008293e-03 0.000000000000e+00 -9.999987061459e-01 -7.730580084042e+00
1.4520023322e+02 -9.999912464884e-01 0.000000000000e+00 4.184130313056e-03 -1.477448833092e+01 0.000000000000e+00 1.000000000000e+00 0.000000000000e+00 -2.328807281581e-01 -4.184130313056e-03 0.000000000000e+00 -9.999912464884e-01 -7.127698663742e+00
1.4530042768e+02 -9.999996407257e-01 0.000000000000e+00 8.476723836412e-04 -1.449339866928e+01 0.000000000000e+00 1.000000000000e+00 0.000000000000e+00 -2.327820142719e-01 -8.476723836412e-04 0.000000000000e+00 -9.999996407257e-01 -6.512594813999e+00
1.4540019178e+02 -9.999986461737e-01 0.000000000000e+00 1.645494086287e-03 -1.419866348259e+01 0.000000000000e+00 1.000000000000e+00 0.000000000000e+00 -2.229832791897e-01 -1.645494086287e-03 0.000000000000e+00 -9.999986461737e-01 -5.879136801850e+00
1.4550020385e+02 -9.999999384317e-01 0.000000000000e+00 3.509082613331e-04 -1.389462653692e+01 0.000000000000e+00 1.000000000000e+00 0.000000000000e+00 -2.127844790668e-01 -3.509082613331e-04 0.000000000000e+00 -9.999999384317e-01 -5.250880262375e+00
1.4560000563e+02 -9.999814803606e-01 0.000000000000e+00 -6.085962195128e-03 -1.358703179368e+01 0.000000000000e+00 1.000000000000e+00 0.000000000000e+00 -2.020856044269e-01 6.085962195128e-03 0.000000000000e+00 -9.999814803606e-01 -4.626952540020e+00
1.4570024610e+02 -9.999322603100e-01 0.000000000000e+00 -1.163936387089e-02 -1.330383630604e+01 0.000000000000e+00 1.000000000000e+00 0.000000000000e+00 -1.871866003698e-01 1.163936387089e-02 0.000000000000e+00 -9.999322603100e-01 -4.011176778173e+00
1.4580003595e+02 -9.999700688337e-01 0.000000000000e+00 -7.737017301163e-03 -1.301312777901e+01 0.000000000000e+00 1.000000000000e+00 0.000000000000e+00 -1.802875374176e-01 7.737017301163e-03 0.000000000000e+00 -9.999700688337e-01 -3.407535574628e+00
1.4590066576e+02 -9.999643471659e-01 0.000000000000e+00 8.444193102553e-03 -1.273955769624e+01 0.000000000000e+00 1.000000000000e+00 0.000000000000e+00 -1.830883645254e-01 -8.444193102553e-03 0.000000000000e+00 -9.999643471659e-01 -2.828393507248e+00
1.4600042558e+02 -9.999102057953e-01 0.000000000000e+00 -1.340075917395e-02 -1.246981016562e+01 0.000000000000e+00 1.000000000000e+00 0.000000000000e+00 -1.786891095685e-01 1.340075917395e-02 0.000000000000e+00 -9.999102057953e-01 -2.231875143998e+00
1.4610041189e+02 -9.999810401967e-01 0.000000000000e+00 -6.157860590399e-03 -1.220973736058e+01 0.000000000000e+00 1.000000000000e+00 0.000000000000e+00 -1.684897777239e-01 6.157860590399e-03 0.000000000000e+00 -9.999810401967e-01 -1.655736658943e+00
1.4620001173e+02 -9.999463903305e-01 0.000000000000e+00 -1.035453837638e-02 -1.195481189257e+01 0.000000000000e+00 1.000000000000e+00 0.000000000000e+00 -1.684903667303e-01 1.035453837638e-02 0.000000000000e+00 -9.999463903305e-01 -1.084244577790e+00
1.4629999352e+02 -9.999568578977e-01 0.000000000000e+00 -9.288828957935e-03 -1.170890957781e+01 0.000000000000e+00 1.000000000000e+00 0.000000000000e+00 -1.556908807067e-01 9.288828957935e-03 0.000000000000e+00 -9.999568578977e-01 -5.307159049661e-01
1.4640005636e+02 -9.997129459041e-01 0.000000000000e+00 -2.395883535917e-02 -1.146844327291e+01 0.000000000000e+00 1.000000000000e+00 0.000000000000e+00 -1.491913244589e-01 2.395883535917e-02 0.000000000000e+00 -9.997129459041e-01 3.312697457585e-02
1.4650052881e+02 -9.999226041988e-01 0.000000000000e+00 -1.244128660284e-02 -1.124632890516e+01 0.000000000000e+00 1.000000000000e+00 0.000000000000e+00 -1.502916856561e-01 1.244128660284e-02 0.000000000000e+00 -9.999226041988e-01 5.568513713845e-01
1.4660002065e+02 -9.996821843387e-01 0.000000000000e+00 -2.520972660922e-02 -1.101485637957e+01 0.000000000000e+00 1.000000000000e+00 0.000000000000e+00 -1.598920066763e-01 2.520972660922e-02 0.000000000000e+00 -9.996821843387e-01 1.085952299280e+00
1.4669999647e+02 -9.998701124345e-01 0.000000000000e+00 -1.611701772208e-02 -1.080228270047e+01 0.000000000000e+00 1.000000000000e+00 0.000000000000e+00 -1.452922516690e-01 1.611701772208e-02 0.000000000000e+00 -9.998701124345e-01 1.596947823545e+00
1.4680040979e+02 -9.997227399872e-01 0.000000000000e+00 -2.354661658298e-02 -1.057524554839e+01 0.000000000000e+00 1.000000000000e+00 0.000000000000e+00 -1.192924696085e-01 2.354661658298e-02 0.000000000000e+00 -9.997227399872e-01 2.108884025645e+00
1.4690012527e+02 -9.997363664125e-01 0.000000000000e+00 -2.296078553540e-02 -1.035822263196e+01 0.000000000000e+00 1.000000000000e+00 0.000000000000e+00 -1.394926336338e-01 2.296078553540e-02 0.000000000000e+00 -9.997363664125e-01 2.597493308507e+00
1.4700038099e+02 -9.999058166592e-01 0.000000000000e+00 -1.372435102486e-02 -1.015025448107e+01 0.000000000000e+00 1.000000000000e+00 0.000000000000e+00 -1.302927419876e-01 1.372435102486e-02 0.000000000000e+00 -9.999058166592e-01 3.075436487434e+00
1.4710015273e+02 -9.997248492065e-01 0.000000000000e+00 -2.345689406197e-02 -9.947615017168e+00 0.000000000000e+00 1.000000000000e+00 0.000000000000e+00 -1.159927994681e-01 2.345689406197e-02 0.000000000000e+00 -9.997248492065e-01 3.557521751678e+00
1.4720036292e+02 -9.996651662290e-01 0.000000000000e+00 -2.587576913532e-02 -9.739410097285e+00 0.000000000000e+00 1.000000000000e+00 0.000000000000e+00 -1.221928346927e-01 2.587576913532e-02 0.000000000000e+00 -9.996651662290e-01 4.015910554631e+00
1.4730106330e+02 -9.998014695261e-01 0.000000000000e+00 -1.992539920336e-02 -9.543958467024e+00 0.000000000000e+00 1.000000000000e+00 0.000000000000e+00 -1.090928231637e-01 1.992539920336e-02 0.000000000000e+00 -9.998014695261e-01 4.458614842630e+00
1.4739997149e+02 -9.995720460995e-01 0.000000000000e+00 -2.925277177254e-02 -9.349337725498e+00 0.000000000000e+00 1.000000000000e+00 0.000000000000e+00 -1.123927722045e-01 2.925277177254e-02 0.000000000000e+00 -9.995720460995e-01 4.906211906204e+00
1.4750032592e+02 -9.999104074976e-01 0.000000000000e+00 -1.338570050713e-02 -9.174100991052e+00 0.000000000000e+00 1.000000000000e+00 0.000000000000e+00 -1.084926788888e-01 1.338570050713e-02 0.000000000000e+00 -9.999104074976e-01 5.321070200169e+00
1.4760068965e+02 -9.995384809424e-01 0.000000000000e+00 -3.037803672654e-02 -8.979298422229e+00 0.000000000000e+00 1.000000000000e+00 0.000000000000e+00 -1.075925743458e-01 3.037803672654e-02 0.000000000000e+00 -9.995384809424e-01 5.748805139310e+00
1.4770001006e+02 -9.996483075515e-01 0.000000000000e+00 -2.651907256001e-02 -8.796649503850e+00 0.000000000000e+00 1.000000000000e+00 0.000000000000e+00 -1.091924334210e-01 2.651907256001e-02 0.000000000000e+00 -9.996483075515e-01 6.158168293542e+00
1.4780014110e+02 -9.997555986026e-01 0.000000000000e+00 -2.210753407260e-02 -8.629518617899e+00 0.000000000000e+00 1.000000000000e+00 0.000000000000e+00 -1.081922299055e-01 2.210753407260e-02 0.000000000000e+00 -9.997555986026e-01 6.579364986760e+00
1.4792011571e+02 -9.995650830336e-01 0.000000000000e+00 -2.948974025202e-02 -8.453315363053e+00 0.000000000000e+00 1.000000000000e+00 0.000000000000e+00 -1.086920058226e-01 2.948974025202e-02 0.000000000000e+00 -9.995650830336e-01 7.002162222197e+00
1.4800162768e+02 -9.997496496604e-01 0.000000000000e+00 -2.237494142639e-02 -8.251265455323e+00 0.000000000000e+00 1.000000000000e+00 0.000000000000e+00 -9.849177335970e-02 2.237494142639e-02 0.000000000000e+00 -9.997496496604e-01 7.426706449614e+00
1.4810017538e+02 -9.999035300306e-01 0.000000000000e+00 -1.388994717140e-02 -8.037242918004e+00 0.000000000000e+00 1.000000000000e+00 0.000000000000e+00 -8.049149916815e-02 1.388994717140e-02 0.000000000000e+00 -9.999035300306e-01 7.865268407590e+00
1.4820030999e+02 -9.999024059514e-01 0.000000000000e+00 -1.397063250534e-02 -7.821536348537e+00 0.000000000000e+00 1.000000000000e+00 0.000000000000e+00 -7.559119664643e-02 1.397063250534e-02 0.000000000000e+00 -9.999024059514e-01 8.300516205244e+00
1.4830052567e+02 -9.999959758472e-01 0.000000000000e+00 2.836950723009e-03 -7.621722206581e+00 0.000000000000e+00 1.000000000000e+00 0.000000000000e+00 -7.689086416011e-02 -2.836950723009e-03 0.000000000000e+00 -9.999959758472e-01 8.713584879213e+00
1.4840041614e+02 -9.999104398531e-01 0.000000000000e+00 1.338328333065e-02 -7.447113178571e+00 0.000000000000e+00 1.000000000000e+00 0.000000000000e+00 -7.859047015099e-02 -1.338328333065e-02 0.000000000000e+00 -9.999104398531e-01 9.129208020054e+00
1.4850027418e+02 -9.996053507544e-01 0.000000000000e+00 2.809168459299e-02 -7.250144102827e+00 0.000000000000e+00 1.000000000000e+00 0.000000000000e+00 -9.399008483436e-02 -2.809168459299e-02 0.000000000000e+00 -9.996053507544e-01 9.528940515134e+00
1.4860004377e+02 -9.984239885249e-01 0.000000000000e+00 5.612075496603e-02 -7.021211815617e+00 0.000000000000e+00 1.000000000000e+00 0.000000000000e+00 -8.188975362846e-02 -5.612075496603e-02 0.000000000000e+00 -9.984239885249e-01 9.886866392101e+00
1.4870010519e+02 -9.966606329192e-01 0.000000000000e+00 8.165526798117e-02 -6.790273717053e+00 0.000000000000e+00 1.000000000000e+00 0.000000000000e+00 -9.618940822174e-02 -8.165526798117e-02 0.000000000000e+00 -9.966606329192e-01 1.023604643242e+01
1.4880055118e+02 -9.945773275590e-01 0.000000000000e+00 1.039997091613e-01 -6.537202485037e+00 0.000000000000e+00 1.000000000000e+00 0.000000000000e+00 -7.068908756770e-02 -1.039997091613e-01 0.000000000000e+00 -9.945773275590e-01 1.056669033137e+01
1.4890065813e+02 -9.874476482068e-01 0.000000000000e+00 1.579466430500e-01 -6.280580966881e+00 0.000000000000e+00 1.000000000000e+00 0.000000000000e+00 -8.538877672654e-02 -1.579466430500e-01 0.000000000000e+00 -9.874476482068e-01 1.086019514482e+01
1.4900028443e+02 -9.767176019597e-01 0.000000000000e+00 2.145290796656e-01 -6.011401435458e+00 0.000000000000e+00 1.000000000000e+00 0.000000000000e+00 -9.248847819225e-02 -2.145290796656e-01 0.000000000000e+00 -9.767176019597e-01 1.113441364636e+01
1.4910001230e+02 -9.649969212693e-01 0.000000000000e+00 2.622612093710e-01 -5.726531035973e+00 0.000000000000e+00 1.000000000000e+00 0.000000000000e+00 -9.298821891970e-02 -2.622612093710e-01 0.000000000000e+00 -9.649969212693e-01 1.138236774941e+01
1.4920029235e+02 -9.449586801599e-01 0.000000000000e+00 3.271896893095e-01 -5.420429075580e+00 0.000000000000e+00 1.000000000000e+00 0.000000000000e+00 -1.024880020134e-01 -3.271896893095e-01 0.000000000000e+00 -9.449586801599e-01 1.159198938611e+01
1.4930017161e+02 -9.273381120997e-01 0.000000000000e+00 3.742245660661e-01 -5.111514545020e+00 0.000000000000e+00 1.000000000000e+00 0.000000000000e+00 -1.064878273862e-01 -3.742245660661e-01 0.000000000000e+00 -9.273381120997e-01 1.177396682040e+01
1.4940024638e+02 -8.962892013543e-01 0.000000000000e+00 4.434700300311e-01 -4.778204840433e+00 0.000000000000e+00 1.000000000000e+00 0.000000000000e+00 -9.718769235001e-02 -4.434700300311e-01 0.000000000000e+00 -8.962892013543e-01 1.191953530428e+01
1.4950015545e+02 -8.608677599713e-01 0.000000000000e+00 5.088287529630e-01 -4.440092704614e+00 0.000000000000e+00 1.000000000000e+00 0.000000000000e+00 -8.748760789449e-02 -5.088287529630e-01 0.000000000000e+00 -8.608677599713e-01 1.202899486418e+01
1.4960000730e+02 -8.274005147894e-01 0.000000000000e+00 5.616123112310e-01 -4.086746109880e+00 0.000000000000e+00 1.000000000000e+00 0.000000000000e+00 -7.998754446696e-02 -5.616123112310e-01 0.000000000000e+00 -8.274005147894e-01 1.212668372253e+01
1.4970002532e+02 -7.827116405167e-01 0.000000000000e+00 6.223845176414e-01 -3.741846693964e+00 0.000000000000e+00 1.000000000000e+00 0.000000000000e+00 -8.028753224979e-02 -6.223845176414e-01 0.000000000000e+00 -7.827116405167e-01 1.217795034878e+01
1.4980001450e+02 -7.236062124827e-01 0.000000000000e+00 6.902130462810e-01 -3.374810671323e+00 0.000000000000e+00 1.000000000000e+00 0.000000000000e+00 -8.328756250267e-02 -6.902130462810e-01 0.000000000000e+00 -7.236062124827e-01 1.219653056400e+01
1.4989999437e+02 -6.747779557731e-01 0.000000000000e+00 7.380208062126e-01 -3.026158092836e+00 0.000000000000e+00 1.000000000000e+00 0.000000000000e+00 -5.998761694531e-02 -7.380208062126e-01 0.000000000000e+00 -6.747779557731e-01 1.220047554230e+01
1.4999997687e+02 -6.136649602671e-01 0.000000000000e+00 7.895665371204e-01 -2.680246358422e+00 0.000000000000e+00 1.000000000000e+00 0.000000000000e+00 -5.728772062278e-02 -7.895665371204e-01 0.000000000000e+00 -6.136649602671e-01 1.216697447338e+01
1.5010042334e+02 -5.488710609327e-01 0.000000000000e+00 8.359070274083e-01 -2.337816236515e+00 0.000000000000e+00 1.000000000000e+00 0.000000000000e+00 -5.398786131522e-02 -8.359070274083e-01 0.000000000000e+00 -5.488710609327e-01 1.210680636373e+01
1.5020021129e+02 -4.838915556789e-01 0.000000000000e+00 8.751279691238e-01 -1.989972402354e+00 0.000000000000e+00 1.000000000000e+00 0.000000000000e+00 -3.958804623215e-02 -8.751279691238e-01 0.000000000000e+00 -4.838915556789e-01 1.201832516647e+01
1.5030004168e+02 -4.096462003971e-01 0.000000000000e+00 9.122444795669e-01 -1.671360014835e+00 0.000000000000e+00 1.000000000000e+00 0.000000000000e+00 -3.358826165565e-02 -9.122444795669e-01 0.000000000000e+00 -4.096462003971e-01 1.190443584556e+01
1.5040067434e+02 -3.258812435099e-01 0.000000000000e+00 9.454107124041e-01 -1.352951607428e+00 0.000000000000e+00 1.000000000000e+00 0.000000000000e+00 -3.008851231066e-02 -9.454107124041e-01 0.000000000000e+00 -3.258812435099e-01 1.176410068524e+01
1.5049998689e+02 -2.312530120857e-01 0.000000000000e+00 9.728936449588e-01 -1.052348288292e+00 0.000000000000e+00 1.000000000000e+00 0.000000000000e+00 -3.078879171659e-02 -9.728936449588e-01 0.000000000000e+00 -2.312530120857e-01 1.160159899252e+01
1.5060002303e+02 -1.637936608150e-01 0.000000000000e+00 9.864946207034e-01 -7.497549407337e-01 0.000000000000e+00 1.000000000000e+00 0.000000000000e+00 -4.078906041986e-02 -9.864946207034e-01 0.000000000000e+00 -1.637936608150e-01 1.144743177363e+01
1.5070017648e+02 -1.094544859289e-01 0.000000000000e+00 9.939918085729e-01 -4.566463173180e-01 0.000000000000e+00 1.000000000000e+00 0.000000000000e+00 -3.528937476429e-02 -9.939918085729e-01 0.000000000000e+00 -1.094544859289e-01 1.126460780796e+01
1.5080005693e+02 -3.318414394337e-02 0.000000000000e+00 9.994492546351e-01 -1.602932551450e-01 0.000000000000e+00 1.000000000000e+00 0.000000000000e+00 -1.848971947373e-02 -9.994492546351e-01 0.000000000000e+00 -3.318414394337e-02 1.105638754891e+01
1.5090039372e+02 5.489176754209e-02 0.000000000000e+00 9.984923103640e-01 1.485387148163e-01 0.000000000000e+00 1.000000000000e+00 0.000000000000e+00 1.500991855118e-02 -9.984923103640e-01 0.000000000000e+00 5.489176754209e-02 1.082857822894e+01
1.5100010777e+02 1.326517513177e-01 0.000000000000e+00 9.911627075674e-01 4.373427805874e-01 0.000000000000e+00 1.000000000000e+00 0.000000000000e+00 -4.990464168603e-03 -9.911627075674e-01 0.000000000000e+00 1.326517513177e-01 1.058466906492e+01
1.5110017228e+02 2.032477247752e-01 0.000000000000e+00 9.791273473730e-01 7.100721400522e-01 0.000000000000e+00 1.000000000000e+00 0.000000000000e+00 -5.590870710818e-03 -9.791273473730e-01 0.000000000000e+00 2.032477247752e-01 1.031911173507e+01
1.5120014787e+02 2.900745561966e-01 0.000000000000e+00 9.570040500684e-01 9.603654433839e-01 0.000000000000e+00 1.000000000000e+00 0.000000000000e+00 -1.589129399963e-02 -9.570040500684e-01 0.000000000000e+00 2.900745561966e-01 1.003913408889e+01
1.5130007362e+02 3.607504924497e-01 0.000000000000e+00 9.326623623784e-01 1.210328491726e+00 0.000000000000e+00 1.000000000000e+00 0.000000000000e+00 -1.199175040612e-02 -9.326623623784e-01 0.000000000000e+00 3.607504924497e-01 9.728924063291e+00
1.5140004921e+02 4.393565796848e-01 0.000000000000e+00 8.983127494852e-01 1.441894571583e+00 0.000000000000e+00 1.000000000000e+00 0.000000000000e+00 7.707768689109e-03 -8.983127494852e-01 0.000000000000e+00 4.393565796848e-01 9.395340826169e+00
1.5150016212e+02 5.064946630618e-01 0.000000000000e+00 8.622430958204e-01 1.647566083875e+00 0.000000000000e+00 1.000000000000e+00 0.000000000000e+00 1.260728097990e-02 -8.622430958204e-01 0.000000000000e+00 5.064946630618e-01 9.048113137785e+00
1.5160014415e+02 5.873804416659e-01 0.000000000000e+00 8.093109518278e-01 1.828771348817e+00 0.000000000000e+00 1.000000000000e+00 0.000000000000e+00 2.706801310014e-03 -8.093109518278e-01 0.000000000000e+00 5.873804416659e-01 8.703484763683e+00
1.5170054674e+02 6.393816733507e-01 0.000000000000e+00 7.688895081761e-01 1.982559608864e+00 0.000000000000e+00 1.000000000000e+00 0.000000000000e+00 1.400630226541e-02 -7.688895081761e-01 0.000000000000e+00 6.393816733507e-01 8.327978426062e+00
1.5180014825e+02 7.119787021846e-01 0.000000000000e+00 7.022010592669e-01 2.111356686638e+00 0.000000000000e+00 1.000000000000e+00 0.000000000000e+00 -8.294177967532e-03 -7.022010592669e-01 0.000000000000e+00 7.119787021846e-01 7.967624815496e+00
1.5190024257e+02 7.708973019239e-01 0.000000000000e+00 6.369594570194e-01 2.230046183675e+00 0.000000000000e+00 1.000000000000e+00 0.000000000000e+00 3.180533120055e-02 -6.369594570194e-01 0.000000000000e+00 7.708973019239e-01 7.582407235867e+00
1.5199998045e+02 8.242113340894e-01 0.000000000000e+00 5.662823295483e-01 2.317619262397e+00 0.000000000000e+00 1.000000000000e+00 0.000000000000e+00 2.800484262708e-02 -5.662823295483e-01 0.000000000000e+00 8.242113340894e-01 7.187379303942e+00
1.5209992528e+02 8.714502971091e-01 0.000000000000e+00 4.904838220251e-01 2.366489264754e+00 0.000000000000e+00 1.000000000000e+00 0.000000000000e+00 9.404375400704e-03 -4.904838220251e-01 0.000000000000e+00 8.714502971091e-01 6.802112893189e+00
1.5219998288e+02 9.039377021335e-01 0.000000000000e+00 4.276641563909e-01 2.364932000818e+00 0.000000000000e+00 1.000000000000e+00 0.000000000000e+00 2.890391531366e-02 -4.276641563909e-01 0.000000000000e+00 9.039377021335e-01 6.409425473564e+00
1.5230019593e+02 9.305480371545e-01 0.000000000000e+00 3.661698383918e-01 2.324998198849e+00 0.000000000000e+00 1.000000000000e+00 0.000000000000e+00 2.360346748148e-02 -3.661698383918e-01 0.000000000000e+00 9.305480371545e-01 6.014119395712e+00
1.5240097475e+02 9.601792599618e-01 0.000000000000e+00 2.793846608875e-01 2.263476094893e+00 0.000000000000e+00 1.000000000000e+00 0.000000000000e+00 2.480305129744e-02 -2.793846608875e-01 0.000000000000e+00 9.601792599618e-01 5.643542786717e+00
1.5250003600e+02 9.740746967068e-01 0.000000000000e+00 2.262266236223e-01 2.180859202523e+00 0.000000000000e+00 1.000000000000e+00 0.000000000000e+00 2.330264122161e-02 -2.262266236223e-01 0.000000000000e+00 9.740746967068e-01 5.239711159459e+00
1.5260081220e+02 9.861061015612e-01 0.000000000000e+00 1.661166953192e-01 2.073084758541e+00 0.000000000000e+00 1.000000000000e+00 0.000000000000e+00 6.030224037155e-02 -1.661166953192e-01 0.000000000000e+00 9.861061015612e-01 4.821799450278e+00
1.5270016694e+02 9.907668890518e-01 0.000000000000e+00 1.355764417540e-01 1.927087576931e+00 0.000000000000e+00 1.000000000000e+00 0.000000000000e+00 4.690186569931e-02 -1.355764417540e-01 0.000000000000e+00 9.907668890518e-01 4.394576454314e+00
1.5280050445e+02 9.941882430226e-01 0.000000000000e+00 1.076556428418e-01 1.753664969348e+00 0.000000000000e+00 1.000000000000e+00 0.000000000000e+00 4.400152552118e-02 -1.076556428418e-01 0.000000000000e+00 9.941882430226e-01 3.976823893544e+00
1.5289997339e+02 9.969225723358e-01 0.000000000000e+00 7.839250453502e-02 1.577829793192e+00 0.000000000000e+00 1.000000000000e+00 0.000000000000e+00 1.730121851783e-02 -7.839250453502e-02 0.000000000000e+00 9.969225723358e-01 3.560114535468e+00
1.5300022626e+02 9.980245361862e-01 0.000000000000e+00 6.282535451856e-02 1.386190856102e+00 0.000000000000e+00 1.000000000000e+00 0.000000000000e+00 2.400093628888e-02 -6.282535451856e-02 0.000000000000e+00 9.980245361862e-01 3.120367658389e+00
1.5310090756e+02 9.990023860551e-01 0.000000000000e+00 4.465683213389e-02 1.177885440737e+00 0.000000000000e+00 1.000000000000e+00 0.000000000000e+00 5.050067793713e-02 -4.465683213389e-02 0.000000000000e+00 9.990023860551e-01 2.658421517674e+00
1.5320003700e+02 9.997725141788e-01 0.000000000000e+00 2.132885117853e-02 9.669730807916e-01 0.000000000000e+00 1.000000000000e+00 0.000000000000e+00 5.190046042882e-02 -2.132885117853e-02 0.000000000000e+00 9.997725141788e-01 2.202462325282e+00
1.5330048895e+02 9.999955626997e-01 0.000000000000e+00 -2.979023492988e-03 7.478687824515e-01 0.000000000000e+00 1.000000000000e+00 0.000000000000e+00 5.140028209278e-02 2.979023492988e-03 0.000000000000e+00 9.999955626997e-01 1.736411693425e+00
1.5340010595e+02 9.995928742895e-01 0.000000000000e+00 -2.853218655586e-02 5.132621930429e-01 0.000000000000e+00 1.000000000000e+00 0.000000000000e+00 3.860014620073e-02 2.853218655586e-02 0.000000000000e+00 9.995928742895e-01 1.272414122993e+00
1.5350074530e+02 9.995250130149e-01 0.000000000000e+00 -3.081798756553e-02 2.739793821580e-01 0.000000000000e+00 1.000000000000e+00 0.000000000000e+00 4.720005229403e-02 3.081798756553e-02 0.000000000000e+00 9.995250130149e-01 7.824285282359e-01
1.5360037112e+02 9.988292030057e-01 0.000000000000e+00 -4.837585371884e-02 1.394656359107e-02 0.000000000000e+00 1.000000000000e+00 0.000000000000e+00 5.350000602570e-02 4.837585371884e-02 0.000000000000e+00 9.988292030057e-01 2.945639478220e-01
1.5370001030e+02 9.977966536186e-01 0.000000000000e+00 -6.634634901487e-02 -2.707960025943e-01 0.000000000000e+00 1.000000000000e+00 0.000000000000e+00 -1.269999066210e-02 6.634634901487e-02 0.000000000000e+00 9.977966536186e-01 -1.821956878919e-01
1.5380027604e+02 9.991628111221e-01 0.000000000000e+00 -4.091059606775e-02 -5.643009717489e-01 0.000000000000e+00 1.000000000000e+00 0.000000000000e+00 -2.129993395846e-02 4.091059606775e-02 0.000000000000e+00 9.991628111221e-01 -6.965272783648e-01
1.5390048289e+02 9.991654086448e-01 0.000000000000e+00 -4.084710721407e-02 -5.643073513930e-01 0.000000000000e+00 1.000000000000e+00 0.000000000000e+00 -2.129993395846e-02 4.084710721407e-02 0.000000000000e+00 9.991654086448e-01 -6.965578742507e-01
1.5400014853e+02 9.993067253273e-01 0.000000000000e+00 -3.722994380485e-02 -1.143962457704e+00 0.000000000000e+00 1.000000000000e+00 0.000000000000e+00 -3.539965255110e-02 3.722994380485e-02 0.000000000000e+00 9.993067253273e-01 -1.740518161302e+00
1.5409998584e+02 9.989982252868e-01 0.000000000000e+00 -4.474981423289e-02 -1.423390447399e+00 0.000000000000e+00 1.000000000000e+00 0.000000000000e+00 -3.339942173787e-02 4.474981423289e-02 0.000000000000e+00 9.989982252868e-01 -2.280005309755e+00
1.5419999218e+02 9.995757411644e-01 0.000000000000e+00 -2.912623689318e-02 -1.723264611072e+00 0.000000000000e+00 1.000000000000e+00 0.000000000000e+00 -3.739912294958e-02 2.912623689318e-02 0.000000000000e+00 9.995757411644e-01 -2.836960057620e+00
1.5430022955e+02 9.992087301106e-01 0.000000000000e+00 -3.977327835099e-02 -1.999080033614e+00 0.000000000000e+00 1.000000000000e+00 0.000000000000e+00 -3.709876343409e-02 3.977327835099e-02 0.000000000000e+00 9.992087301106e-01 -3.395568761440e+00
1.5440029526e+02 9.998339359740e-01 0.000000000000e+00 -1.822362408366e-02 -2.289520827584e+00 0.000000000000e+00 1.000000000000e+00 0.000000000000e+00 -5.129833460499e-02 1.822362408366e-02 0.000000000000e+00 9.998339359740e-01 -3.976054801346e+00
1.5450015569e+02 9.995543300590e-01 0.000000000000e+00 -2.985198921732e-02 -2.571232129430e+00 0.000000000000e+00 1.000000000000e+00 0.000000000000e+00 -4.379783202874e-02 2.985198921732e-02 0.000000000000e+00 9.995543300590e-01 -4.554427014916e+00
1.5460025620e+02 9.992897498001e-01 0.000000000000e+00 -3.768283355025e-02 -2.855538966330e+00 0.000000000000e+00 1.000000000000e+00 0.000000000000e+00 -4.579725112206e-02 3.768283355025e-02 0.000000000000e+00 9.992897498001e-01 -5.148769688802e+00
1.5470015335e+02 9.998133615019e-01 0.000000000000e+00 -1.931947623974e-02 -3.155561128530e+00 0.000000000000e+00 1.000000000000e+00 0.000000000000e+00 -3.439658569001e-02 1.931947623974e-02 0.000000000000e+00 9.998133615019e-01 -5.764389737752e+00
1.5480053115e+02 9.999266634035e-01 0.000000000000e+00 -1.211064881530e-02 -3.437489058659e+00 0.000000000000e+00 1.000000000000e+00 0.000000000000e+00 -2.479585421536e-02 1.211064881530e-02 0.000000000000e+00 9.999266634035e-01 -6.378014480206e+00
1.5490042567e+02 9.997694957968e-01 0.000000000000e+00 -2.146986898230e-02 -3.701070745737e+00 0.000000000000e+00 1.000000000000e+00 0.000000000000e+00 2.890495013927e-02 2.146986898230e-02 0.000000000000e+00 9.997694957968e-01 -6.994706167685e+00
1.5500063682e+02 9.998893491472e-01 0.000000000000e+00 -1.487580122247e-02 -4.010854721914e+00 0.000000000000e+00 1.000000000000e+00 0.000000000000e+00 6.705839686285e-03 1.487580122247e-02 0.000000000000e+00 9.998893491472e-01 -7.607075462018e+00
1.5510082102e+02 9.997883938034e-01 0.000000000000e+00 -2.057103828169e-02 -4.329055916726e+00 0.000000000000e+00 1.000000000000e+00 0.000000000000e+00 -1.189317477601e-02 2.057103828169e-02 0.000000000000e+00 9.997883938034e-01 -8.225099976126e+00
1.5519999433e+02 9.998395034819e-01 0.000000000000e+00 -1.791555963344e-02 -4.628811295862e+00 0.000000000000e+00 1.000000000000e+00 0.000000000000e+00 -9.792106947685e-03 1.791555963344e-02 0.000000000000e+00 9.998395034819e-01 -8.860414830180e+00
1.5530035806e+02 9.997855275313e-01 0.000000000000e+00 -2.070987539850e-02 -4.927581514629e+00 0.000000000000e+00 1.000000000000e+00 0.000000000000e+00 -9.690956786483e-03 2.070987539850e-02 0.000000000000e+00 9.997855275313e-01 -9.498325682192e+00
1.5540021801e+02 9.992634567460e-01 0.000000000000e+00 -3.837374117880e-02 -5.272618296730e+00 0.000000000000e+00 1.000000000000e+00 0.000000000000e+00 -6.188971365265e-02 3.837374117880e-02 0.000000000000e+00 9.992634567460e-01 -1.011182364743e+01
1.5550017476e+02 9.988172213591e-01 0.000000000000e+00 -4.862261116474e-02 -5.563062617469e+00 0.000000000000e+00 1.000000000000e+00 0.000000000000e+00 -4.618838024696e-02 4.862261116474e-02 0.000000000000e+00 9.988172213591e-01 -1.076427077942e+01
1.5560016990e+02 9.996969128197e-01 0.000000000000e+00 -2.461874283579e-02 -5.877505789441e+00 0.000000000000e+00 1.000000000000e+00 0.000000000000e+00 -5.638701311924e-02 2.461874283579e-02 0.000000000000e+00 9.996969128197e-01 -1.139583884376e+01
1.5570010710e+02 9.993866172669e-01 0.000000000000e+00 -3.501984048826e-02 -6.187530520139e+00 0.000000000000e+00 1.000000000000e+00 0.000000000000e+00 -7.188557472360e-02 3.501984048826e-02 0.000000000000e+00 9.993866172669e-01 -1.200960272750e+01
1.5580015922e+02 9.995449934641e-01 0.000000000000e+00 -3.016299124489e-02 -6.486150196778e+00 0.000000000000e+00 1.000000000000e+00 0.000000000000e+00 -6.958405014362e-02 3.016299124489e-02 0.000000000000e+00 9.995449934641e-01 -1.264160767335e+01
1.5590031791e+02 9.992424299495e-01 0.000000000000e+00 -3.891742782620e-02 -6.789906063396e+00 0.000000000000e+00 1.000000000000e+00 0.000000000000e+00 -7.218251037848e-02 3.891742782620e-02 0.000000000000e+00 9.992424299495e-01 -1.323525022139e+01
1.5600015259e+02 9.993235600317e-01 0.000000000000e+00 -3.677529558698e-02 -7.081143920017e+00 0.000000000000e+00 1.000000000000e+00 0.000000000000e+00 -7.718095354599e-02 3.677529558698e-02 0.000000000000e+00 9.993235600317e-01 -1.381667815922e+01
1.5610022807e+02 9.995175354132e-01 0.000000000000e+00 -3.105956215875e-02 -7.362141514721e+00 0.000000000000e+00 1.000000000000e+00 0.000000000000e+00 -7.777936785424e-02 3.105956215875e-02 0.000000000000e+00 9.995175354132e-01 -1.438796380608e+01
1.5620024204e+02 9.996610838552e-01 0.000000000000e+00 -2.603300646048e-02 -7.651167649558e+00 0.000000000000e+00 1.000000000000e+00 0.000000000000e+00 -7.697772246388e-02 2.603300646048e-02 0.000000000000e+00 9.996610838552e-01 -1.495344563352e+01
1.5630051804e+02 9.998712266560e-01 0.000000000000e+00 -1.604774455640e-02 -7.921218751081e+00 0.000000000000e+00 1.000000000000e+00 0.000000000000e+00 -7.737606460172e-02 1.604774455640e-02 0.000000000000e+00 9.998712266560e-01 -1.551022324293e+01
1.5640035105e+02 9.998635081960e-01 0.000000000000e+00 -1.652165179373e-02 -8.191165317296e+00 0.000000000000e+00 1.000000000000e+00 0.000000000000e+00 -1.183744032812e-01 1.652165179373e-02 0.000000000000e+00 9.998635081960e-01 -1.603955730237e+01
1.5650009775e+02 9.997104377380e-01 0.000000000000e+00 -2.406326407140e-02 -8.443689817892e+00 0.000000000000e+00 1.000000000000e+00 0.000000000000e+00 -1.140727495965e-01 2.406326407140e-02 0.000000000000e+00 9.997104377380e-01 -1.654982399030e+01
1.5660008526e+02 9.996345497930e-01 0.000000000000e+00 -2.703269982958e-02 -8.676483182427e+00 0.000000000000e+00 1.000000000000e+00 0.000000000000e+00 -1.101710904763e-01 2.703269982958e-02 0.000000000000e+00 9.996345497930e-01 -1.705594648350e+01
1.5670017481e+02 9.994531128495e-01 0.000000000000e+00 -3.306773677518e-02 -8.930791490442e+00 0.000000000000e+00 1.000000000000e+00 0.000000000000e+00 -1.297694090180e-01 3.306773677518e-02 0.000000000000e+00 9.994531128495e-01 -1.753942685528e+01
1.5680037427e+02 9.996358692697e-01 0.000000000000e+00 -2.698386312946e-02 -9.173226472555e+00 0.000000000000e+00 1.000000000000e+00 0.000000000000e+00 -1.328677376811e-01 2.698386312946e-02 0.000000000000e+00 9.996358692697e-01 -1.801474227694e+01
1.5690137243e+02 9.995230934560e-01 0.000000000000e+00 -3.088018212635e-02 -9.378390133925e+00 0.000000000000e+00 1.000000000000e+00 0.000000000000e+00 -1.159660820919e-01 3.088018212635e-02 0.000000000000e+00 9.995230934560e-01 -1.848358141825e+01
1.5700197840e+02 9.993857569090e-01 0.000000000000e+00 -3.504438453594e-02 -9.609756029318e+00 0.000000000000e+00 1.000000000000e+00 0.000000000000e+00 -8.796440559158e-02 3.504438453594e-02 0.000000000000e+00 9.993857569090e-01 -1.893204987460e+01
1.5710300660e+02 9.994598785509e-01 0.000000000000e+00 -3.286261047043e-02 -9.846137664063e+00 0.000000000000e+00 1.000000000000e+00 0.000000000000e+00 -1.061627410871e-01 3.286261047043e-02 0.000000000000e+00 9.994598785509e-01 -1.936390164454e+01
1.5720027423e+02 9.994133808112e-01 0.000000000000e+00 -3.424754378876e-02 -1.007402582990e+01 0.000000000000e+00 1.000000000000e+00 0.000000000000e+00 -1.153610713930e-01 3.424754378876e-02 0.000000000000e+00 9.994133808112e-01 -1.978743794149e+01
1.5730011368e+02 9.984018011802e-01 0.000000000000e+00 -5.651409912753e-02 -1.027381016163e+01 0.000000000000e+00 1.000000000000e+00 0.000000000000e+00 -1.208594725126e-01 5.651409912753e-02 0.000000000000e+00 9.984018011802e-01 -2.018090355892e+01
1.5740006042e+02 9.976376842898e-01 0.000000000000e+00 -6.869534834944e-02 -1.048970703414e+01 0.000000000000e+00 1.000000000000e+00 0.000000000000e+00 -1.220578803815e-01 6.869534834944e-02 0.000000000000e+00 9.976376842898e-01 -2.055963598860e+01
1.5750005102e+02 9.967690153685e-01 0.000000000000e+00 -8.032141682797e-02 -1.070480060374e+01 0.000000000000e+00 1.000000000000e+00 0.000000000000e+00 -1.153563195982e-01 8.032141682797e-02 0.000000000000e+00 9.967690153685e-01 -2.092014071990e+01
1.5760002160e+02 9.947831308539e-01 0.000000000000e+00 -1.020123647828e-01 -1.092602308636e+01 0.000000000000e+00 1.000000000000e+00 0.000000000000e+00 -1.207548268274e-01 1.020123647828e-01 0.000000000000e+00 9.947831308539e-01 -2.124340592533e+01
1.5770006084e+02 9.903911695382e-01 0.000000000000e+00 -1.382943646745e-01 -1.116851002529e+01 0.000000000000e+00 1.000000000000e+00 0.000000000000e+00 -1.415533137915e-01 1.382943646745e-01 0.000000000000e+00 9.903911695382e-01 -2.154683862964e+01
1.5780013156e+02 9.870065673309e-01 0.000000000000e+00 -1.606799179915e-01 -1.141030155662e+01 0.000000000000e+00 1.000000000000e+00 0.000000000000e+00 -1.489518565044e-01 1.606799179915e-01 0.000000000000e+00 9.870065673309e-01 -2.183486843859e+01
1.5790017819e+02 9.833943973227e-01 0.000000000000e+00 -1.814812919129e-01 -1.165347257295e+01 0.000000000000e+00 1.000000000000e+00 0.000000000000e+00 -1.687504421114e-01 1.814812919129e-01 0.000000000000e+00 9.833943973227e-01 -2.210366115843e+01
1.5800003481e+02 9.708107643975e-01 0.000000000000e+00 -2.398467421706e-01 -1.191159041419e+01 0.000000000000e+00 1.000000000000e+00 0.000000000000e+00 -1.793490217021e-01 2.398467421706e-01 0.000000000000e+00 9.708107643975e-01 -2.234096592126e+01
1.5810005808e+02 9.624331276363e-01 0.000000000000e+00 -2.715188296015e-01 -1.217920109252e+01 0.000000000000e+00 1.000000000000e+00 0.000000000000e+00 -1.764475690821e-01 2.715188296015e-01 0.000000000000e+00 9.624331276363e-01 -2.258951973994e+01
1.5820005083e+02 9.476622653866e-01 0.000000000000e+00 -3.192745382305e-01 -1.246140070717e+01 0.000000000000e+00 1.000000000000e+00 0.000000000000e+00 -1.762461226656e-01 3.192745382305e-01 0.000000000000e+00 9.476622653866e-01 -2.281552650609e+01
1.5830002713e+02 9.314596729438e-01 0.000000000000e+00 -3.638445790161e-01 -1.277864627935e+01 0.000000000000e+00 1.000000000000e+00 0.000000000000e+00 -1.939446217025e-01 3.638445790161e-01 0.000000000000e+00 9.314596729438e-01 -2.303240551058e+01
1.5839998293e+02 9.064215923099e-01 0.000000000000e+00 -4.223741197024e-01 -1.311477415978e+01 0.000000000000e+00 1.000000000000e+00 0.000000000000e+00 -2.044431209964e-01 4.223741197024e-01 0.000000000000e+00 9.064215923099e-01 -2.322613368988e+01
1.5849997950e+02 8.767284244059e-01 0.000000000000e+00 -4.809857272713e-01 -1.348139323945e+01 0.000000000000e+00 1.000000000000e+00 0.000000000000e+00 -2.165416319146e-01 4.809857272713e-01 0.000000000000e+00 8.767284244059e-01 -2.339304483241e+01
1.5860000968e+02 8.508204480657e-01 0.000000000000e+00 -5.254565302223e-01 -1.386308044943e+01 0.000000000000e+00 1.000000000000e+00 0.000000000000e+00 -2.215401244358e-01 5.254565302223e-01 0.000000000000e+00 8.508204480657e-01 -2.355650759581e+01
1.5870002651e+02 8.112692640789e-01 0.000000000000e+00 -5.846727128581e-01 -1.426528862370e+01 0.000000000000e+00 1.000000000000e+00 0.000000000000e+00 -2.422386393512e-01 5.846727128581e-01 0.000000000000e+00 8.112692640789e-01 -2.368864594133e+01
1.5880025935e+02 7.716140857372e-01 0.000000000000e+00 -6.360909547320e-01 -1.468348027615e+01 0.000000000000e+00 1.000000000000e+00 0.000000000000e+00 -2.312371327407e-01 6.360909547320e-01 0.000000000000e+00 7.716140857372e-01 -2.381365225601e+01
1.5890001202e+02 7.353248334379e-01 0.000000000000e+00 -6.777148289137e-01 -1.511614808433e+01 0.000000000000e+00 1.000000000000e+00 0.000000000000e+00 -2.335356737880e-01 6.777148289137e-01 0.000000000000e+00 7.353248334379e-01 -2.391462460402e+01
1.5903976870e+02 6.839328824849e-01 0.000000000000e+00 -7.295449350492e-01 -1.554714603630e+01 0.000000000000e+00 1.000000000000e+00 0.000000000000e+00 -2.441343187155e-01 7.295449350492e-01 0.000000000000e+00 6.839328824849e-01 -2.397840406870e+01
1.5910012984e+02 6.388427156277e-01 0.000000000000e+00 -7.693373672775e-01 -1.598228441796e+01 0.000000000000e+00 1.000000000000e+00 0.000000000000e+00 -2.398330040028e-01 7.693373672775e-01 0.000000000000e+00 6.388427156277e-01 -2.402742498600e+01
1.5920036364e+02 5.833702515863e-01 0.000000000000e+00 -8.122063466657e-01 -1.641687058335e+01 0.000000000000e+00 1.000000000000e+00 0.000000000000e+00 -2.500318410422e-01 8.122063466657e-01 0.000000000000e+00 5.833702515863e-01 -2.403071107994e+01
1.5930071592e+02 5.254615785913e-01 0.000000000000e+00 -8.508173302327e-01 -1.684509695732e+01 0.000000000000e+00 1.000000000000e+00 0.000000000000e+00 -2.662307954918e-01 8.508173302327e-01 0.000000000000e+00 5.254615785913e-01 -2.400387304092e+01
1.5940005350e+02 4.697026085025e-01 0.000000000000e+00 -8.828247048910e-01 -1.726421023134e+01 0.000000000000e+00 1.000000000000e+00 0.000000000000e+00 -2.818298027591e-01 8.828247048910e-01 0.000000000000e+00 4.697026085025e-01 -2.396636380710e+01
1.5950004840e+02 4.098207245197e-01 0.000000000000e+00 -9.121660889082e-01 -1.767569629842e+01 0.000000000000e+00 1.000000000000e+00 0.000000000000e+00 -2.862289225824e-01 9.121660889082e-01 0.000000000000e+00 4.098207245197e-01 -2.390067297080e+01
1.5960059357e+02 3.559694637725e-01 0.000000000000e+00 -9.344975874027e-01 -1.806911075192e+01 0.000000000000e+00 1.000000000000e+00 0.000000000000e+00 -2.992281744441e-01 9.344975874027e-01 0.000000000000e+00 3.559694637725e-01 -2.381036696144e+01
1.5970040441e+02 2.978206280694e-01 0.000000000000e+00 -9.546218484281e-01 -1.846123489764e+01 0.000000000000e+00 1.000000000000e+00 0.000000000000e+00 -3.153275574632e-01 9.546218484281e-01 0.000000000000e+00 2.978206280694e-01 -2.368346556278e+01
1.5980009341e+02 2.242897370243e-01 0.000000000000e+00 -9.745225055716e-01 -1.883966285264e+01 0.000000000000e+00 1.000000000000e+00 0.000000000000e+00 -3.216270512958e-01 9.745225055716e-01 0.000000000000e+00 2.242897370243e-01 -2.353597326884e+01
1.5990002203e+02 1.788364621763e-01 0.000000000000e+00 -9.838788135722e-01 -1.919234827946e+01 0.000000000000e+00 1.000000000000e+00 0.000000000000e+00 -3.350266344347e-01 9.838788135722e-01 0.000000000000e+00 1.788364621763e-01 -2.337758312409e+01
1.6000011826e+02 1.150867929857e-01 0.000000000000e+00 -9.933554399510e-01 -1.953911501572e+01 0.000000000000e+00 1.000000000000e+00 0.000000000000e+00 -3.492263012057e-01 9.933554399510e-01 0.000000000000e+00 1.150867929857e-01 -2.320148449682e+01
1.6010000515e+02 4.738906889066e-02 0.000000000000e+00 -9.988765069565e-01 -1.988075671990e+01 0.000000000000e+00 1.000000000000e+00 0.000000000000e+00 -3.548260750055e-01 9.988765069565e-01 0.000000000000e+00 4.738906889066e-02 -2.299872803540e+01
1.6020001483e+02 -1.134555621393e-02 0.000000000000e+00 -9.999356371058e-01 -2.020956157005e+01 0.000000000000e+00 1.000000000000e+00 0.000000000000e+00 -3.743259237764e-01 9.999356371058e-01 0.000000000000e+00 -1.134555621393e-02 -2.278103819489e+01
1.6030009723e+02 -6.436850023918e-02 0.000000000000e+00 -9.979261977606e-01 -2.053976470993e+01 0.000000000000e+00 1.000000000000e+00 0.000000000000e+00 -3.797258325052e-01 9.979261977606e-01 0.000000000000e+00 -6.436850023918e-02 -2.253993280536e+01
1.6040006089e+02 -1.219855750372e-01 0.000000000000e+00 -9.925318732831e-01 -2.086657431603e+01 0.000000000000e+00 1.000000000000e+00 0.000000000000e+00 -3.764258079255e-01 9.925318732831e-01 0.000000000000e+00 -1.219855750372e-01 -2.228057245654e+01
1.6050002885e+02 -1.908368472744e-01 0.000000000000e+00 -9.816217691771e-01 -2.118106259901e+01 0.000000000000e+00 1.000000000000e+00 0.000000000000e+00 -3.806259200063e-01 9.816217691771e-01 0.000000000000e+00 -1.908368472744e-01 -2.199326983646e+01
1.6059997368e+02 -2.521074784773e-01 0.000000000000e+00 -9.676992401030e-01 -2.148986382665e+01 0.000000000000e+00 1.000000000000e+00 0.000000000000e+00 -3.913260481164e-01 9.676992401030e-01 0.000000000000e+00 -2.521074784773e-01 -2.170001570481e+01
1.6070006084e+02 -3.187373908624e-01 0.000000000000e+00 -9.478430648932e-01 -2.179588800058e+01 0.000000000000e+00 1.000000000000e+00 0.000000000000e+00 -4.103262331662e-01 9.478430648932e-01 0.000000000000e+00 -3.187373908624e-01 -2.139075397798e+01
1.6080073524e+02 -3.783598422395e-01 0.000000000000e+00 -9.256585924522e-01 -2.207573932667e+01 0.000000000000e+00 1.000000000000e+00 0.000000000000e+00 -4.060265700856e-01 9.256585924522e-01 0.000000000000e+00 -3.783598422395e-01 -2.105384167567e+01
1.6089996576e+02 -4.386542587881e-01 0.000000000000e+00 -8.986559081468e-01 -2.232840572317e+01 0.000000000000e+00 1.000000000000e+00 0.000000000000e+00 -3.979270422462e-01 8.986559081468e-01 0.000000000000e+00 -4.386542587881e-01 -2.069904274106e+01
1.6099998379e+02 -5.018688477700e-01 0.000000000000e+00 -8.649437320647e-01 -2.257773414899e+01 0.000000000000e+00 1.000000000000e+00 0.000000000000e+00 -4.027276039481e-01 8.649437320647e-01 0.000000000000e+00 -5.018688477700e-01 -2.031747129670e+01
1.6109999132e+02 -5.617939775998e-01 0.000000000000e+00 -8.272771764848e-01 -2.279458422610e+01 0.000000000000e+00 1.000000000000e+00 0.000000000000e+00 -3.986283215619e-01 8.272771764848e-01 0.000000000000e+00 -5.617939775998e-01 -1.991385387578e+01
1.6120009184e+02 -6.111527959120e-01 0.000000000000e+00 -7.915126404859e-01 -2.299757220037e+01 0.000000000000e+00 1.000000000000e+00 0.000000000000e+00 -4.019290647648e-01 7.915126404859e-01 0.000000000000e+00 -6.111527959120e-01 -1.950211417047e+01
1.6130000567e+02 -6.447359319277e-01 0.000000000000e+00 -7.644053754922e-01 -2.318659758797e+01 0.000000000000e+00 1.000000000000e+00 0.000000000000e+00 -4.014298382416e-01 7.644053754922e-01 0.000000000000e+00 -6.447359319277e-01 -1.907408314408e+01
1.6140017438e+02 -6.851030199417e-01 0.000000000000e+00 -7.284461902342e-01 -2.336216066495e+01 0.000000000000e+00 1.000000000000e+00 0.000000000000e+00 -4.056306974043e-01 7.284461902342e-01 0.000000000000e+00 -6.851030199417e-01 -1.863058181059e+01
1.6150032520e+02 -7.182486488479e-01 0.000000000000e+00 -6.957865178545e-01 -2.350852574050e+01 0.000000000000e+00 1.000000000000e+00 0.000000000000e+00 -3.910316600175e-01 6.957865178545e-01 0.000000000000e+00 -7.182486488479e-01 -1.816976737514e+01
1.6160024476e+02 -7.475734007658e-01 0.000000000000e+00 -6.641792005682e-01 -2.364056918046e+01 0.000000000000e+00 1.000000000000e+00 0.000000000000e+00 -4.013326436239e-01 6.641792005682e-01 0.000000000000e+00 -7.475734007658e-01 -1.770387738711e+01
1.6170008707e+02 -7.730352933986e-01 0.000000000000e+00 -6.343630152840e-01 -2.374991005127e+01 0.000000000000e+00 1.000000000000e+00 0.000000000000e+00 -4.068336888537e-01 6.343630152840e-01 0.000000000000e+00 -7.730352933986e-01 -1.722870693809e+01
1.6180054498e+02 -8.027446183205e-01 0.000000000000e+00 -5.963229643050e-01 -2.383995985188e+01 0.000000000000e+00 1.000000000000e+00 0.000000000000e+00 -4.001347513572e-01 5.963229643050e-01 0.000000000000e+00 -8.027446183205e-01 -1.676564791859e+01
1.6190001655e+02 -8.231846598634e-01 0.000000000000e+00 -5.677737364175e-01 -2.391369717502e+01 0.000000000000e+00 1.000000000000e+00 0.000000000000e+00 -4.034358104618e-01 5.677737364175e-01 0.000000000000e+00 -8.231846598634e-01 -1.630181575416e+01
1.6200003552e+02 -8.413807874810e-01 0.000000000000e+00 -5.404427540987e-01 -2.394987390900e+01 0.000000000000e+00 1.000000000000e+00 0.000000000000e+00 -3.914369224475e-01 5.404427540987e-01 0.000000000000e+00 -8.413807874810e-01 -1.585383110448e+01
1.6210000801e+02 -8.590688617330e-01 0.000000000000e+00 -5.118600304778e-01 -2.397796773380e+01 0.000000000000e+00 1.000000000000e+00 0.000000000000e+00 -3.848380704605e-01 5.118600304778e-01 0.000000000000e+00 -8.590688617330e-01 -1.539114003636e+01
1.6219997454e+02 -8.712744302321e-01 0.000000000000e+00 -4.907961564884e-01 -2.399285016779e+01 0.000000000000e+00 1.000000000000e+00 0.000000000000e+00 -3.955391856232e-01 4.907961564884e-01 0.000000000000e+00 -8.712744302321e-01 -1.493865475492e+01
1.6230018973e+02 -8.861190943112e-01 0.000000000000e+00 -4.634576039910e-01 -2.398385334768e+01 0.000000000000e+00 1.000000000000e+00 0.000000000000e+00 -4.114403514285e-01 4.634576039910e-01 0.000000000000e+00 -8.861190943112e-01 -1.449279508102e+01
1.6240086865e+02 -9.027309372663e-01 0.000000000000e+00 -4.302055960843e-01 -2.396624537471e+01 0.000000000000e+00 1.000000000000e+00 0.000000000000e+00 -4.096414943469e-01 4.302055960843e-01 0.000000000000e+00 -9.027309372663e-01 -1.406072558198e+01
1.6250024390e+02 -9.222262145157e-01 0.000000000000e+00 -3.866507587734e-01 -2.393093855604e+01 0.000000000000e+00 1.000000000000e+00 0.000000000000e+00 -3.960426735227e-01 3.866507587734e-01 0.000000000000e+00 -9.222262145157e-01 -1.363734465966e+01
1.6260005164e+02 -9.357879206929e-01 0.000000000000e+00 -3.525634233514e-01 -2.388914427998e+01 0.000000000000e+00 1.000000000000e+00 0.000000000000e+00 -3.939438234801e-01 3.525634233514e-01 0.000000000000e+00 -9.357879206929e-01 -1.321228233623e+01
1.6270012903e+02 -9.433505200392e-01 0.000000000000e+00 -3.317978244983e-01 -2.382085826536e+01 0.000000000000e+00 1.000000000000e+00 0.000000000000e+00 -3.943450094441e-01 3.317978244983e-01 0.000000000000e+00 -9.433505200392e-01 -1.278722717381e+01
1.6279996872e+02 -9.559697207564e-01 0.000000000000e+00 -2.934653182183e-01 -2.374752554472e+01 0.000000000000e+00 1.000000000000e+00 0.000000000000e+00 -4.031461712568e-01 2.934653182183e-01 0.000000000000e+00 -9.559697207564e-01 -1.238433287305e+01
1.6290030193e+02 -9.664711475955e-01 0.000000000000e+00 -2.567752341359e-01 -2.364979587494e+01 0.000000000000e+00 1.000000000000e+00 0.000000000000e+00 -3.801473971330e-01 2.567752341359e-01 0.000000000000e+00 -9.664711475955e-01 -1.197647178745e+01
1.6299998832e+02 -9.723251131905e-01 0.000000000000e+00 -2.336319204625e-01 -2.354566728639e+01 0.000000000000e+00 1.000000000000e+00 0.000000000000e+00 -3.896485894859e-01 2.336319204625e-01 0.000000000000e+00 -9.723251131905e-01 -1.156852104141e+01
1.6309999776e+02 -9.801885872100e-01 0.000000000000e+00 -1.980664875825e-01 -2.342136985026e+01 0.000000000000e+00 1.000000000000e+00 0.000000000000e+00 -4.068498010714e-01 1.980664875825e-01 0.000000000000e+00 -9.801885872100e-01 -1.118336729412e+01
1.6320003819e+02 -9.853856080820e-01 0.000000000000e+00 -1.703384964855e-01 -2.327427658042e+01 0.000000000000e+00 1.000000000000e+00 0.000000000000e+00 -3.959510509394e-01 1.703384964855e-01 0.000000000000e+00 -9.853856080820e-01 -1.079737413367e+01
1.6329994893e+02 -9.933830884613e-01 0.000000000000e+00 -1.148478974952e-01 -2.312191340734e+01 0.000000000000e+00 1.000000000000e+00 0.000000000000e+00 -3.903522825102e-01 1.148478974952e-01 0.000000000000e+00 -9.933830884613e-01 -1.043892443278e+01
1.6340017533e+02 -9.958555296728e-01 0.000000000000e+00 -9.094923869973e-02 -2.295129444862e+01 0.000000000000e+00 1.000000000000e+00 0.000000000000e+00 -4.011535166365e-01 9.094923869973e-02 0.000000000000e+00 -9.958555296728e-01 -1.007394593075e+01
1.6349999928e+02 -9.980845202733e-01 0.000000000000e+00 -6.186509832513e-02 -2.276608987759e+01 0.000000000000e+00 1.000000000000e+00 0.000000000000e+00 -3.883547655229e-01 6.186509832513e-02 0.000000000000e+00 -9.980845202733e-01 -9.716406801771e+00
1.6360019135e+02 -9.997777480679e-01 0.000000000000e+00 -2.108208880261e-02 -2.258097506866e+01 0.000000000000e+00 1.000000000000e+00 0.000000000000e+00 -3.836559808829e-01 2.108208880261e-02 0.000000000000e+00 -9.997777480679e-01 -9.371093340064e+00
1.6370032644e+02 -9.998644241833e-01 0.000000000000e+00 1.646612439260e-02 -2.237687962455e+01 0.000000000000e+00 1.000000000000e+00 0.000000000000e+00 -3.852572083040e-01 -1.646612439261e-02 0.000000000000e+00 -9.998644241833e-01 -9.039771930730e+00
1.6380001497e+02 -9.988731030052e-01 0.000000000000e+00 4.746076371966e-02 -2.217779561109e+01 0.000000000000e+00 1.000000000000e+00 0.000000000000e+00 -3.802584121873e-01 -4.746076371966e-02 0.000000000000e+00 -9.988731030052e-01 -8.688516537638e+00
1.6391104865e+02 -9.972438699718e-01 0.000000000000e+00 7.419342156658e-02 -2.194754663560e+01 0.000000000000e+00 1.000000000000e+00 0.000000000000e+00 -3.840596696369e-01 -7.419342156658e-02 0.000000000000e+00 -9.972438699718e-01 -8.347239284183e+00
1.6400073314e+02 -9.918720952300e-01 0.000000000000e+00 1.272389354878e-01 -2.168776838875e+01 0.000000000000e+00 1.000000000000e+00 0.000000000000e+00 -3.650610187369e-01 -1.272389354878e-01 0.000000000000e+00 -9.918720952300e-01 -8.005234421502e+00
1.6410127854e+02 -9.900061488161e-01 0.000000000000e+00 1.410242011371e-01 -2.138860163078e+01 0.000000000000e+00 1.000000000000e+00 0.000000000000e+00 -3.595624348815e-01 -1.410242011371e-01 0.000000000000e+00 -9.900061488161e-01 -7.658670858953e+00
1.6420000744e+02 -9.783881908973e-01 0.000000000000e+00 2.067765651925e-01 -2.108904511903e+01 0.000000000000e+00 1.000000000000e+00 0.000000000000e+00 -3.726638125874e-01 -2.067765651925e-01 0.000000000000e+00 -9.783881908973e-01 -7.347345269679e+00
1.6430001378e+02 -9.644628874822e-01 0.000000000000e+00 2.642183541496e-01 -2.076564100495e+01 0.000000000000e+00 1.000000000000e+00 0.000000000000e+00 -3.747652166784e-01 -2.642183541496e-01 0.000000000000e+00 -9.644628874822e-01 -7.039784133731e+00
1.6440003395e+02 -9.511161719887e-01 0.000000000000e+00 3.088333326919e-01 -2.040554901903e+01 0.000000000000e+00 1.000000000000e+00 0.000000000000e+00 -3.500666859309e-01 -3.088333326919e-01 0.000000000000e+00 -9.511161719887e-01 -6.732681927478e+00
1.6449999714e+02 -9.318465052485e-01 0.000000000000e+00 3.628527120694e-01 -2.001068742300e+01 0.000000000000e+00 1.000000000000e+00 0.000000000000e+00 -3.496681906344e-01 -3.628527120694e-01 0.000000000000e+00 -9.318465052485e-01 -6.456970298997e+00
1.6460043573e+02 -9.098485670909e-01 0.000000000000e+00 4.149404595393e-01 -1.960055377309e+01 0.000000000000e+00 1.000000000000e+00 0.000000000000e+00 -3.296696823038e-01 -4.149404595393e-01 0.000000000000e+00 -9.098485670909e-01 -6.194692383792e+00
1.6470065975e+02 -8.877462574354e-01 0.000000000000e+00 4.603331211301e-01 -1.917838403684e+01 0.000000000000e+00 1.000000000000e+00 0.000000000000e+00 -3.122711649229e-01 -4.603331211301e-01 0.000000000000e+00 -8.877462574354e-01 -5.931154030900e+00
1.6480017829e+02 -8.702227073613e-01 0.000000000000e+00 4.926585425959e-01 -1.873167211892e+01 0.000000000000e+00 1.000000000000e+00 0.000000000000e+00 -3.167726709473e-01 -4.926585425959e-01 0.000000000000e+00 -8.702227073613e-01 -5.669127651756e+00
1.6490023398e+02 -8.514553259442e-01 0.000000000000e+00 5.244271426244e-01 -1.827329514248e+01 0.000000000000e+00 1.000000000000e+00 0.000000000000e+00 -3.047741653705e-01 -5.244271426244e-01 0.000000000000e+00 -8.514553259442e-01 -5.403723598051e+00
1.6500008059e+02 -8.437835586928e-01 0.000000000000e+00 5.366836182330e-01 -1.779347439679e+01 0.000000000000e+00 1.000000000000e+00 0.000000000000e+00 -2.990756689996e-01 -5.366836182330e-01 0.000000000000e+00 -8.437835586928e-01 -5.141991769296e+00
1.6510080123e+02 -8.406551251398e-01 0.000000000000e+00 5.415708269250e-01 -1.733048346905e+01 0.000000000000e+00 1.000000000000e+00 0.000000000000e+00 -2.749770763096e-01 -5.415708269250e-01 0.000000000000e+00 -8.406551251398e-01 -4.887301316628e+00
1.6520012760e+02 -8.356287391667e-01 0.000000000000e+00 5.492946479610e-01 -1.686155210744e+01 0.000000000000e+00 1.000000000000e+00 0.000000000000e+00 -2.765784677423e-01 -5.492946479610e-01 0.000000000000e+00 -8.356287391667e-01 -4.614427219104e+00
1.6530065322e+02 -8.357847630570e-01 0.000000000000e+00 5.490572190964e-01 -1.639762686028e+01 0.000000000000e+00 1.000000000000e+00 0.000000000000e+00 -2.696798023644e-01 -5.490572190964e-01 0.000000000000e+00 -8.357847630570e-01 -4.337685614342e+00
1.6540002227e+02 -8.366269721148e-01 0.000000000000e+00 5.477730456403e-01 -1.594644596433e+01 0.000000000000e+00 1.000000000000e+00 0.000000000000e+00 -2.751810608293e-01 -5.477730456403e-01 0.000000000000e+00 -8.366269721148e-01 -4.063106946429e+00
1.6550000739e+02 -8.429025917342e-01 0.000000000000e+00 5.380661863078e-01 -1.550643236485e+01 0.000000000000e+00 1.000000000000e+00 0.000000000000e+00 -2.713822602260e-01 -5.380661863078e-01 0.000000000000e+00 -8.429025917342e-01 -3.772866474829e+00
1.6559999275e+02 -8.557479009770e-01 0.000000000000e+00 5.173930130698e-01 -1.508029372934e+01 0.000000000000e+00 1.000000000000e+00 0.000000000000e+00 -2.500834005668e-01 -5.173930130698e-01 0.000000000000e+00 -8.557479009770e-01 -3.458796592424e+00
1.6570055866e+02 -8.686135733419e-01 0.000000000000e+00 4.954901211994e-01 -1.464447586629e+01 0.000000000000e+00 1.000000000000e+00 0.000000000000e+00 -2.196845203992e-01 -4.954901211994e-01 0.000000000000e+00 -8.686135733419e-01 -3.136992828039e+00
1.6579999971e+02 -8.743087785031e-01 0.000000000000e+00 4.853701266378e-01 -1.423002250348e+01 0.000000000000e+00 1.000000000000e+00 0.000000000000e+00 -1.751855482652e-01 -4.853701266378e-01 0.000000000000e+00 -8.743087785031e-01 -2.820150309292e+00
1.6590000677e+02 -8.887071341282e-01 0.000000000000e+00 4.584753316696e-01 -1.382566867581e+01 0.000000000000e+00 1.000000000000e+00 0.000000000000e+00 -1.824865207675e-01 -4.584753316696e-01 0.000000000000e+00 -8.887071341282e-01 -2.479480382935e+00
1.6600004244e+02 -8.990051574295e-01 0.000000000000e+00 4.379380400412e-01 -1.344226697547e+01 0.000000000000e+00 1.000000000000e+00 0.000000000000e+00 -1.689874118950e-01 -4.379380400412e-01 0.000000000000e+00 -8.990051574295e-01 -2.132545155586e+00
1.6610035372e+02 -9.153266268909e-01 0.000000000000e+00 4.027122621730e-01 -1.306527743800e+01 0.000000000000e+00 1.000000000000e+00 0.000000000000e+00 -1.633882531106e-01 -4.027122621730e-01 0.000000000000e+00 -9.153266268909e-01 -1.767351526050e+00
1.6620048738e+02 -9.276201670820e-01 0.000000000000e+00 3.735248661372e-01 -1.271626288822e+01 0.000000000000e+00 1.000000000000e+00 0.000000000000e+00 -1.311890022142e-01 -3.735248661372e-01 0.000000000000e+00 -9.276201670820e-01 -1.395105907731e+00
1.6630005145e+02 -9.366676631758e-01 0.000000000000e+00 3.502194865521e-01 -1.237954506244e+01 0.000000000000e+00 1.000000000000e+00 0.000000000000e+00 -1.205896932309e-01 -3.502194865521e-01 0.000000000000e+00 -9.366676631758e-01 -1.008396567030e+00
1.6640122557e+02 -9.509867308675e-01 0.000000000000e+00 3.092316893753e-01 -1.204150828967e+01 0.000000000000e+00 1.000000000000e+00 0.000000000000e+00 -1.145903473977e-01 -3.092316893753e-01 0.000000000000e+00 -9.509867308675e-01 -6.063488571343e-01
1.6649998665e+02 -9.549902938786e-01 0.000000000000e+00 2.966370485925e-01 -1.175422057720e+01 0.000000000000e+00 1.000000000000e+00 0.000000000000e+00 -1.241908719877e-01 -2.966370485925e-01 0.000000000000e+00 -9.549902938786e-01 -1.910061036876e-01
1.6660010791e+02 -9.667520392010e-01 0.000000000000e+00 2.557156520450e-01 -1.144916030746e+01 0.000000000000e+00 1.000000000000e+00 0.000000000000e+00 -1.288913875643e-01 -2.557156520450e-01 0.000000000000e+00 -9.667520392010e-01 2.428715888521e-01
1.6670006776e+02 -9.753692343736e-01 0.000000000000e+00 2.205784591419e-01 -1.115100136079e+01 0.000000000000e+00 1.000000000000e+00 0.000000000000e+00 -1.178918470692e-01 -2.205784591419e-01 0.000000000000e+00 -9.753692343736e-01 6.991261352946e-01
1.6680043364e+02 -9.834078350961e-01 0.000000000000e+00 1.814084614114e-01 -1.086109229645e+01 0.000000000000e+00 1.000000000000e+00 0.000000000000e+00 -1.267922466574e-01 -1.814084614114e-01 0.000000000000e+00 -9.834078350961e-01 1.172594814492e+00
1.6690011191e+02 -9.897989227816e-01 0.000000000000e+00 1.424713741785e-01 -1.057735779418e+01 0.000000000000e+00 1.000000000000e+00 0.000000000000e+00 -1.297925858303e-01 -1.424713741785e-01 0.000000000000e+00 -9.897989227816e-01 1.661322886863e+00
1.6700052500e+02 -9.924447548512e-01 0.000000000000e+00 1.226923329652e-01 -1.029463180664e+01 0.000000000000e+00 1.000000000000e+00 0.000000000000e+00 -1.107928769709e-01 -1.226923329652e-01 0.000000000000e+00 -9.924447548512e-01 2.141000565332e+00
1.6709998226e+02 -9.963766156955e-01 0.000000000000e+00 8.505080655220e-02 -1.001991468232e+01 0.000000000000e+00 1.000000000000e+00 0.000000000000e+00 -1.220930953466e-01 -8.505080655220e-02 0.000000000000e+00 -9.963766156955e-01 2.659520494016e+00
1.6719998479e+02 -9.980859369918e-01 0.000000000000e+00 6.184223782486e-02 -9.765132362170e+00 0.000000000000e+00 1.000000000000e+00 0.000000000000e+00 -1.081932352442e-01 -6.184223782486e-02 0.000000000000e+00 -9.980859369918e-01 3.174286054545e+00
1.6729992867e+02 -9.989789248700e-01 0.000000000000e+00 4.517861956289e-02 -9.512305988149e+00 0.000000000000e+00 1.000000000000e+00 0.000000000000e+00 -9.279332799495e-02 -4.517861956289e-02 0.000000000000e+00 -9.989789248700e-01 3.675965038160e+00
1.6739996672e+02 -9.993186161262e-01 0.000000000000e+00 3.690939533000e-02 -9.281092969819e+00 0.000000000000e+00 1.000000000000e+00 0.000000000000e+00 -8.619335716531e-02 -3.690939533000e-02 0.000000000000e+00 -9.993186161262e-01 4.153320859307e+00
1.6749995232e+02 -9.997860139457e-01 0.000000000000e+00 2.068638002557e-02 -9.056891646387e+00 0.000000000000e+00 1.000000000000e+00 0.000000000000e+00 -9.109332543921e-02 -2.068638002557e-02 0.000000000000e+00 -9.997860139457e-01 4.643832850481e+00
1.6759999251e+02 -9.999406248605e-01 0.000000000000e+00 1.089709840048e-02 -8.842552108975e+00 0.000000000000e+00 1.000000000000e+00 0.000000000000e+00 -7.899324720664e-02 -1.089709840048e-02 0.000000000000e+00 -9.999406248605e-01 5.122676533653e+00
1.6770011497e+02 -9.999992613930e-01 0.000000000000e+00 -1.215406733198e-03 -8.624672615039e+00 0.000000000000e+00 1.000000000000e+00 0.000000000000e+00 -7.479313841195e-02 1.215406733198e-03 0.000000000000e+00 -9.999992613930e-01 5.590339370359e+00
1.6779998541e+02 -9.998286924010e-01 0.000000000000e+00 -1.850907484586e-02 -8.411834485696e+00 0.000000000000e+00 1.000000000000e+00 0.000000000000e+00 -7.689298437283e-02 1.850907484586e-02 0.000000000000e+00 -9.998286924010e-01 6.057967713632e+00
1.6790035057e+02 -9.996737610566e-01 0.000000000000e+00 -2.554156328288e-02 -8.215900080468e+00 0.000000000000e+00 1.000000000000e+00 0.000000000000e+00 -8.199277411313e-02 2.554156328288e-02 0.000000000000e+00 -9.996737610566e-01 6.520174014804e+00
1.6799996328e+02 -9.995927693941e-01 0.000000000000e+00 -2.853586120969e-02 -8.032945364644e+00 0.000000000000e+00 1.000000000000e+00 0.000000000000e+00 -7.979250925484e-02 2.853586120969e-02 0.000000000000e+00 -9.995927693941e-01 6.981416630605e+00
1.6810023141e+02 -9.998482975778e-01 0.000000000000e+00 -1.741785953691e-02 -7.840256492466e+00 0.000000000000e+00 1.000000000000e+00 0.000000000000e+00 -7.929223401879e-02 1.741785953691e-02 0.000000000000e+00 -9.998482975778e-01 7.421344836173e+00
1.6820001292e+02 -9.998546596923e-01 0.000000000000e+00 -1.704873871061e-02 -7.653731708514e+00 0.000000000000e+00 1.000000000000e+00 0.000000000000e+00 -8.009191699580e-02 1.704873871061e-02 0.000000000000e+00 -9.998546596923e-01 7.863981085181e+00
1.6830002546e+02 -9.997628483205e-01 0.000000000000e+00 -2.177721557128e-02 -7.453246718001e+00 0.000000000000e+00 1.000000000000e+00 0.000000000000e+00 -8.089159386220e-02 2.177721557128e-02 0.000000000000e+00 -9.997628483205e-01 8.296152700345e+00
1.6840020871e+02 -9.999788589248e-01 0.000000000000e+00 -6.502438274621e-03 -7.266223978170e+00 0.000000000000e+00 1.000000000000e+00 0.000000000000e+00 -7.999124376137e-02 6.502438274621e-03 0.000000000000e+00 -9.999788589248e-01 8.702778984799e+00
1.6850003195e+02 -9.997789473914e-01 0.000000000000e+00 2.102513621522e-02 -7.082697914237e+00 0.000000000000e+00 1.000000000000e+00 0.000000000000e+00 -8.139087624619e-02 -2.102513621522e-02 0.000000000000e+00 -9.997789473914e-01 9.092240741775e+00
1.6860008359e+02 -9.988297959369e-01 0.000000000000e+00 4.836360975546e-02 -6.866475600912e+00 0.000000000000e+00 1.000000000000e+00 0.000000000000e+00 -6.659052569472e-02 -4.836360975546e-02 0.000000000000e+00 -9.988297959369e-01 9.469568110322e+00
1.6869999313e+02 -9.966485482831e-01 0.000000000000e+00 8.180263568620e-02 -6.624602071229e+00 0.000000000000e+00 1.000000000000e+00 0.000000000000e+00 -8.449020506771e-02 -8.180263568620e-02 0.000000000000e+00 -9.966485482831e-01 9.817343844938e+00
1.6880025458e+02 -9.928268240963e-01 0.000000000000e+00 1.195612702964e-01 -6.368193347723e+00 0.000000000000e+00 1.000000000000e+00 0.000000000000e+00 -7.758989356995e-02 -1.195612702964e-01 0.000000000000e+00 -9.928268240963e-01 1.014679909880e+01
1.6889996481e+02 -9.862637934298e-01 0.000000000000e+00 1.651778731232e-01 -6.099430437523e+00 0.000000000000e+00 1.000000000000e+00 0.000000000000e+00 -8.698960527123e-02 -1.651778731232e-01 0.000000000000e+00 -9.862637934298e-01 1.044458571497e+01
1.6900019240e+02 -9.731467911849e-01 0.000000000000e+00 2.301854096298e-01 -5.818856799909e+00 0.000000000000e+00 1.000000000000e+00 0.000000000000e+00 -7.958933677242e-02 -2.301854096298e-01 0.000000000000e+00 -9.731467911849e-01 1.070861951835e+01
1.6910044336e+02 -9.608374187152e-01 0.000000000000e+00 2.771127113590e-01 -5.511566287338e+00 0.000000000000e+00 1.000000000000e+00 0.000000000000e+00 -7.398908809373e-02 -2.771127113590e-01 0.000000000000e+00 -9.608374187152e-01 1.096616986262e+01
1.6920052123e+02 -9.382591263580e-01 0.000000000000e+00 3.459332476156e-01 -5.184481956147e+00 0.000000000000e+00 1.000000000000e+00 0.000000000000e+00 -6.858888767745e-02 -3.459332476156e-01 0.000000000000e+00 -9.382591263580e-01 1.117463544465e+01
1.6930056572e+02 -9.182894792753e-01 0.000000000000e+00 3.959096263699e-01 -4.853620386031e+00 0.000000000000e+00 1.000000000000e+00 0.000000000000e+00 -5.888871033055e-02 -3.959096263699e-01 0.000000000000e+00 -9.182894792753e-01 1.136626371051e+01
1.6940066338e+02 -8.946111673021e-01 0.000000000000e+00 4.468454535277e-01 -4.517845992781e+00 0.000000000000e+00 1.000000000000e+00 0.000000000000e+00 -7.748855417700e-02 -4.468454535277e-01 0.000000000000e+00 -8.946111673021e-01 1.153184981595e+01
1.6953133416e+02 -8.623043103699e-01 0.000000000000e+00 5.063904386119e-01 -4.161731141322e+00 0.000000000000e+00 1.000000000000e+00 0.000000000000e+00 -6.168844052439e-02 -5.063904386119e-01 0.000000000000e+00 -8.623043103699e-01 1.166277307411e+01
1.6960025263e+02 -8.219077336427e-01 0.000000000000e+00 5.696206433920e-01 -3.800142447033e+00 0.000000000000e+00 1.000000000000e+00 0.000000000000e+00 -7.198836894208e-02 -5.696206433920e-01 0.000000000000e+00 -8.219077336427e-01 1.175557405807e+01
1.6969996405e+02 -7.758863302347e-01 0.000000000000e+00 6.308727308696e-01 -3.430934172578e+00 0.000000000000e+00 1.000000000000e+00 0.000000000000e+00 -5.448832025580e-02 -6.308727308696e-01 0.000000000000e+00 -7.758863302347e-01 1.182644701384e+01
1.6979999828e+02 -7.263548772372e-01 0.000000000000e+00 6.873198617193e-01 -3.067482960664e+00 0.000000000000e+00 1.000000000000e+00 0.000000000000e+00 -6.318830359602e-02 -6.873198617193e-01 0.000000000000e+00 -7.263548772372e-01 1.186894941778e+01
1.6989996910e+02 -6.840794051831e-01 0.000000000000e+00 7.294075454808e-01 -2.695296136031e+00 0.000000000000e+00 1.000000000000e+00 0.000000000000e+00 -4.688831163132e-02 -7.294075454808e-01 0.000000000000e+00 -6.840794051831e-01 1.189823559221e+01
1.7003238559e+02 -6.238672612056e-01 0.000000000000e+00 7.815303195627e-01 -2.327548462025e+00 0.000000000000e+00 1.000000000000e+00 0.000000000000e+00 -4.828835522977e-02 -7.815303195627e-01 0.000000000000e+00 -6.238672612056e-01 1.188879265850e+01
1.7010012650e+02 -5.644642433930e-01 0.000000000000e+00 8.254575203672e-01 -1.967353441279e+00 0.000000000000e+00 1.000000000000e+00 0.000000000000e+00 -3.338845118722e-02 -8.254575203672e-01 0.000000000000e+00 -5.644642433930e-01 1.184585701396e+01
1.7020056581e+02 -5.061133026918e-01 0.000000000000e+00 8.624669992750e-01 -1.615963504186e+00 0.000000000000e+00 1.000000000000e+00 0.000000000000e+00 -3.328858284212e-02 -8.624669992750e-01 0.000000000000e+00 -5.061133026918e-01 1.177737062492e+01
1.7029996562e+02 -4.489529371802e-01 0.000000000000e+00 8.935554041005e-01 -1.281286196567e+00 0.000000000000e+00 1.000000000000e+00 0.000000000000e+00 -2.748874678432e-02 -8.935554041005e-01 0.000000000000e+00 -4.489529371802e-01 1.168521521329e+01
1.7040029359e+02 -3.828223393894e-01 0.000000000000e+00 9.238219831030e-01 -9.422071930904e-01 0.000000000000e+00 1.000000000000e+00 0.000000000000e+00 -1.778893951776e-02 -9.238219831030e-01 0.000000000000e+00 -3.828223393894e-01 1.156843765441e+01
1.7050016451e+02 -3.076174324827e-01 0.000000000000e+00 9.515101235577e-01 -6.256223510928e-01 0.000000000000e+00 1.000000000000e+00 0.000000000000e+00 -1.278916286622e-02 -9.515101235577e-01 0.000000000000e+00 -3.076174324827e-01 1.142589493086e+01
1.7060010672e+02 -2.344291080715e-01 0.000000000000e+00 9.721332178713e-01 -3.152484783676e-01 0.000000000000e+00 1.000000000000e+00 0.000000000000e+00 -1.198940227163e-02 -9.721332178713e-01 0.000000000000e+00 -2.344291080715e-01 1.127040796855e+01
1.7070111275e+02 -1.493485414024e-01 0.000000000000e+00 9.887846141506e-01 -2.049520998889e-02 0.000000000000e+00 1.000000000000e+00 0.000000000000e+00 -1.198965217129e-02 -9.887846141506e-01 0.000000000000e+00 -1.493485414024e-01 1.110260420811e+01
1.7080009723e+02 -5.544047587996e-02 0.000000000000e+00 9.984619940860e-01 2.674001749724e-01 0.000000000000e+00 1.000000000000e+00 0.000000000000e+00 1.510077638888e-03 -9.984619940860e-01 0.000000000000e+00 -5.544047587996e-02 1.091931221135e+01
1.7090007234e+02 1.309055629322e-03 0.000000000000e+00 9.999991431863e-01 5.263297853610e-01 0.000000000000e+00 1.000000000000e+00 0.000000000000e+00 5.409784070645e-03 -9.999991431863e-01 0.000000000000e+00 1.309055629322e-03 1.072397917416e+01
1.7100004601e+02 5.964036978927e-02 0.000000000000e+00 9.982199288190e-01 7.597306703246e-01 0.000000000000e+00 1.000000000000e+00 0.000000000000e+00 5.409490811083e-03 -9.982199288190e-01 0.000000000000e+00 5.964036978927e-02 1.052528748606e+01
1.7110012484e+02 1.169954685535e-01 0.000000000000e+00 9.931324485374e-01 9.681248708872e-01 0.000000000000e+00 1.000000000000e+00 0.000000000000e+00 -1.390811114467e-03 -9.931324485374e-01 0.000000000000e+00 1.169954685535e-01 1.032065196303e+01
1.7120024943e+02 1.918388983143e-01 0.000000000000e+00 9.814264297916e-01 1.175919518464e+00 0.000000000000e+00 1.000000000000e+00 0.000000000000e+00 1.790886370402e-02 -9.814264297916e-01 0.000000000000e+00 1.918388983143e-01 1.009502702444e+01
1.7130030060e+02 2.538541881155e-01 0.000000000000e+00 9.672424986405e-01 1.372480425724e+00 0.000000000000e+00 1.000000000000e+00 0.000000000000e+00 2.710853862380e-02 -9.672424986405e-01 0.000000000000e+00 2.538541881155e-01 9.867945183637e+00
1.7140030718e+02 3.219242221019e-01 0.000000000000e+00 9.467654383342e-01 1.546478749110e+00 0.000000000000e+00 1.000000000000e+00 0.000000000000e+00 1.930820385444e-02 -9.467654383342e-01 0.000000000000e+00 3.219242221019e-01 9.633967098753e+00
1.7150025344e+02 3.890064671483e-01 0.000000000000e+00 9.212350234966e-01 1.692839477469e+00 0.000000000000e+00 1.000000000000e+00 0.000000000000e+00 1.540786111722e-02 -9.212350234966e-01 0.000000000000e+00 3.890064671483e-01 9.395397050701e+00
1.7160011077e+02 4.356511336356e-01 0.000000000000e+00 9.001155979995e-01 1.813160790464e+00 0.000000000000e+00 1.000000000000e+00 0.000000000000e+00 2.920751528430e-02 -9.001155979995e-01 0.000000000000e+00 4.356511336356e-01 9.150655997601e+00
1.7170023441e+02 4.932655797025e-01 0.000000000000e+00 8.698787661972e-01 1.935049858687e+00 0.000000000000e+00 1.000000000000e+00 0.000000000000e+00 4.660715028718e-02 -8.698787661972e-01 0.000000000000e+00 4.932655797025e-01 8.888771727097e+00
1.7180034137e+02 5.516651875367e-01 0.000000000000e+00 8.340656574036e-01 2.041599578438e+00 0.000000000000e+00 1.000000000000e+00 0.000000000000e+00 3.400679121119e-02 -8.340656574036e-01 0.000000000000e+00 5.516651875367e-01 8.630660709518e+00
1.7189993501e+02 6.191074308575e-01 0.000000000000e+00 7.853063026979e-01 2.142583401991e+00 0.000000000000e+00 1.000000000000e+00 0.000000000000e+00 2.760644097762e-02 -7.853063026979e-01 0.000000000000e+00 6.191074308575e-01 8.378345423743e+00
1.7199996209e+02 6.656287411718e-01 0.000000000000e+00 7.462830421000e-01 2.225248637681e+00 0.000000000000e+00 1.000000000000e+00 0.000000000000e+00 3.220608571094e-02 -7.462830421000e-01 0.000000000000e+00 6.656287411718e-01 8.113086809684e+00
1.7209997320e+02 7.174732858433e-01 0.000000000000e+00 6.965860206042e-01 2.303901411633e+00 0.000000000000e+00 1.000000000000e+00 0.000000000000e+00 3.720571254338e-02 -6.965860206042e-01 0.000000000000e+00 7.174732858433e-01 7.829037978079e+00
1.7219997001e+02 7.569721214290e-01 0.000000000000e+00 6.534471726003e-01 2.346667374046e+00 0.000000000000e+00 1.000000000000e+00 0.000000000000e+00 4.620532760856e-02 -6.534471726003e-01 0.000000000000e+00 7.569721214290e-01 7.533148748458e+00
1.7230000687e+02 7.987367205527e-01 0.000000000000e+00 6.016806887716e-01 2.385209458300e+00 0.000000000000e+00 1.000000000000e+00 0.000000000000e+00 5.750493728405e-02 -6.016806887716e-01 0.000000000000e+00 7.987367205527e-01 7.224728176939e+00
1.7240003824e+02 8.249247904535e-01 0.000000000000e+00 5.652425055632e-01 2.406441523695e+00 0.000000000000e+00 1.000000000000e+00 0.000000000000e+00 4.150455055583e-02 -5.652425055632e-01 0.000000000000e+00 8.249247904535e-01 6.904404728534e+00
1.7250042653e+02 8.573915096459e-01 0.000000000000e+00 5.146647444571e-01 2.423288186609e+00 0.000000000000e+00 1.000000000000e+00 0.000000000000e+00 4.990417088883e-02 -5.146647444571e-01 0.000000000000e+00 8.573915096459e-01 6.579818832843e+00
1.7260038447e+02 8.797913776337e-01 0.000000000000e+00 4.753600023576e-01 2.391742015136e+00 0.000000000000e+00 1.000000000000e+00 0.000000000000e+00 5.800377955849e-02 -4.753600023576e-01 0.000000000000e+00 8.797913776337e-01 6.240338495513e+00
1.7270002723e+02 8.983096179368e-01 0.000000000000e+00 4.393629824214e-01 2.339369911513e+00 0.000000000000e+00 1.000000000000e+00 0.000000000000e+00 2.700339071535e-02 -4.393629824214e-01 0.000000000000e+00 8.983096179368e-01 5.888631519044e+00
1.7280023670e+02 9.269289113413e-01 0.000000000000e+00 3.752369828784e-01 2.301449045411e+00 0.000000000000e+00 1.000000000000e+00 0.000000000000e+00 2.930303793822e-02 -3.752369828784e-01 0.000000000000e+00 9.269289113413e-01 5.561515010730e+00
1.7290002680e+02 9.439108063837e-01 0.000000000000e+00 3.302005293638e-01 2.225910384054e+00 0.000000000000e+00 1.000000000000e+00 0.000000000000e+00 4.390267945608e-02 -3.302005293638e-01 0.000000000000e+00 9.439108063837e-01 5.207007097148e+00
1.7300002432e+02 9.614305561025e-01 0.000000000000e+00 2.750477881978e-01 2.138246039649e+00 0.000000000000e+00 1.000000000000e+00 0.000000000000e+00 3.910235093930e-02 -2.750477881978e-01 0.000000000000e+00 9.614305561025e-01 4.876157566021e+00
1.7309996510e+02 9.756578596651e-01 0.000000000000e+00 2.192982919992e-01 2.019807447329e+00 0.000000000000e+00 1.000000000000e+00 0.000000000000e+00 2.270204715972e-02 -2.192982919992e-01 0.000000000000e+00 9.756578596651e-01 4.560243177344e+00
1.7320045090e+02 9.847272882917e-01 0.000000000000e+00 1.741038991341e-01 1.889745843339e+00 0.000000000000e+00 1.000000000000e+00 0.000000000000e+00 3.820177263316e-02 -1.741038991341e-01 0.000000000000e+00 9.847272882917e-01 4.253637839004e+00
1.7330000114e+02 9.888337083046e-01 0.000000000000e+00 1.490231435737e-01 1.755879444884e+00 0.000000000000e+00 1.000000000000e+00 0.000000000000e+00 1.720151685314e-02 -1.490231435737e-01 0.000000000000e+00 9.888337083046e-01 3.938214372856e+00
1.7340031600e+02 9.902131545797e-01 0.000000000000e+00 1.395632777535e-01 1.625564035084e+00 0.000000000000e+00 1.000000000000e+00 0.000000000000e+00 2.680128546344e-02 -1.395632777535e-01 0.000000000000e+00 9.902131545797e-01 3.620079269785e+00
1.7349995542e+02 9.929905374728e-01 0.000000000000e+00 1.181938767004e-01 1.492584155652e+00 0.000000000000e+00 1.000000000000e+00 0.000000000000e+00 -7.198922032752e-03 -1.181938767004e-01 0.000000000000e+00 9.929905374728e-01 3.320690839016e+00
1.7359995461e+02 9.950624330063e-01 0.000000000000e+00 9.925096684486e-02 1.369206592576e+00 0.000000000000e+00 1.000000000000e+00 0.000000000000e+00 -7.599108157298e-03 -9.925096684486e-02 0.000000000000e+00 9.950624330063e-01 3.017030277608e+00
1.7370025158e+02 9.971037455036e-01 0.000000000000e+00 7.605340690990e-02 1.244627376333e+00 0.000000000000e+00 1.000000000000e+00 0.000000000000e+00 -1.499277140040e-03 -7.605340690990e-02 0.000000000000e+00 9.971037455036e-01 2.718658508313e+00
1.7380014563e+02 9.983262181993e-01 0.000000000000e+00 5.783391786704e-02 1.154947663864e+00 0.000000000000e+00 1.000000000000e+00 0.000000000000e+00 7.940057542296e-02 -5.783391786704e-02 0.000000000000e+00 9.983262181993e-01 2.407945741125e+00
1.7389998436e+02 9.994224333281e-01 0.000000000000e+00 3.398234483630e-02 1.024945822901e+00 0.000000000000e+00 1.000000000000e+00 0.000000000000e+00 8.460044820111e-02 -3.398234483630e-02 0.000000000000e+00 9.994224333281e-01 2.133961733039e+00
1.7400174856e+02 9.998306510847e-01 0.000000000000e+00 1.840296583522e-02 8.957625420400e-01 0.000000000000e+00 1.000000000000e+00 0.000000000000e+00 8.870033703807e-02 -1.840296583522e-02 0.000000000000e+00 9.998306510847e-01 1.853087535925e+00
1.7410021281e+02 9.999986931003e-01 0.000000000000e+00 -1.616724378181e-03 7.537470459745e-01 0.000000000000e+00 1.000000000000e+00 0.000000000000e+00 7.960024420051e-02 1.616724378181e-03 0.000000000000e+00 9.999986931003e-01 1.591407991068e+00
1.7420006037e+02 9.999990529609e-01 0.000000000000e+00 -1.376254781492e-03 6.143514068726e-01 0.000000000000e+00 1.000000000000e+00 0.000000000000e+00 9.730016879374e-02 1.376254781493e-03 0.000000000000e+00 9.999990529609e-01 1.329218248068e+00
1.7429998946e+02 9.999495985150e-01 0.000000000000e+00 -1.003994172016e-02 4.934446742167e-01 0.000000000000e+00 1.000000000000e+00 0.000000000000e+00 8.140011143076e-02 1.003994172016e-02 0.000000000000e+00 9.999495985150e-01 1.081564046306e+00
1.7440042830e+02 9.998526779056e-01 0.000000000000e+00 -1.716457063130e-02 3.709980905699e-01 0.000000000000e+00 1.000000000000e+00 0.000000000000e+00 7.510006888455e-02 1.716457063130e-02 0.000000000000e+00 9.998526779056e-01 8.629430754871e-01
1.7450010753e+02 9.992365486537e-01 0.000000000000e+00 -3.906814347686e-02 2.715911638543e-01 0.000000000000e+00 1.000000000000e+00 0.000000000000e+00 5.920003955957e-02 3.906814347686e-02 0.000000000000e+00 9.992365486537e-01 6.731309379702e-01
1.7460025120e+02 9.998807695317e-01 0.000000000000e+00 -1.544172013313e-02 1.787583841659e-01 0.000000000000e+00 1.000000000000e+00 0.000000000000e+00 7.210001963376e-02 1.544172013313e-02 0.000000000000e+00 9.998807695317e-01 4.818263131749e-01
1.7470007992e+02 9.996988764748e-01 0.000000000000e+00 -2.453887476934e-02 9.619063724357e-02 0.000000000000e+00 1.000000000000e+00 0.000000000000e+00 5.220000991675e-02 2.453887476934e-02 0.000000000000e+00 9.996988764748e-01 3.370949247100e-01
1.7480061746e+02 9.992734085709e-01 0.000000000000e+00 -3.811371043476e-02 1.059086961398e-02 0.000000000000e+00 1.000000000000e+00 0.000000000000e+00 7.600003287040e-03 3.811371043476e-02 0.000000000000e+00 9.992734085709e-01 1.992262617811e-01
1.7490051675e+02 9.993460080148e-01 0.000000000000e+00 -3.616014746665e-02 -2.638258311505e-02 0.000000000000e+00 1.000000000000e+00 0.000000000000e+00 2.600000085601e-02 3.616014746665e-02 0.000000000000e+00 9.993460080148e-01 7.845934462812e-02
1.7500023532e+02 9.993824317040e-01 0.000000000000e+00 -3.513908367412e-02 -6.798223808420e-02 0.000000000000e+00 1.000000000000e+00 0.000000000000e+00 2.240000206719e-02 3.513908367412e-02 0.000000000000e+00 9.993824317040e-01 -1.684731495008e-02
1.7510016108e+02 9.992894995100e-01 0.000000000000e+00 -3.768947026640e-02 -1.152934922888e-01 0.000000000000e+00 1.000000000000e+00 0.000000000000e+00 1.650000131193e-02 3.768947026640e-02 0.000000000000e+00 9.992894995100e-01 -7.520980633364e-02
1.7520024228e+02 9.992768877942e-01 0.000000000000e+00 -3.802238183423e-02 -1.435305517530e-01 0.000000000000e+00 1.000000000000e+00 0.000000000000e+00 3.200000249374e-02 3.802238183423e-02 0.000000000000e+00 9.992768877942e-01 -1.085899530348e-01
1.7530012083e+02 9.988933744445e-01 0.000000000000e+00 -4.703218569105e-02 -1.391482536334e-01 0.000000000000e+00 1.000000000000e+00 0.000000000000e+00 3.460000289269e-02 4.703218569105e-02 0.000000000000e+00 9.988933744445e-01 -1.182008123202e-01
1.7540038991e+02 9.991485005256e-01 0.000000000000e+00 -4.125862209940e-02 -1.483533954124e-01 0.000000000000e+00 1.000000000000e+00 0.000000000000e+00 2.100000326985e-02 4.125862209940e-02 0.000000000000e+00 9.991485005256e-01 -1.110671338937e-01
1.7550003839e+02 9.991307204272e-01 0.000000000000e+00 -4.168697037060e-02 -1.423095774138e-01 0.000000000000e+00 1.000000000000e+00 0.000000000000e+00 1.350000327976e-02 4.168697037060e-02 0.000000000000e+00 9.991307204272e-01 -1.066963688693e-01
1.7560022855e+02 9.993507929640e-01 0.000000000000e+00 -3.602766440220e-02 -1.410317347929e-01 0.000000000000e+00 1.000000000000e+00 0.000000000000e+00 1.340000239546e-02 3.602766440220e-02 0.000000000000e+00 9.993507929640e-01 -1.113427973174e-01
1.7570034933e+02 9.993328806018e-01 0.000000000000e+00 -3.652114111279e-02 -1.368608436206e-01 0.000000000000e+00 1.000000000000e+00 0.000000000000e+00 2.520000298465e-02 3.652114111279e-02 0.000000000000e+00 9.993328806018e-01 -1.214492289577e-01
1.7579998159e+02 9.988636224678e-01 0.000000000000e+00 -4.765987526787e-02 -1.447350956921e-01 0.000000000000e+00 1.000000000000e+00 0.000000000000e+00 4.500000196727e-02 4.765987526787e-02 0.000000000000e+00 9.988636224678e-01 -1.035198740844e-01
1.7590007520e+02 9.993693331660e-01 0.000000000000e+00 -3.550965963551e-02 -1.454564563873e-01 0.000000000000e+00 1.000000000000e+00 0.000000000000e+00 4.800000302630e-02 3.550965963551e-02 0.000000000000e+00 9.993693331660e-01 -1.042079399231e-01
1.7600042510e+02 9.994150944618e-01 0.000000000000e+00 -3.419749935139e-02 -1.430778715607e-01 0.000000000000e+00 1.000000000000e+00 0.000000000000e+00 4.360000247545e-02 3.419749935139e-02 0.000000000000e+00 9.994150944618e-01 -1.040066394249e-01
1.7610011053e+02 9.990241768896e-01 0.000000000000e+00 -4.416666152172e-02 -1.369312000394e-01 0.000000000000e+00 1.000000000000e+00 0.000000000000e+00 2.890000275452e-02 4.416666152172e-02 0.000000000000e+00 9.990241768896e-01 -1.042440101846e-01
1.7620011067e+02 9.994856093988e-01 0.000000000000e+00 -3.207049430120e-02 -1.358971339863e-01 0.000000000000e+00 1.000000000000e+00 0.000000000000e+00 3.850000337454e-02 3.207049430120e-02 0.000000000000e+00 9.994856093988e-01 -1.101185582006e-01
1.7630008864e+02 9.991051461124e-01 0.000000000000e+00 -4.229547270972e-02 -1.362517651476e-01 0.000000000000e+00 1.000000000000e+00 0.000000000000e+00 3.360000223143e-02 4.229547270972e-02 0.000000000000e+00 9.991051461124e-01 -1.018636874466e-01
1.7640042138e+02 9.994316322793e-01 0.000000000000e+00 -3.371071638988e-02 -1.445396091954e-01 0.000000000000e+00 1.000000000000e+00 0.000000000000e+00 4.160000390837e-02 3.371071638988e-02 0.000000000000e+00 9.994316322793e-01 -1.067015764159e-01
1.7650022745e+02 9.996149518179e-01 0.000000000000e+00 -2.774793870088e-02 -1.452068065920e-01 0.000000000000e+00 1.000000000000e+00 0.000000000000e+00 4.140000290257e-02 2.774793870088e-02 0.000000000000e+00 9.996149518179e-01 -1.112428367085e-01
1.7660015106e+02 9.995029273102e-01 0.000000000000e+00 -3.152615260888e-02 -1.452118737980e-01 0.000000000000e+00 1.000000000000e+00 0.000000000000e+00 4.330000364316e-02 3.152615260888e-02 0.000000000000e+00 9.995029273102e-01 -1.068238543720e-01
1.7670005488e+02 9.995830110986e-01 0.000000000000e+00 -2.887566316345e-02 -1.465691706472e-01 0.000000000000e+00 1.000000000000e+00 0.000000000000e+00 3.290000356061e-02 2.887566316345e-02 0.000000000000e+00 9.995830110986e-01 -1.099574788988e-01
1.7680006790e+02 9.993749368147e-01 0.000000000000e+00 -3.535160062209e-02 -1.513523719065e-01 0.000000000000e+00 1.000000000000e+00 0.000000000000e+00 1.220000257201e-02 3.535160062209e-02 0.000000000000e+00 9.993749368147e-01 -1.009761568247e-01
1.7690086818e+02 9.996753858493e-01 0.000000000000e+00 -2.547789094683e-02 -1.542412815318e-01 0.000000000000e+00 1.000000000000e+00 0.000000000000e+00 1.930000335610e-02 2.547789094683e-02 0.000000000000e+00 9.996753858493e-01 -1.098470549027e-01
1.7700044107e+02 9.996449410004e-01 0.000000000000e+00 -2.664567379982e-02 -1.522017865783e-01 0.000000000000e+00 1.000000000000e+00 0.000000000000e+00 2.870000299242e-02 2.664567379982e-02 0.000000000000e+00 9.996449410004e-01 -1.104486066949e-01
1.7710038972e+02 9.995061427233e-01 0.000000000000e+00 -3.142404586377e-02 -1.479629758993e-01 0.000000000000e+00 1.000000000000e+00 0.000000000000e+00 2.710000310728e-02 3.142404586377e-02 0.000000000000e+00 9.995061427233e-01 -1.076572532245e-01
1.7720107341e+02 9.996960810887e-01 0.000000000000e+00 -2.465249390983e-02 -1.516870289383e-01 0.000000000000e+00 1.000000000000e+00 0.000000000000e+00 1.720000327775e-02 2.465249390983e-02 0.000000000000e+00 9.996960810887e-01 -1.105824253045e-01
1.7730035114e+02 9.995949298649e-01 0.000000000000e+00 -2.846008061161e-02 -1.532006191180e-01 0.000000000000e+00 1.000000000000e+00 0.000000000000e+00 1.280000310238e-02 2.846008061161e-02 0.000000000000e+00 9.995949298649e-01 -1.076341766626e-01
1.7742873216e+02 9.995517639866e-01 0.000000000000e+00 -2.993778734777e-02 -1.483143527641e-01 0.000000000000e+00 1.000000000000e+00 0.000000000000e+00 2.680000473722e-02 2.993778734777e-02 0.000000000000e+00 9.995517639866e-01 -1.097680447899e-01
1.7750008702e+02 9.995706325734e-01 0.000000000000e+00 -2.930103234943e-02 -1.470172452037e-01 0.000000000000e+00 1.000000000000e+00 0.000000000000e+00 1.600000273966e-02 2.930103234943e-02 0.000000000000e+00 9.995706325734e-01 -1.115429750455e-01
1.7760042882e+02 9.994969111005e-01 0.000000000000e+00 -3.171631599873e-02 -1.443437803295e-01 0.000000000000e+00 1.000000000000e+00 0.000000000000e+00 1.260000340358e-02 3.171631599873e-02 0.000000000000e+00 9.994969111005e-01 -1.090562912937e-01
1.7770038915e+02 9.992290117892e-01 0.000000000000e+00 -3.926043808613e-02 -1.466536879121e-01 0.000000000000e+00 1.000000000000e+00 0.000000000000e+00 2.240000411306e-02 3.926043808613e-02 0.000000000000e+00 9.992290117892e-01 -1.077445263494e-01
1.7780022407e+02 9.993977800496e-01 0.000000000000e+00 -3.469981602050e-02 -1.386041667655e-01 0.000000000000e+00 1.000000000000e+00 0.000000000000e+00 3.010000384045e-02 3.469981602050e-02 0.000000000000e+00 9.993977800496e-01 -1.076306950895e-01
1.7790031314e+02 9.994376473980e-01 0.000000000000e+00 -3.353190963128e-02 -1.380612493091e-01 0.000000000000e+00 1.000000000000e+00 0.000000000000e+00 2.470000356618e-02 3.353190963128e-02 0.000000000000e+00 9.994376473980e-01 -1.037718531146e-01
1.7800015092e+02 9.994084191914e-01 0.000000000000e+00 -3.439202886365e-02 -1.372379319504e-01 0.000000000000e+00 1.000000000000e+00 0.000000000000e+00 4.610000309713e-02 3.439202886365e-02 0.000000000000e+00 9.994084191914e-01 -1.081588006393e-01
1.7810024667e+02 9.992946235467e-01 0.000000000000e+00 -3.755336670157e-02 -1.405163035361e-01 0.000000000000e+00 1.000000000000e+00 0.000000000000e+00 4.650000323878e-02 3.755336670157e-02 0.000000000000e+00 9.992946235467e-01 -1.069379347542e-01
1.7820025539e+02 9.992946012836e-01 0.000000000000e+00 -3.755395911911e-02 -1.435211347954e-01 0.000000000000e+00 1.000000000000e+00 0.000000000000e+00 3.530000253261e-02 3.755395911911e-02 0.000000000000e+00 9.992946012836e-01 -1.068610824998e-01
1.7830104637e+02 9.995191329716e-01 0.000000000000e+00 -3.100810899908e-02 -1.413973947467e-01 0.000000000000e+00 1.000000000000e+00 0.000000000000e+00 3.590000258975e-02 3.100810899908e-02 0.000000000000e+00 9.995191329716e-01 -1.094372111874e-01
1.7840016031e+02 9.993970917075e-01 0.000000000000e+00 -3.471963546128e-02 -1.416752670164e-01 0.000000000000e+00 1.000000000000e+00 0.000000000000e+00 4.860000382263e-02 3.471963546128e-02 0.000000000000e+00 9.993970917075e-01 -1.062446447332e-01
1.7850009251e+02 9.994090177357e-01 0.000000000000e+00 -3.437463117639e-02 -1.375816793973e-01 0.000000000000e+00 1.000000000000e+00 0.000000000000e+00 3.950000354228e-02 3.437463117639e-02 0.000000000000e+00 9.994090177357e-01 -1.060870663541e-01
1.7860008860e+02 9.994593247841e-01 0.000000000000e+00 -3.287944801874e-02 -1.452659738141e-01 0.000000000000e+00 1.000000000000e+00 0.000000000000e+00 4.150000378455e-02 3.287944801874e-02 0.000000000000e+00 9.994593247841e-01 -1.053378401648e-01
1.7870097804e+02 9.993316744709e-01 0.000000000000e+00 -3.655412971332e-02 -1.528844092774e-01 0.000000000000e+00 1.000000000000e+00 0.000000000000e+00 3.980000387115e-02 3.655412971332e-02 0.000000000000e+00 9.993316744709e-01 -1.026729653804e-01
1.7880009103e+02 9.992000337479e-01 0.000000000000e+00 -3.999115599908e-02 -1.551273641684e-01 0.000000000000e+00 1.000000000000e+00 0.000000000000e+00 2.680000246909e-02 3.999115599908e-02 0.000000000000e+00 9.992000337479e-01 -9.307380936301e-02
1.7890016246e+02 9.989895206739e-01 0.000000000000e+00 -4.494371573179e-02 -1.492021925261e-01 0.000000000000e+00 1.000000000000e+00 0.000000000000e+00 2.580000356603e-02 4.494371573179e-02 0.000000000000e+00 9.989895206739e-01 -9.906626553123e-02
1.7900004697e+02 9.990359738523e-01 0.000000000000e+00 -4.389900851892e-02 -1.509180262215e-01 0.000000000000e+00 1.000000000000e+00 0.000000000000e+00 3.920000417147e-02 4.389900851892e-02 0.000000000000e+00 9.990359738523e-01 -1.013950743100e-01
1.7910031414e+02 9.995764387884e-01 0.000000000000e+00 -2.910228546145e-02 -1.461612645981e-01 0.000000000000e+00 1.000000000000e+00 0.000000000000e+00 3.540000356377e-02 2.910228546145e-02 0.000000000000e+00 9.995764387884e-01 -1.056406467739e-01
1.7920004964e+02 9.991822230995e-01 0.000000000000e+00 -4.043371170027e-02 -1.488218420375e-01 0.000000000000e+00 1.000000000000e+00 0.000000000000e+00 3.140000270648e-02 4.043371170027e-02 0.000000000000e+00 9.991822230995e-01 -1.018437251276e-01
1.7930014253e+02 9.989837070617e-01 0.000000000000e+00 -4.507275258111e-02 -1.428995007648e-01 0.000000000000e+00 1.000000000000e+00 0.000000000000e+00 1.440000418094e-02 4.507275258111e-02 0.000000000000e+00 9.989837070617e-01 -9.949089693348e-02
1.7940013981e+02 9.991033393934e-01 0.000000000000e+00 -4.233812953898e-02 -1.458634980103e-01 0.000000000000e+00 1.000000000000e+00 0.000000000000e+00 1.300000349238e-02 4.233812953898e-02 0.000000000000e+00 9.991033393934e-01 -1.006963901438e-01
1.7950041938e+02 9.994805368071e-01 0.000000000000e+00 -3.222819485654e-02 -1.415515795689e-01 0.000000000000e+00 1.000000000000e+00 0.000000000000e+00 2.380000265097e-02 3.222819485654e-02 0.000000000000e+00 9.994805368071e-01 -1.109700727645e-01
1.7960030890e+02 9.992380284580e-01 0.000000000000e+00 -3.903027649518e-02 -1.450523151238e-01 0.000000000000e+00 1.000000000000e+00 0.000000000000e+00 3.110000378937e-02 3.903027649518e-02 0.000000000000e+00 9.992380284580e-01 -1.074720500301e-01
1.7970069385e+02 9.994782118603e-01 0.000000000000e+00 -3.230021697286e-02 -1.430549014553e-01 0.000000000000e+00 1.000000000000e+00 0.000000000000e+00 3.120000321862e-02 3.230021697286e-02 0.000000000000e+00 9.994782118603e-01 -1.110936965133e-01
1.7980075860e+02 9.994437945926e-01 0.000000000000e+00 -3.334818511318e-02 -1.497099674931e-01 0.000000000000e+00 1.000000000000e+00 0.000000000000e+00 -3.099997206539e-03 3.334818511318e-02 0.000000000000e+00 9.994437945926e-01 -1.048284412177e-01
1.7990014601e+02 9.991675690080e-01 0.000000000000e+00 -4.079422805456e-02 -1.385001751539e-01 0.000000000000e+00 1.000000000000e+00 0.000000000000e+00 6.500004010877e-03 4.079422805456e-02 0.000000000000e+00 9.991675690080e-01 -1.035936764754e-01
1.8000025320e+02 9.994434387740e-01 0.000000000000e+00 -3.335884727744e-02 -1.466358828681e-01 0.000000000000e+00 1.000000000000e+00 0.000000000000e+00 -4.299996266141e-03 3.335884727744e-02 0.000000000000e+00 9.994434387740e-01 -1.035227532928e-01
1.8010026503e+02 9.992921103100e-01 0.000000000000e+00 -3.762018437223e-02 -1.419778362912e-01 0.000000000000e+00 1.000000000000e+00 0.000000000000e+00 -1.999970018669e-04 3.762018437223e-02 0.000000000000e+00 9.992921103100e-01 -9.846303976521e-02
1.8020011425e+02 9.992299037497e-01 0.000000000000e+00 -3.923772996042e-02 -1.440465517218e-01 0.000000000000e+00 1.000000000000e+00 0.000000000000e+00 -1.699996853575e-03 3.923772996042e-02 0.000000000000e+00 9.992299037497e-01 -1.037352872008e-01
1.8030003381e+02 9.995238558496e-01 0.000000000000e+00 -3.085549525832e-02 -1.532968674607e-01 0.000000000000e+00 1.000000000000e+00 0.000000000000e+00 6.100004889168e-03 3.085549525832e-02 0.000000000000e+00 9.995238558496e-01 -1.083628632125e-01
1.8040004468e+02 9.992618467053e-01 0.000000000000e+00 -3.841564419688e-02 -1.449572403080e-01 0.000000000000e+00 1.000000000000e+00 0.000000000000e+00 6.100003104514e-03 3.841564419688e-02 0.000000000000e+00 9.992618467053e-01 -1.049981967391e-01
1.8050020599e+02 9.996129049229e-01 0.000000000000e+00 -2.782157996220e-02 -1.472620609466e-01 0.000000000000e+00 1.000000000000e+00 0.000000000000e+00 -6.999965875791e-04 2.782157996220e-02 0.000000000000e+00 9.996129049229e-01 -1.122715796413e-01
1.8060001659e+02 9.994759639924e-01 0.000000000000e+00 -3.236969881780e-02 -1.561295075966e-01 0.000000000000e+00 1.000000000000e+00 0.000000000000e+00 4.100002652826e-03 3.236969881780e-02 0.000000000000e+00 9.994759639924e-01 -1.103800380131e-01
1.8070005703e+02 9.994391944077e-01 0.000000000000e+00 -3.348576834555e-02 -1.508416763522e-01 0.000000000000e+00 1.000000000000e+00 0.000000000000e+00 -1.599995768125e-03 3.348576834555e-02 0.000000000000e+00 9.994391944077e-01 -1.058004611423e-01
1.8080066442e+02 9.990701697846e-01 0.000000000000e+00 -4.311375472509e-02 -1.460862432697e-01 0.000000000000e+00 1.000000000000e+00 0.000000000000e+00 2.850000442225e-02 4.311375472509e-02 0.000000000000e+00 9.990701697846e-01 -1.018358431157e-01
1.8090009379e+02 9.991155506498e-01 0.000000000000e+00 -4.204897679849e-02 -1.565920825534e-01 0.000000000000e+00 1.000000000000e+00 0.000000000000e+00 1.190000406417e-02 4.204897679849e-02 0.000000000000e+00 9.991155506498e-01 -1.026052595724e-01
1.8100012660e+02 9.994883971071e-01 0.000000000000e+00 -3.198349649893e-02 -1.500830346099e-01 0.000000000000e+00 1.000000000000e+00 0.000000000000e+00 4.400003048289e-03 3.198349649893e-02 0.000000000000e+00 9.994883971071e-01 -1.065590279275e-01
1.8110008144e+02 9.993581564690e-01 0.000000000000e+00 -3.582282929874e-02 -1.524962618773e-01 0.000000000000e+00 1.000000000000e+00 0.000000000000e+00 1.000000381341e-02 3.582282929874e-02 0.000000000000e+00 9.993581564690e-01 -1.053930383755e-01
1.8119999695e+02 9.996432848488e-01 0.000000000000e+00 -2.670773402315e-02 -1.624579566368e-01 0.000000000000e+00 1.000000000000e+00 0.000000000000e+00 7.400002492790e-03 2.670773402315e-02 0.000000000000e+00 9.996432848488e-01 -1.058605687917e-01
1.8130004454e+02 9.992186880839e-01 0.000000000000e+00 -3.952231501227e-02 -1.542547586365e-01 0.000000000000e+00 1.000000000000e+00 0.000000000000e+00 -1.999956449577e-04 3.952231501227e-02 0.000000000000e+00 9.992186880839e-01 -1.057162124299e-01
1.8140002394e+02 9.991975372102e-01 0.000000000000e+00 -4.005348465601e-02 -1.491314605956e-01 0.000000000000e+00 1.000000000000e+00 0.000000000000e+00 3.800004499887e-03 4.005348465601e-02 0.000000000000e+00 9.991975372102e-01 -1.030047836199e-01
1.8150026679e+02 9.994267959093e-01 0.000000000000e+00 -3.385379769704e-02 -1.578648962206e-01 0.000000000000e+00 1.000000000000e+00 0.000000000000e+00 -9.999608755551e-05 3.385379769704e-02 0.000000000000e+00 9.994267959093e-01 -1.048004862157e-01
1.8160050488e+02 9.992497664715e-01 0.000000000000e+00 -3.872859675579e-02 -1.524324616383e-01 0.000000000000e+00 1.000000000000e+00 0.000000000000e+00 1.280000295298e-02 3.872859675579e-02 0.000000000000e+00 9.992497664715e-01 -1.032863862446e-01
1.8170015430e+02 9.995080489872e-01 0.000000000000e+00 -3.136335457021e-02 -1.564954792426e-01 0.000000000000e+00 1.000000000000e+00 0.000000000000e+00 -2.799995452721e-03 3.136335457021e-02 0.000000000000e+00 9.995080489872e-01 -1.074017353358e-01
1.8180011177e+02 9.991601830036e-01 0.000000000000e+00 -4.097473246001e-02 -1.540577701284e-01 0.000000000000e+00 1.000000000000e+00 0.000000000000e+00 4.300003130543e-03 4.097473246001e-02 0.000000000000e+00 9.991601830036e-01 -9.961356180851e-02
1.8190007496e+02 9.995217748921e-01 0.000000000000e+00 -3.092283163740e-02 -1.558718605731e-01 0.000000000000e+00 1.000000000000e+00 0.000000000000e+00 2.160000425894e-02 3.092283163740e-02 0.000000000000e+00 9.995217748921e-01 -1.063859149508e-01
1.8200008917e+02 9.990968088782e-01 0.000000000000e+00 -4.249195793739e-02 -1.526525815750e-01 0.000000000000e+00 1.000000000000e+00 0.000000000000e+00 1.080000492609e-02 4.249195793739e-02 0.000000000000e+00 9.990968088782e-01 -1.014238488597e-01
1.8210008168e+02 9.993247933689e-01 0.000000000000e+00 -3.674176585688e-02 -1.522588258149e-01 0.000000000000e+00 1.000000000000e+00 0.000000000000e+00 4.000003691573e-03 3.674176585688e-02 0.000000000000e+00 9.993247933689e-01 -1.003770245206e-01
1.8220042300e+02 9.993886595176e-01 0.000000000000e+00 -3.496151066080e-02 -1.569697218748e-01 0.000000000000e+00 1.000000000000e+00 0.000000000000e+00 1.240000315067e-02 3.496151066080e-02 0.000000000000e+00 9.993886595176e-01 -9.771742050072e-02
1.8229996920e+02 9.995794240613e-01 0.000000000000e+00 -2.899956884665e-02 -1.638751647043e-01 0.000000000000e+00 1.000000000000e+00 0.000000000000e+00 1.180000263529e-02 2.899956884665e-02 0.000000000000e+00 9.995794240613e-01 -1.044192788923e-01
1.8240023303e+02 9.994998876583e-01 0.000000000000e+00 -3.162237453108e-02 -1.605663343130e-01 0.000000000000e+00 1.000000000000e+00 0.000000000000e+00 6.800003461340e-03 3.162237453108e-02 0.000000000000e+00 9.994998876583e-01 -9.930342193348e-02
1.8250003481e+02 9.992307385196e-01 0.000000000000e+00 -3.921646589765e-02 -1.518394031023e-01 0.000000000000e+00 1.000000000000e+00 0.000000000000e+00 1.000000276439e-02 3.921646589765e-02 0.000000000000e+00 9.992307385196e-01 -9.405126408031e-02
1.8260003853e+02 9.994144338417e-01 0.000000000000e+00 -3.421680038807e-02 -1.521259615401e-01 0.000000000000e+00 1.000000000000e+00 0.000000000000e+00 1.000041736665e-04 3.421680038807e-02 0.000000000000e+00 9.994144338417e-01 -9.922089594054e-02
1.8270009995e+02 9.989534724918e-01 0.000000000000e+00 -4.573794700881e-02 -1.578186466239e-01 0.000000000000e+00 1.000000000000e+00 0.000000000000e+00 7.400003980236e-03 4.573794700881e-02 0.000000000000e+00 9.989534724918e-01 -9.186708086894e-02
1.8280013752e+02 9.994193653787e-01 0.000000000000e+00 -3.407245377258e-02 -1.516565855654e-01 0.000000000000e+00 1.000000000000e+00 0.000000000000e+00 2.200004257211e-03 3.407245377258e-02 0.000000000000e+00 9.994193653787e-01 -9.805179479558e-02
1.8290004301e+02 9.992917190151e-01 0.000000000000e+00 -3.763057676763e-02 -1.459450736314e-01 0.000000000000e+00 1.000000000000e+00 0.000000000000e+00 1.300002854110e-03 3.763057676763e-02 0.000000000000e+00 9.992917190151e-01 -9.301006266120e-02
1.8300000954e+02 9.995260966640e-01 0.000000000000e+00 -3.078282130823e-02 -1.473565550713e-01 0.000000000000e+00 1.000000000000e+00 0.000000000000e+00 4.900003025291e-03 3.078282130823e-02 0.000000000000e+00 9.995260966640e-01 -9.972022696818e-02
1.8310001373e+02 9.994097478750e-01 0.000000000000e+00 -3.435339652053e-02 -1.483145010420e-01 0.000000000000e+00 1.000000000000e+00 0.000000000000e+00 9.100003662085e-03 3.435339652053e-02 0.000000000000e+00 9.994097478750e-01 -9.894773438184e-02
1.8319995093e+02 9.989848132392e-01 0.000000000000e+00 -4.504822879266e-02 -1.467171634557e-01 0.000000000000e+00 1.000000000000e+00 0.000000000000e+00 9.300004043590e-03 4.504822879266e-02 0.000000000000e+00 9.989848132392e-01 -9.202994987303e-02
1.8329995871e+02 9.993815518078e-01 0.000000000000e+00 -3.516409967766e-02 -1.498208244363e-01 0.000000000000e+00 1.000000000000e+00 0.000000000000e+00 6.000034086765e-04 3.516409967766e-02 0.000000000000e+00 9.993815518078e-01 -9.780806597404e-02
1.8339996934e+02 9.991035423079e-01 0.000000000000e+00 -4.233334085364e-02 -1.484215050377e-01 0.000000000000e+00 1.000000000000e+00 0.000000000000e+00 1.900002529732e-03 4.233334085364e-02 0.000000000000e+00 9.991035423079e-01 -9.041217443622e-02
1.8349997187e+02 9.992996802389e-01 0.000000000000e+00 -3.741856590488e-02 -1.493296542624e-01 0.000000000000e+00 1.000000000000e+00 0.000000000000e+00 1.550000341245e-02 3.741856590488e-02 0.000000000000e+00 9.992996802389e-01 -9.764501792919e-02
1.8359994364e+02 9.990676785834e-01 0.000000000000e+00 -4.317144438087e-02 -1.451069478352e-01 0.000000000000e+00 1.000000000000e+00 0.000000000000e+00 1.950000345568e-02 4.317144438087e-02 0.000000000000e+00 9.990676785834e-01 -9.144946073364e-02
1.8369998240e+02 9.992678752357e-01 0.000000000000e+00 -3.825850914526e-02 -1.474028375498e-01 0.000000000000e+00 1.000000000000e+00 0.000000000000e+00 2.900002623818e-03 3.825850914526e-02 0.000000000000e+00 9.992678752357e-01 -9.661088948706e-02
1.8379994774e+02 9.992607177979e-01 0.000000000000e+00 -3.844499793215e-02 -1.444659059016e-01 0.000000000000e+00 1.000000000000e+00 0.000000000000e+00 3.000036238420e-04 3.844499793215e-02 0.000000000000e+00 9.992607177979e-01 -9.543071323447e-02
1.8393430257e+02 9.993010615527e-01 0.000000000000e+00 -3.738165833062e-02 -1.552977652958e-01 0.000000000000e+00 1.000000000000e+00 0.000000000000e+00 5.600003909429e-03 3.738165833062e-02 0.000000000000e+00 9.993010615527e-01 -9.455933432285e-02
1.8399997115e+02 9.993206197698e-01 0.000000000000e+00 -3.685510687587e-02 -1.512589713980e-01 0.000000000000e+00 1.000000000000e+00 0.000000000000e+00 8.200003896949e-03 3.685510687587e-02 0.000000000000e+00 9.993206197698e-01 -9.534846074037e-02
1.8410003972e+02 9.991410027103e-01 0.000000000000e+00 -4.143979612646e-02 -1.431123999664e-01 0.000000000000e+00 1.000000000000e+00 0.000000000000e+00 5.300003219377e-03 4.143979612646e-02 0.000000000000e+00 9.991410027103e-01 -8.854378082218e-02
1.8420012569e+02 9.994378508889e-01 0.000000000000e+00 -3.352584392008e-02 -1.524153620042e-01 0.000000000000e+00 1.000000000000e+00 0.000000000000e+00 8.600003704624e-03 3.352584392008e-02 0.000000000000e+00 9.994378508889e-01 -9.654064751500e-02
1.8430008554e+02 9.990992418934e-01 0.000000000000e+00 -4.243471277124e-02 -1.530335505173e-01 0.000000000000e+00 1.000000000000e+00 0.000000000000e+00 2.300003635541e-03 4.243471277124e-02 0.000000000000e+00 9.990992418934e-01 -9.310613197848e-02
1.8439999318e+02 9.992214546369e-01 0.000000000000e+00 -3.945230783292e-02 -1.504365321998e-01 0.000000000000e+00 1.000000000000e+00 0.000000000000e+00 -1.139999609377e-02 3.945230783292e-02 0.000000000000e+00 9.992214546369e-01 -9.108417135084e-02
1.8450015354e+02 9.993276507424e-01 0.000000000000e+00 -3.666396680157e-02 -1.548055428884e-01 0.000000000000e+00 1.000000000000e+00 0.000000000000e+00 1.900002770489e-03 3.666396680157e-02 0.000000000000e+00 9.993276507424e-01 -9.528553333168e-02
1.8459994888e+02 9.991905504545e-01 0.000000000000e+00 -4.022740213416e-02 -1.557558027225e-01 0.000000000000e+00 1.000000000000e+00 0.000000000000e+00 1.260000316278e-02 4.022740213416e-02 0.000000000000e+00 9.991905504545e-01 -9.490359706045e-02
1.8470001316e+02 9.992985423632e-01 0.000000000000e+00 -3.744894165023e-02 -1.567846302517e-01 0.000000000000e+00 1.000000000000e+00 0.000000000000e+00 8.900002917703e-03 3.744894165023e-02 0.000000000000e+00 9.992985423632e-01 -9.835478396103e-02
1.8480030131e+02 9.992139129988e-01 0.000000000000e+00 -3.964285647639e-02 -1.539256892870e-01 0.000000000000e+00 1.000000000000e+00 0.000000000000e+00 4.600002954165e-03 3.964285647639e-02 0.000000000000e+00 9.992139129988e-01 -9.299024279119e-02
1.8490002394e+02 9.993050208961e-01 0.000000000000e+00 -3.727566514263e-02 -1.492125867719e-01 0.000000000000e+00 1.000000000000e+00 0.000000000000e+00 3.500003417003e-03 3.727566514263e-02 0.000000000000e+00 9.993050208961e-01 -9.546652930853e-02
1.8500031543e+02 9.991338012426e-01 0.000000000000e+00 -4.161306542971e-02 -1.439796785461e-01 0.000000000000e+00 1.000000000000e+00 0.000000000000e+00 4.400003405240e-03 4.161306542971e-02 0.000000000000e+00 9.991338012426e-01 -9.675245444466e-02
1.8510005403e+02 9.993889983770e-01 0.000000000000e+00 -3.495182288411e-02 -1.489809763340e-01 0.000000000000e+00 1.000000000000e+00 0.000000000000e+00 6.000003650287e-03 3.495182288411e-02 0.000000000000e+00 9.993889983770e-01 -9.709295175762e-02
1.8520003891e+02 9.992597244230e-01 0.000000000000e+00 -3.847080901363e-02 -1.458291802923e-01 0.000000000000e+00 1.000000000000e+00 0.000000000000e+00 3.800002670816e-03 3.847080901364e-02 0.000000000000e+00 9.992597244230e-01 -9.241039800841e-02
1.8530007935e+02 9.994584098355e-01 0.000000000000e+00 -3.290724857860e-02 -1.532532056139e-01 0.000000000000e+00 1.000000000000e+00 0.000000000000e+00 1.110000335680e-02 3.290724857860e-02 0.000000000000e+00 9.994584098355e-01 -9.596424710345e-02
1.8539996409e+02 9.991448068267e-01 0.000000000000e+00 -4.134797445030e-02 -1.463957832420e-01 0.000000000000e+00 1.000000000000e+00 0.000000000000e+00 1.040000295665e-02 4.134797445030e-02 0.000000000000e+00 9.991448068267e-01 -9.564093700299e-02
1.8550051165e+02 9.993196794590e-01 0.000000000000e+00 -3.688059443565e-02 -1.477053474698e-01 0.000000000000e+00 1.000000000000e+00 0.000000000000e+00 -2.299995872143e-03 3.688059443565e-02 0.000000000000e+00 9.993196794590e-01 -9.685941075044e-02
1.8559994960e+02 9.993580110805e-01 0.000000000000e+00 -3.582688500490e-02 -1.513208216901e-01 0.000000000000e+00 1.000000000000e+00 0.000000000000e+00 7.700002537046e-03 3.582688500490e-02 0.000000000000e+00 9.993580110805e-01 -9.729772891815e-02
1.8570001340e+02 9.995514083205e-01 0.000000000000e+00 -2.994965983973e-02 -1.543386743607e-01 0.000000000000e+00 1.000000000000e+00 0.000000000000e+00 -9.199996742081e-03 2.994965983973e-02 0.000000000000e+00 9.995514083205e-01 -1.011890578913e-01
1.8580009460e+02 9.993904935589e-01 0.000000000000e+00 -3.490904444412e-02 -1.511333948656e-01 0.000000000000e+00 1.000000000000e+00 0.000000000000e+00 -4.599996290485e-03 3.490904444412e-02 0.000000000000e+00 9.993904935589e-01 -1.027995117587e-01
1.8589996243e+02 9.991813417205e-01 0.000000000000e+00 -4.045548612539e-02 -1.605495060455e-01 0.000000000000e+00 1.000000000000e+00 0.000000000000e+00 1.100000187461e-02 4.045548612539e-02 0.000000000000e+00 9.991813417205e-01 -9.510619306027e-02
1.8599995470e+02 9.990904786088e-01 0.000000000000e+00 -4.264053884847e-02 -1.587140948472e-01 0.000000000000e+00 1.000000000000e+00 0.000000000000e+00 -4.999996351128e-03 4.264053884847e-02 0.000000000000e+00 9.990904786088e-01 -9.394451121372e-02
1.8609995508e+02 9.993665676513e-01 0.000000000000e+00 -3.558740593183e-02 -1.599199338195e-01 0.000000000000e+00 1.000000000000e+00 0.000000000000e+00 5.700002446496e-03 3.558740593183e-02 0.000000000000e+00 9.993665676513e-01 -9.485996097940e-02
1.8619995952e+02 9.995050749640e-01 0.000000000000e+00 -3.145798978357e-02 -1.599342584856e-01 0.000000000000e+00 1.000000000000e+00 0.000000000000e+00 7.000003571119e-03 3.145798978357e-02 0.000000000000e+00 9.995050749640e-01 -9.743704979536e-02
1.8630013371e+02 9.994027284654e-01 0.000000000000e+00 -3.455700125622e-02 -1.645893754475e-01 0.000000000000e+00 1.000000000000e+00 0.000000000000e+00 -1.029999681718e-02 3.455700125622e-02 0.000000000000e+00 9.994027284654e-01 -9.206161772993e-02
1.8640011096e+02 9.993467295616e-01 0.000000000000e+00 -3.614020080894e-02 -1.577931783639e-01 0.000000000000e+00 1.000000000000e+00 0.000000000000e+00 2.400003708049e-03 3.614020080894e-02 0.000000000000e+00 9.993467295616e-01 -9.914841872773e-02
1.8650025845e+02 9.992783236000e-01 0.000000000000e+00 -3.798462824721e-02 -1.631284812961e-01 0.000000000000e+00 1.000000000000e+00 0.000000000000e+00 -3.799996715232e-03 3.798462824721e-02 0.000000000000e+00 9.992783236000e-01 -9.514332974026e-02
1.8660004568e+02 9.994220040016e-01 0.000000000000e+00 -3.399496900071e-02 -1.620935446063e-01 0.000000000000e+00 1.000000000000e+00 0.000000000000e+00 3.500002449085e-03 3.399496900071e-02 0.000000000000e+00 9.994220040016e-01 -9.705961228397e-02
1.8670000935e+02 9.993964405494e-01 0.000000000000e+00 -3.473837384136e-02 -1.674436684438e-01 0.000000000000e+00 1.000000000000e+00 0.000000000000e+00 8.000029993750e-04 3.473837384136e-02 0.000000000000e+00 9.993964405494e-01 -9.739022239832e-02
1.8679997897e+02 9.992958349820e-01 0.000000000000e+00 -3.752111655685e-02 -1.455837452887e-01 0.000000000000e+00 1.000000000000e+00 0.000000000000e+00 4.100003224588e-03 3.752111655685e-02 0.000000000000e+00 9.992958349820e-01 -9.295457225552e-02
1.8689992642e+02 9.989948680644e-01 0.000000000000e+00 -4.482469833747e-02 -1.459041177599e-01 0.000000000000e+00 1.000000000000e+00 0.000000000000e+00 6.200002961992e-03 4.482469833747e-02 0.000000000000e+00 9.989948680644e-01 -9.067957945426e-02
1.8700008845e+02 9.994829459433e-01 0.000000000000e+00 -3.215339435333e-02 -1.476076963299e-01 0.000000000000e+00 1.000000000000e+00 0.000000000000e+00 5.100004034311e-03 3.215339435333e-02 0.000000000000e+00 9.994829459433e-01 -9.377522123429e-02
1.8709996724e+02 9.990904507857e-01 0.000000000000e+00 -4.264119075252e-02 -1.418919116084e-01 0.000000000000e+00 1.000000000000e+00 0.000000000000e+00 1.330000321861e-02 4.264119075252e-02 0.000000000000e+00 9.990904507857e-01 -8.923157211918e-02
1.8720001459e+02 9.993545421572e-01 0.000000000000e+00 -3.592351694512e-02 -1.487469440256e-01 0.000000000000e+00 1.000000000000e+00 0.000000000000e+00 1.300003556127e-03 3.592351694512e-02 0.000000000000e+00 9.993545421572e-01 -9.396579412275e-02
1.8729999518e+02 9.989858618235e-01 0.000000000000e+00 -4.502496948150e-02 -1.410764117822e-01 0.000000000000e+00 1.000000000000e+00 0.000000000000e+00 1.490000239857e-02 4.502496948150e-02 0.000000000000e+00 9.989858618235e-01 -8.760169264010e-02
1.8740017152e+02 9.993118750375e-01 0.000000000000e+00 -3.709146005636e-02 -1.460668575560e-01 0.000000000000e+00 1.000000000000e+00 0.000000000000e+00 6.100003837218e-03 3.709146005636e-02 0.000000000000e+00 9.993118750375e-01 -9.135662593058e-02
1.8749999905e+02 9.991766249098e-01 0.000000000000e+00 -4.057181575660e-02 -1.434725336922e-01 0.000000000000e+00 1.000000000000e+00 0.000000000000e+00 6.000003176273e-03 4.057181575660e-02 0.000000000000e+00 9.991766249098e-01 -9.019581104433e-02
1.8760025048e+02 9.992319313883e-01 0.000000000000e+00 -3.918605994561e-02 -1.415567095425e-01 0.000000000000e+00 1.000000000000e+00 0.000000000000e+00 4.400002715765e-03 3.918605994561e-02 0.000000000000e+00 9.992319313883e-01 -9.333985115477e-02
1.8770007968e+02 9.992556828952e-01 0.000000000000e+00 -3.857564259521e-02 -1.452306507522e-01 0.000000000000e+00 1.000000000000e+00 0.000000000000e+00 -1.399998116757e-03 3.857564259521e-02 0.000000000000e+00 9.992556828952e-01 -9.365490432674e-02
1.8780000854e+02 9.992613593210e-01 0.000000000000e+00 -3.842831986962e-02 -1.563917312656e-01 0.000000000000e+00 1.000000000000e+00 0.000000000000e+00 1.300004078695e-03 3.842831986962e-02 0.000000000000e+00 9.992613593210e-01 -9.316620060864e-02
1.8789997792e+02 9.994389905919e-01 0.000000000000e+00 -3.349185101777e-02 -1.591504896177e-01 0.000000000000e+00 1.000000000000e+00 0.000000000000e+00 1.140000316508e-02 3.349185101777e-02 0.000000000000e+00 9.994389905919e-01 -9.431578719301e-02
1.8800133491e+02 9.992677169635e-01 0.000000000000e+00 -3.826264280802e-02 -1.532772598618e-01 0.000000000000e+00 1.000000000000e+00 0.000000000000e+00 8.500002352540e-03 3.826264280802e-02 0.000000000000e+00 9.992677169635e-01 -8.976222146502e-02
1.8809996414e+02 9.993275186593e-01 0.000000000000e+00 -3.666756673533e-02 -1.564283248193e-01 0.000000000000e+00 1.000000000000e+00 0.000000000000e+00 3.100003738373e-03 3.666756673533e-02 0.000000000000e+00 9.993275186593e-01 -8.980772450518e-02
1.8819995379e+02 9.991140828219e-01 0.000000000000e+00 -4.208383902324e-02 -1.511155699841e-01 0.000000000000e+00 1.000000000000e+00 0.000000000000e+00 3.295589356966e-09 4.208383902324e-02 0.000000000000e+00 9.991140828219e-01 -8.807741277598e-02
1.8829996586e+02 9.992749194479e-01 0.000000000000e+00 -3.807407730171e-02 -1.552404731852e-01 0.000000000000e+00 1.000000000000e+00 0.000000000000e+00 5.700003042707e-03 3.807407730171e-02 0.000000000000e+00 9.992749194479e-01 -8.807516344591e-02
1.8840005279e+02 9.993158500806e-01 0.000000000000e+00 -3.698420984340e-02 -1.507798840748e-01 0.000000000000e+00 1.000000000000e+00 0.000000000000e+00 4.800003214037e-03 3.698420984340e-02 0.000000000000e+00 9.993158500806e-01 -9.087109436202e-02
1.8849996090e+02 9.992178148856e-01 0.000000000000e+00 -3.954438538301e-02 -1.543181739092e-01 0.000000000000e+00 1.000000000000e+00 0.000000000000e+00 1.600003870886e-03 3.954438538301e-02 0.000000000000e+00 9.992178148856e-01 -8.810817901150e-02
1.8860006571e+02 9.992255416470e-01 0.000000000000e+00 -3.934865842999e-02 -1.528680865137e-01 0.000000000000e+00 1.000000000000e+00 0.000000000000e+00 1.730000249163e-02 3.934865842999e-02 0.000000000000e+00 9.992255416470e-01 -8.921084382973e-02
1.8870013881e+02 9.991583953646e-01 0.000000000000e+00 -4.101830045678e-02 -1.502336094071e-01 0.000000000000e+00 1.000000000000e+00 0.000000000000e+00 -3.699996547162e-03 4.101830045678e-02 0.000000000000e+00 9.991583953646e-01 -8.284493690253e-02
1.8880000019e+02 9.992250437482e-01 0.000000000000e+00 -3.936130011105e-02 -1.511297209699e-01 0.000000000000e+00 1.000000000000e+00 0.000000000000e+00 2.130000447086e-02 3.936130011105e-02 0.000000000000e+00 9.992250437482e-01 -9.244317067616e-02
1.8894539165e+02 9.991949424149e-01 0.000000000000e+00 -4.011816362313e-02 -1.512787398934e-01 0.000000000000e+00 1.000000000000e+00 0.000000000000e+00 2.270000209701e-02 4.011816362313e-02 0.000000000000e+00 9.991949424149e-01 -9.875406647816e-02
1.8900007296e+02 9.993756979138e-01 0.000000000000e+00 -3.533007811199e-02 -1.530384990967e-01 0.000000000000e+00 1.000000000000e+00 0.000000000000e+00 2.070000281048e-02 3.533007811199e-02 0.000000000000e+00 9.993756979138e-01 -9.596057834618e-02
1.8910041428e+02 9.993729234693e-01 0.000000000000e+00 -3.540847125290e-02 -1.591878480871e-01 0.000000000000e+00 1.000000000000e+00 0.000000000000e+00 1.260000328801e-02 3.540847125290e-02 0.000000000000e+00 9.993729234693e-01 -9.783995134029e-02
1.8919994307e+02 9.991709557852e-01 0.000000000000e+00 -4.071119152302e-02 -1.477348897705e-01 0.000000000000e+00 1.000000000000e+00 0.000000000000e+00 2.100000268851e-02 4.071119152302e-02 0.000000000000e+00 9.991709557852e-01 -9.622122482464e-02
1.8930002093e+02 9.993069510696e-01 0.000000000000e+00 -3.722388405327e-02 -1.533852659733e-01 0.000000000000e+00 1.000000000000e+00 0.000000000000e+00 2.930000359474e-02 3.722388405327e-02 0.000000000000e+00 9.993069510696e-01 -1.002478189666e-01
1.8939996290e+02 9.992766775702e-01 0.000000000000e+00 -3.802790638746e-02 -1.494031078700e-01 0.000000000000e+00 1.000000000000e+00 0.000000000000e+00 1.050000218763e-02 3.802790638746e-02 0.000000000000e+00 9.992766775702e-01 -9.496621473400e-02
1.8950048661e+02 9.991367608975e-01 0.000000000000e+00 -4.154194293921e-02 -1.604881081940e-01 0.000000000000e+00 1.000000000000e+00 0.000000000000e+00 1.070000219929e-02 4.154194293921e-02 0.000000000000e+00 9.991367608975e-01 -9.048323453190e-02
1.8960005140e+02 9.990974021647e-01 0.000000000000e+00 -4.247800593040e-02 -1.530143270638e-01 0.000000000000e+00 1.000000000000e+00 0.000000000000e+00 2.160000256679e-02 4.247800593040e-02 0.000000000000e+00 9.990974021647e-01 -9.729633605903e-02
1.8969999146e+02 9.990129449952e-01 0.000000000000e+00 -4.441999248105e-02 -1.536693097347e-01 0.000000000000e+00 1.000000000000e+00 0.000000000000e+00 1.080000401917e-02 4.441999248105e-02 0.000000000000e+00 9.990129449952e-01 -9.259837023273e-02
1.8980093551e+02 9.991020129809e-01 0.000000000000e+00 -4.236941889491e-02 -1.561642464704e-01 0.000000000000e+00 1.000000000000e+00 0.000000000000e+00 2.030000361563e-02 4.236941889491e-02 0.000000000000e+00 9.991020129809e-01 -9.390172487852e-02
1.8990049887e+02 9.992538491652e-01 0.000000000000e+00 -3.862311391482e-02 -1.550916103174e-01 0.000000000000e+00 1.000000000000e+00 0.000000000000e+00 1.350000423767e-02 3.862311391482e-02 0.000000000000e+00 9.992538491652e-01 -9.349632149621e-02
1.9000000024e+02 9.989713019283e-01 0.000000000000e+00 -4.534686233511e-02 -1.545435119547e-01 0.000000000000e+00 1.000000000000e+00 0.000000000000e+00 2.400003730803e-03 4.534686233511e-02 0.000000000000e+00 9.989713019283e-01 -9.056531133877e-02
1.9009998775e+02 9.992222376915e-01 0.000000000000e+00 -3.943247015779e-02 -1.546226267013e-01 0.000000000000e+00 1.000000000000e+00 0.000000000000e+00 -1.499996372473e-03 3.943247015779e-02 0.000000000000e+00 9.992222376915e-01 -9.197989878261e-02
1.9019995093e+02 9.991525386586e-01 0.000000000000e+00 -4.116071539879e-02 -1.620163653279e-01 0.000000000000e+00 1.000000000000e+00 0.000000000000e+00 4.900003411650e-03 4.116071539879e-02 0.000000000000e+00 9.991525386586e-01 -9.108501155924e-02
1.9030001068e+02 9.992825446700e-01 0.000000000000e+00 -3.787341967425e-02 -1.543877382349e-01 0.000000000000e+00 1.000000000000e+00 0.000000000000e+00 1.040000290273e-02 3.787341967425e-02 0.000000000000e+00 9.992825446700e-01 -9.040375333638e-02
1.9039997530e+02 9.995110813405e-01 0.000000000000e+00 -3.126656805028e-02 -1.663287697511e-01 0.000000000000e+00 1.000000000000e+00 0.000000000000e+00 1.960000351994e-02 3.126656805028e-02 0.000000000000e+00 9.995110813405e-01 -9.648017413674e-02
1.9049997735e+02 9.992021965548e-01 0.000000000000e+00 -3.993708051398e-02 -1.610908215692e-01 0.000000000000e+00 1.000000000000e+00 0.000000000000e+00 8.600004781702e-03 3.993708051398e-02 0.000000000000e+00 9.992021965548e-01 -9.050466207613e-02
1.9060002971e+02 9.993265447315e-01 0.000000000000e+00 -3.669410027532e-02 -1.617005821604e-01 0.000000000000e+00 1.000000000000e+00 0.000000000000e+00 1.330000356096e-02 3.669410027532e-02 0.000000000000e+00 9.993265447315e-01 -9.510489038222e-02
1.9070011163e+02 9.992672795264e-01 0.000000000000e+00 -3.827406521215e-02 -1.636018236688e-01 0.000000000000e+00 1.000000000000e+00 0.000000000000e+00 8.200003011669e-03 3.827406521215e-02 0.000000000000e+00 9.992672795264e-01 -9.457612257449e-02
1.9079992604e+02 9.994159307201e-01 0.000000000000e+00 -3.417305111900e-02 -1.660881083745e-01 0.000000000000e+00 1.000000000000e+00 0.000000000000e+00 -2.899995201960e-03 3.417305111900e-02 0.000000000000e+00 9.994159307201e-01 -9.199896798602e-02
1.9090032721e+02 9.992067451219e-01 0.000000000000e+00 -3.982311518384e-02 -1.528153834517e-01 0.000000000000e+00 1.000000000000e+00 0.000000000000e+00 6.300003405514e-03 3.982311518384e-02 0.000000000000e+00 9.992067451219e-01 -9.282143408236e-02
1.9100029349e+02 9.993789721852e-01 0.000000000000e+00 -3.523733749980e-02 -1.529035843030e-01 0.000000000000e+00 1.000000000000e+00 0.000000000000e+00 1.730000316960e-02 3.523733749980e-02 0.000000000000e+00 9.993789721852e-01 -9.174819118222e-02
1.9110028338e+02 9.993459592200e-01 0.000000000000e+00 -3.616149596780e-02 -1.528564073111e-01 0.000000000000e+00 1.000000000000e+00 0.000000000000e+00 1.220000337618e-02 3.616149596780e-02 0.000000000000e+00 9.993459592200e-01 -9.363407345075e-02
1.9120000792e+02 9.992745163364e-01 0.000000000000e+00 -3.808465571078e-02 -1.538597066466e-01 0.000000000000e+00 1.000000000000e+00 0.000000000000e+00 9.400002855506e-03 3.808465571078e-02 0.000000000000e+00 9.992745163364e-01 -8.872602403345e-02
1.9130000138e+02 9.994152589752e-01 0.000000000000e+00 -3.419269114211e-02 -1.563261453123e-01 0.000000000000e+00 1.000000000000e+00 0.000000000000e+00 -5.599995388942e-03 3.419269114211e-02 0.000000000000e+00 9.994152589752e-01 -9.258795469837e-02
1.9140004063e+02 9.993675778265e-01 0.000000000000e+00 -3.555902683076e-02 -1.494841176460e-01 0.000000000000e+00 1.000000000000e+00 0.000000000000e+00 -2.799996493114e-03 3.555902683076e-02 0.000000000000e+00 9.993675778265e-01 -9.075190417859e-02
1.9150008106e+02 9.994848060728e-01 0.000000000000e+00 -3.209552039952e-02 -1.558354927134e-01 0.000000000000e+00 1.000000000000e+00 0.000000000000e+00 8.200003933342e-03 3.209552039952e-02 0.000000000000e+00 9.994848060728e-01 -9.813101769687e-02
1.9159999323e+02 9.994504982643e-01 0.000000000000e+00 -3.314666678813e-02 -1.507546411709e-01 0.000000000000e+00 1.000000000000e+00 0.000000000000e+00 -1.499997269011e-03 3.314666678813e-02 0.000000000000e+00 9.994504982643e-01 -9.849164684320e-02
1.9170000625e+02 9.993618591647e-01 0.000000000000e+00 -3.571938474911e-02 -1.525935787661e-01 0.000000000000e+00 1.000000000000e+00 0.000000000000e+00 1.300002145626e-03 3.571938474911e-02 0.000000000000e+00 9.993618591647e-01 -9.345897145500e-02
1.9179999256e+02 9.993816515785e-01 0.000000000000e+00 -3.516126402922e-02 -1.527187950192e-01 0.000000000000e+00 1.000000000000e+00 0.000000000000e+00 2.840000287952e-02 3.516126402922e-02 0.000000000000e+00 9.993816515785e-01 -9.308085355895e-02
1.9189998102e+02 9.992202862674e-01 0.000000000000e+00 -3.948188840090e-02 -1.506126532007e-01 0.000000000000e+00 1.000000000000e+00 0.000000000000e+00 1.670000374201e-02 3.948188840090e-02 0.000000000000e+00 9.992202862674e-01 -9.179515840000e-02
1.9200003028e+02 9.992383511186e-01 0.000000000000e+00 -3.902201498940e-02 -1.602294746494e-01 0.000000000000e+00 1.000000000000e+00 0.000000000000e+00 1.020000371717e-02 3.902201498940e-02 0.000000000000e+00 9.992383511186e-01 -9.160472982938e-02
1.9210002232e+02 9.990731963124e-01 0.000000000000e+00 -4.304356409603e-02 -1.551520853222e-01 0.000000000000e+00 1.000000000000e+00 0.000000000000e+00 2.100003296107e-03 4.304356409603e-02 0.000000000000e+00 9.990731963124e-01 -9.210456884588e-02
1.9220006490e+02 9.993185710031e-01 0.000000000000e+00 -3.691061701272e-02 -1.542826949332e-01 0.000000000000e+00 1.000000000000e+00 0.000000000000e+00 1.590000184044e-02 3.691061701272e-02 0.000000000000e+00 9.993185710031e-01 -9.052057186502e-02
1.9230009174e+02 9.993968192820e-01 0.000000000000e+00 -3.472747628331e-02 -1.488406232718e-01 0.000000000000e+00 1.000000000000e+00 0.000000000000e+00 1.820000398226e-02 3.472747628331e-02 0.000000000000e+00 9.993968192820e-01 -9.616263537994e-02
1.9240012407e+02 9.992185137239e-01 0.000000000000e+00 -3.952672300285e-02 -1.541029595243e-01 0.000000000000e+00 1.000000000000e+00 0.000000000000e+00 2.920000255399e-02 3.952672300285e-02 0.000000000000e+00 9.992185137239e-01 -9.523601050236e-02
1.9249999261e+02 9.995076098166e-01 0.000000000000e+00 -3.137734722267e-02 -1.556015353529e-01 0.000000000000e+00 1.000000000000e+00 0.000000000000e+00 2.210000310213e-02 3.137734722267e-02 0.000000000000e+00 9.995076098166e-01 -9.705569832202e-02
1.9259999537e+02 9.995300576260e-01 0.000000000000e+00 -3.065393779309e-02 -1.568420717713e-01 0.000000000000e+00 1.000000000000e+00 0.000000000000e+00 2.310000295386e-02 3.065393779309e-02 0.000000000000e+00 9.995300576260e-01 -9.666078342132e-02
1.9270056295e+02 9.993084325498e-01 0.000000000000e+00 -3.718409115201e-02 -1.603797715114e-01 0.000000000000e+00 1.000000000000e+00 0.000000000000e+00 1.570000359224e-02 3.718409115201e-02 0.000000000000e+00 9.993084325498e-01 -9.458096903035e-02
1.9280002332e+02 9.993170348859e-01 0.000000000000e+00 -3.695218243657e-02 -1.428848412735e-01 0.000000000000e+00 1.000000000000e+00 0.000000000000e+00 2.800000366670e-02 3.695218243657e-02 0.000000000000e+00 9.993170348859e-01 -1.015459826319e-01
1.9291761184e+02 9.997963221344e-01 0.000000000000e+00 -2.018202780798e-02 -1.419051530173e-01 0.000000000000e+00 1.000000000000e+00 0.000000000000e+00 1.710000307948e-02 2.018202780798e-02 0.000000000000e+00 9.997963221344e-01 -1.076422501324e-01
1.9299995756e+02 9.991587825911e-01 0.000000000000e+00 -4.100886698017e-02 -1.412975864668e-01 0.000000000000e+00 1.000000000000e+00 0.000000000000e+00 2.480000361346e-02 4.100886698017e-02 0.000000000000e+00 9.991587825911e-01 -9.996530113953e-02
1.9310003901e+02 9.990839954523e-01 0.000000000000e+00 -4.279217254425e-02 -1.451454736774e-01 0.000000000000e+00 1.000000000000e+00 0.000000000000e+00 1.600000377673e-02 4.279217254425e-02 0.000000000000e+00 9.990839954523e-01 -9.540675848015e-02
1.9320001650e+02 9.996095779860e-01 0.000000000000e+00 -2.794085894471e-02 -1.432872780768e-01 0.000000000000e+00 1.000000000000e+00 0.000000000000e+00 1.870000196647e-02 2.794085894471e-02 0.000000000000e+00 9.996095779860e-01 -1.054832507332e-01
1.9330008531e+02 9.990713667221e-01 0.000000000000e+00 -4.308600928484e-02 -1.419082942796e-01 0.000000000000e+00 1.000000000000e+00 0.000000000000e+00 2.870000396079e-02 4.308600928484e-02 0.000000000000e+00 9.990713667221e-01 -9.858346395944e-02
1.9340003967e+02 9.994405904434e-01 0.000000000000e+00 -3.344407532262e-02 -1.505293877552e-01 0.000000000000e+00 1.000000000000e+00 0.000000000000e+00 2.200000343255e-02 3.344407532262e-02 0.000000000000e+00 9.994405904434e-01 -1.007153764571e-01
1.9350001717e+02 9.995006645291e-01 0.000000000000e+00 -3.159781014235e-02 -1.426842036480e-01 0.000000000000e+00 1.000000000000e+00 0.000000000000e+00 1.690000342294e-02 3.159781014235e-02 0.000000000000e+00 9.995006645291e-01 -1.051303248446e-01
1.9359998608e+02 9.994297430486e-01 0.000000000000e+00 -3.376668046828e-02 -1.445352407399e-01 0.000000000000e+00 1.000000000000e+00 0.000000000000e+00 1.860000355440e-02 3.376668046828e-02 0.000000000000e+00 9.994297430486e-01 -1.014098401147e-01
1.9370000958e+02 9.993550602662e-01 0.000000000000e+00 -3.590910080030e-02 -1.488080735007e-01 0.000000000000e+00 1.000000000000e+00 0.000000000000e+00 3.100000381080e-02 3.590910080030e-02 0.000000000000e+00 9.993550602662e-01 -1.050598194719e-01
1.9379999614e+02 9.994126325659e-01 0.000000000000e+00 -3.426937215323e-02 -1.430122952334e-01 0.000000000000e+00 1.000000000000e+00 0.000000000000e+00 1.210000322866e-02 3.426937215323e-02 0.000000000000e+00 9.994126325659e-01 -9.796430586549e-02
1.9390003490e+02 9.995781484078e-01 0.000000000000e+00 -2.904350573891e-02 -1.421160733467e-01 0.000000000000e+00 1.000000000000e+00 0.000000000000e+00 2.390000280030e-02 2.904350573891e-02 0.000000000000e+00 9.995781484078e-01 -1.032585869568e-01
1.9400009418e+02 9.994631125939e-01 0.000000000000e+00 -3.276410481159e-02 -1.346336548396e-01 0.000000000000e+00 1.000000000000e+00 0.000000000000e+00 4.400002686088e-03 3.276410481159e-02 0.000000000000e+00 9.994631125939e-01 -9.483879812718e-02
1.9410006905e+02 9.994832300973e-01 0.000000000000e+00 -3.214456025945e-02 -1.387170415047e-01 0.000000000000e+00 1.000000000000e+00 0.000000000000e+00 2.350000348493e-02 3.214456025945e-02 0.000000000000e+00 9.994832300973e-01 -1.021204182633e-01
1.9420014977e+02 9.991724351279e-01 0.000000000000e+00 -4.067486792435e-02 -1.386067165634e-01 0.000000000000e+00 1.000000000000e+00 0.000000000000e+00 5.000047328330e-04 4.067486792435e-02 0.000000000000e+00 9.991724351279e-01 -9.472812185064e-02
1.9430012918e+02 9.991364967455e-01 0.000000000000e+00 -4.154829564705e-02 -1.386657462620e-01 0.000000000000e+00 1.000000000000e+00 0.000000000000e+00 1.330000366608e-02 4.154829564705e-02 0.000000000000e+00 9.991364967455e-01 -9.270167164804e-02
1.9440000033e+02 9.994642031342e-01 0.000000000000e+00 -3.273082115304e-02 -1.397369549980e-01 0.000000000000e+00 1.000000000000e+00 0.000000000000e+00 2.190000357672e-02 3.273082115304e-02 0.000000000000e+00 9.994642031342e-01 -1.002720021431e-01
1.9450001097e+02 9.993455649652e-01 0.000000000000e+00 -3.617238980624e-02 -1.425661696795e-01 0.000000000000e+00 1.000000000000e+00 0.000000000000e+00 1.070000211850e-02 3.617238980624e-02 0.000000000000e+00 9.993455649652e-01 -9.239101619485e-02
1.9459996390e+02 9.992110356068e-01 0.000000000000e+00 -3.971531595693e-02 -1.347433803276e-01 0.000000000000e+00 1.000000000000e+00 0.000000000000e+00 4.600002873267e-03 3.971531595693e-02 0.000000000000e+00 9.992110356068e-01 -9.444007005209e-02
1.9470046568e+02 9.992778407988e-01 0.000000000000e+00 -3.799732738554e-02 -1.353093360212e-01 0.000000000000e+00 1.000000000000e+00 0.000000000000e+00 1.570000304242e-02 3.799732738554e-02 0.000000000000e+00 9.992778407988e-01 -9.601776937896e-02
1.9479998207e+02 9.993880341321e-01 0.000000000000e+00 -3.497938297776e-02 -1.629970060735e-01 0.000000000000e+00 1.000000000000e+00 0.000000000000e+00 -1.439999619699e-02 3.497938297776e-02 0.000000000000e+00 9.993880341321e-01 -8.510728776330e-02
1.9489997578e+02 9.994800404263e-01 0.000000000000e+00 -3.224358524376e-02 -1.646062822102e-01 0.000000000000e+00 1.000000000000e+00 0.000000000000e+00 -1.359999673081e-02 3.224358524376e-02 0.000000000000e+00 9.994800404263e-01 -9.032185281411e-02
1.9500002217e+02 9.994439675382e-01 0.000000000000e+00 -3.334300153734e-02 -1.616543896333e-01 0.000000000000e+00 1.000000000000e+00 0.000000000000e+00 -6.499996102756e-03 3.334300153734e-02 0.000000000000e+00 9.994439675382e-01 -9.192520365137e-02
1.9510015273e+02 9.994604611693e-01 0.000000000000e+00 -3.284488634881e-02 -1.631668761010e-01 0.000000000000e+00 1.000000000000e+00 0.000000000000e+00 -2.169999698129e-02 3.284488634881e-02 0.000000000000e+00 9.994604611693e-01 -8.870029429133e-02
1.9520006442e+02 9.995330968317e-01 0.000000000000e+00 -3.055467784086e-02 -1.629926232485e-01 0.000000000000e+00 1.000000000000e+00 0.000000000000e+00 -1.609999694282e-02 3.055467784086e-02 0.000000000000e+00 9.995330968317e-01 -9.509525165423e-02
1.9530002046e+02 9.994942557817e-01 0.000000000000e+00 -3.179988457994e-02 -1.582237790922e-01 0.000000000000e+00 1.000000000000e+00 0.000000000000e+00 -1.619999773708e-02 3.179988457994e-02 0.000000000000e+00 9.994942557817e-01 -8.948735574103e-02
1.9539997840e+02 9.994210947354e-01 0.000000000000e+00 -3.402169010939e-02 -1.617153110985e-01 0.000000000000e+00 1.000000000000e+00 0.000000000000e+00 -1.939999678139e-02 3.402169010939e-02 0.000000000000e+00 9.994210947354e-01 -8.931404584790e-02
1.9550009561e+02 9.993841084066e-01 0.000000000000e+00 -3.509136452552e-02 -1.630918561236e-01 0.000000000000e+00 1.000000000000e+00 0.000000000000e+00 -8.599996210529e-03 3.509136452552e-02 0.000000000000e+00 9.993841084066e-01 -9.010924150493e-02
1.9560004282e+02 9.994810287922e-01 0.000000000000e+00 -3.221293349842e-02 -1.635091992359e-01 0.000000000000e+00 1.000000000000e+00 0.000000000000e+00 -8.599996236059e-03 3.221293349842e-02 0.000000000000e+00 9.994810287922e-01 -9.274187351369e-02
1.9570006466e+02 9.995502063075e-01 0.000000000000e+00 -2.998974942619e-02 -1.662070701147e-01 0.000000000000e+00 1.000000000000e+00 0.000000000000e+00 -1.899999760683e-02 2.998974942619e-02 0.000000000000e+00 9.995502063075e-01 -9.362954816492e-02
1.9579999352e+02 9.998026490672e-01 0.000000000000e+00 -1.986612489213e-02 -1.635025951798e-01 0.000000000000e+00 1.000000000000e+00 0.000000000000e+00 -4.799997283382e-03 1.986612489213e-02 0.000000000000e+00 9.998026490672e-01 -9.898471307249e-02
1.9590011048e+02 9.993996445964e-01 0.000000000000e+00 -3.464607309116e-02 -1.555644161093e-01 0.000000000000e+00 1.000000000000e+00 0.000000000000e+00 9.500002800663e-03 3.464607309116e-02 0.000000000000e+00 9.993996445964e-01 -9.218407179642e-02
1.9600001621e+02 9.992497182493e-01 0.000000000000e+00 -3.872984093274e-02 -1.606397653515e-01 0.000000000000e+00 1.000000000000e+00 0.000000000000e+00 4.400002969880e-03 3.872984093274e-02 0.000000000000e+00 9.992497182493e-01 -8.969410481828e-02
1.9609999347e+02 9.994898089841e-01 0.000000000000e+00 -3.193934465548e-02 -1.489741088557e-01 0.000000000000e+00 1.000000000000e+00 0.000000000000e+00 1.410000381252e-02 3.193934465548e-02 0.000000000000e+00 9.994898089841e-01 -9.887565111164e-02
1.9619998169e+02 9.993276370762e-01 0.000000000000e+00 -3.666433929177e-02 -1.564770848028e-01 0.000000000000e+00 1.000000000000e+00 0.000000000000e+00 -2.099996195924e-03 3.666433929177e-02 0.000000000000e+00 9.993276370762e-01 -9.232579630581e-02
1.9630014586e+02 9.993363001123e-01 0.000000000000e+00 -3.642745225590e-02 -1.586665080063e-01 0.000000000000e+00 1.000000000000e+00 0.000000000000e+00 -3.999967820074e-04 3.642745225590e-02 0.000000000000e+00 9.993363001123e-01 -9.061584520632e-02
1.9639997864e+02 9.993445177625e-01 0.000000000000e+00 -3.620130961683e-02 -1.525475700110e-01 0.000000000000e+00 1.000000000000e+00 0.000000000000e+00 1.260000321176e-02 3.620130961683e-02 0.000000000000e+00 9.993445177625e-01 -9.598035196165e-02
1.9650000143e+02 9.994632965326e-01 0.000000000000e+00 -3.275849331264e-02 -1.499527455403e-01 0.000000000000e+00 1.000000000000e+00 0.000000000000e+00 8.200004351775e-03 3.275849331264e-02 0.000000000000e+00 9.994632965326e-01 -9.648703553937e-02
1.9660010099e+02 9.994184406558e-01 0.000000000000e+00 -3.409956711183e-02 -1.534744971683e-01 0.000000000000e+00 1.000000000000e+00 0.000000000000e+00 -9.199996448961e-03 3.409956711183e-02 0.000000000000e+00 9.994184406558e-01 -8.960441824701e-02
1.9670017624e+02 9.992644326579e-01 0.000000000000e+00 -3.834831971325e-02 -1.571536048964e-01 0.000000000000e+00 1.000000000000e+00 0.000000000000e+00 -5.299996676050e-03 3.834831971325e-02 0.000000000000e+00 9.992644326579e-01 -8.676796883966e-02
1.9680007458e+02 9.992654034757e-01 0.000000000000e+00 -3.832301418850e-02 -1.594152654596e-01 0.000000000000e+00 1.000000000000e+00 0.000000000000e+00 -8.999981204472e-04 3.832301418850e-02 0.000000000000e+00 9.992654034757e-01 -9.470102561708e-02
1.9691079879e+02 9.993308676640e-01 0.000000000000e+00 -3.657617987139e-02 -1.607578449905e-01 0.000000000000e+00 1.000000000000e+00 0.000000000000e+00 4.500003858090e-03 3.657617987139e-02 0.000000000000e+00 9.993308676640e-01 -8.767888826852e-02
1.9700004196e+02 9.993708716773e-01 0.000000000000e+00 -3.546633393835e-02 -1.593160537714e-01 0.000000000000e+00 1.000000000000e+00 0.000000000000e+00 1.110000289948e-02 3.546633393835e-02 0.000000000000e+00 9.993708716773e-01 -9.424782832471e-02
1.9709999013e+02 9.994874160403e-01 0.000000000000e+00 -3.201414026796e-02 -1.672506415343e-01 0.000000000000e+00 1.000000000000e+00 0.000000000000e+00 -7.799996589977e-03 3.201414026796e-02 0.000000000000e+00 9.994874160403e-01 -9.311990524117e-02
1.9720008421e+02 9.993762841682e-01 0.000000000000e+00 -3.531349093842e-02 -1.668332368273e-01 0.000000000000e+00 1.000000000000e+00 0.000000000000e+00 6.500005154258e-03 3.531349093842e-02 0.000000000000e+00 9.993762841682e-01 -9.226832648469e-02
1.9729994655e+02 9.994174604968e-01 0.000000000000e+00 -3.412828232046e-02 -1.650073215942e-01 0.000000000000e+00 1.000000000000e+00 0.000000000000e+00 -6.699997018629e-03 3.412828232046e-02 0.000000000000e+00 9.994174604968e-01 -9.108892511079e-02
1.9740003967e+02 9.994647719206e-01 0.000000000000e+00 -3.271344814824e-02 -1.662261513713e-01 0.000000000000e+00 1.000000000000e+00 0.000000000000e+00 -5.399997687930e-03 3.271344814824e-02 0.000000000000e+00 9.994647719206e-01 -9.021987569528e-02
1.9750002146e+02 9.993297377713e-01 0.000000000000e+00 -3.660703765466e-02 -1.568625649168e-01 0.000000000000e+00 1.000000000000e+00 0.000000000000e+00 5.800004362665e-03 3.660703765466e-02 0.000000000000e+00 9.993297377713e-01 -8.961174073661e-02
1.9760004973e+02 9.992249452845e-01 0.000000000000e+00 -3.936379962968e-02 -1.666908156024e-01 0.000000000000e+00 1.000000000000e+00 0.000000000000e+00 -1.059999685468e-02 3.936379962968e-02 0.000000000000e+00 9.992249452845e-01 -8.476838552524e-02
1.9770030379e+02 9.993767590338e-01 0.000000000000e+00 -3.530004961940e-02 -1.631362897489e-01 0.000000000000e+00 1.000000000000e+00 0.000000000000e+00 -5.299997273486e-03 3.530004961940e-02 0.000000000000e+00 9.993767590338e-01 -9.117778733083e-02
1.9780068159e+02 9.992101679592e-01 0.000000000000e+00 -3.973713938937e-02 -1.618348609616e-01 0.000000000000e+00 1.000000000000e+00 0.000000000000e+00 3.320363761716e-09 3.973713938937e-02 0.000000000000e+00 9.992101679592e-01 -8.912814079188e-02
1.9790008759e+02 9.993367967920e-01 0.000000000000e+00 -3.641382398996e-02 -1.595666048088e-01 0.000000000000e+00 1.000000000000e+00 0.000000000000e+00 3.000002656363e-03 3.641382398996e-02 0.000000000000e+00 9.993367967920e-01 -8.523034232600e-02
1.9800088930e+02 9.993997746537e-01 0.000000000000e+00 -3.464232125837e-02 -1.601880334322e-01 0.000000000000e+00 1.000000000000e+00 0.000000000000e+00 -8.899995878296e-03 3.464232125837e-02 0.000000000000e+00 9.993997746537e-01 -8.886233845411e-02
1.9809999228e+02 9.993155092374e-01 0.000000000000e+00 -3.699341830119e-02 -1.512382821735e-01 0.000000000000e+00 1.000000000000e+00 0.000000000000e+00 -1.099995909609e-03 3.699341830119e-02 0.000000000000e+00 9.993155092374e-01 -8.412392883369e-02
1.9819999290e+02 9.996091464447e-01 0.000000000000e+00 -2.795629346302e-02 -1.652478783961e-01 0.000000000000e+00 1.000000000000e+00 0.000000000000e+00 -1.059999604604e-02 2.795629346302e-02 0.000000000000e+00 9.996091464447e-01 -9.256915992864e-02
1.9830003929e+02 9.994540701443e-01 0.000000000000e+00 -3.303879041346e-02 -1.537751417405e-01 0.000000000000e+00 1.000000000000e+00 0.000000000000e+00 -7.299996452960e-03 3.303879041346e-02 0.000000000000e+00 9.994540701443e-01 -9.074102865511e-02
1.9839999318e+02 9.995650780542e-01 0.000000000000e+00 -2.948990902873e-02 -1.604889866686e-01 0.000000000000e+00 1.000000000000e+00 0.000000000000e+00 -8.499995714223e-03 2.948990902873e-02 0.000000000000e+00 9.995650780542e-01 -9.074698922601e-02
1.9849997211e+02 9.993287494941e-01 0.000000000000e+00 -3.663400653142e-02 -1.514055258741e-01 0.000000000000e+00 1.000000000000e+00 0.000000000000e+00 -1.699996088861e-03 3.663400653142e-02 0.000000000000e+00 9.993287494941e-01 -8.672254343554e-02
1.9859998131e+02 9.994849458665e-01 0.000000000000e+00 -3.209116679386e-02 -1.564844030533e-01 0.000000000000e+00 1.000000000000e+00 0.000000000000e+00 -3.099997540371e-03 3.209116679386e-02 0.000000000000e+00 9.994849458665e-01 -9.051577589481e-02
1.9870049906e+02 9.994399522159e-01 0.000000000000e+00 -3.346314262976e-02 -1.546602139909e-01 0.000000000000e+00 1.000000000000e+00 0.000000000000e+00 -6.099996135066e-03 3.346314262976e-02 0.000000000000e+00 9.994399522159e-01 -9.027437657577e-02
1.9880001044e+02 9.994542687147e-01 0.000000000000e+00 -3.303278292709e-02 -1.577351698001e-01 0.000000000000e+00 1.000000000000e+00 0.000000000000e+00 -5.399996330809e-03 3.303278292709e-02 0.000000000000e+00 9.994542687147e-01 -9.280292730860e-02
1.9890001369e+02 9.995725849639e-01 0.000000000000e+00 -2.923435288631e-02 -1.574300295172e-01 0.000000000000e+00 1.000000000000e+00 0.000000000000e+00 1.730000210177e-02 2.923435288631e-02 0.000000000000e+00 9.995725849639e-01 -9.009713263350e-02
1.9902827859e+02 9.994246680584e-01 0.000000000000e+00 -3.391655755510e-02 -1.517502351849e-01 0.000000000000e+00 1.000000000000e+00 0.000000000000e+00 2.510000396258e-02 3.391655755510e-02 0.000000000000e+00 9.994246680584e-01 -8.798978155966e-02
1.9909999609e+02 9.994531914221e-01 0.000000000000e+00 -3.306536187800e-02 -1.487437096089e-01 0.000000000000e+00 1.000000000000e+00 0.000000000000e+00 1.330000215175e-02 3.306536187800e-02 0.000000000000e+00 9.994531914221e-01 -8.706959707095e-02
1.9920000052e+02 9.994807098687e-01 0.000000000000e+00 -3.222282731687e-02 -1.427224880544e-01 0.000000000000e+00 1.000000000000e+00 0.000000000000e+00 1.230000276179e-02 3.222282731687e-02 0.000000000000e+00 9.994807098687e-01 -8.524641512976e-02
1.9930002809e+02 9.994995336186e-01 0.000000000000e+00 -3.163356281254e-02 -1.504599621160e-01 0.000000000000e+00 1.000000000000e+00 0.000000000000e+00 1.330000324447e-02 3.163356281254e-02 0.000000000000e+00 9.994995336186e-01 -8.601377489145e-02
1.9939996171e+02 9.994601448385e-01 0.000000000000e+00 -3.285451079190e-02 -1.535737535576e-01 0.000000000000e+00 1.000000000000e+00 0.000000000000e+00 8.000003655239e-03 3.285451079190e-02 0.000000000000e+00 9.994601448385e-01 -8.645135938815e-02
1.9949996758e+02 9.994250294497e-01 0.000000000000e+00 -3.390590670423e-02 -1.424042657280e-01 0.000000000000e+00 1.000000000000e+00 0.000000000000e+00 -3.999964194028e-04 3.390590670423e-02 0.000000000000e+00 9.994250294497e-01 -8.146417155740e-02
1.9960004926e+02 9.995878021213e-01 0.000000000000e+00 -2.870933385374e-02 -1.464582722374e-01 0.000000000000e+00 1.000000000000e+00 0.000000000000e+00 1.880000283360e-02 2.870933385374e-02 0.000000000000e+00 9.995878021213e-01 -8.837326381796e-02
1.9969999480e+02 9.995559357979e-01 0.000000000000e+00 -2.979817462689e-02 -1.455431030463e-01 0.000000000000e+00 1.000000000000e+00 0.000000000000e+00 7.400002685621e-03 2.979817462689e-02 0.000000000000e+00 9.995559357979e-01 -8.775704070261e-02
1.9979996896e+02 9.991447472367e-01 0.000000000000e+00 -4.134941437597e-02 -1.430430597628e-01 0.000000000000e+00 1.000000000000e+00 0.000000000000e+00 2.800000385666e-02 4.134941437597e-02 0.000000000000e+00 9.991447472367e-01 -8.459558688858e-02
1.9990014482e+02 9.993666646911e-01 0.000000000000e+00 -3.558468075139e-02 -1.620269050941e-01 0.000000000000e+00 1.000000000000e+00 0.000000000000e+00 4.900002967588e-03 3.558468075139e-02 0.000000000000e+00 9.993666646911e-01 -8.353052303978e-02
2.0000003552e+02 9.993907257841e-01 0.000000000000e+00 -3.490239557284e-02 -1.544062644004e-01 0.000000000000e+00 1.000000000000e+00 0.000000000000e+00 2.500000358413e-02 3.490239557284e-02 0.000000000000e+00 9.993907257841e-01 -8.925843821546e-02
2.0010007453e+02 9.993284081325e-01 0.000000000000e+00 -3.664331725290e-02 -1.514476058964e-01 0.000000000000e+00 1.000000000000e+00 0.000000000000e+00 4.900003402570e-03 3.664331725290e-02 0.000000000000e+00 9.993284081325e-01 -8.489312040781e-02
2.0019997144e+02 9.993958049072e-01 0.000000000000e+00 -3.475665596503e-02 -1.592799192993e-01 0.000000000000e+00 1.000000000000e+00 0.000000000000e+00 4.100003385063e-03 3.475665596503e-02 0.000000000000e+00 9.993958049072e-01 -8.681744769893e-02
2.0030004358e+02 9.992837282703e-01 0.000000000000e+00 -3.784217771613e-02 -1.580200605323e-01 0.000000000000e+00 1.000000000000e+00 0.000000000000e+00 1.570000450198e-02 3.784217771613e-02 0.000000000000e+00 9.992837282703e-01 -8.649698374166e-02
2.0040000939e+02 9.994811854890e-01 0.000000000000e+00 -3.220807124759e-02 -1.547380875870e-01 0.000000000000e+00 1.000000000000e+00 0.000000000000e+00 1.490000259083e-02 3.220807124759e-02 0.000000000000e+00 9.994811854890e-01 -8.671615561835e-02
2.0049997520e+02 9.994759625560e-01 0.000000000000e+00 -3.236974316923e-02 -1.607913455354e-01 0.000000000000e+00 1.000000000000e+00 0.000000000000e+00 1.780000312641e-02 3.236974316923e-02 0.000000000000e+00 9.994759625560e-01 -8.733121492614e-02
2.0059996319e+02 9.991976007331e-01 0.000000000000e+00 -4.005189994635e-02 -1.644951056002e-01 0.000000000000e+00 1.000000000000e+00 0.000000000000e+00 1.380000329293e-02 4.005189994635e-02 0.000000000000e+00 9.991976007331e-01 -8.563986051089e-02
2.0070025301e+02 9.995595531927e-01 0.000000000000e+00 -2.967658371891e-02 -1.557261226353e-01 0.000000000000e+00 1.000000000000e+00 0.000000000000e+00 2.070000383650e-02 2.967658371891e-02 0.000000000000e+00 9.995595531927e-01 -8.961511007513e-02
2.0080004525e+02 9.993725947216e-01 0.000000000000e+00 -3.541774864921e-02 -1.480167288017e-01 0.000000000000e+00 1.000000000000e+00 0.000000000000e+00 4.300002516980e-03 3.541774864921e-02 0.000000000000e+00 9.993725947216e-01 -8.871400340295e-02
2.0090905643e+02 9.995421677780e-01 0.000000000000e+00 -3.025648416048e-02 -1.503561578703e-01 0.000000000000e+00 1.000000000000e+00 0.000000000000e+00 1.500002817228e-03 3.025648416048e-02 0.000000000000e+00 9.995421677780e-01 -8.997201987333e-02
2.0100147033e+02 9.992106625226e-01 0.000000000000e+00 -3.972470139788e-02 -1.499122849859e-01 0.000000000000e+00 1.000000000000e+00 0.000000000000e+00 4.900003148027e-03 3.972470139788e-02 0.000000000000e+00 9.992106625226e-01 -8.354332278327e-02
2.0110002589e+02 9.990543955797e-01 0.000000000000e+00 -4.347774916901e-02 -1.500891662929e-01 0.000000000000e+00 1.000000000000e+00 0.000000000000e+00 3.505112644575e-09 4.347774916901e-02 0.000000000000e+00 9.990543955797e-01 -7.652637442519e-02
2.0119998479e+02 9.994968856306e-01 0.000000000000e+00 -3.171711863889e-02 -1.576304047528e-01 0.000000000000e+00 1.000000000000e+00 0.000000000000e+00 -4.999997192775e-03 3.171711863890e-02 0.000000000000e+00 9.994968856306e-01 -9.205555522861e-02
2.0130014896e+02 9.993494481040e-01 0.000000000000e+00 -3.606494938564e-02 -1.477414851670e-01 0.000000000000e+00 1.000000000000e+00 0.000000000000e+00 4.600003386480e-03 3.606494938564e-02 0.000000000000e+00 9.993494481040e-01 -8.319834849325e-02
2.0139998341e+02 9.994216838217e-01 0.000000000000e+00 -3.400438070345e-02 -1.536373074098e-01 0.000000000000e+00 1.000000000000e+00 0.000000000000e+00 3.600003781986e-03 3.400438070345e-02 0.000000000000e+00 9.994216838217e-01 -8.915561430798e-02
2.0150000548e+02 9.993259269567e-01 0.000000000000e+00 -3.671092088262e-02 -1.554951120675e-01 0.000000000000e+00 1.000000000000e+00 0.000000000000e+00 -1.339999685638e-02 3.671092088262e-02 0.000000000000e+00 9.993259269567e-01 -8.511814865304e-02
2.0160000443e+02 9.993039804938e-01 0.000000000000e+00 -3.730354633562e-02 -1.513146569245e-01 0.000000000000e+00 1.000000000000e+00 0.000000000000e+00 6.100003389374e-03 3.730354633562e-02 0.000000000000e+00 9.993039804938e-01 -8.473049883171e-02
2.0170004129e+02 9.994800203499e-01 0.000000000000e+00 -3.224420756165e-02 -1.518625556917e-01 0.000000000000e+00 1.000000000000e+00 0.000000000000e+00 3.000002491561e-03 3.224420756165e-02 0.000000000000e+00 9.994800203499e-01 -8.840322513619e-02
2.0180002260e+02 9.995372678599e-01 0.000000000000e+00 -3.041792496490e-02 -1.564283623787e-01 0.000000000000e+00 1.000000000000e+00 0.000000000000e+00 -5.599996442788e-03 3.041792496490e-02 0.000000000000e+00 9.995372678599e-01 -8.102909041644e-02
2.0192909312e+02 9.992639460219e-01 0.000000000000e+00 -3.836099817131e-02 -1.530612571722e-01 0.000000000000e+00 1.000000000000e+00 0.000000000000e+00 -2.799996031011e-03 3.836099817131e-02 0.000000000000e+00 9.992639460219e-01 -7.769109619291e-02
2.0200002837e+02 9.994636483888e-01 0.000000000000e+00 -3.274775640292e-02 -1.517329183229e-01 0.000000000000e+00 1.000000000000e+00 0.000000000000e+00 7.000028132276e-04 3.274775640292e-02 0.000000000000e+00 9.994636483888e-01 -7.893399309428e-02
2.0210001493e+02 9.992935714132e-01 0.000000000000e+00 -3.758135351809e-02 -1.551694412689e-01 0.000000000000e+00 1.000000000000e+00 0.000000000000e+00 2.800002856014e-03 3.758135351809e-02 0.000000000000e+00 9.992935714132e-01 -7.792399147533e-02
2.0220000458e+02 9.992292773021e-01 0.000000000000e+00 -3.925367985803e-02 -1.489950352423e-01 0.000000000000e+00 1.000000000000e+00 0.000000000000e+00 -1.169999737363e-02 3.925367985803e-02 0.000000000000e+00 9.992292773021e-01 -7.606861827848e-02
2.0230002379e+02 9.992407522250e-01 0.000000000000e+00 -3.896048116658e-02 -1.516014279573e-01 0.000000000000e+00 1.000000000000e+00 0.000000000000e+00 5.000030237345e-04 3.896048116658e-02 0.000000000000e+00 9.992407522250e-01 -8.180775442841e-02
2.0240006924e+02 9.995381329186e-01 0.000000000000e+00 -3.038948570729e-02 -1.487454293595e-01 0.000000000000e+00 1.000000000000e+00 0.000000000000e+00 -8.999963175790e-04 3.038948570729e-02 0.000000000000e+00 9.995381329186e-01 -8.248063729148e-02
2.0249998975e+02 9.996647647025e-01 0.000000000000e+00 -2.589127676220e-02 -1.560996245323e-01 0.000000000000e+00 1.000000000000e+00 0.000000000000e+00 -1.159999692571e-02 2.589127676220e-02 0.000000000000e+00 9.996647647025e-01 -8.523571154758e-02
2.0259999323e+02 9.995530021200e-01 0.000000000000e+00 -2.989642040412e-02 -1.504586733503e-01 0.000000000000e+00 1.000000000000e+00 0.000000000000e+00 -1.019999742744e-02 2.989642040412e-02 0.000000000000e+00 9.995530021200e-01 -8.365631552438e-02
2.0270021915e+02 9.991358798800e-01 0.000000000000e+00 -4.156312712513e-02 -1.461159176371e-01 0.000000000000e+00 1.000000000000e+00 0.000000000000e+00 1.010000106351e-02 4.156312712513e-02 0.000000000000e+00 9.991358798800e-01 -7.803846846536e-02
2.0279998064e+02 9.994386687731e-01 0.000000000000e+00 -3.350145311987e-02 -1.462106969435e-01 0.000000000000e+00 1.000000000000e+00 0.000000000000e+00 2.880000235428e-02 3.350145311987e-02 0.000000000000e+00 9.994386687731e-01 -8.306069046936e-02
2.0289996028e+02 9.993033237251e-01 0.000000000000e+00 -3.732113599538e-02 -1.517388005384e-01 0.000000000000e+00 1.000000000000e+00 0.000000000000e+00 2.790000273030e-02 3.732113599538e-02 0.000000000000e+00 9.993033237251e-01 -8.506883936557e-02
2.0299992514e+02 9.992962614866e-01 0.000000000000e+00 -3.750975578354e-02 -1.481653482367e-01 0.000000000000e+00 1.000000000000e+00 0.000000000000e+00 2.550000286894e-02 3.750975578354e-02 0.000000000000e+00 9.992962614866e-01 -8.341673021837e-02
2.0309999251e+02 9.993984117482e-01 0.000000000000e+00 -3.468161753833e-02 -1.495796483869e-01 0.000000000000e+00 1.000000000000e+00 0.000000000000e+00 1.940000300910e-02 3.468161753833e-02 0.000000000000e+00 9.993984117482e-01 -8.518966318428e-02
2.0319997120e+02 9.990911094837e-01 0.000000000000e+00 -4.262575454720e-02 -1.557379307983e-01 0.000000000000e+00 1.000000000000e+00 0.000000000000e+00 6.600004379205e-03 4.262575454720e-02 0.000000000000e+00 9.990911094837e-01 -7.664689964307e-02
2.0329996967e+02 9.992964641976e-01 0.000000000000e+00 -3.750435497521e-02 -1.470098496364e-01 0.000000000000e+00 1.000000000000e+00 0.000000000000e+00 7.700003079927e-03 3.750435497521e-02 0.000000000000e+00 9.992964641976e-01 -8.286299796060e-02
2.0339995885e+02 9.993990268853e-01 0.000000000000e+00 -3.466388698197e-02 -1.486465743655e-01 0.000000000000e+00 1.000000000000e+00 0.000000000000e+00 1.190000317675e-02 3.466388698197e-02 0.000000000000e+00 9.993990268853e-01 -8.810842091675e-02
2.0349998355e+02 9.992053287390e-01 0.000000000000e+00 -3.985863795404e-02 -1.446173937531e-01 0.000000000000e+00 1.000000000000e+00 0.000000000000e+00 2.590000252752e-02 3.985863795404e-02 0.000000000000e+00 9.992053287390e-01 -8.280548719050e-02
2.0359998012e+02 9.990437335567e-01 0.000000000000e+00 -4.372205897586e-02 -1.482147655052e-01 0.000000000000e+00 1.000000000000e+00 0.000000000000e+00 1.160000274122e-02 4.372205897586e-02 0.000000000000e+00 9.990437335567e-01 -8.194908378812e-02
2.0370011616e+02 9.993171332627e-01 0.000000000000e+00 -3.694952188715e-02 -1.420151613071e-01 0.000000000000e+00 1.000000000000e+00 0.000000000000e+00 1.350000363890e-02 3.694952188715e-02 0.000000000000e+00 9.993171332627e-01 -8.304141838670e-02
2.0379995179e+02 9.990296254838e-01 0.000000000000e+00 -4.404324472373e-02 -1.423211379714e-01 0.000000000000e+00 1.000000000000e+00 0.000000000000e+00 2.910000342415e-02 4.404324472373e-02 0.000000000000e+00 9.990296254838e-01 -7.710323167043e-02
2.0390047431e+02 9.990287705116e-01 0.000000000000e+00 -4.406263371625e-02 -1.423192191140e-01 0.000000000000e+00 1.000000000000e+00 0.000000000000e+00 2.910000342415e-02 4.406263371625e-02 0.000000000000e+00 9.990287705116e-01 -7.709388052434e-02
2.0399998474e+02 9.989555603782e-01 0.000000000000e+00 -4.569232309192e-02 -1.414355563612e-01 0.000000000000e+00 1.000000000000e+00 0.000000000000e+00 2.010000297182e-02 4.569232309192e-02 0.000000000000e+00 9.989555603782e-01 -7.941881975643e-02
2.0410000396e+02 9.993407236734e-01 0.000000000000e+00 -3.630589494611e-02 -1.518843724571e-01 0.000000000000e+00 1.000000000000e+00 0.000000000000e+00 1.170000163243e-02 3.630589494611e-02 0.000000000000e+00 9.993407236734e-01 -8.084958754945e-02
2.0420001721e+02 9.993402706578e-01 0.000000000000e+00 -3.631836231847e-02 -1.447327640190e-01 0.000000000000e+00 1.000000000000e+00 0.000000000000e+00 7.500003004342e-03 3.631836231847e-02 0.000000000000e+00 9.993402706579e-01 -8.292913002604e-02
2.0429999447e+02 9.991527753704e-01 0.000000000000e+00 -4.115496895450e-02 -1.399764578710e-01 0.000000000000e+00 1.000000000000e+00 0.000000000000e+00 6.200002483129e-03 4.115496895450e-02 0.000000000000e+00 9.991527753704e-01 -8.004113948222e-02
2.0439999032e+02 9.990987687807e-01 0.000000000000e+00 -4.244585045600e-02 -1.467914941947e-01 0.000000000000e+00 1.000000000000e+00 0.000000000000e+00 1.300002685158e-03 4.244585045600e-02 0.000000000000e+00 9.990987687807e-01 -7.735685587951e-02
2.0450011086e+02 9.992099494021e-01 0.000000000000e+00 -3.974263473600e-02 -1.436897329201e-01 0.000000000000e+00 1.000000000000e+00 0.000000000000e+00 1.160000267910e-02 3.974263473600e-02 0.000000000000e+00 9.992099494021e-01 -8.035617436206e-02
2.0460022569e+02 9.993582359855e-01 0.000000000000e+00 -3.582061093678e-02 -1.398172421829e-01 0.000000000000e+00 1.000000000000e+00 0.000000000000e+00 2.170000266591e-02 3.582061093678e-02 0.000000000000e+00 9.993582359855e-01 -7.992591188361e-02
2.0470004678e+02 9.991914110541e-01 0.000000000000e+00 -4.020602039258e-02 -1.488446721606e-01 0.000000000000e+00 1.000000000000e+00 0.000000000000e+00 -3.999966162958e-04 4.020602039258e-02 0.000000000000e+00 9.991914110541e-01 -7.669456105701e-02
2.0479996109e+02 9.995934290529e-01 0.000000000000e+00 -2.851274441954e-02 -1.370992111437e-01 0.000000000000e+00 1.000000000000e+00 0.000000000000e+00 8.600003606349e-03 2.851274441954e-02 0.000000000000e+00 9.995934290529e-01 -8.264960283389e-02
2.0490938544e+02 9.995036445126e-01 0.000000000000e+00 -3.150340626077e-02 -1.381944276173e-01 0.000000000000e+00 1.000000000000e+00 0.000000000000e+00 1.050000316681e-02 3.150340626077e-02 0.000000000000e+00 9.995036445126e-01 -7.543103138602e-02
2.0500065517e+02 9.994887112732e-01 0.000000000000e+00 -3.197367725922e-02 -1.336118659987e-01 0.000000000000e+00 1.000000000000e+00 0.000000000000e+00 1.460000329027e-02 3.197367725922e-02 0.000000000000e+00 9.994887112732e-01 -7.987913905102e-02
2.0509994936e+02 9.993512697802e-01 0.000000000000e+00 -3.601443583849e-02 -1.297296238982e-01 0.000000000000e+00 1.000000000000e+00 0.000000000000e+00 2.100000284861e-02 3.601443583849e-02 0.000000000000e+00 9.993512697802e-01 -7.717891883780e-02
2.0520000696e+02 9.992956813531e-01 0.000000000000e+00 -3.752520791389e-02 -1.349657852463e-01 0.000000000000e+00 1.000000000000e+00 0.000000000000e+00 1.160000217009e-02 3.752520791389e-02 0.000000000000e+00 9.992956813531e-01 -7.629760767440e-02
2.0529995155e+02 9.991367908420e-01 0.000000000000e+00 -4.154122273014e-02 -1.350746303149e-01 0.000000000000e+00 1.000000000000e+00 0.000000000000e+00 1.050000204489e-02 4.154122273014e-02 0.000000000000e+00 9.991367908420e-01 -7.022351417528e-02
2.0539997315e+02 9.994452125262e-01 0.000000000000e+00 -3.330566255962e-02 -1.349733602711e-01 0.000000000000e+00 1.000000000000e+00 0.000000000000e+00 7.100003924505e-03 3.330566255962e-02 0.000000000000e+00 9.994452125262e-01 -7.655881242289e-02
2.0550007415e+02 9.994650360759e-01 0.000000000000e+00 -3.270537665048e-02 -1.371165473241e-01 0.000000000000e+00 1.000000000000e+00 0.000000000000e+00 3.300002718722e-03 3.270537665048e-02 0.000000000000e+00 9.994650360759e-01 -7.124292097681e-02
2.0559996533e+02 9.991625119161e-01 0.000000000000e+00 -4.091790294601e-02 -1.319034407442e-01 0.000000000000e+00 1.000000000000e+00 0.000000000000e+00 2.780000238094e-02 4.091790294601e-02 0.000000000000e+00 9.991625119161e-01 -6.721388954909e-02
2.0570024371e+02 9.991670479293e-01 0.000000000000e+00 -4.080698876609e-02 -1.332540000812e-01 0.000000000000e+00 1.000000000000e+00 0.000000000000e+00 1.130000229916e-02 4.080698876609e-02 0.000000000000e+00 9.991670479293e-01 -6.285940663764e-02
2.0580013919e+02 9.993525674798e-01 0.000000000000e+00 -3.597840840648e-02 -1.302105850041e-01 0.000000000000e+00 1.000000000000e+00 0.000000000000e+00 1.050000207946e-02 3.597840840648e-02 0.000000000000e+00 9.993525674798e-01 -6.768177379513e-02
2.0593048859e+02 9.994300082865e-01 0.000000000000e+00 -3.375882901348e-02 -1.366697444976e-01 0.000000000000e+00 1.000000000000e+00 0.000000000000e+00 1.470000229964e-02 3.375882901348e-02 0.000000000000e+00 9.994300082865e-01 -7.149656566703e-02
2.0599992967e+02 9.995132022451e-01 0.000000000000e+00 -3.119869448817e-02 -1.346865230735e-01 0.000000000000e+00 1.000000000000e+00 0.000000000000e+00 1.150000118780e-02 3.119869448817e-02 0.000000000000e+00 9.995132022451e-01 -7.229638161470e-02
2.0609997106e+02 9.995171963806e-01 0.000000000000e+00 -3.107047053821e-02 -1.357098083752e-01 0.000000000000e+00 1.000000000000e+00 0.000000000000e+00 3.700003507121e-03 3.107047053821e-02 0.000000000000e+00 9.995171963806e-01 -6.905685145708e-02
2.0620005322e+02 9.994858541611e-01 0.000000000000e+00 -3.206286531049e-02 -1.339690982541e-01 0.000000000000e+00 1.000000000000e+00 0.000000000000e+00 7.500002487567e-03 3.206286531049e-02 0.000000000000e+00 9.994858541611e-01 -7.158132541535e-02
2.0629996634e+02 9.991903813357e-01 0.000000000000e+00 -4.023160258064e-02 -1.325754013571e-01 0.000000000000e+00 1.000000000000e+00 0.000000000000e+00 2.680000331351e-02 4.023160258064e-02 0.000000000000e+00 9.991903813357e-01 -7.031111001982e-02
2.0639994359e+02 9.995527653613e-01 0.000000000000e+00 -2.990433511266e-02 -1.327566398132e-01 0.000000000000e+00 1.000000000000e+00 0.000000000000e+00 3.250000222791e-02 2.990433511266e-02 0.000000000000e+00 9.995527653613e-01 -7.392669867265e-02
2.0649995637e+02 9.993385645202e-01 0.000000000000e+00 -3.636527825684e-02 -1.267730737637e-01 0.000000000000e+00 1.000000000000e+00 0.000000000000e+00 1.500000302269e-02 3.636527825684e-02 0.000000000000e+00 9.993385645202e-01 -7.294728073045e-02
2.0659999609e+02 9.993514228806e-01 0.000000000000e+00 -3.601018726044e-02 -1.373933725912e-01 0.000000000000e+00 1.000000000000e+00 0.000000000000e+00 1.610000268330e-02 3.601018726044e-02 0.000000000000e+00 9.993514228806e-01 -7.799205265726e-02
2.0670033383e+02 9.996236054465e-01 0.000000000000e+00 -2.743442060979e-02 -1.321534858639e-01 0.000000000000e+00 1.000000000000e+00 0.000000000000e+00 4.900002858480e-03 2.743442060979e-02 0.000000000000e+00 9.996236054465e-01 -7.556009337275e-02
2.0680003262e+02 9.996393539687e-01 0.000000000000e+00 -2.685445953554e-02 -1.368043005516e-01 0.000000000000e+00 1.000000000000e+00 0.000000000000e+00 2.240000288846e-02 2.685445953554e-02 0.000000000000e+00 9.996393539687e-01 -7.619650320390e-02
2.0690023303e+02 9.997171183766e-01 0.000000000000e+00 -2.378409604861e-02 -1.406326606466e-01 0.000000000000e+00 1.000000000000e+00 0.000000000000e+00 2.540000263037e-02 2.378409604861e-02 0.000000000000e+00 9.997171183766e-01 -7.782377259327e-02
2.0699999928e+02 9.996932097662e-01 0.000000000000e+00 -2.476865655069e-02 -1.377815166763e-01 0.000000000000e+00 1.000000000000e+00 0.000000000000e+00 2.720000300670e-02 2.476865655069e-02 0.000000000000e+00 9.996932097662e-01 -7.561995704237e-02
2.0710005498e+02 9.996333020861e-01 0.000000000000e+00 -2.707879909471e-02 -1.356007117747e-01 0.000000000000e+00 1.000000000000e+00 0.000000000000e+00 3.460000310942e-02 2.707879909471e-02 0.000000000000e+00 9.996333020861e-01 -7.770789720842e-02
2.0720001841e+02 9.997974399847e-01 0.000000000000e+00 -2.012657447494e-02 -1.431689215716e-01 0.000000000000e+00 1.000000000000e+00 0.000000000000e+00 2.020000410538e-02 2.012657447494e-02 0.000000000000e+00 9.997974399847e-01 -8.054881140666e-02
2.0730006719e+02 9.996658568027e-01 0.000000000000e+00 -2.584907624879e-02 -1.377700148675e-01 0.000000000000e+00 1.000000000000e+00 0.000000000000e+00 2.610000233714e-02 2.584907624879e-02 0.000000000000e+00 9.996658568027e-01 -8.177092562654e-02
2.0740004230e+02 9.994671894103e-01 0.000000000000e+00 -3.263950508700e-02 -1.387442047335e-01 0.000000000000e+00 1.000000000000e+00 0.000000000000e+00 3.400000187284e-02 3.263950508700e-02 0.000000000000e+00 9.994671894103e-01 -7.371223289381e-02
2.0750029278e+02 9.995585734733e-01 0.000000000000e+00 -2.970956404868e-02 -1.390983075784e-01 0.000000000000e+00 1.000000000000e+00 0.000000000000e+00 2.190000177276e-02 2.970956404868e-02 0.000000000000e+00 9.995585734733e-01 -7.930118729308e-02
2.0759994340e+02 9.991729650445e-01 0.000000000000e+00 -4.066184850847e-02 -1.334575546995e-01 0.000000000000e+00 1.000000000000e+00 0.000000000000e+00 2.380000182367e-02 4.066184850847e-02 0.000000000000e+00 9.991729650445e-01 -6.910395855300e-02
2.0770001888e+02 9.991791987783e-01 0.000000000000e+00 -4.050837850061e-02 -1.315053416689e-01 0.000000000000e+00 1.000000000000e+00 0.000000000000e+00 2.650000260472e-02 4.050837850061e-02 0.000000000000e+00 9.991791987783e-01 -6.880334599143e-02
2.0779997969e+02 9.993081691026e-01 0.000000000000e+00 -3.719117052221e-02 -1.341767261657e-01 0.000000000000e+00 1.000000000000e+00 0.000000000000e+00 1.940000199610e-02 3.719117052221e-02 0.000000000000e+00 9.993081691026e-01 -6.695514096450e-02
2.0790000486e+02 9.993673643157e-01 0.000000000000e+00 -3.556502693274e-02 -1.347148634543e-01 0.000000000000e+00 1.000000000000e+00 0.000000000000e+00 2.210000167052e-02 3.556502693274e-02 0.000000000000e+00 9.993673643157e-01 -6.940544570183e-02
2.0800002408e+02 9.993899734333e-01 0.000000000000e+00 -3.492393163728e-02 -1.345869765558e-01 0.000000000000e+00 1.000000000000e+00 0.000000000000e+00 9.700003113639e-03 3.492393163728e-02 0.000000000000e+00 9.993899734333e-01 -7.074046989678e-02
2.0810002255e+02 9.992300396921e-01 0.000000000000e+00 -3.923426789195e-02 -1.287478571449e-01 0.000000000000e+00 1.000000000000e+00 0.000000000000e+00 2.670000231148e-02 3.923426789195e-02 0.000000000000e+00 9.992300396921e-01 -6.713255802135e-02
2.0820002818e+02 9.992633344271e-01 0.000000000000e+00 -3.837692626584e-02 -1.337956338639e-01 0.000000000000e+00 1.000000000000e+00 0.000000000000e+00 8.000027218448e-04 3.837692626584e-02 0.000000000000e+00 9.992633344271e-01 -6.717489776835e-02
2.0830008578e+02 9.990359064746e-01 0.000000000000e+00 -4.390054184702e-02 -1.252895393674e-01 0.000000000000e+00 1.000000000000e+00 0.000000000000e+00 2.180000291110e-02 4.390054184702e-02 0.000000000000e+00 9.990359064746e-01 -7.413886047712e-02
2.0839999199e+02 9.989141423652e-01 0.000000000000e+00 -4.658901354089e-02 -1.295253550223e-01 0.000000000000e+00 1.000000000000e+00 0.000000000000e+00 1.160000243566e-02 4.658901354089e-02 0.000000000000e+00 9.989141423652e-01 -6.371327588269e-02
2.0850001860e+02 9.991058171041e-01 0.000000000000e+00 -4.227961954262e-02 -1.299605223951e-01 0.000000000000e+00 1.000000000000e+00 0.000000000000e+00 -3.199998212633e-03 4.227961954262e-02 0.000000000000e+00 9.991058171041e-01 -6.571490283574e-02
2.0860003114e+02 9.990871252724e-01 0.000000000000e+00 -4.271903691521e-02 -1.307134081631e-01 0.000000000000e+00 1.000000000000e+00 0.000000000000e+00 4.000002171743e-03 4.271903691521e-02 0.000000000000e+00 9.990871252724e-01 -6.600494231042e-02
2.0870019221e+02 9.989916126143e-01 0.000000000000e+00 -4.489719285475e-02 -1.285295461055e-01 0.000000000000e+00 1.000000000000e+00 0.000000000000e+00 4.300003213725e-03 4.489719285475e-02 0.000000000000e+00 9.989916126143e-01 -6.604382831183e-02
2.0880000710e+02 9.994532783211e-01 0.000000000000e+00 -3.306273511389e-02 -1.325855693830e-01 0.000000000000e+00 1.000000000000e+00 0.000000000000e+00 -8.899998086191e-03 3.306273511389e-02 0.000000000000e+00 9.994532783211e-01 -6.901605034884e-02
2.0891448569e+02 9.991260637632e-01 0.000000000000e+00 -4.179842950499e-02 -1.373367554514e-01 0.000000000000e+00 1.000000000000e+00 0.000000000000e+00 -1.099997736611e-03 4.179842950499e-02 0.000000000000e+00 9.991260637632e-01 -6.540548833718e-02
2.0900030208e+02 9.995492429925e-01 0.000000000000e+00 -3.002183926922e-02 -1.354073396444e-01 0.000000000000e+00 1.000000000000e+00 0.000000000000e+00 -4.399996012915e-03 3.002183926922e-02 0.000000000000e+00 9.995492429925e-01 -7.172608189763e-02
2.0910024071e+02 9.993078045425e-01 0.000000000000e+00 -3.720096477736e-02 -1.375026860407e-01 0.000000000000e+00 1.000000000000e+00 0.000000000000e+00 1.000011238372e-04 3.720096477736e-02 0.000000000000e+00 9.993078045425e-01 -6.828707809761e-02
2.0920007038e+02 9.995574689280e-01 0.000000000000e+00 -2.974670251097e-02 -1.346092863677e-01 0.000000000000e+00 1.000000000000e+00 0.000000000000e+00 -2.999988337080e-04 2.974670251097e-02 0.000000000000e+00 9.995574689280e-01 -7.282024806537e-02
2.0930005145e+02 9.995990944275e-01 0.000000000000e+00 -2.831343178921e-02 -1.424226354171e-01 0.000000000000e+00 1.000000000000e+00 0.000000000000e+00 8.900002661814e-03 2.831343178921e-02 0.000000000000e+00 9.995990944275e-01 -7.732632309199e-02
2.0940003037e+02 9.993780148160e-01 0.000000000000e+00 -3.526447933054e-02 -1.391862463690e-01 0.000000000000e+00 1.000000000000e+00 0.000000000000e+00 2.000023592261e-04 3.526447933054e-02 0.000000000000e+00 9.993780148160e-01 -7.048770354811e-02
2.0950006342e+02 9.993643902245e-01 0.000000000000e+00 -3.564849998537e-02 -1.370456598275e-01 0.000000000000e+00 1.000000000000e+00 0.000000000000e+00 1.270000259265e-02 3.564849998537e-02 0.000000000000e+00 9.993643902245e-01 -7.273613512822e-02
2.0960004354e+02 9.997684281249e-01 0.000000000000e+00 -2.151952891150e-02 -1.360632321641e-01 0.000000000000e+00 1.000000000000e+00 0.000000000000e+00 1.020000304261e-02 2.151952891150e-02 0.000000000000e+00 9.997684281249e-01 -7.949678396954e-02
2.0970012140e+02 9.995833053854e-01 0.000000000000e+00 -2.886547409575e-02 -1.427587673845e-01 0.000000000000e+00 1.000000000000e+00 0.000000000000e+00 2.700002914320e-03 2.886547409575e-02 0.000000000000e+00 9.995833053854e-01 -7.233067035462e-02
2.0979998136e+02 9.995233092400e-01 0.000000000000e+00 -3.087319688379e-02 -1.324705213265e-01 0.000000000000e+00 1.000000000000e+00 0.000000000000e+00 -4.399996681848e-03 3.087319688379e-02 0.000000000000e+00 9.995233092400e-01 -6.961421414938e-02
2.0991644859e+02 9.997679087591e-01 0.000000000000e+00 -2.154364443229e-02 -1.438381041235e-01 0.000000000000e+00 1.000000000000e+00 0.000000000000e+00 -1.179999835784e-02 2.154364443229e-02 0.000000000000e+00 9.997679087591e-01 -7.697574599004e-02
2.0999995255e+02 9.998157302400e-01 0.000000000000e+00 -1.919649875914e-02 -1.376964074675e-01 0.000000000000e+00 1.000000000000e+00 0.000000000000e+00 -3.399997358711e-03 1.919649875914e-02 0.000000000000e+00 9.998157302400e-01 -7.863085541312e-02
2.1009998345e+02 9.993473544919e-01 0.000000000000e+00 -3.612291613295e-02 -1.320200713981e-01 0.000000000000e+00 1.000000000000e+00 0.000000000000e+00 -5.999968577005e-04 3.612291613295e-02 0.000000000000e+00 9.993473544919e-01 -6.395854452754e-02
2.1019999385e+02 9.991146344013e-01 0.000000000000e+00 -4.207074191442e-02 -1.377121352567e-01 0.000000000000e+00 1.000000000000e+00 0.000000000000e+00 3.000007571318e-04 4.207074191442e-02 0.000000000000e+00 9.991146344013e-01 -6.217820510460e-02
2.1029993534e+02 9.996394273010e-01 0.000000000000e+00 -2.685172965279e-02 -1.337356174789e-01 0.000000000000e+00 1.000000000000e+00 0.000000000000e+00 1.700000928217e-03 2.685172965279e-02 0.000000000000e+00 9.996394273010e-01 -7.071696839369e-02
2.1039998674e+02 9.997406867375e-01 0.000000000000e+00 -2.277189674979e-02 -1.393528990609e-01 0.000000000000e+00 1.000000000000e+00 0.000000000000e+00 -9.399996736458e-03 2.277189674979e-02 0.000000000000e+00 9.997406867375e-01 -7.414992895508e-02
2.1050004673e+02 9.996077563502e-01 0.000000000000e+00 -2.800595373338e-02 -1.384676769107e-01 0.000000000000e+00 1.000000000000e+00 0.000000000000e+00 -1.999997627890e-03 2.800595373338e-02 0.000000000000e+00 9.996077563502e-01 -6.722018638220e-02
2.1060004663e+02 9.993531712019e-01 0.000000000000e+00 -3.596163523305e-02 -1.331323418658e-01 0.000000000000e+00 1.000000000000e+00 0.000000000000e+00 -9.799997516281e-03 3.596163523305e-02 0.000000000000e+00 9.993531712019e-01 -6.589295061864e-02
2.1070004296e+02 9.994579206703e-01 0.000000000000e+00 -3.292210214034e-02 -1.320156496240e-01 0.000000000000e+00 1.000000000000e+00 0.000000000000e+00 -5.599997501518e-03 3.292210214034e-02 0.000000000000e+00 9.994579206703e-01 -6.519169235398e-02
2.1080003190e+02 9.995086918551e-01 0.000000000000e+00 -3.134286052797e-02 -1.338160301247e-01 0.000000000000e+00 1.000000000000e+00 0.000000000000e+00 -6.199996870966e-03 3.134286052797e-02 0.000000000000e+00 9.995086918551e-01 -6.703168849490e-02
2.1090004635e+02 9.995838548425e-01 0.000000000000e+00 -2.884644065222e-02 -1.341717929369e-01 0.000000000000e+00 1.000000000000e+00 0.000000000000e+00 -4.999974277434e-04 2.884644065222e-02 0.000000000000e+00 9.995838548425e-01 -6.583545820760e-02
2.1100004411e+02 9.994912038719e-01 0.000000000000e+00 -3.189566401188e-02 -1.274389784405e-01 0.000000000000e+00 1.000000000000e+00 0.000000000000e+00 7.900001204280e-03 3.189566401188e-02 0.000000000000e+00 9.994912038719e-01 -6.423643488481e-02
2.1110024214e+02 9.995949845798e-01 0.000000000000e+00 -2.845815881018e-02 -1.342022682653e-01 0.000000000000e+00 1.000000000000e+00 0.000000000000e+00 5.700000701989e-03 2.845815881018e-02 0.000000000000e+00 9.995949845798e-01 -6.779210624660e-02
2.1120000291e+02 9.993657569049e-01 0.000000000000e+00 -3.561016604576e-02 -1.307202395914e-01 0.000000000000e+00 1.000000000000e+00 0.000000000000e+00 1.150000254181e-02 3.561016604576e-02 0.000000000000e+00 9.993657569049e-01 -6.240382320331e-02
2.1130004215e+02 9.993585193593e-01 0.000000000000e+00 -3.581270422520e-02 -1.362987980716e-01 0.000000000000e+00 1.000000000000e+00 0.000000000000e+00 1.660000270877e-02 3.581270422520e-02 0.000000000000e+00 9.993585193593e-01 -7.012314424253e-02
2.1140005469e+02 9.994986845974e-01 0.000000000000e+00 -3.166037725693e-02 -1.281746311859e-01 0.000000000000e+00 1.000000000000e+00 0.000000000000e+00 1.440000229336e-02 3.166037725693e-02 0.000000000000e+00 9.994986845974e-01 -6.564620212303e-02
2.1150005555e+02 9.996451208233e-01 0.000000000000e+00 -2.663892667225e-02 -1.364070131873e-01 0.000000000000e+00 1.000000000000e+00 0.000000000000e+00 8.200001324270e-03 2.663892667225e-02 0.000000000000e+00 9.996451208233e-01 -6.797414647213e-02
2.1160023546e+02 9.994193279020e-01 0.000000000000e+00 -3.407355302665e-02 -1.272175798903e-01 0.000000000000e+00 1.000000000000e+00 0.000000000000e+00 1.350000332179e-02 3.407355302665e-02 0.000000000000e+00 9.994193279020e-01 -6.707454481090e-02
2.1170005608e+02 9.996084371101e-01 0.000000000000e+00 -2.798164502589e-02 -1.294716396296e-01 0.000000000000e+00 1.000000000000e+00 0.000000000000e+00 2.220000163263e-02 2.798164502589e-02 0.000000000000e+00 9.996084371101e-01 -7.283925056522e-02
2.1180004096e+02 9.996232751140e-01 0.000000000000e+00 -2.744645423970e-02 -1.377677861609e-01 0.000000000000e+00 1.000000000000e+00 0.000000000000e+00 1.000002967371e-03 2.744645423970e-02 0.000000000000e+00 9.996232751140e-01 -7.109237050745e-02
2.1189995837e+02 9.994976943706e-01 0.000000000000e+00 -3.169162267550e-02 -1.411956739554e-01 0.000000000000e+00 1.000000000000e+00 0.000000000000e+00 -9.199996813390e-03 3.169162267550e-02 0.000000000000e+00 9.994976943706e-01 -6.154411367540e-02
2.1199999404e+02 9.995130991781e-01 0.000000000000e+00 -3.120199627127e-02 -1.416751503637e-01 0.000000000000e+00 1.000000000000e+00 0.000000000000e+00 -3.899997272464e-03 3.120199627127e-02 0.000000000000e+00 9.995130991781e-01 -6.246373636454e-02
2.1209998798e+02 9.996181457685e-01 0.000000000000e+00 -2.763263741102e-02 -1.361963877533e-01 0.000000000000e+00 1.000000000000e+00 0.000000000000e+00 -2.299996873520e-03 2.763263741102e-02 0.000000000000e+00 9.996181457685e-01 -6.841260078532e-02
2.1220027494e+02 9.995082395460e-01 0.000000000000e+00 -3.135728112643e-02 -1.422609263434e-01 0.000000000000e+00 1.000000000000e+00 0.000000000000e+00 -3.599998294667e-03 3.135728112643e-02 0.000000000000e+00 9.995082395460e-01 -6.354229782722e-02
2.1230039287e+02 9.996853832683e-01 0.000000000000e+00 -2.508255329398e-02 -1.401148905950e-01 0.000000000000e+00 1.000000000000e+00 0.000000000000e+00 -1.009999595243e-02 2.508255329398e-02 0.000000000000e+00 9.996853832683e-01 -6.714044891105e-02
2.1240002060e+02 9.993775977901e-01 0.000000000000e+00 -3.527629565774e-02 -1.412378440342e-01 0.000000000000e+00 1.000000000000e+00 0.000000000000e+00 -1.889999867224e-02 3.527629565774e-02 0.000000000000e+00 9.993775977901e-01 -6.015772572030e-02
2.1249998116e+02 9.994695089763e-01 0.000000000000e+00 -3.256839920262e-02 -1.408174943900e-01 0.000000000000e+00 1.000000000000e+00 0.000000000000e+00 -1.639999686900e-02 3.256839920262e-02 0.000000000000e+00 9.994695089763e-01 -6.249172181079e-02
2.1259997439e+02 9.996670680032e-01 0.000000000000e+00 -2.580219273355e-02 -1.412282447580e-01 0.000000000000e+00 1.000000000000e+00 0.000000000000e+00 -6.899998193020e-03 2.580219273355e-02 0.000000000000e+00 9.996670680032e-01 -6.941504855477e-02
2.1270032668e+02 9.994458668548e-01 0.000000000000e+00 -3.328602149279e-02 -1.387233411936e-01 0.000000000000e+00 1.000000000000e+00 0.000000000000e+00 -1.579999782815e-02 3.328602149279e-02 0.000000000000e+00 9.994458668548e-01 -6.489488251500e-02
2.1280037475e+02 9.995870060905e-01 0.000000000000e+00 -2.873703629427e-02 -1.359563227949e-01 0.000000000000e+00 1.000000000000e+00 0.000000000000e+00 -8.899997111576e-03 2.873703629427e-02 0.000000000000e+00 9.995870060905e-01 -6.735048592977e-02
2.1290004754e+02 9.997455971192e-01 0.000000000000e+00 -2.255528853243e-02 -1.348047311961e-01 0.000000000000e+00 1.000000000000e+00 0.000000000000e+00 -1.579999748829e-02 2.255528853243e-02 0.000000000000e+00 9.997455971192e-01 -7.151221035573e-02
2.1299998808e+02 9.993257150710e-01 0.000000000000e+00 -3.671668827527e-02 -1.291252190367e-01 0.000000000000e+00 1.000000000000e+00 0.000000000000e+00 -1.279999647089e-02 3.671668827527e-02 0.000000000000e+00 9.993257150710e-01 -6.419968718879e-02
2.1310002041e+02 9.996633082148e-01 0.000000000000e+00 -2.594745091602e-02 -1.369883400660e-01 0.000000000000e+00 1.000000000000e+00 0.000000000000e+00 -8.699996497696e-03 2.594745091602e-02 0.000000000000e+00 9.996633082148e-01 -6.970063732893e-02
2.1319998670e+02 9.996350529128e-01 0.000000000000e+00 -2.701408869504e-02 -1.340629652657e-01 0.000000000000e+00 1.000000000000e+00 0.000000000000e+00 -2.349999757605e-02 2.701408869504e-02 0.000000000000e+00 9.996350529128e-01 -6.471109466563e-02
2.1329997325e+02 9.992532103411e-01 0.000000000000e+00 -3.863963797781e-02 -1.396226969141e-01 0.000000000000e+00 1.000000000000e+00 0.000000000000e+00 -2.219999775907e-02 3.863963797781e-02 0.000000000000e+00 9.992532103411e-01 -6.108628612674e-02
2.1340001750e+02 9.996011255420e-01 0.000000000000e+00 -2.824163265916e-02 -1.304387018581e-01 0.000000000000e+00 1.000000000000e+00 0.000000000000e+00 -7.199996904769e-03 2.824163265916e-02 0.000000000000e+00 9.996011255420e-01 -7.353925274510e-02
2.1349999237e+02 9.996306247389e-01 0.000000000000e+00 -2.717745543710e-02 -1.311541646262e-01 0.000000000000e+00 1.000000000000e+00 0.000000000000e+00 -2.019999751270e-02 2.717745543710e-02 0.000000000000e+00 9.996306247389e-01 -6.997093529362e-02
2.1360001254e+02 9.996739967576e-01 0.000000000000e+00 -2.553233649186e-02 -1.306134032841e-01 0.000000000000e+00 1.000000000000e+00 0.000000000000e+00 -1.469999776223e-02 2.553233649186e-02 0.000000000000e+00 9.996739967576e-01 -7.212797250365e-02
2.1370003676e+02 9.994480866720e-01 0.000000000000e+00 -3.321930233486e-02 -1.267832375427e-01 0.000000000000e+00 1.000000000000e+00 0.000000000000e+00 -1.059999808689e-02 3.321930233486e-02 0.000000000000e+00 9.994480866720e-01 -6.666493673456e-02
2.1380022860e+02 9.994731235062e-01 0.000000000000e+00 -3.245728560488e-02 -1.293845670170e-01 0.000000000000e+00 1.000000000000e+00 0.000000000000e+00 -1.119999740696e-02 3.245728560488e-02 0.000000000000e+00 9.994731235062e-01 -6.623872898136e-02
2.1393273616e+02 9.996340887259e-01 0.000000000000e+00 -2.704974412208e-02 -1.346437290533e-01 0.000000000000e+00 1.000000000000e+00 0.000000000000e+00 -2.199997425818e-03 2.704974412208e-02 0.000000000000e+00 9.996340887259e-01 -6.913248587171e-02
2.1399997663e+02 9.995035756801e-01 0.000000000000e+00 -3.150559002220e-02 -1.306665707888e-01 0.000000000000e+00 1.000000000000e+00 0.000000000000e+00 -3.899997879532e-03 3.150559002220e-02 0.000000000000e+00 9.995035756801e-01 -6.103552973073e-02
2.1409997511e+02 9.996318391691e-01 0.000000000000e+00 -2.713274994291e-02 -1.358624171897e-01 0.000000000000e+00 1.000000000000e+00 0.000000000000e+00 -8.699997649921e-03 2.713274994291e-02 0.000000000000e+00 9.996318391691e-01 -6.410085492228e-02
2.1419994688e+02 9.994247919620e-01 0.000000000000e+00 -3.391290626949e-02 -1.385575458905e-01 0.000000000000e+00 1.000000000000e+00 0.000000000000e+00 -4.499997513361e-03 3.391290626949e-02 0.000000000000e+00 9.994247919620e-01 -6.080044014367e-02
2.1429993320e+02 9.996665942576e-01 0.000000000000e+00 -2.582054076557e-02 -1.372780649508e-01 0.000000000000e+00 1.000000000000e+00 0.000000000000e+00 -1.469999725421e-02 2.582054076557e-02 0.000000000000e+00 9.996665942576e-01 -6.856475163770e-02
2.1439997077e+02 9.995419642122e-01 0.000000000000e+00 -3.026320833790e-02 -1.357201189636e-01 0.000000000000e+00 1.000000000000e+00 0.000000000000e+00 -5.599997215554e-03 3.026320833790e-02 0.000000000000e+00 9.995419642122e-01 -5.936351027820e-02
2.1450017643e+02 9.993730531385e-01 0.000000000000e+00 -3.540481126426e-02 -1.360771388114e-01 0.000000000000e+00 1.000000000000e+00 0.000000000000e+00 2.500002652823e-03 3.540481126426e-02 0.000000000000e+00 9.993730531385e-01 -6.528182510389e-02
2.1460002112e+02 9.994487401004e-01 0.000000000000e+00 -3.319963722347e-02 -1.332904526409e-01 0.000000000000e+00 1.000000000000e+00 0.000000000000e+00 2.700001914764e-03 3.319963722347e-02 0.000000000000e+00 9.994487401004e-01 -6.657699102967e-02
2.1470002413e+02 9.994886667210e-01 0.000000000000e+00 -3.197506991947e-02 -1.288588089508e-01 0.000000000000e+00 1.000000000000e+00 0.000000000000e+00 -6.399998462855e-03 3.197506991947e-02 0.000000000000e+00 9.994886667210e-01 -6.392262590674e-02
2.1480000281e+02 9.994975670435e-01 0.000000000000e+00 -3.169563809385e-02 -1.338487553946e-01 0.000000000000e+00 1.000000000000e+00 0.000000000000e+00 1.180000306648e-02 3.169563809385e-02 0.000000000000e+00 9.994975670435e-01 -6.599606470795e-02
2.1493377376e+02 9.998957815523e-01 0.000000000000e+00 -1.443696761701e-02 -1.400744691028e-01 0.000000000000e+00 1.000000000000e+00 0.000000000000e+00 -2.299997100510e-03 1.443696761701e-02 0.000000000000e+00 9.998957815523e-01 -7.215802091620e-02
2.1499995613e+02 9.996808949465e-01 0.000000000000e+00 -2.526080519126e-02 -1.412393047101e-01 0.000000000000e+00 1.000000000000e+00 0.000000000000e+00 6.600001507458e-03 2.526080519126e-02 0.000000000000e+00 9.996808949465e-01 -7.161990296710e-02
2.1509995341e+02 9.996101186186e-01 0.000000000000e+00 -2.792151061926e-02 -1.391478616310e-01 0.000000000000e+00 1.000000000000e+00 0.000000000000e+00 2.900003229180e-03 2.792151061926e-02 0.000000000000e+00 9.996101186186e-01 -6.717732957289e-02
2.1519995713e+02 9.990113924643e-01 0.000000000000e+00 -4.445489541593e-02 -1.332954927419e-01 0.000000000000e+00 1.000000000000e+00 0.000000000000e+00 1.200000221195e-02 4.445489541593e-02 0.000000000000e+00 9.990113924643e-01 -6.330149617374e-02
2.1529998803e+02 9.996087871186e-01 0.000000000000e+00 -2.796913862078e-02 -1.371344190471e-01 0.000000000000e+00 1.000000000000e+00 0.000000000000e+00 3.400002255188e-03 2.796913862078e-02 0.000000000000e+00 9.996087871186e-01 -6.889343798005e-02
2.1540009665e+02 9.997636292545e-01 0.000000000000e+00 -2.174133436318e-02 -1.354930800232e-01 0.000000000000e+00 1.000000000000e+00 0.000000000000e+00 1.230000212388e-02 2.174133436318e-02 0.000000000000e+00 9.997636292545e-01 -7.194529770348e-02
2.1550023651e+02 9.995040202252e-01 0.000000000000e+00 -3.149148382757e-02 -1.344204969227e-01 0.000000000000e+00 1.000000000000e+00 0.000000000000e+00 1.020000239537e-02 3.149148382757e-02 0.000000000000e+00 9.995040202252e-01 -6.319075689062e-02
2.1560053468e+02 9.991777740120e-01 0.000000000000e+00 -4.054350651286e-02 -1.341404792036e-01 0.000000000000e+00 1.000000000000e+00 0.000000000000e+00 1.270000111055e-02 4.054350651286e-02 0.000000000000e+00 9.991777740120e-01 -6.140593494842e-02
2.1570000863e+02 9.992113118347e-01 0.000000000000e+00 -3.970836563720e-02 -1.338099538306e-01 0.000000000000e+00 1.000000000000e+00 0.000000000000e+00 1.400000199738e-02 3.970836563720e-02 0.000000000000e+00 9.992113118347e-01 -5.952918197110e-02
2.1580142808e+02 9.996765971709e-01 0.000000000000e+00 -2.543031790429e-02 -1.384696613288e-01 0.000000000000e+00 1.000000000000e+00 0.000000000000e+00 3.400001388470e-03 2.543031790429e-02 0.000000000000e+00 9.996765971709e-01 -6.615435878324e-02
2.1590012860e+02 9.994097689416e-01 0.000000000000e+00 -3.435278364528e-02 -1.261704106926e-01 0.000000000000e+00 1.000000000000e+00 0.000000000000e+00 1.600000080515e-02 3.435278364528e-02 0.000000000000e+00 9.994097689416e-01 -6.227452495481e-02
2.1600007248e+02 9.997834829223e-01 0.000000000000e+00 -2.080834629852e-02 -1.390049449116e-01 0.000000000000e+00 1.000000000000e+00 0.000000000000e+00 2.100001882344e-03 2.080834629852e-02 0.000000000000e+00 9.997834829223e-01 -6.373865074807e-02
2.1610030460e+02 9.996122212124e-01 0.000000000000e+00 -2.784613443033e-02 -1.320615344896e-01 0.000000000000e+00 1.000000000000e+00 0.000000000000e+00 1.090000283204e-02 2.784613443033e-02 0.000000000000e+00 9.996122212124e-01 -6.765606325358e-02
2.1620006108e+02 9.996945150163e-01 0.000000000000e+00 -2.471591888492e-02 -1.324849073157e-01 0.000000000000e+00 1.000000000000e+00 0.000000000000e+00 -5.799997554808e-03 2.471591888492e-02 0.000000000000e+00 9.996945150163e-01 -6.460414442803e-02
2.1630004907e+02 9.989500051717e-01 0.000000000000e+00 -4.581361334284e-02 -1.292170557669e-01 0.000000000000e+00 1.000000000000e+00 0.000000000000e+00 -1.699997228337e-03 4.581361334284e-02 0.000000000000e+00 9.989500051717e-01 -5.579884287660e-02
2.1640000415e+02 9.998158179992e-01 0.000000000000e+00 -1.919192743326e-02 -1.355076524535e-01 0.000000000000e+00 1.000000000000e+00 0.000000000000e+00 -5.999996675471e-03 1.919192743326e-02 0.000000000000e+00 9.998158179992e-01 -7.546553508969e-02
2.1649998975e+02 9.995791090261e-01 0.000000000000e+00 -2.901042568699e-02 -1.301903194459e-01 0.000000000000e+00 1.000000000000e+00 0.000000000000e+00 -4.199997973971e-03 2.901042568699e-02 0.000000000000e+00 9.995791090261e-01 -6.284717617631e-02
2.1659997010e+02 9.993966370921e-01 0.000000000000e+00 -3.473271899876e-02 -1.375835036983e-01 0.000000000000e+00 1.000000000000e+00 0.000000000000e+00 -8.499997482084e-03 3.473271899876e-02 0.000000000000e+00 9.993966370921e-01 -6.076840795005e-02
2.1670021820e+02 9.991050193695e-01 0.000000000000e+00 -4.229846652767e-02 -1.276282524670e-01 0.000000000000e+00 1.000000000000e+00 0.000000000000e+00 -1.249999746190e-02 4.229846652767e-02 0.000000000000e+00 9.991050193695e-01 -5.245365388737e-02
2.1680000591e+02 9.996905813451e-01 0.000000000000e+00 -2.487451647488e-02 -1.338184846674e-01 0.000000000000e+00 1.000000000000e+00 0.000000000000e+00 -1.079999811955e-02 2.487451647488e-02 0.000000000000e+00 9.996905813451e-01 -6.429921180743e-02
2.1690002227e+02 9.992843190927e-01 0.000000000000e+00 -3.782657287482e-02 -1.247812741234e-01 0.000000000000e+00 1.000000000000e+00 0.000000000000e+00 -1.799997174396e-03 3.782657287482e-02 0.000000000000e+00 9.992843190927e-01 -5.178092494086e-02
2.1699999762e+02 9.998660948644e-01 0.000000000000e+00 -1.636436190370e-02 -1.393545029169e-01 0.000000000000e+00 1.000000000000e+00 0.000000000000e+00 -1.739999880348e-02 1.636436190370e-02 0.000000000000e+00 9.998660948644e-01 -6.044455289173e-02
2.1709997487e+02 9.994964023077e-01 0.000000000000e+00 -3.173234586411e-02 -1.227821022749e-01 0.000000000000e+00 1.000000000000e+00 0.000000000000e+00 -7.699998754006e-03 3.173234586411e-02 0.000000000000e+00 9.994964023077e-01 -5.363995064759e-02
2.1719997835e+02 9.996211474462e-01 0.000000000000e+00 -2.752383654926e-02 -1.278119850639e-01 0.000000000000e+00 1.000000000000e+00 0.000000000000e+00 -4.299996855374e-03 2.752383654926e-02 0.000000000000e+00 9.996211474462e-01 -5.919036198792e-02
2.1730015802e+02 9.998788224053e-01 0.000000000000e+00 -1.556728959506e-02 -1.320565350639e-01 0.000000000000e+00 1.000000000000e+00 0.000000000000e+00 -1.049999756841e-02 1.556728959506e-02 0.000000000000e+00 9.998788224053e-01 -6.760582509146e-02
2.1739997506e+02 9.999304071609e-01 0.000000000000e+00 -1.179749274247e-02 -1.291433797018e-01 0.000000000000e+00 1.000000000000e+00 0.000000000000e+00 -1.919999846845e-02 1.179749274247e-02 0.000000000000e+00 9.999304071609e-01 -6.476695910357e-02
2.1749997950e+02 9.995231945427e-01 0.000000000000e+00 -3.087690999947e-02 -1.266593792848e-01 0.000000000000e+00 1.000000000000e+00 0.000000000000e+00 -1.169999696057e-02 3.087690999947e-02 0.000000000000e+00 9.995231945427e-01 -6.112523021648e-02
2.1759998178e+02 9.996172415368e-01 0.000000000000e+00 -2.766532888545e-02 -1.261897924660e-01 0.000000000000e+00 1.000000000000e+00 0.000000000000e+00 -1.709999648699e-02 2.766532888545e-02 0.000000000000e+00 9.996172415368e-01 -6.246436263935e-02
2.1770041513e+02 9.993928883521e-01 0.000000000000e+00 -3.484041778197e-02 -1.232178845345e-01 0.000000000000e+00 1.000000000000e+00 0.000000000000e+00 -1.559999909796e-02 3.484041778197e-02 0.000000000000e+00 9.993928883521e-01 -5.710560559072e-02
2.1780009174e+02 9.994058136391e-01 0.000000000000e+00 -3.446766113785e-02 -1.230132770649e-01 0.000000000000e+00 1.000000000000e+00 0.000000000000e+00 -5.899997806331e-03 3.446766113785e-02 0.000000000000e+00 9.994058136391e-01 -5.917513450935e-02
2.1790062881e+02 9.993824898572e-01 0.000000000000e+00 -3.513742971346e-02 -1.252313624202e-01 0.000000000000e+00 1.000000000000e+00 0.000000000000e+00 5.000001866237e-03 3.513742971346e-02 0.000000000000e+00 9.993824898572e-01 -5.767387805579e-02
2.1800222945e+02 9.997830415843e-01 0.000000000000e+00 -2.082954057363e-02 -1.221601936648e-01 0.000000000000e+00 1.000000000000e+00 0.000000000000e+00 2.010000310601e-02 2.082954057363e-02 0.000000000000e+00 9.997830415843e-01 -6.881692187927e-02
2.1810075951e+02 9.995990276335e-01 0.000000000000e+00 -2.831578983774e-02 -1.123446250140e-01 0.000000000000e+00 1.000000000000e+00 0.000000000000e+00 1.020000169832e-02 2.831578983774e-02 0.000000000000e+00 9.995990276335e-01 -6.018580881656e-02
2.1820033383e+02 9.992032516740e-01 0.000000000000e+00 -3.991067331063e-02 -1.160980762770e-01 0.000000000000e+00 1.000000000000e+00 0.000000000000e+00 1.970000159512e-02 3.991067331063e-02 0.000000000000e+00 9.992032516740e-01 -5.564171932538e-02
2.1830020618e+02 9.989235570580e-01 0.000000000000e+00 -4.638671312618e-02 -1.189790362511e-01 0.000000000000e+00 1.000000000000e+00 0.000000000000e+00 1.490000177910e-02 4.638671312618e-02 0.000000000000e+00 9.989235570580e-01 -5.111174872478e-02
2.1840042877e+02 9.991300320421e-01 0.000000000000e+00 -4.170346594198e-02 -1.169874759343e-01 0.000000000000e+00 1.000000000000e+00 0.000000000000e+00 6.400002863973e-03 4.170346594198e-02 0.000000000000e+00 9.991300320421e-01 -5.400417545503e-02
2.1850048590e+02 9.996405284893e-01 0.000000000000e+00 -2.681070311741e-02 -1.131178139207e-01 0.000000000000e+00 1.000000000000e+00 0.000000000000e+00 2.490000170359e-02 2.681070311741e-02 0.000000000000e+00 9.996405284893e-01 -6.246554764949e-02
2.1860015106e+02 9.992790577709e-01 0.000000000000e+00 -3.796530917174e-02 -1.154353716940e-01 0.000000000000e+00 1.000000000000e+00 0.000000000000e+00 3.350000292082e-02 3.796530917174e-02 0.000000000000e+00 9.992790577709e-01 -6.032032548257e-02
2.1870045328e+02 9.992293302063e-01 0.000000000000e+00 -3.925233312257e-02 -1.230447347111e-01 0.000000000000e+00 1.000000000000e+00 0.000000000000e+00 1.490000233321e-02 3.925233312257e-02 0.000000000000e+00 9.992293302063e-01 -5.724244517013e-02
2.1880223227e+02 9.992779436905e-01 0.000000000000e+00 -3.799462137755e-02 -1.183136901705e-01 0.000000000000e+00 1.000000000000e+00 0.000000000000e+00 2.020000239267e-02 3.799462137755e-02 0.000000000000e+00 9.992779436905e-01 -5.835131003274e-02
2.1890015292e+02 9.993060299985e-01 0.000000000000e+00 -3.724860277446e-02 -1.207747657941e-01 0.000000000000e+00 1.000000000000e+00 0.000000000000e+00 -3.199997522343e-03 3.724860277446e-02 0.000000000000e+00 9.993060299985e-01 -5.522497226726e-02
2.1900010872e+02 9.989591416997e-01 0.000000000000e+00 -4.561395855049e-02 -1.189508058520e-01 0.000000000000e+00 1.000000000000e+00 0.000000000000e+00 7.600001647240e-03 4.561395855049e-02 0.000000000000e+00 9.989591416997e-01 -5.003163215741e-02
2.1910006738e+02 9.992500845106e-01 0.000000000000e+00 -3.872039004809e-02 -1.148500971440e-01 0.000000000000e+00 1.000000000000e+00 0.000000000000e+00 1.020000233789e-02 3.872039004809e-02 0.000000000000e+00 9.992500845106e-01 -5.653859588577e-02
2.1920026469e+02 9.991797556039e-01 0.000000000000e+00 -4.049464151327e-02 -1.189414002866e-01 0.000000000000e+00 1.000000000000e+00 0.000000000000e+00 -1.399997928959e-03 4.049464151327e-02 0.000000000000e+00 9.991797556039e-01 -5.349374525027e-02
2.1930007362e+02 9.989248191237e-01 0.000000000000e+00 -4.635952694704e-02 -1.116678836285e-01 0.000000000000e+00 1.000000000000e+00 0.000000000000e+00 -3.999998690744e-04 4.635952694704e-02 0.000000000000e+00 9.989248191237e-01 -4.985226268267e-02
2.1940006781e+02 9.990838367566e-01 0.000000000000e+00 -4.279587750944e-02 -1.176775995702e-01 0.000000000000e+00 1.000000000000e+00 0.000000000000e+00 2.260000137491e-02 4.279587750944e-02 0.000000000000e+00 9.990838367566e-01 -5.389610943124e-02
2.1950024295e+02 9.992883006954e-01 0.000000000000e+00 -3.772124193677e-02 -1.155521087752e-01 0.000000000000e+00 1.000000000000e+00 0.000000000000e+00 1.410000123116e-02 3.772124193677e-02 0.000000000000e+00 9.992883006954e-01 -5.973016622915e-02
2.1960005569e+02 9.990371584761e-01 0.000000000000e+00 -4.387204102900e-02 -1.239740592177e-01 0.000000000000e+00 1.000000000000e+00 0.000000000000e+00 3.000001579607e-03 4.387204102900e-02 0.000000000000e+00 9.990371584761e-01 -5.050989462903e-02
2.1970057702e+02 9.990361811660e-01 0.000000000000e+00 -4.389429030314e-02 -1.239718554817e-01 0.000000000000e+00 1.000000000000e+00 0.000000000000e+00 3.000001579607e-03 4.389429030314e-02 0.000000000000e+00 9.990361811660e-01 -5.049916444805e-02
2.1980005693e+02 9.990960093803e-01 0.000000000000e+00 -4.251075205644e-02 -1.173169084389e-01 0.000000000000e+00 1.000000000000e+00 0.000000000000e+00 2.010000173069e-02 4.251075205644e-02 0.000000000000e+00 9.990960093803e-01 -5.470578757375e-02
2.1990004492e+02 9.994365706133e-01 0.000000000000e+00 -3.356398845078e-02 -1.339134498035e-01 0.000000000000e+00 1.000000000000e+00 0.000000000000e+00 3.000016696632e-04 3.356398845078e-02 0.000000000000e+00 9.994365706133e-01 -5.621682715608e-02
2.2000003767e+02 9.992500948896e-01 0.000000000000e+00 -3.872012219874e-02 -1.172166578372e-01 0.000000000000e+00 1.000000000000e+00 0.000000000000e+00 3.300002773323e-03 3.872012219874e-02 0.000000000000e+00 9.992500948896e-01 -5.884335515836e-02
2.2010004258e+02 9.992887579257e-01 0.000000000000e+00 -3.770912732149e-02 -1.248286043333e-01 0.000000000000e+00 1.000000000000e+00 0.000000000000e+00 4.900001879012e-03 3.770912732149e-02 0.000000000000e+00 9.992887579257e-01 -6.019288030398e-02
2.2020012641e+02 9.994877947299e-01 0.000000000000e+00 -3.200231532138e-02 -1.241270112715e-01 0.000000000000e+00 1.000000000000e+00 0.000000000000e+00 -6.999988673320e-04 3.200231532138e-02 0.000000000000e+00 9.994877947299e-01 -5.780832193235e-02
2.2030008483e+02 9.994124482577e-01 0.000000000000e+00 -3.427474679141e-02 -1.254605603763e-01 0.000000000000e+00 1.000000000000e+00 0.000000000000e+00 6.900003664458e-03 3.427474679141e-02 0.000000000000e+00 9.994124482577e-01 -5.921075677735e-02
2.2040035486e+02 9.993802435143e-01 0.000000000000e+00 -3.520126238197e-02 -1.258181304491e-01 0.000000000000e+00 1.000000000000e+00 0.000000000000e+00 3.180000212677e-02 3.520126238197e-02 0.000000000000e+00 9.993802435143e-01 -6.274188125978e-02
2.2050017810e+02 9.997179840332e-01 0.000000000000e+00 -2.374768200326e-02 -1.245729037151e-01 0.000000000000e+00 1.000000000000e+00 0.000000000000e+00 1.070000192408e-02 2.374768200326e-02 0.000000000000e+00 9.997179840332e-01 -6.575878708696e-02
2.2060002470e+02 9.996783228233e-01 0.000000000000e+00 -2.536239100069e-02 -1.218389141486e-01 0.000000000000e+00 1.000000000000e+00 0.000000000000e+00 1.080000178307e-02 2.536239100069e-02 0.000000000000e+00 9.996783228233e-01 -6.639487656167e-02
2.2070016026e+02 9.994544914498e-01 0.000000000000e+00 -3.302604306850e-02 -1.229340653807e-01 0.000000000000e+00 1.000000000000e+00 0.000000000000e+00 4.200001948311e-03 3.302604306850e-02 0.000000000000e+00 9.994544914498e-01 -5.928835400804e-02
2.2080001211e+02 9.988779738192e-01 0.000000000000e+00 -4.735813994312e-02 -1.289881898883e-01 0.000000000000e+00 1.000000000000e+00 0.000000000000e+00 3.000001345341e-03 4.735813994312e-02 0.000000000000e+00 9.988779738192e-01 -4.855009892144e-02
2.2090042257e+02 9.988729592669e-01 0.000000000000e+00 -4.746378877988e-02 -1.146863603169e-01 0.000000000000e+00 1.000000000000e+00 0.000000000000e+00 1.540000300627e-02 4.746378877988e-02 0.000000000000e+00 9.988729592669e-01 -5.089253133444e-02
2.2100013781e+02 9.995717994107e-01 0.000000000000e+00 -2.926119995704e-02 -1.214908714272e-01 0.000000000000e+00 1.000000000000e+00 0.000000000000e+00 1.410000100441e-02 2.926119995704e-02 0.000000000000e+00 9.995717994107e-01 -6.020506000121e-02
2.2109998608e+02 9.995933460810e-01 0.000000000000e+00 -2.851565307885e-02 -1.183118003143e-01 0.000000000000e+00 1.000000000000e+00 0.000000000000e+00 1.600000079591e-02 2.851565307885e-02 0.000000000000e+00 9.995933460810e-01 -6.233046908275e-02
2.2120027733e+02 9.992769442653e-01 0.000000000000e+00 -3.802089767121e-02 -1.155288651438e-01 0.000000000000e+00 1.000000000000e+00 0.000000000000e+00 1.829999993117e-02 3.802089767121e-02 0.000000000000e+00 9.992769442653e-01 -5.716912089341e-02
2.2130005097e+02 9.990693860295e-01 0.000000000000e+00 -4.313191276431e-02 -1.199502983659e-01 0.000000000000e+00 1.000000000000e+00 0.000000000000e+00 1.400000113281e-02 4.313191276431e-02 0.000000000000e+00 9.990693860295e-01 -5.153609817359e-02
2.2140004969e+02 9.997346085853e-01 0.000000000000e+00 -2.303719594144e-02 -1.213266665882e-01 0.000000000000e+00 1.000000000000e+00 0.000000000000e+00 1.380000100161e-02 2.303719594144e-02 0.000000000000e+00 9.997346085853e-01 -6.744610707269e-02
2.2150008106e+02 9.996762900216e-01 0.000000000000e+00 -2.544238921070e-02 -1.214983322316e-01 0.000000000000e+00 1.000000000000e+00 0.000000000000e+00 9.600002505693e-03 2.544238921070e-02 0.000000000000e+00 9.996762900216e-01 -6.498855290911e-02
2.2160033560e+02 9.997182096632e-01 0.000000000000e+00 -2.373818164497e-02 -1.106392310048e-01 0.000000000000e+00 1.000000000000e+00 0.000000000000e+00 9.600002241442e-03 2.373818164497e-02 0.000000000000e+00 9.997182096632e-01 -6.413103968838e-02
2.2170020366e+02 9.997315957227e-01 0.000000000000e+00 -2.316757461961e-02 -1.205553334639e-01 0.000000000000e+00 1.000000000000e+00 0.000000000000e+00 6.900003314007e-03 2.316757461961e-02 0.000000000000e+00 9.997315957227e-01 -6.229883357633e-02
2.2180091929e+02 9.994807741253e-01 0.000000000000e+00 -3.222083415773e-02 -1.124257858805e-01 0.000000000000e+00 1.000000000000e+00 0.000000000000e+00 1.810000185134e-02 3.222083415773e-02 0.000000000000e+00 9.994807741253e-01 -5.928465288975e-02
2.2190030909e+02 9.995926715181e-01 0.000000000000e+00 -2.853928953894e-02 -1.212385250469e-01 0.000000000000e+00 1.000000000000e+00 0.000000000000e+00 -2.299997687285e-03 2.853928953894e-02 0.000000000000e+00 9.995926715181e-01 -5.521257675981e-02
2.2200011444e+02 9.996106535876e-01 0.000000000000e+00 -2.790235176787e-02 -1.178566751614e-01 0.000000000000e+00 1.000000000000e+00 0.000000000000e+00 9.300002050926e-03 2.790235176787e-02 0.000000000000e+00 9.996106535876e-01 -5.992855831832e-02
2.2210013485e+02 9.995039830982e-01 0.000000000000e+00 -3.149266217389e-02 -1.215310009755e-01 0.000000000000e+00 1.000000000000e+00 0.000000000000e+00 1.130000149139e-02 3.149266217389e-02 0.000000000000e+00 9.995039830982e-01 -5.883269115418e-02
2.2220006752e+02 9.995304010195e-01 0.000000000000e+00 -3.064273874603e-02 -1.183017820537e-01 0.000000000000e+00 1.000000000000e+00 0.000000000000e+00 4.200002810336e-03 3.064273874603e-02 0.000000000000e+00 9.995304010195e-01 -5.689362013521e-02
2.2230007792e+02 9.995331920663e-01 0.000000000000e+00 -3.055156228004e-02 -1.165920872183e-01 0.000000000000e+00 1.000000000000e+00 0.000000000000e+00 2.130000306455e-02 3.055156228004e-02 0.000000000000e+00 9.995331920663e-01 -6.403605991722e-02
2.2240004706e+02 9.996055746521e-01 0.000000000000e+00 -2.808371635803e-02 -1.158770737455e-01 0.000000000000e+00 1.000000000000e+00 0.000000000000e+00 5.400002129405e-03 2.808371635803e-02 0.000000000000e+00 9.996055746521e-01 -5.944027080937e-02
2.2250042105e+02 9.994772864625e-01 0.000000000000e+00 -3.232883922397e-02 -1.178272916897e-01 0.000000000000e+00 1.000000000000e+00 0.000000000000e+00 9.300002056838e-03 3.232883922397e-02 0.000000000000e+00 9.994772864625e-01 -5.663262568342e-02
2.2260012698e+02 9.995896646997e-01 0.000000000000e+00 -2.864441002223e-02 -1.196354554471e-01 0.000000000000e+00 1.000000000000e+00 0.000000000000e+00 1.870000238984e-02 2.864441002223e-02 0.000000000000e+00 9.995896646997e-01 -6.009710152235e-02
2.2270011020e+02 9.992486941019e-01 0.000000000000e+00 -3.875625543829e-02 -1.180662085299e-01 0.000000000000e+00 1.000000000000e+00 0.000000000000e+00 7.500002860094e-03 3.875625543829e-02 0.000000000000e+00 9.992486941019e-01 -5.467657477006e-02
2.2280008578e+02 9.996537942825e-01 0.000000000000e+00 -2.631143433344e-02 -1.192436383853e-01 0.000000000000e+00 1.000000000000e+00 0.000000000000e+00 2.900002541631e-03 2.631143433344e-02 0.000000000000e+00 9.996537942825e-01 -5.862296498783e-02
2.2290005231e+02 9.994299963520e-01 0.000000000000e+00 -3.375918233472e-02 -1.160697935578e-01 0.000000000000e+00 1.000000000000e+00 0.000000000000e+00 5.000001557621e-03 3.375918233472e-02 0.000000000000e+00 9.994299963520e-01 -5.707478559445e-02
2.2300012660e+02 9.996378019485e-01 0.000000000000e+00 -2.691217039950e-02 -1.173156206894e-01 0.000000000000e+00 1.000000000000e+00 0.000000000000e+00 9.300002312964e-03 2.691217039950e-02 0.000000000000e+00 9.996378019485e-01 -6.149011856194e-02
2.2310005283e+02 9.993742816846e-01 0.000000000000e+00 -3.537011602128e-02 -1.117844822060e-01 0.000000000000e+00 1.000000000000e+00 0.000000000000e+00 1.320000116325e-02 3.537011602128e-02 0.000000000000e+00 9.993742816846e-01 -5.687852227257e-02
2.2320017123e+02 9.995063642670e-01 0.000000000000e+00 -3.141699842156e-02 -1.210754759296e-01 0.000000000000e+00 1.000000000000e+00 0.000000000000e+00 5.800002312915e-03 3.141699842156e-02 0.000000000000e+00 9.995063642670e-01 -5.748524832255e-02
2.2330024385e+02 9.996679565017e-01 0.000000000000e+00 -2.576774618839e-02 -1.157208468039e-01 0.000000000000e+00 1.000000000000e+00 0.000000000000e+00 3.800001664616e-03 2.576774618839e-02 0.000000000000e+00 9.996679565017e-01 -5.843882593060e-02
2.2339998031e+02 9.997812364790e-01 0.000000000000e+00 -2.091600307101e-02 -1.160345267594e-01 0.000000000000e+00 1.000000000000e+00 0.000000000000e+00 -7.999981627037e-04 2.091600307101e-02 0.000000000000e+00 9.997812364790e-01 -6.039521232649e-02
2.2350002027e+02 9.996885483373e-01 0.000000000000e+00 -2.495608790086e-02 -1.165087083519e-01 0.000000000000e+00 1.000000000000e+00 0.000000000000e+00 -1.999977279818e-04 2.495608790086e-02 0.000000000000e+00 9.996885483373e-01 -5.962519454879e-02
2.2360000086e+02 9.997876042406e-01 0.000000000000e+00 -2.060937667455e-02 -1.273779595431e-01 0.000000000000e+00 1.000000000000e+00 0.000000000000e+00 -9.599998267172e-03 2.060937667455e-02 0.000000000000e+00 9.997876042406e-01 -6.299828707728e-02
2.2370004010e+02 9.999254047983e-01 0.000000000000e+00 -1.221412456748e-02 -1.158363542277e-01 0.000000000000e+00 1.000000000000e+00 0.000000000000e+00 1.900000146341e-02 1.221412456748e-02 0.000000000000e+00 9.999254047983e-01 -6.954752928948e-02
2.2379997849e+02 9.996907293630e-01 0.000000000000e+00 -2.486856702281e-02 -1.214346309469e-01 0.000000000000e+00 1.000000000000e+00 0.000000000000e+00 -2.999998232769e-03 2.486856702281e-02 0.000000000000e+00 9.996907293630e-01 -5.967502442933e-02
2.2389999700e+02 9.993517633286e-01 0.000000000000e+00 -3.600073793724e-02 -1.261806218962e-01 0.000000000000e+00 1.000000000000e+00 0.000000000000e+00 3.900002237078e-03 3.600073793724e-02 0.000000000000e+00 9.993517633286e-01 -5.783998587236e-02
2.2400015545e+02 9.995458639392e-01 0.000000000000e+00 -3.013413151344e-02 -1.177980767070e-01 0.000000000000e+00 1.000000000000e+00 0.000000000000e+00 -3.999998132781e-03 3.013413151344e-02 0.000000000000e+00 9.995458639392e-01 -6.399460908004e-02
2.2410002732e+02 9.993414177245e-01 0.000000000000e+00 -3.628678575422e-02 -1.173244187960e-01 0.000000000000e+00 1.000000000000e+00 0.000000000000e+00 9.600002111894e-03 3.628678575422e-02 0.000000000000e+00 9.993414177245e-01 -6.357507967873e-02
2.2419999671e+02 9.993084225035e-01 0.000000000000e+00 -3.718436114287e-02 -1.081587135336e-01 0.000000000000e+00 1.000000000000e+00 0.000000000000e+00 2.200001389753e-03 3.718436114287e-02 0.000000000000e+00 9.993084225035e-01 -5.810100614855e-02
2.2430000925e+02 9.994018412821e-01 0.000000000000e+00 -3.458264943418e-02 -1.108540849686e-01 0.000000000000e+00 1.000000000000e+00 0.000000000000e+00 5.500002401953e-03 3.458264943418e-02 0.000000000000e+00 9.994018412821e-01 -6.558770737150e-02
2.2440001416e+02 9.992691955125e-01 0.000000000000e+00 -3.822400946700e-02 -1.152552679689e-01 0.000000000000e+00 1.000000000000e+00 0.000000000000e+00 1.050000197366e-02 3.822400946700e-02 0.000000000000e+00 9.992691955125e-01 -6.165543581381e-02
2.2450003314e+02 9.992201148089e-01 0.000000000000e+00 -3.948622748807e-02 -1.168086161616e-01 0.000000000000e+00 1.000000000000e+00 0.000000000000e+00 5.500002664247e-03 3.948622748807e-02 0.000000000000e+00 9.992201148089e-01 -5.906082594531e-02
2.2460001445e+02 9.993245313650e-01 0.000000000000e+00 -3.674889130548e-02 -1.203243331605e-01 0.000000000000e+00 1.000000000000e+00 0.000000000000e+00 5.900001388813e-03 3.674889130548e-02 0.000000000000e+00 9.993245313650e-01 -6.027091503829e-02
2.2470039630e+02 9.995922365841e-01 0.000000000000e+00 -2.855451909558e-02 -1.167513449585e-01 0.000000000000e+00 1.000000000000e+00 0.000000000000e+00 1.480000172647e-02 2.855451909558e-02 0.000000000000e+00 9.995922365841e-01 -6.520472218614e-02
2.2480017161e+02 9.996758663701e-01 0.000000000000e+00 -2.545902977726e-02 -1.306280957061e-01 0.000000000000e+00 1.000000000000e+00 0.000000000000e+00 8.000017263190e-04 2.545902977726e-02 0.000000000000e+00 9.996758663701e-01 -6.249552518112e-02
2.2490009260e+02 9.997663801754e-01 0.000000000000e+00 -2.161446439214e-02 -1.302724180330e-01 0.000000000000e+00 1.000000000000e+00 0.000000000000e+00 1.450000306108e-02 2.161446439214e-02 0.000000000000e+00 9.997663801754e-01 -6.635493716598e-02
2.2500010371e+02 9.996972245039e-01 0.000000000000e+00 -2.460608297061e-02 -1.303367977483e-01 0.000000000000e+00 1.000000000000e+00 0.000000000000e+00 4.900002438718e-03 2.460608297061e-02 0.000000000000e+00 9.996972245039e-01 -6.243977029075e-02
2.2510002208e+02 9.991597115458e-01 0.000000000000e+00 -4.098622724441e-02 -1.305168081232e-01 0.000000000000e+00 1.000000000000e+00 0.000000000000e+00 -1.999977728049e-04 4.098622724441e-02 0.000000000000e+00 9.991597115458e-01 -5.314556971069e-02
2.2519997454e+02 9.994710827590e-01 0.000000000000e+00 -3.252006655071e-02 -1.277161955120e-01 0.000000000000e+00 1.000000000000e+00 0.000000000000e+00 4.500002000410e-03 3.252006655071e-02 0.000000000000e+00 9.994710827590e-01 -5.759604525751e-02
2.2529996371e+02 9.997432800592e-01 0.000000000000e+00 -2.265775753492e-02 -1.253126544677e-01 0.000000000000e+00 1.000000000000e+00 0.000000000000e+00 1.000030855307e-04 2.265775753492e-02 0.000000000000e+00 9.997432800592e-01 -6.906457745463e-02
2.2539997959e+02 9.997765559885e-01 0.000000000000e+00 -2.113854526320e-02 -1.416332072774e-01 0.000000000000e+00 1.000000000000e+00 0.000000000000e+00 -1.379999751115e-02 2.113854526320e-02 0.000000000000e+00 9.997765559885e-01 -6.650531025257e-02
2.2549995780e+02 9.995124223008e-01 0.000000000000e+00 -3.122367157198e-02 -1.300529347949e-01 0.000000000000e+00 1.000000000000e+00 0.000000000000e+00 -8.099998121841e-03 3.122367157198e-02 0.000000000000e+00 9.995124223008e-01 -6.081283008425e-02
2.2560001683e+02 9.991597094708e-01 0.000000000000e+00 -4.098627782880e-02 -1.315735491850e-01 0.000000000000e+00 1.000000000000e+00 0.000000000000e+00 -8.999973776920e-04 4.098627782880e-02 0.000000000000e+00 9.991597094708e-01 -5.904643680150e-02
2.2570001769e+02 9.995015496376e-01 0.000000000000e+00 -3.156980000145e-02 -1.232877517942e-01 0.000000000000e+00 1.000000000000e+00 0.000000000000e+00 7.000002524626e-03 3.156980000145e-02 0.000000000000e+00 9.995015496376e-01 -6.018730585761e-02
2.2579996490e+02 9.994230899092e-01 0.000000000000e+00 -3.396302925755e-02 -1.278113315589e-01 0.000000000000e+00 1.000000000000e+00 0.000000000000e+00 8.000024016904e-04 3.396302925755e-02 0.000000000000e+00 9.994230899092e-01 -6.099354330973e-02
2.2589998913e+02 9.992908377152e-01 0.000000000000e+00 -3.765397267934e-02 -1.305464874059e-01 0.000000000000e+00 1.000000000000e+00 0.000000000000e+00 -1.249999779210e-02 3.765397267934e-02 0.000000000000e+00 9.992908377152e-01 -5.542403495650e-02
2.2599994659e+02 9.996562524486e-01 0.000000000000e+00 -2.621787444545e-02 -1.248328823041e-01 0.000000000000e+00 1.000000000000e+00 0.000000000000e+00 -7.999998239966e-03 2.621787444545e-02 0.000000000000e+00 9.996562524486e-01 -6.231549527081e-02
2.2609998608e+02 9.995480929218e-01 0.000000000000e+00 -3.006010539489e-02 -1.318650512055e-01 0.000000000000e+00 1.000000000000e+00 0.000000000000e+00 4.900002582176e-03 3.006010539489e-02 0.000000000000e+00 9.995480929218e-01 -5.673385445998e-02
2.2619995522e+02 9.997013890089e-01 0.000000000000e+00 -2.443630114689e-02 -1.420799208400e-01 0.000000000000e+00 1.000000000000e+00 0.000000000000e+00 -3.199997425514e-03 2.443630114689e-02 0.000000000000e+00 9.997013890089e-01 -6.489795510656e-02
2.2629995990e+02 9.996285423306e-01 0.000000000000e+00 -2.725394206214e-02 -1.358746690513e-01 0.000000000000e+00 1.000000000000e+00 0.000000000000e+00 -1.649999642817e-02 2.725394206214e-02 0.000000000000e+00 9.996285423306e-01 -5.474052019395e-02
2.2645041037e+02 9.998062511510e-01 0.000000000000e+00 -1.968400770461e-02 -1.363229174485e-01 0.000000000000e+00 1.000000000000e+00 0.000000000000e+00 -1.159999682333e-02 1.968400770461e-02 0.000000000000e+00 9.998062511510e-01 -5.882300849790e-02
2.2667071748e+02 9.998065372365e-01 0.000000000000e+00 -1.966947124595e-02 -1.363245253608e-01 0.000000000000e+00 1.000000000000e+00 0.000000000000e+00 -1.159999682333e-02 1.966947124595e-02 0.000000000000e+00 9.998065372365e-01 -5.882997671894e-02
2.2667223978e+02 9.998065372365e-01 0.000000000000e+00 -1.966947124595e-02 -1.363245253608e-01 0.000000000000e+00 1.000000000000e+00 0.000000000000e+00 -1.159999682333e-02 1.966947124595e-02 0.000000000000e+00 9.998065372365e-01 -5.882997671894e-02
2.2669998026e+02 9.994753286848e-01 0.000000000000e+00 -3.238930919824e-02 -1.333557585575e-01 0.000000000000e+00 1.000000000000e+00 0.000000000000e+00 -2.049999707317e-02 3.238930919824e-02 0.000000000000e+00 9.994753286848e-01 -5.379448406344e-02
2.2679996991e+02 9.994391662131e-01 0.000000000000e+00 -3.348660985081e-02 -1.146670301515e-01 0.000000000000e+00 1.000000000000e+00 0.000000000000e+00 -1.099996739863e-03 3.348660985081e-02 0.000000000000e+00 9.994391662131e-01 -5.399558544100e-02
2.2691729951e+02 9.997893094480e-01 0.000000000000e+00 -2.052648809278e-02 -1.223817824314e-01 0.000000000000e+00 1.000000000000e+00 0.000000000000e+00 -2.099998577807e-03 2.052648809278e-02 0.000000000000e+00 9.997893094480e-01 -5.952835310037e-02
2.2699993920e+02 9.990921614904e-01 0.000000000000e+00 -4.260108975596e-02 -1.208728481081e-01 0.000000000000e+00 1.000000000000e+00 0.000000000000e+00 1.390000094717e-02 4.260108975596e-02 0.000000000000e+00 9.990921614904e-01 -4.690649197983e-02
2.2710022426e+02 9.996263001249e-01 0.000000000000e+00 -2.733605857819e-02 -1.198417784244e-01 0.000000000000e+00 1.000000000000e+00 0.000000000000e+00 1.480000253768e-02 2.733605857819e-02 0.000000000000e+00 9.996263001249e-01 -6.141134469733e-02
2.2720001864e+02 9.996279097677e-01 0.000000000000e+00 -2.727713352796e-02 -1.233814766855e-01 0.000000000000e+00 1.000000000000e+00 0.000000000000e+00 6.100001675693e-03 2.727713352796e-02 0.000000000000e+00 9.996279097677e-01 -5.797467447339e-02
2.2730009604e+02 9.994677523135e-01 0.000000000000e+00 -3.262226364508e-02 -1.155275370457e-01 0.000000000000e+00 1.000000000000e+00 0.000000000000e+00 1.480000164972e-02 3.262226364508e-02 0.000000000000e+00 9.994677523135e-01 -5.390654543383e-02
2.2739994788e+02 9.993476467625e-01 0.000000000000e+00 -3.611482950516e-02 -1.144852826065e-01 0.000000000000e+00 1.000000000000e+00 0.000000000000e+00 4.700002707903e-03 3.611482950516e-02 0.000000000000e+00 9.993476467625e-01 -5.007230762077e-02
2.2749998260e+02 9.993992886273e-01 0.000000000000e+00 -3.465633984338e-02 -1.172543792087e-01 0.000000000000e+00 1.000000000000e+00 0.000000000000e+00 -3.399997205177e-03 3.465633984338e-02 0.000000000000e+00 9.993992886273e-01 -5.308698644426e-02
2.2760004282e+02 9.992911344679e-01 0.000000000000e+00 -3.764609639647e-02 -1.212929597786e-01 0.000000000000e+00 1.000000000000e+00 0.000000000000e+00 7.200001466389e-03 3.764609639647e-02 0.000000000000e+00 9.992911344679e-01 -5.559101500447e-02
2.2770010853e+02 9.991531275463e-01 0.000000000000e+00 -4.114641800364e-02 -1.205478092712e-01 0.000000000000e+00 1.000000000000e+00 0.000000000000e+00 -5.199999325976e-03 4.114641800364e-02 0.000000000000e+00 9.991531275463e-01 -5.261132019659e-02
2.2779999137e+02 9.993620321906e-01 0.000000000000e+00 -3.571454347972e-02 -1.298656065385e-01 0.000000000000e+00 1.000000000000e+00 0.000000000000e+00 5.300002528155e-03 3.571454347972e-02 0.000000000000e+00 9.993620321906e-01 -4.689537770163e-02
2.2790007281e+02 9.994923978232e-01 0.000000000000e+00 -3.185822803529e-02 -1.313175218529e-01 0.000000000000e+00 1.000000000000e+00 0.000000000000e+00 -7.499997902336e-03 3.185822803529e-02 0.000000000000e+00 9.994923978232e-01 -4.932119703122e-02
2.2799999881e+02 9.994698697133e-01 0.000000000000e+00 -3.255732690538e-02 -1.360307380274e-01 0.000000000000e+00 1.000000000000e+00 0.000000000000e+00 -7.599997897772e-03 3.255732690538e-02 0.000000000000e+00 9.994698697133e-01 -5.139287222490e-02
2.2809998488e+02 9.996924580759e-01 0.000000000000e+00 -2.479897712045e-02 -1.342739676088e-01 0.000000000000e+00 1.000000000000e+00 0.000000000000e+00 -3.899996857512e-03 2.479897712045e-02 0.000000000000e+00 9.996924580759e-01 -5.419046267740e-02
2.2819995975e+02 9.996096394569e-01 0.000000000000e+00 -2.793865968365e-02 -1.358562605817e-01 0.000000000000e+00 1.000000000000e+00 0.000000000000e+00 6.300002047124e-03 2.793865968365e-02 0.000000000000e+00 9.996096394569e-01 -5.595276378433e-02
2.2829996347e+02 9.996796188295e-01 0.000000000000e+00 -2.531125632916e-02 -1.259076978261e-01 0.000000000000e+00 1.000000000000e+00 0.000000000000e+00 5.300001812844e-03 2.531125632916e-02 0.000000000000e+00 9.996796188295e-01 -5.936845228733e-02
2.2839996052e+02 9.995688646314e-01 0.000000000000e+00 -2.936128163871e-02 -1.257603667335e-01 0.000000000000e+00 1.000000000000e+00 0.000000000000e+00 7.500002010144e-03 2.936128163871e-02 0.000000000000e+00 9.995688646314e-01 -5.519702039253e-02
2.2849996901e+02 9.995171036095e-01 0.000000000000e+00 -3.107345478043e-02 -1.330013128512e-01 0.000000000000e+00 1.000000000000e+00 0.000000000000e+00 8.800001749566e-03 3.107345478043e-02 0.000000000000e+00 9.995171036095e-01 -5.233776236309e-02
2.2859993505e+02 9.996611031777e-01 0.000000000000e+00 -2.603226447215e-02 -1.310433433529e-01 0.000000000000e+00 1.000000000000e+00 0.000000000000e+00 7.200001539412e-03 2.603226447215e-02 0.000000000000e+00 9.996611031777e-01 -5.555640610919e-02
2.2869994497e+02 9.996082568438e-01 0.000000000000e+00 -2.798808406607e-02 -1.354944995835e-01 0.000000000000e+00 1.000000000000e+00 0.000000000000e+00 -1.009999751415e-02 2.798808406607e-02 0.000000000000e+00 9.996082568438e-01 -5.128181818670e-02
2.2880003357e+02 9.992823361809e-01 0.000000000000e+00 -3.787892021855e-02 -1.312836032298e-01 0.000000000000e+00 1.000000000000e+00 0.000000000000e+00 2.700003281825e-03 3.787892021855e-02 0.000000000000e+00 9.992823361809e-01 -4.437613307184e-02
2.2890001369e+02 9.994004058712e-01 0.000000000000e+00 -3.462410640567e-02 -1.310319079567e-01 0.000000000000e+00 1.000000000000e+00 0.000000000000e+00 7.500002929167e-03 3.462410640567e-02 0.000000000000e+00 9.994004058712e-01 -5.423670391145e-02
2.2899993324e+02 9.992888375172e-01 0.000000000000e+00 -3.770701809321e-02 -1.289265839351e-01 0.000000000000e+00 1.000000000000e+00 0.000000000000e+00 1.610000254035e-02 3.770701809321e-02 0.000000000000e+00 9.992888375172e-01 -4.973476539083e-02
2.2909996033e+02 9.993189782017e-01 0.000000000000e+00 -3.689959086366e-02 -1.282850914195e-01 0.000000000000e+00 1.000000000000e+00 0.000000000000e+00 2.420000216493e-02 3.689959086366e-02 0.000000000000e+00 9.993189782017e-01 -4.799868671453e-02
2.2919996595e+02 9.989556715172e-01 0.000000000000e+00 -4.568989323280e-02 -1.254003905380e-01 0.000000000000e+00 1.000000000000e+00 0.000000000000e+00 1.530000254335e-02 4.568989323280e-02 0.000000000000e+00 9.989556715172e-01 -4.218567800526e-02
2.2930011654e+02 9.992941403639e-01 0.000000000000e+00 -3.756622198640e-02 -1.271375715847e-01 0.000000000000e+00 1.000000000000e+00 0.000000000000e+00 1.260000150050e-02 3.756622198640e-02 0.000000000000e+00 9.992941403639e-01 -5.286420357232e-02
2.2939996886e+02 9.991649115435e-01 0.000000000000e+00 -4.085926504701e-02 -1.235333688868e-01 0.000000000000e+00 1.000000000000e+00 0.000000000000e+00 1.180000180515e-02 4.085926504701e-02 0.000000000000e+00 9.991649115435e-01 -4.806119684506e-02
2.2949998617e+02 9.995444799870e-01 0.000000000000e+00 -3.018000211250e-02 -1.250638951999e-01 0.000000000000e+00 1.000000000000e+00 0.000000000000e+00 1.160000249730e-02 3.018000211250e-02 0.000000000000e+00 9.995444799870e-01 -5.304434099046e-02
2.2959998608e+02 9.994824421375e-01 0.000000000000e+00 -3.216905125870e-02 -1.250730437932e-01 0.000000000000e+00 1.000000000000e+00 0.000000000000e+00 2.040000193460e-02 3.216905125870e-02 0.000000000000e+00 9.994824421375e-01 -5.266513059927e-02
2.2970000315e+02 9.991282672067e-01 0.000000000000e+00 -4.174572635129e-02 -1.244538542321e-01 0.000000000000e+00 1.000000000000e+00 0.000000000000e+00 7.000002023293e-03 4.174572635129e-02 0.000000000000e+00 9.991282672067e-01 -5.091377781517e-02
2.2979997301e+02 9.994177292604e-01 0.000000000000e+00 -3.412041090133e-02 -1.342005797031e-01 0.000000000000e+00 1.000000000000e+00 0.000000000000e+00 3.070000163394e-02 3.412041090133e-02 0.000000000000e+00 9.994177292604e-01 -5.618258178357e-02
2.2989992547e+02 9.997088266652e-01 0.000000000000e+00 -2.413010334847e-02 -1.268327050857e-01 0.000000000000e+00 1.000000000000e+00 0.000000000000e+00 7.100002472410e-03 2.413010334847e-02 0.000000000000e+00 9.997088266652e-01 -5.204320672289e-02
2.2999999118e+02 9.994728447126e-01 0.000000000000e+00 -3.246586949410e-02 -1.322567763965e-01 0.000000000000e+00 1.000000000000e+00 0.000000000000e+00 6.000002608831e-03 3.246586949410e-02 0.000000000000e+00 9.994728447126e-01 -5.248830492129e-02
2.3009997559e+02 9.994948484570e-01 0.000000000000e+00 -3.178125088507e-02 -1.299532102491e-01 0.000000000000e+00 1.000000000000e+00 0.000000000000e+00 5.200002125678e-03 3.178125088507e-02 0.000000000000e+00 9.994948484570e-01 -5.043432089076e-02
2.3019994307e+02 9.992555204242e-01 0.000000000000e+00 -3.857985098150e-02 -1.244892479572e-01 0.000000000000e+00 1.000000000000e+00 0.000000000000e+00 6.100000867080e-03 3.857985098150e-02 0.000000000000e+00 9.992555204242e-01 -5.103779215984e-02
2.3029993200e+02 9.996898944793e-01 0.000000000000e+00 -2.490210585387e-02 -1.279619886428e-01 0.000000000000e+00 1.000000000000e+00 0.000000000000e+00 1.340000253510e-02 2.490210585387e-02 0.000000000000e+00 9.996898944793e-01 -5.548859935446e-02
2.3039992213e+02 9.993547445992e-01 0.000000000000e+00 -3.591788477998e-02 -1.306738656648e-01 0.000000000000e+00 1.000000000000e+00 0.000000000000e+00 1.410000278668e-02 3.591788477998e-02 0.000000000000e+00 9.993547445992e-01 -4.867655610621e-02
2.3049999928e+02 9.991618946493e-01 0.000000000000e+00 -4.093297302597e-02 -1.264015351018e-01 0.000000000000e+00 1.000000000000e+00 0.000000000000e+00 2.600000174105e-02 4.093297302597e-02 0.000000000000e+00 9.991618946493e-01 -5.399430868379e-02
2.3059996462e+02 9.994749309522e-01 0.000000000000e+00 -3.240158017909e-02 -1.206960633645e-01 0.000000000000e+00 1.000000000000e+00 0.000000000000e+00 2.830000278160e-02 3.240158017909e-02 0.000000000000e+00 9.994749309522e-01 -5.462570685169e-02
2.3069997883e+02 9.993805010615e-01 0.000000000000e+00 -3.519394973637e-02 -1.272301683003e-01 0.000000000000e+00 1.000000000000e+00 0.000000000000e+00 1.090000170891e-02 3.519394973637e-02 0.000000000000e+00 9.993805010615e-01 -5.312377716210e-02
2.3080011463e+02 9.991881453878e-01 0.000000000000e+00 -4.028709615300e-02 -1.266166487529e-01 0.000000000000e+00 1.000000000000e+00 0.000000000000e+00 5.500001728938e-03 4.028709615300e-02 0.000000000000e+00 9.991881453878e-01 -4.505934260449e-02
2.3090996981e+02 9.993496103531e-01 0.000000000000e+00 -3.606045322904e-02 -1.293117694240e-01 0.000000000000e+00 1.000000000000e+00 0.000000000000e+00 9.600001832286e-03 3.606045322904e-02 0.000000000000e+00 9.993496103531e-01 -5.200626645009e-02
2.3099995852e+02 9.996370266706e-01 0.000000000000e+00 -2.694095226770e-02 -1.244115299933e-01 0.000000000000e+00 1.000000000000e+00 0.000000000000e+00 6.700002198162e-03 2.694095226770e-02 0.000000000000e+00 9.996370266706e-01 -5.799400104216e-02
2.3109999824e+02 9.993059239080e-01 0.000000000000e+00 -3.725144886344e-02 -1.189117010002e-01 0.000000000000e+00 1.000000000000e+00 0.000000000000e+00 6.900003098121e-03 3.725144886344e-02 0.000000000000e+00 9.993059239080e-01 -4.911204818302e-02
2.3119997907e+02 9.994022488915e-01 0.000000000000e+00 -3.457086794822e-02 -1.187335192275e-01 0.000000000000e+00 1.000000000000e+00 0.000000000000e+00 1.300000116756e-02 3.457086794822e-02 0.000000000000e+00 9.994022488915e-01 -5.616070584122e-02
2.3129997349e+02 9.994775302303e-01 0.000000000000e+00 -3.232130202664e-02 -1.228544289636e-01 0.000000000000e+00 1.000000000000e+00 0.000000000000e+00 9.000001011419e-03 3.232130202664e-02 0.000000000000e+00 9.994775302303e-01 -5.513751053163e-02
2.3139998436e+02 9.993179162034e-01 0.000000000000e+00 -3.692834080759e-02 -1.244907647248e-01 0.000000000000e+00 1.000000000000e+00 0.000000000000e+00 1.250000272640e-02 3.692834080759e-02 0.000000000000e+00 9.993179162034e-01 -5.542506608218e-02
2.3149995065e+02 9.993370011963e-01 0.000000000000e+00 -3.640821390901e-02 -1.198554564916e-01 0.000000000000e+00 1.000000000000e+00 0.000000000000e+00 3.900002599008e-03 3.640821390901e-02 0.000000000000e+00 9.993370011963e-01 -4.974437191714e-02
2.3159995246e+02 9.993491570444e-01 0.000000000000e+00 -3.607301366056e-02 -1.290652572741e-01 0.000000000000e+00 1.000000000000e+00 0.000000000000e+00 3.300001912426e-03 3.607301366056e-02 0.000000000000e+00 9.993491570444e-01 -5.228644730596e-02
2.3170013547e+02 9.992846174650e-01 0.000000000000e+00 -3.781868979612e-02 -1.291543785471e-01 0.000000000000e+00 1.000000000000e+00 0.000000000000e+00 -7.299998214999e-03 3.781868979612e-02 0.000000000000e+00 9.992846174650e-01 -5.371497412466e-02
2.3180002499e+02 9.990209801474e-01 0.000000000000e+00 -4.423891076185e-02 -1.200710457768e-01 0.000000000000e+00 1.000000000000e+00 0.000000000000e+00 1.020000217701e-02 4.423891076185e-02 0.000000000000e+00 9.990209801474e-01 -4.416677161939e-02
2.3193259645e+02 9.992341751225e-01 0.000000000000e+00 -3.912880354961e-02 -1.191598544596e-01 0.000000000000e+00 1.000000000000e+00 0.000000000000e+00 1.490000144204e-02 3.912880354961e-02 0.000000000000e+00 9.992341751225e-01 -4.619449235109e-02
2.3200000286e+02 9.992314057903e-01 0.000000000000e+00 -3.919946022963e-02 -1.211639948913e-01 0.000000000000e+00 1.000000000000e+00 0.000000000000e+00 5.500001530648e-03 3.919946022963e-02 0.000000000000e+00 9.992314057903e-01 -4.637217798660e-02
2.3209996653e+02 9.994193813276e-01 0.000000000000e+00 -3.407198595359e-02 -1.193935903611e-01 0.000000000000e+00 1.000000000000e+00 0.000000000000e+00 7.700002171457e-03 3.407198595359e-02 0.000000000000e+00 9.994193813276e-01 -4.617996481196e-02
2.3219999385e+02 9.995108221710e-01 0.000000000000e+00 -3.127485192585e-02 -1.187499723348e-01 0.000000000000e+00 1.000000000000e+00 0.000000000000e+00 9.300001024765e-03 3.127485192585e-02 0.000000000000e+00 9.995108221710e-01 -4.790820063124e-02
2.3229999852e+02 9.995872455480e-01 0.000000000000e+00 -2.872870581417e-02 -1.278878415547e-01 0.000000000000e+00 1.000000000000e+00 0.000000000000e+00 2.100002111433e-03 2.872870581417e-02 0.000000000000e+00 9.995872455480e-01 -5.478894989370e-02
2.3239996314e+02 9.992877430199e-01 0.000000000000e+00 -3.773601264184e-02 -1.168945445604e-01 0.000000000000e+00 1.000000000000e+00 0.000000000000e+00 3.600002967776e-03 3.773601264184e-02 0.000000000000e+00 9.992877430199e-01 -4.570694774097e-02
2.3249993920e+02 9.988679096973e-01 0.000000000000e+00 -4.756993774291e-02 -1.142999238256e-01 0.000000000000e+00 1.000000000000e+00 0.000000000000e+00 1.600000116644e-02 4.756993774291e-02 0.000000000000e+00 9.988679096973e-01 -4.026388154819e-02
2.3259996176e+02 9.994173042747e-01 0.000000000000e+00 -3.413285684325e-02 -1.172649832987e-01 0.000000000000e+00 1.000000000000e+00 0.000000000000e+00 1.040000134160e-02 3.413285684325e-02 0.000000000000e+00 9.994173042747e-01 -5.065004241636e-02
2.3269997454e+02 9.991641988421e-01 0.000000000000e+00 -4.087668959550e-02 -1.169061748249e-01 0.000000000000e+00 1.000000000000e+00 0.000000000000e+00 9.500002955000e-03 4.087668959550e-02 0.000000000000e+00 9.991641988421e-01 -4.772246546000e-02
2.3279999733e+02 9.991816820390e-01 0.000000000000e+00 -4.044707996635e-02 -1.150308299727e-01 0.000000000000e+00 1.000000000000e+00 0.000000000000e+00 7.700001808684e-03 4.044707996635e-02 0.000000000000e+00 9.991816820390e-01 -3.828486100648e-02
2.3290002275e+02 9.997075207335e-01 0.000000000000e+00 -2.418414747241e-02 -1.184400116595e-01 0.000000000000e+00 1.000000000000e+00 0.000000000000e+00 8.000001915323e-03 2.418414747241e-02 0.000000000000e+00 9.997075207335e-01 -4.702668866583e-02
2.3299997306e+02 9.995600233255e-01 0.000000000000e+00 -2.966074458826e-02 -1.244152193509e-01 0.000000000000e+00 1.000000000000e+00 0.000000000000e+00 1.180000251356e-02 2.966074458826e-02 0.000000000000e+00 9.995600233255e-01 -4.439422585725e-02
2.3309995556e+02 9.993521704696e-01 0.000000000000e+00 -3.598943425181e-02 -1.217484437769e-01 0.000000000000e+00 1.000000000000e+00 0.000000000000e+00 1.510000243470e-02 3.598943425181e-02 0.000000000000e+00 9.993521704696e-01 -4.613346546496e-02
2.3319994330e+02 9.996267435487e-01 0.000000000000e+00 -2.731983862037e-02 -1.261244808960e-01 0.000000000000e+00 1.000000000000e+00 0.000000000000e+00 -1.009999660189e-02 2.731983862037e-02 0.000000000000e+00 9.996267435487e-01 -4.393551107192e-02
2.3329994011e+02 9.997444947128e-01 0.000000000000e+00 -2.260409899786e-02 -1.300345450371e-01 0.000000000000e+00 1.000000000000e+00 0.000000000000e+00 -1.169999779296e-02 2.260409899786e-02 0.000000000000e+00 9.997444947128e-01 -4.853406826783e-02
2.3340015316e+02 9.996972704501e-01 0.000000000000e+00 -2.460421619726e-02 -1.315575903987e-01 0.000000000000e+00 1.000000000000e+00 0.000000000000e+00 -5.899998600474e-03 2.460421619726e-02 0.000000000000e+00 9.996972704501e-01 -4.833086357379e-02
2.3349993873e+02 9.996986239693e-01 0.000000000000e+00 -2.454915953594e-02 -1.314878844508e-01 0.000000000000e+00 1.000000000000e+00 0.000000000000e+00 -1.119999704491e-02 2.454915953594e-02 0.000000000000e+00 9.996986239693e-01 -4.684693085626e-02
2.3360002375e+02 9.995400195880e-01 0.000000000000e+00 -3.032736787319e-02 -1.378863812551e-01 0.000000000000e+00 1.000000000000e+00 0.000000000000e+00 -8.399996558554e-03 3.032736787319e-02 0.000000000000e+00 9.995400195880e-01 -4.654933682119e-02
2.3370123029e+02 9.995395411848e-01 0.000000000000e+00 -3.034313114993e-02 -1.378847178602e-01 0.000000000000e+00 1.000000000000e+00 0.000000000000e+00 -8.399996558554e-03 3.034313114993e-02 0.000000000000e+00 9.995395411848e-01 -4.654176032981e-02
2.3380005217e+02 9.993170294676e-01 0.000000000000e+00 -3.695232896718e-02 -1.314233526674e-01 0.000000000000e+00 1.000000000000e+00 0.000000000000e+00 -6.699996867534e-03 3.695232896718e-02 0.000000000000e+00 9.993170294676e-01 -4.685198439048e-02
2.3390171385e+02 9.993163523239e-01 0.000000000000e+00 -3.697063670096e-02 -1.314214787369e-01 0.000000000000e+00 1.000000000000e+00 0.000000000000e+00 -6.699996867534e-03 3.697063670096e-02 0.000000000000e+00 9.993163523239e-01 -4.684317034422e-02
2.3400021482e+02 9.996893868524e-01 0.000000000000e+00 -2.492247609379e-02 -1.262158526822e-01 0.000000000000e+00 1.000000000000e+00 0.000000000000e+00 5.000003453523e-03 2.492247609379e-02 0.000000000000e+00 9.996893868524e-01 -5.224785846342e-02
2.3410001540e+02 9.998722483671e-01 0.000000000000e+00 -1.598395900022e-02 -1.263507129961e-01 0.000000000000e+00 1.000000000000e+00 0.000000000000e+00 7.000002453601e-03 1.598395900022e-02 0.000000000000e+00 9.998722483671e-01 -5.719224315052e-02
2.3419996476e+02 9.998101040199e-01 0.000000000000e+00 -1.948732664361e-02 -1.297167812392e-01 0.000000000000e+00 1.000000000000e+00 0.000000000000e+00 3.600003229312e-03 1.948732664361e-02 0.000000000000e+00 9.998101040199e-01 -5.397044361666e-02
2.3429992318e+02 9.997431527545e-01 0.000000000000e+00 -2.266337398868e-02 -1.283539361037e-01 0.000000000000e+00 1.000000000000e+00 0.000000000000e+00 -1.659999675593e-02 2.266337398868e-02 0.000000000000e+00 9.997431527545e-01 -5.205990368301e-02
2.3439996171e+02 9.991254334816e-01 0.000000000000e+00 -4.181349268211e-02 -1.320809975822e-01 0.000000000000e+00 1.000000000000e+00 0.000000000000e+00 3.000018611292e-04 4.181349268211e-02 0.000000000000e+00 9.991254334816e-01 -4.332866220073e-02
2.3449996543e+02 9.994523087952e-01 0.000000000000e+00 -3.309202991707e-02 -1.304761775189e-01 0.000000000000e+00 1.000000000000e+00 0.000000000000e+00 -1.099996890524e-03 3.309202991707e-02 0.000000000000e+00 9.994523087952e-01 -4.278953891732e-02
2.3459997058e+02 9.996982574402e-01 0.000000000000e+00 -2.456408091085e-02 -1.265931823560e-01 0.000000000000e+00 1.000000000000e+00 0.000000000000e+00 5.700001418613e-03 2.456408091085e-02 0.000000000000e+00 9.996982574402e-01 -5.080654706154e-02
2.3469997835e+02 9.995738527485e-01 0.000000000000e+00 -2.919097294557e-02 -1.349130208259e-01 0.000000000000e+00 1.000000000000e+00 0.000000000000e+00 -5.999979937620e-04 2.919097294557e-02 0.000000000000e+00 9.995738527485e-01 -4.802300571864e-02
2.3480063772e+02 9.997192854234e-01 0.000000000000e+00 -2.369283335735e-02 -1.318682473614e-01 0.000000000000e+00 1.000000000000e+00 0.000000000000e+00 1.600001560908e-03 2.369283335735e-02 0.000000000000e+00 9.997192854234e-01 -4.647463374028e-02
2.3490369749e+02 9.993707111173e-01 0.000000000000e+00 -3.547085790983e-02 -1.120120720154e-01 0.000000000000e+00 1.000000000000e+00 0.000000000000e+00 8.800001463798e-03 3.547085790983e-02 0.000000000000e+00 9.993707111173e-01 -4.322149954610e-02
2.3499994588e+02 9.991653637118e-01 0.000000000000e+00 -4.084820631023e-02 -1.089954260147e-01 0.000000000000e+00 1.000000000000e+00 0.000000000000e+00 -3.799997871038e-03 4.084820631023e-02 0.000000000000e+00 9.991653637118e-01 -4.078463964070e-02
2.3510002160e+02 9.993845146860e-01 0.000000000000e+00 -3.507979198804e-02 -1.161609931547e-01 0.000000000000e+00 1.000000000000e+00 0.000000000000e+00 7.200001537335e-03 3.507979198804e-02 0.000000000000e+00 9.993845146860e-01 -4.833569640194e-02
2.3519996095e+02 9.996222631012e-01 0.000000000000e+00 -2.748328787697e-02 -1.178213756269e-01 0.000000000000e+00 1.000000000000e+00 0.000000000000e+00 2.900001234016e-03 2.748328787697e-02 0.000000000000e+00 9.996222631012e-01 -5.210646946169e-02
2.3530000544e+02 9.996151693944e-01 0.000000000000e+00 -2.774009943269e-02 -1.131986622494e-01 0.000000000000e+00 1.000000000000e+00 0.000000000000e+00 1.260000215827e-02 2.774009943269e-02 0.000000000000e+00 9.996151693944e-01 -5.054274020762e-02
2.3539995241e+02 9.994915353437e-01 0.000000000000e+00 -3.188527522644e-02 -1.122430293251e-01 0.000000000000e+00 1.000000000000e+00 0.000000000000e+00 5.500000540211e-03 3.188527522644e-02 0.000000000000e+00 9.994915353437e-01 -4.721514894446e-02
2.3549998498e+02 9.988146963333e-01 0.000000000000e+00 -4.867445314172e-02 -1.128577587177e-01 0.000000000000e+00 1.000000000000e+00 0.000000000000e+00 7.900002023912e-03 4.867445314172e-02 0.000000000000e+00 9.988146963333e-01 -4.139592615095e-02
2.3560017228e+02 9.996751403849e-01 0.000000000000e+00 -2.548752040694e-02 -1.161144248623e-01 0.000000000000e+00 1.000000000000e+00 0.000000000000e+00 -7.999978542386e-04 2.548752040694e-02 0.000000000000e+00 9.996751403849e-01 -5.176480869284e-02
2.3570025373e+02 9.991111378512e-01 0.000000000000e+00 -4.215369760458e-02 -1.098270866860e-01 0.000000000000e+00 1.000000000000e+00 0.000000000000e+00 1.210000106947e-02 4.215369760458e-02 0.000000000000e+00 9.991111378512e-01 -4.206810854522e-02
2.3579995751e+02 9.991501583410e-01 0.000000000000e+00 -4.121845566227e-02 -1.136000927186e-01 0.000000000000e+00 1.000000000000e+00 0.000000000000e+00 7.400000290825e-03 4.121845566227e-02 0.000000000000e+00 9.991501583410e-01 -4.740156041411e-02
2.3592672205e+02 9.993117299232e-01 0.000000000000e+00 -3.709536949447e-02 -1.243392102215e-01 0.000000000000e+00 1.000000000000e+00 0.000000000000e+00 4.300003188808e-03 3.709536949447e-02 0.000000000000e+00 9.993117299232e-01 -4.848432538214e-02
2.3599997377e+02 9.994739032074e-01 0.000000000000e+00 -3.243326698485e-02 -1.193958195023e-01 0.000000000000e+00 1.000000000000e+00 0.000000000000e+00 1.910000029618e-02 3.243326698485e-02 0.000000000000e+00 9.994739032074e-01 -5.499504019816e-02
2.3610000443e+02 9.996471150772e-01 0.000000000000e+00 -2.656398535276e-02 -1.154888916427e-01 0.000000000000e+00 1.000000000000e+00 0.000000000000e+00 1.550000217883e-02 2.656398535276e-02 0.000000000000e+00 9.996471150772e-01 -6.016538422143e-02
2.3619994807e+02 9.991760191298e-01 0.000000000000e+00 -4.058673177291e-02 -1.159857327478e-01 0.000000000000e+00 1.000000000000e+00 0.000000000000e+00 8.500001207506e-03 4.058673177291e-02 0.000000000000e+00 9.991760191298e-01 -4.941508312847e-02
2.3630007362e+02 9.995525226533e-01 0.000000000000e+00 -2.991244653099e-02 -1.134496089038e-01 0.000000000000e+00 1.000000000000e+00 0.000000000000e+00 1.850000236641e-02 2.991244653099e-02 0.000000000000e+00 9.995525226533e-01 -5.888375991192e-02
2.3639998221e+02 9.987445605891e-01 0.000000000000e+00 -5.009294055802e-02 -1.166349185349e-01 0.000000000000e+00 1.000000000000e+00 0.000000000000e+00 1.010000248437e-02 5.009294055802e-02 0.000000000000e+00 9.987445605891e-01 -4.401258674913e-02
2.3649997067e+02 9.995923065179e-01 0.000000000000e+00 -2.855207085768e-02 -1.153131024356e-01 0.000000000000e+00 1.000000000000e+00 0.000000000000e+00 3.000001682058e-03 2.855207085768e-02 0.000000000000e+00 9.995923065179e-01 -5.240368758115e-02
2.3659994173e+02 9.992045897204e-01 0.000000000000e+00 -3.987715990081e-02 -1.183173455987e-01 0.000000000000e+00 1.000000000000e+00 0.000000000000e+00 7.100002121676e-03 3.987715990081e-02 0.000000000000e+00 9.992045897204e-01 -4.448181051174e-02
2.3670001459e+02 9.994465083210e-01 0.000000000000e+00 -3.326675525255e-02 -1.183502946959e-01 0.000000000000e+00 1.000000000000e+00 0.000000000000e+00 3.700001414465e-03 3.326675525255e-02 0.000000000000e+00 9.994465083210e-01 -4.885838689635e-02
2.3680012250e+02 9.993629376323e-01 0.000000000000e+00 -3.568919846325e-02 -1.160600110517e-01 0.000000000000e+00 1.000000000000e+00 0.000000000000e+00 1.500002111106e-03 3.568919846325e-02 0.000000000000e+00 9.993629376323e-01 -4.712687144488e-02
2.3690005898e+02 9.995728459346e-01 0.000000000000e+00 -2.922542848511e-02 -1.195452896371e-01 0.000000000000e+00 1.000000000000e+00 0.000000000000e+00 4.900002245900e-03 2.922542848511e-02 0.000000000000e+00 9.995728459346e-01 -4.863655965458e-02
2.3699995852e+02 9.997911454534e-01 0.000000000000e+00 -2.043686553898e-02 -1.195952484353e-01 0.000000000000e+00 1.000000000000e+00 0.000000000000e+00 7.300000281141e-03 2.043686553898e-02 0.000000000000e+00 9.997911454534e-01 -4.895316202199e-02
2.3710001040e+02 9.996705743690e-01 0.000000000000e+00 -2.566598411936e-02 -1.181655861030e-01 0.000000000000e+00 1.000000000000e+00 0.000000000000e+00 1.620000187915e-02 2.566598411936e-02 0.000000000000e+00 9.996705743690e-01 -4.553709795943e-02
2.3719999123e+02 9.992688813561e-01 0.000000000000e+00 -3.823222140195e-02 -1.203181525011e-01 0.000000000000e+00 1.000000000000e+00 0.000000000000e+00 6.800000560501e-03 3.823222140195e-02 0.000000000000e+00 9.992688813561e-01 -4.005925449459e-02
2.3729993701e+02 9.995949546067e-01 0.000000000000e+00 -2.845921160004e-02 -1.204071824064e-01 0.000000000000e+00 1.000000000000e+00 0.000000000000e+00 3.000001848036e-03 2.845921160004e-02 0.000000000000e+00 9.995949546067e-01 -4.834120759613e-02
2.3739992309e+02 9.993951573717e-01 0.000000000000e+00 -3.477527026448e-02 -1.243797438008e-01 0.000000000000e+00 1.000000000000e+00 0.000000000000e+00 6.100001254184e-03 3.477527026448e-02 0.000000000000e+00 9.993951573717e-01 -4.541270395581e-02
2.3749995208e+02 9.993022778247e-01 0.000000000000e+00 -3.734913030186e-02 -1.249912752674e-01 0.000000000000e+00 1.000000000000e+00 0.000000000000e+00 1.100001906792e-03 3.734913030186e-02 0.000000000000e+00 9.993022778247e-01 -4.034020901723e-02
2.3759999990e+02 9.994768377496e-01 0.000000000000e+00 -3.234270863949e-02 -1.237242339732e-01 0.000000000000e+00 1.000000000000e+00 0.000000000000e+00 1.430000223978e-02 3.234270863949e-02 0.000000000000e+00 9.994768377496e-01 -4.439952906107e-02
2.3770011353e+02 9.997391726682e-01 0.000000000000e+00 -2.283827122990e-02 -1.206484758397e-01 0.000000000000e+00 1.000000000000e+00 0.000000000000e+00 7.400001984578e-03 2.283827122990e-02 0.000000000000e+00 9.997391726682e-01 -5.411243059612e-02
2.3780008864e+02 9.993583816126e-01 0.000000000000e+00 -3.581654786112e-02 -1.256498453589e-01 0.000000000000e+00 1.000000000000e+00 0.000000000000e+00 1.100000259104e-02 3.581654786112e-02 0.000000000000e+00 9.993583816126e-01 -4.424592885978e-02
2.3790002012e+02 9.995920302090e-01 0.000000000000e+00 -2.856174263870e-02 -1.207783578777e-01 0.000000000000e+00 1.000000000000e+00 0.000000000000e+00 1.180000164740e-02 2.856174263870e-02 0.000000000000e+00 9.995920302090e-01 -4.546698275236e-02
2.3800003362e+02 9.993519087872e-01 0.000000000000e+00 -3.599669989468e-02 -1.220459540076e-01 0.000000000000e+00 1.000000000000e+00 0.000000000000e+00 6.500003281083e-03 3.599669989468e-02 0.000000000000e+00 9.993519087872e-01 -4.323873657726e-02
2.3810001993e+02 9.994510024214e-01 0.000000000000e+00 -3.313146176889e-02 -1.165089804386e-01 0.000000000000e+00 1.000000000000e+00 0.000000000000e+00 3.900001153651e-03 3.313146176889e-02 0.000000000000e+00 9.994510024214e-01 -4.546801511640e-02
2.3819998336e+02 9.998523315528e-01 0.000000000000e+00 -1.718473416901e-02 -1.232348220448e-01 0.000000000000e+00 1.000000000000e+00 0.000000000000e+00 8.400002003683e-03 1.718473416901e-02 0.000000000000e+00 9.998523315528e-01 -5.266544749034e-02
2.3830001450e+02 9.996071991607e-01 0.000000000000e+00 -2.802583426084e-02 -1.242773087507e-01 0.000000000000e+00 1.000000000000e+00 0.000000000000e+00 1.130000233122e-02 2.802583426084e-02 0.000000000000e+00 9.996071991607e-01 -4.275504246780e-02
2.3839999628e+02 9.995366044436e-01 0.000000000000e+00 -3.043971710269e-02 -1.207174778513e-01 0.000000000000e+00 1.000000000000e+00 0.000000000000e+00 -1.999998758880e-03 3.043971710269e-02 0.000000000000e+00 9.995366044436e-01 -4.519579463260e-02
2.3850022006e+02 9.993504427078e-01 0.000000000000e+00 -3.603737864645e-02 -1.284522259504e-01 0.000000000000e+00 1.000000000000e+00 0.000000000000e+00 -3.999986401446e-04 3.603737864645e-02 0.000000000000e+00 9.993504427078e-01 -4.533697519016e-02
2.3861842799e+02 9.993725677948e-01 0.000000000000e+00 -3.541850842828e-02 -1.240289775714e-01 0.000000000000e+00 1.000000000000e+00 0.000000000000e+00 -5.899998535454e-03 3.541850842828e-02 0.000000000000e+00 9.993725677948e-01 -4.341617927578e-02
2.3870012808e+02 9.998739303550e-01 0.000000000000e+00 -1.587839401372e-02 -1.215562219232e-01 0.000000000000e+00 1.000000000000e+00 0.000000000000e+00 1.910000181622e-02 1.587839401372e-02 0.000000000000e+00 9.998739303550e-01 -5.580887467285e-02
2.3879998946e+02 9.996894939982e-01 0.000000000000e+00 -2.491817789701e-02 -1.233546850766e-01 0.000000000000e+00 1.000000000000e+00 0.000000000000e+00 8.000018683771e-04 2.491817789701e-02 0.000000000000e+00 9.996894939982e-01 -4.901642832834e-02
2.3889997005e+02 9.998660021596e-01 0.000000000000e+00 -1.637002521192e-02 -1.291285106848e-01 0.000000000000e+00 1.000000000000e+00 0.000000000000e+00 -9.199997856114e-03 1.637002521192e-02 0.000000000000e+00 9.998660021596e-01 -5.527567658291e-02
2.3900001836e+02 9.997635270580e-01 0.000000000000e+00 -2.174603330390e-02 -1.314316603553e-01 0.000000000000e+00 1.000000000000e+00 0.000000000000e+00 -1.399998584676e-03 2.174603330390e-02 0.000000000000e+00 9.997635270580e-01 -5.125711115048e-02
2.3909999180e+02 9.996679669542e-01 0.000000000000e+00 -2.576734067882e-02 -1.312506836814e-01 0.000000000000e+00 1.000000000000e+00 0.000000000000e+00 -6.899998614148e-03 2.576734067882e-02 0.000000000000e+00 9.996679669542e-01 -5.135984320604e-02
2.3919995856e+02 9.996506645091e-01 0.000000000000e+00 -2.643007655112e-02 -1.231490808283e-01 0.000000000000e+00 1.000000000000e+00 0.000000000000e+00 -1.349999860873e-02 2.643007655112e-02 0.000000000000e+00 9.996506645091e-01 -5.038531652678e-02
2.3929994369e+02 9.992795402055e-01 0.000000000000e+00 -3.795260895665e-02 -1.226866133817e-01 0.000000000000e+00 1.000000000000e+00 0.000000000000e+00 -5.599997588913e-03 3.795260895665e-02 0.000000000000e+00 9.992795402055e-01 -4.553981468829e-02
2.3939999342e+02 9.996627329589e-01 0.000000000000e+00 -2.596960402208e-02 -1.303557566908e-01 0.000000000000e+00 1.000000000000e+00 0.000000000000e+00 -1.799997513379e-03 2.596960402208e-02 0.000000000000e+00 9.996627329589e-01 -4.869054494202e-02
2.3950001407e+02 9.992118882191e-01 0.000000000000e+00 -3.969385899215e-02 -1.206954705373e-01 0.000000000000e+00 1.000000000000e+00 0.000000000000e+00 -1.599997399145e-03 3.969385899215e-02 0.000000000000e+00 9.992118882191e-01 -4.341577428181e-02
2.3960003448e+02 9.991553020759e-01 0.000000000000e+00 -4.109358019924e-02 -1.198935661319e-01 0.000000000000e+00 1.000000000000e+00 0.000000000000e+00 -2.499997358544e-03 4.109358019924e-02 0.000000000000e+00 9.991553020759e-01 -4.183712078371e-02
2.3970028877e+02 9.991551482426e-01 0.000000000000e+00 -4.109732035347e-02 -1.198931906919e-01 0.000000000000e+00 1.000000000000e+00 0.000000000000e+00 -2.499997358544e-03 4.109732035347e-02 0.000000000000e+00 9.991551482426e-01 -4.183531827015e-02
2.3980007744e+02 9.997748927144e-01 0.000000000000e+00 -2.121706619408e-02 -1.243242827747e-01 0.000000000000e+00 1.000000000000e+00 0.000000000000e+00 1.300003108668e-03 2.121706619408e-02 0.000000000000e+00 9.997748927144e-01 -5.405552865187e-02
2.3992101169e+02 9.996195998663e-01 0.000000000000e+00 -2.757998482939e-02 -1.226152393711e-01 0.000000000000e+00 1.000000000000e+00 0.000000000000e+00 1.770266933043e-09 2.757998482939e-02 0.000000000000e+00 9.996195998663e-01 -4.823787902106e-02
2.4000004745e+02 9.993079339616e-01 0.000000000000e+00 -3.719748810507e-02 -1.188953370876e-01 0.000000000000e+00 1.000000000000e+00 0.000000000000e+00 2.000027603185e-04 3.719748810508e-02 0.000000000000e+00 9.993079339616e-01 -4.114584563035e-02
2.4010023737e+02 9.993387717495e-01 0.000000000000e+00 -3.635958303042e-02 -1.211244401752e-01 0.000000000000e+00 1.000000000000e+00 0.000000000000e+00 1.490000204014e-02 3.635958303042e-02 0.000000000000e+00 9.993387717495e-01 -4.021882960626e-02
2.4020007825e+02 9.991704753276e-01 0.000000000000e+00 -4.072298164025e-02 -1.221988503362e-01 0.000000000000e+00 1.000000000000e+00 0.000000000000e+00 -5.999978432470e-04 4.072298164025e-02 0.000000000000e+00 9.991704753276e-01 -3.870373997366e-02
2.4030008531e+02 9.995437370629e-01 0.000000000000e+00 -3.020459730576e-02 -1.258112090040e-01 0.000000000000e+00 1.000000000000e+00 0.000000000000e+00 1.050000330394e-02 3.020459730576e-02 0.000000000000e+00 9.995437370629e-01 -4.933601145768e-02
2.4040002155e+02 9.994481472606e-01 0.000000000000e+00 -3.321747939477e-02 -1.287171806653e-01 0.000000000000e+00 1.000000000000e+00 0.000000000000e+00 -2.999979471922e-04 3.321747939477e-02 0.000000000000e+00 9.994481472606e-01 -4.783592307879e-02
2.4050001454e+02 9.992851480406e-01 0.000000000000e+00 -3.780466777391e-02 -1.231365528347e-01 0.000000000000e+00 1.000000000000e+00 0.000000000000e+00 8.000002027124e-03 3.780466777391e-02 0.000000000000e+00 9.992851480406e-01 -4.320059841634e-02
2.4060000229e+02 9.994468969486e-01 0.000000000000e+00 -3.325507750430e-02 -1.276210504842e-01 0.000000000000e+00 1.000000000000e+00 0.000000000000e+00 4.700001969653e-03 3.325507750430e-02 0.000000000000e+00 9.994468969486e-01 -4.662245506182e-02
2.4070009565e+02 9.995477987475e-01 0.000000000000e+00 -3.006988558391e-02 -1.288738970306e-01 0.000000000000e+00 1.000000000000e+00 0.000000000000e+00 6.700001116234e-03 3.006988558391e-02 0.000000000000e+00 9.995477987475e-01 -5.217174762108e-02
2.4080019474e+02 9.990759691734e-01 0.000000000000e+00 -4.297915564705e-02 -1.188006832465e-01 0.000000000000e+00 1.000000000000e+00 0.000000000000e+00 -6.299999278769e-03 4.297915564705e-02 0.000000000000e+00 9.990759691734e-01 -4.189269451871e-02
2.4090010166e+02 9.994135457032e-01 0.000000000000e+00 -3.424273156501e-02 -1.197166968890e-01 0.000000000000e+00 1.000000000000e+00 0.000000000000e+00 8.800002221039e-03 3.424273156501e-02 0.000000000000e+00 9.994135457032e-01 -4.285009635025e-02
2.4100004292e+02 9.994660970320e-01 0.000000000000e+00 -3.267293809282e-02 -1.217231355732e-01 0.000000000000e+00 1.000000000000e+00 0.000000000000e+00 -1.099999758992e-02 3.267293809282e-02 0.000000000000e+00 9.994660970320e-01 -3.941440036209e-02
2.4110001802e+02 9.990591207514e-01 0.000000000000e+00 -4.336903553668e-02 -1.118050839569e-01 0.000000000000e+00 1.000000000000e+00 0.000000000000e+00 -1.089999825325e-02 4.336903553668e-02 0.000000000000e+00 9.990591207514e-01 -3.453887131733e-02
2.4120000672e+02 9.994810448844e-01 0.000000000000e+00 -3.221243419661e-02 -1.241388472808e-01 0.000000000000e+00 1.000000000000e+00 0.000000000000e+00 -1.429999684443e-02 3.221243419661e-02 0.000000000000e+00 9.994810448844e-01 -3.650001069722e-02
2.4129999876e+02 9.994622812088e-01 0.000000000000e+00 -3.278945624474e-02 -1.141794307128e-01 0.000000000000e+00 1.000000000000e+00 0.000000000000e+00 4.900001660767e-03 3.278945624474e-02 0.000000000000e+00 9.994622812088e-01 -3.640312290353e-02
2.4140001965e+02 9.989891319541e-01 0.000000000000e+00 -4.495235519569e-02 -1.151611733641e-01 0.000000000000e+00 1.000000000000e+00 0.000000000000e+00 6.300001282736e-03 4.495235519569e-02 0.000000000000e+00 9.989891319541e-01 -3.212566000484e-02
2.4150000024e+02 9.995453853165e-01 0.000000000000e+00 -3.015000319349e-02 -1.228719657549e-01 0.000000000000e+00 1.000000000000e+00 0.000000000000e+00 -3.899997969031e-03 3.015000319349e-02 0.000000000000e+00 9.995453853165e-01 -4.190114129770e-02
2.4160001230e+02 9.997766715466e-01 0.000000000000e+00 -2.113307907583e-02 -1.210679343895e-01 0.000000000000e+00 1.000000000000e+00 0.000000000000e+00 9.000010338513e-04 2.113307907583e-02 0.000000000000e+00 9.997766715466e-01 -4.452268383115e-02
2.4170008111e+02 9.997771195218e-01 0.000000000000e+00 -2.111187534766e-02 -1.210702651527e-01 0.000000000000e+00 1.000000000000e+00 0.000000000000e+00 9.000010338513e-04 2.111187534766e-02 0.000000000000e+00 9.997771195218e-01 -4.453285176651e-02
2.4179998708e+02 9.993138360935e-01 0.000000000000e+00 -3.703858787801e-02 -1.193136897696e-01 0.000000000000e+00 1.000000000000e+00 0.000000000000e+00 1.900001696197e-03 3.703858787801e-02 0.000000000000e+00 9.993138360935e-01 -3.717513909569e-02
2.4190002751e+02 9.998235414484e-01 0.000000000000e+00 -1.878525926352e-02 -1.319645531184e-01 0.000000000000e+00 1.000000000000e+00 0.000000000000e+00 -4.599998084246e-03 1.878525926352e-02 0.000000000000e+00 9.998235414484e-01 -5.241498315850e-02
2.4200000000e+02 9.999287800888e-01 0.000000000000e+00 -1.193460305535e-02 -1.237663251799e-01 0.000000000000e+00 1.000000000000e+00 0.000000000000e+00 1.320000120206e-02 1.193460305535e-02 0.000000000000e+00 9.999287800888e-01 -5.311333840924e-02
2.4210002208e+02 9.996203483561e-01 0.000000000000e+00 -2.755284291072e-02 -1.250328445435e-01 0.000000000000e+00 1.000000000000e+00 0.000000000000e+00 8.600002746103e-03 2.755284291072e-02 0.000000000000e+00 9.996203483561e-01 -4.578256358849e-02
2.4219999838e+02 9.994257756794e-01 0.000000000000e+00 -3.388390337094e-02 -1.298652125622e-01 0.000000000000e+00 1.000000000000e+00 0.000000000000e+00 -1.699997204126e-03 3.388390337094e-02 0.000000000000e+00 9.994257756794e-01 -4.265173990835e-02
2.4229996371e+02 9.996778138021e-01 0.000000000000e+00 -2.538244652834e-02 -1.276343512857e-01 0.000000000000e+00 1.000000000000e+00 0.000000000000e+00 2.100003414277e-03 2.538244652834e-02 0.000000000000e+00 9.996778138021e-01 -4.745876580353e-02
2.4239996791e+02 9.996696381566e-01 0.000000000000e+00 -2.570242299505e-02 -1.264382974884e-01 0.000000000000e+00 1.000000000000e+00 0.000000000000e+00 1.520000108456e-02 2.570242299505e-02 0.000000000000e+00 9.996696381566e-01 -4.830910743417e-02
2.4249998212e+02 9.996432070998e-01 0.000000000000e+00 -2.671064393033e-02 -1.292094545515e-01 0.000000000000e+00 1.000000000000e+00 0.000000000000e+00 8.500002851599e-03 2.671064393033e-02 0.000000000000e+00 9.996432070998e-01 -4.675151578272e-02
2.4260032058e+02 9.997648706015e-01 0.000000000000e+00 -2.168417651735e-02 -1.263387574433e-01 0.000000000000e+00 1.000000000000e+00 0.000000000000e+00 4.200002785000e-03 2.168417651735e-02 0.000000000000e+00 9.997648706015e-01 -4.896043915138e-02
2.4270068908e+02 9.997652181247e-01 0.000000000000e+00 -2.166814777788e-02 -1.263405151235e-01 0.000000000000e+00 1.000000000000e+00 0.000000000000e+00 4.200002785000e-03 2.166814777788e-02 0.000000000000e+00 9.997652181247e-01 -4.896812656289e-02
2.4280111790e+02 9.997929628405e-01 0.000000000000e+00 -2.034776289029e-02 -1.250561593737e-01 0.000000000000e+00 1.000000000000e+00 0.000000000000e+00 1.020000256611e-02 2.034776289029e-02 0.000000000000e+00 9.997929628405e-01 -5.663727209107e-02
2.4290171480e+02 9.999072026479e-01 0.000000000000e+00 -1.362299867393e-02 -1.162628505523e-01 0.000000000000e+00 1.000000000000e+00 0.000000000000e+00 1.420000246721e-02 1.362299867393e-02 0.000000000000e+00 9.999072026479e-01 -4.772586212302e-02
2.4300006413e+02 9.997840907510e-01 0.000000000000e+00 -2.077912128076e-02 -1.196465219053e-01 0.000000000000e+00 1.000000000000e+00 0.000000000000e+00 -9.799998580913e-03 2.077912128076e-02 0.000000000000e+00 9.997840907510e-01 -4.494350329811e-02
2.4310002041e+02 9.998164826076e-01 0.000000000000e+00 -1.915727293372e-02 -1.195715147399e-01 0.000000000000e+00 1.000000000000e+00 0.000000000000e+00 4.600002455504e-03 1.915727293372e-02 0.000000000000e+00 9.998164826076e-01 -4.812842004916e-02
2.4320001698e+02 9.998094967588e-01 0.000000000000e+00 -1.951845769651e-02 -1.232404567917e-01 0.000000000000e+00 1.000000000000e+00 0.000000000000e+00 3.700002226094e-03 1.951845769651e-02 0.000000000000e+00 9.998094967588e-01 -4.647153918146e-02
2.4330004907e+02 9.997336746629e-01 0.000000000000e+00 -2.307768933551e-02 -1.205612253918e-01 0.000000000000e+00 1.000000000000e+00 0.000000000000e+00 -9.000000724035e-04 2.307768933551e-02 0.000000000000e+00 9.997336746629e-01 -4.127919794761e-02
2.4339999104e+02 9.998374722363e-01 0.000000000000e+00 -1.802856378574e-02 -1.213064940291e-01 0.000000000000e+00 1.000000000000e+00 0.000000000000e+00 -7.999992984247e-04 1.802856378574e-02 0.000000000000e+00 9.998374722363e-01 -4.843358322582e-02
2.4349997640e+02 9.998662241885e-01 0.000000000000e+00 -1.635645826494e-02 -1.209856025466e-01 0.000000000000e+00 1.000000000000e+00 0.000000000000e+00 -6.499998261623e-03 1.635645826494e-02 0.000000000000e+00 9.998662241885e-01 -4.780178263292e-02
2.4360023189e+02 9.998871621408e-01 0.000000000000e+00 -1.502208327786e-02 -1.254478055388e-01 0.000000000000e+00 1.000000000000e+00 0.000000000000e+00 -9.699997091922e-03 1.502208327786e-02 0.000000000000e+00 9.998871621408e-01 -4.915316782112e-02
2.4370002151e+02 9.998872113531e-01 0.000000000000e+00 -1.501880729263e-02 -1.254481751828e-01 0.000000000000e+00 1.000000000000e+00 0.000000000000e+00 -9.699997091922e-03 1.501880729263e-02 0.000000000000e+00 9.998872113531e-01 -4.915473637155e-02
2.4379993725e+02 9.998522001140e-01 0.000000000000e+00 -1.719237991826e-02 -1.249642944420e-01 0.000000000000e+00 1.000000000000e+00 0.000000000000e+00 -2.799998844442e-03 1.719237991826e-02 0.000000000000e+00 9.998522001140e-01 -4.842935694812e-02
2.4393720293e+02 9.999018268235e-01 0.000000000000e+00 -1.401202037740e-02 -1.247245517387e-01 0.000000000000e+00 1.000000000000e+00 0.000000000000e+00 -1.279999825152e-02 1.401202037740e-02 0.000000000000e+00 9.999018268235e-01 -5.096494548610e-02
2.4399998617e+02 9.994931968454e-01 0.000000000000e+00 -3.183315032648e-02 -1.240649630041e-01 0.000000000000e+00 1.000000000000e+00 0.000000000000e+00 -1.279999715705e-02 3.183315032648e-02 0.000000000000e+00 9.994931968454e-01 -4.502352656483e-02
2.4409999943e+02 9.994484984627e-01 0.000000000000e+00 -3.320691073567e-02 -1.188431405805e-01 0.000000000000e+00 1.000000000000e+00 0.000000000000e+00 -4.499999096284e-03 3.320691073567e-02 0.000000000000e+00 9.994484984627e-01 -4.502852956654e-02
2.4419996023e+02 9.992269157526e-01 0.000000000000e+00 -3.931374868288e-02 -1.136781258396e-01 0.000000000000e+00 1.000000000000e+00 0.000000000000e+00 -4.699999414460e-03 3.931374868288e-02 0.000000000000e+00 9.992269157526e-01 -4.056204560108e-02
2.4429997873e+02 9.995323964564e-01 0.000000000000e+00 -3.057758058000e-02 -1.194606781087e-01 0.000000000000e+00 1.000000000000e+00 0.000000000000e+00 -3.899997867621e-03 3.057758058000e-02 0.000000000000e+00 9.995323964564e-01 -4.865964351747e-02
2.4439995909e+02 9.993792548626e-01 0.000000000000e+00 -3.522931946905e-02 -1.231390474560e-01 0.000000000000e+00 1.000000000000e+00 0.000000000000e+00 1.300000942238e-03 3.522931946905e-02 0.000000000000e+00 9.993792548626e-01 -5.019769142805e-02
2.4450015950e+02 9.996302624439e-01 0.000000000000e+00 -2.719077796650e-02 -1.235721341634e-01 0.000000000000e+00 1.000000000000e+00 0.000000000000e+00 -1.089999723232e-02 2.719077796650e-02 0.000000000000e+00 9.996302624439e-01 -5.113043229913e-02
2.4459994411e+02 9.995023862965e-01 0.000000000000e+00 -3.154330020128e-02 -1.194067219305e-01 0.000000000000e+00 1.000000000000e+00 0.000000000000e+00 -5.299998726281e-03 3.154330020128e-02 0.000000000000e+00 9.995023862965e-01 -4.930724746755e-02
2.4470014381e+02 9.995020764783e-01 0.000000000000e+00 -3.155311578221e-02 -1.194056918441e-01 0.000000000000e+00 1.000000000000e+00 0.000000000000e+00 -5.299998726281e-03 3.155311578221e-02 0.000000000000e+00 9.995020764783e-01 -4.930252825726e-02
2.4479995584e+02 9.991627412274e-01 0.000000000000e+00 -4.091230307551e-02 -1.286546620679e-01 0.000000000000e+00 1.000000000000e+00 0.000000000000e+00 -5.999981282075e-04 4.091230307551e-02 0.000000000000e+00 9.991627412274e-01 -4.592143419954e-02
2.4489999795e+02 9.994119773708e-01 0.000000000000e+00 -3.428847456309e-02 -1.233871321533e-01 0.000000000000e+00 1.000000000000e+00 0.000000000000e+00 -7.999991821646e-04 3.428847456309e-02 0.000000000000e+00 9.994119773708e-01 -4.095504653501e-02
2.4499995136e+02 9.992364953092e-01 0.000000000000e+00 -3.906950783064e-02 -1.221314313098e-01 0.000000000000e+00 1.000000000000e+00 0.000000000000e+00 1.800002211763e-03 3.906950783064e-02 0.000000000000e+00 9.992364953092e-01 -3.993949800908e-02
2.4509996033e+02 9.996871293417e-01 0.000000000000e+00 -2.501286526245e-02 -1.285843580080e-01 0.000000000000e+00 1.000000000000e+00 0.000000000000e+00 -3.699999138721e-03 2.501286526245e-02 0.000000000000e+00 9.996871293417e-01 -4.857980980396e-02
2.4520000696e+02 9.993957129726e-01 0.000000000000e+00 -3.475929935852e-02 -1.295452151853e-01 0.000000000000e+00 1.000000000000e+00 0.000000000000e+00 -5.499997002637e-03 3.475929935852e-02 0.000000000000e+00 9.993957129726e-01 -4.396909715024e-02
2.4530015540e+02 9.990259348254e-01 0.000000000000e+00 -4.412688008636e-02 -1.247492297201e-01 0.000000000000e+00 1.000000000000e+00 0.000000000000e+00 -1.899998283578e-03 4.412688008636e-02 0.000000000000e+00 9.990259348254e-01 -3.464443087369e-02
2.4540009069e+02 9.992963018690e-01 0.000000000000e+00 -3.750867994189e-02 -1.226993319274e-01 0.000000000000e+00 1.000000000000e+00 0.000000000000e+00 2.900002106696e-03 3.750867994189e-02 0.000000000000e+00 9.992963018690e-01 -3.680454646495e-02
2.4550010538e+02 9.994841725660e-01 0.000000000000e+00 -3.211524233292e-02 -1.247307325240e-01 0.000000000000e+00 1.000000000000e+00 0.000000000000e+00 1.400002083931e-03 3.211524233292e-02 0.000000000000e+00 9.994841725660e-01 -4.486255595525e-02
2.4560023427e+02 9.992744846264e-01 0.000000000000e+00 -3.808548771584e-02 -1.285067900716e-01 0.000000000000e+00 1.000000000000e+00 0.000000000000e+00 -7.199997946205e-03 3.808548771584e-02 0.000000000000e+00 9.992744846264e-01 -4.324975019041e-02
2.4569999838e+02 9.990467791941e-01 0.000000000000e+00 -4.365241095243e-02 -1.229780312772e-01 0.000000000000e+00 1.000000000000e+00 0.000000000000e+00 7.500002450559e-03 4.365241095243e-02 0.000000000000e+00 9.990467791941e-01 -3.861399147841e-02
2.4580044007e+02 9.993356011120e-01 0.000000000000e+00 -3.644662330181e-02 -1.217069871007e-01 0.000000000000e+00 1.000000000000e+00 0.000000000000e+00 2.000010362525e-04 3.644662330181e-02 0.000000000000e+00 9.993356011120e-01 -3.832667249263e-02
2.4589999962e+02 9.997008147178e-01 0.000000000000e+00 -2.445978439313e-02 -1.136595651687e-01 0.000000000000e+00 1.000000000000e+00 0.000000000000e+00 3.700003561773e-03 2.445978439313e-02 0.000000000000e+00 9.997008147178e-01 -4.704105340615e-02
2.4600001669e+02 9.992453197853e-01 0.000000000000e+00 -3.884315753401e-02 -1.132852091737e-01 0.000000000000e+00 1.000000000000e+00 0.000000000000e+00 -8.799997932120e-03 3.884315753401e-02 0.000000000000e+00 9.992453197853e-01 -4.003361138909e-02
2.4609999466e+02 9.995842944026e-01 0.000000000000e+00 -2.883120503411e-02 -1.120806933049e-01 0.000000000000e+00 1.000000000000e+00 0.000000000000e+00 -6.699997964361e-03 2.883120503411e-02 0.000000000000e+00 9.995842944026e-01 -4.251003794018e-02
2.4619994044e+02 9.995949435700e-01 0.000000000000e+00 -2.845959924687e-02 -1.182339718925e-01 0.000000000000e+00 1.000000000000e+00 0.000000000000e+00 -1.089999865963e-02 2.845959924687e-02 0.000000000000e+00 9.995949435700e-01 -4.447031774556e-02
2.4629998255e+02 9.995674934519e-01 0.000000000000e+00 -2.940792468356e-02 -1.166192305588e-01 0.000000000000e+00 1.000000000000e+00 0.000000000000e+00 -1.049999769811e-02 2.940792468356e-02 0.000000000000e+00 9.995674934519e-01 -4.413038633738e-02
2.4639994979e+02 9.996199630103e-01 0.000000000000e+00 -2.756681975157e-02 -1.168965190242e-01 0.000000000000e+00 1.000000000000e+00 0.000000000000e+00 3.200002716852e-03 2.756681975157e-02 0.000000000000e+00 9.996199630103e-01 -4.514973338825e-02
2.4650002623e+02 9.997517658000e-01 0.000000000000e+00 -2.228018805684e-02 -1.200271847517e-01 0.000000000000e+00 1.000000000000e+00 0.000000000000e+00 -5.399997945418e-03 2.228018805684e-02 0.000000000000e+00 9.997517658000e-01 -4.795544886550e-02
2.4659992385e+02 9.995457315049e-01 0.000000000000e+00 -3.013852402435e-02 -1.121480171245e-01 0.000000000000e+00 1.000000000000e+00 0.000000000000e+00 -1.279999682832e-02 3.013852402435e-02 0.000000000000e+00 9.995457315049e-01 -4.679521114357e-02
2.4669998884e+02 9.996384712746e-01 0.000000000000e+00 -2.688729714472e-02 -1.189045860193e-01 0.000000000000e+00 1.000000000000e+00 0.000000000000e+00 -1.389999785862e-02 2.688729714472e-02 0.000000000000e+00 9.996384712746e-01 -4.419111963145e-02
2.4679997706e+02 9.994422424987e-01 0.000000000000e+00 -3.339466887236e-02 -1.137150395910e-01 0.000000000000e+00 1.000000000000e+00 0.000000000000e+00 -2.449999865385e-02 3.339466887236e-02 0.000000000000e+00 9.994422424987e-01 -3.880637877002e-02
2.4689992809e+02 9.994868124151e-01 0.000000000000e+00 -3.203298000827e-02 -1.155873411482e-01 0.000000000000e+00 1.000000000000e+00 0.000000000000e+00 8.600003062253e-03 3.203298000827e-02 0.000000000000e+00 9.994868124151e-01 -3.666885850194e-02
2.4699993157e+02 9.992328987530e-01 0.000000000000e+00 -3.916138467463e-02 -1.146470118197e-01 0.000000000000e+00 1.000000000000e+00 0.000000000000e+00 5.500002319176e-03 3.916138467463e-02 0.000000000000e+00 9.992328987530e-01 -3.626292241393e-02
2.4709996176e+02 9.992325165911e-01 0.000000000000e+00 -3.917113461387e-02 -1.201811440840e-01 0.000000000000e+00 1.000000000000e+00 0.000000000000e+00 1.320000172705e-02 3.917113461387e-02 0.000000000000e+00 9.992325165911e-01 -3.720011837914e-02
2.4720003080e+02 9.993852384175e-01 0.000000000000e+00 -3.505916760618e-02 -1.160356254552e-01 0.000000000000e+00 1.000000000000e+00 0.000000000000e+00 1.210000044621e-02 3.505916760618e-02 0.000000000000e+00 9.993852384175e-01 -3.804361793697e-02
2.4730005455e+02 9.994911804566e-01 0.000000000000e+00 -3.189639775179e-02 -1.121593317138e-01 0.000000000000e+00 1.000000000000e+00 0.000000000000e+00 1.020000133382e-02 3.189639775179e-02 0.000000000000e+00 9.994911804566e-01 -4.447641725390e-02
2.4739998770e+02 9.996772458093e-01 0.000000000000e+00 -2.540480685261e-02 -1.197218672812e-01 0.000000000000e+00 1.000000000000e+00 0.000000000000e+00 7.500002142388e-03 2.540480685261e-02 0.000000000000e+00 9.996772458093e-01 -4.736345007335e-02
2.4750036049e+02 9.994740654930e-01 0.000000000000e+00 -3.242826555407e-02 -1.165883180889e-01 0.000000000000e+00 1.000000000000e+00 0.000000000000e+00 9.100003563662e-03 3.242826555407e-02 0.000000000000e+00 9.994740654930e-01 -4.035783134247e-02
2.4760016346e+02 9.993541028396e-01 0.000000000000e+00 -3.593573621905e-02 -1.188411651392e-01 0.000000000000e+00 1.000000000000e+00 0.000000000000e+00 1.500000219686e-02 3.593573621905e-02 0.000000000000e+00 9.993541028396e-01 -4.193721700306e-02
2.4770010281e+02 9.994730288227e-01 0.000000000000e+00 -3.246020110675e-02 -1.187480494818e-01 0.000000000000e+00 1.000000000000e+00 0.000000000000e+00 7.500001882485e-03 3.246020110675e-02 0.000000000000e+00 9.994730288227e-01 -3.972650588647e-02
2.4779998684e+02 9.992165869994e-01 0.000000000000e+00 -3.957539974938e-02 -1.188074092754e-01 0.000000000000e+00 1.000000000000e+00 0.000000000000e+00 1.140000241911e-02 3.957539974938e-02 0.000000000000e+00 9.992165869994e-01 -3.717007607686e-02
2.4790973997e+02 9.996189428033e-01 0.000000000000e+00 -2.760378939106e-02 -1.169389126205e-01 0.000000000000e+00 1.000000000000e+00 0.000000000000e+00 6.800000688787e-03 2.760378939106e-02 0.000000000000e+00 9.996189428033e-01 -4.318270442816e-02
2.4799997616e+02 9.994683576719e-01 0.000000000000e+00 -3.260371163902e-02 -1.185164981883e-01 0.000000000000e+00 1.000000000000e+00 0.000000000000e+00 1.210000172849e-02 3.260371163902e-02 0.000000000000e+00 9.994683576719e-01 -4.032507549368e-02
2.4809997845e+02 9.994786508118e-01 0.000000000000e+00 -3.228663146476e-02 -1.160581352774e-01 0.000000000000e+00 1.000000000000e+00 0.000000000000e+00 2.890000260203e-02 3.228663146476e-02 0.000000000000e+00 9.994786508118e-01 -4.238937852351e-02
2.4820000005e+02 9.996936481789e-01 0.000000000000e+00 -2.475095534904e-02 -1.131561386772e-01 0.000000000000e+00 1.000000000000e+00 0.000000000000e+00 1.670000063472e-02 2.475095534904e-02 0.000000000000e+00 9.996936481789e-01 -4.659767051497e-02
2.4830014324e+02 9.995370529007e-01 0.000000000000e+00 -3.042498773467e-02 -1.168482311874e-01 0.000000000000e+00 1.000000000000e+00 0.000000000000e+00 -5.999980535863e-04 3.042498773467e-02 0.000000000000e+00 9.995370529007e-01 -4.332584819574e-02
2.4840008950e+02 9.995769150368e-01 0.000000000000e+00 -2.908592315196e-02 -1.109863434523e-01 0.000000000000e+00 1.000000000000e+00 0.000000000000e+00 1.670000109449e-02 2.908592315196e-02 0.000000000000e+00 9.995769150368e-01 -4.592393707548e-02
2.4849995756e+02 9.996310084026e-01 0.000000000000e+00 -2.716334000047e-02 -1.173120745326e-01 0.000000000000e+00 1.000000000000e+00 0.000000000000e+00 5.700001455439e-03 2.716334000047e-02 0.000000000000e+00 9.996310084026e-01 -4.453217913000e-02
2.4859999561e+02 9.995498763519e-01 0.000000000000e+00 -3.000074473831e-02 -1.207195337942e-01 0.000000000000e+00 1.000000000000e+00 0.000000000000e+00 1.090000134004e-02 3.000074473831e-02 0.000000000000e+00 9.995498763519e-01 -4.337575603874e-02
2.4870025897e+02 9.996769909050e-01 0.000000000000e+00 -2.541483533555e-02 -1.171473970876e-01 0.000000000000e+00 1.000000000000e+00 0.000000000000e+00 5.000001081823e-03 2.541483533555e-02 0.000000000000e+00 9.996769909050e-01 -4.335532920478e-02
2.4880035090e+02 9.994956574610e-01 0.000000000000e+00 -3.175579815752e-02 -1.148447055425e-01 0.000000000000e+00 1.000000000000e+00 0.000000000000e+00 1.570000247029e-02 3.175579815752e-02 0.000000000000e+00 9.994956574610e-01 -4.180745272701e-02
2.4895443702e+02 9.996453236301e-01 0.000000000000e+00 -2.663131510990e-02 -1.219742418394e-01 0.000000000000e+00 1.000000000000e+00 0.000000000000e+00 -3.999981560694e-04 2.663131510990e-02 0.000000000000e+00 9.996453236301e-01 -3.944084840772e-02
2.4900016141e+02 9.995123447655e-01 0.000000000000e+00 -3.122615348272e-02 -1.243523482380e-01 0.000000000000e+00 1.000000000000e+00 0.000000000000e+00 2.450000219797e-02 3.122615348272e-02 0.000000000000e+00 9.995123447655e-01 -4.230476907568e-02
2.4910010958e+02 9.997072651378e-01 0.000000000000e+00 -2.419471080006e-02 -1.221381106352e-01 0.000000000000e+00 1.000000000000e+00 0.000000000000e+00 7.500002018938e-03 2.419471080006e-02 0.000000000000e+00 9.997072651378e-01 -3.975623852970e-02
2.4920033240e+02 9.993216135016e-01 0.000000000000e+00 -3.682815212012e-02 -1.163624733562e-01 0.000000000000e+00 1.000000000000e+00 0.000000000000e+00 2.100001516531e-03 3.682815212012e-02 0.000000000000e+00 9.993216135016e-01 -3.535023561923e-02
2.4930003238e+02 9.996060890443e-01 0.000000000000e+00 -2.806540121797e-02 -1.205117219390e-01 0.000000000000e+00 1.000000000000e+00 0.000000000000e+00 5.100001131379e-03 2.806540121797e-02 0.000000000000e+00 9.996060890443e-01 -4.084583989858e-02
2.4940009594e+02 9.995059981706e-01 0.000000000000e+00 -3.142864331937e-02 -1.223097220327e-01 0.000000000000e+00 1.000000000000e+00 0.000000000000e+00 2.300001663849e-03 3.142864331937e-02 0.000000000000e+00 9.995059981706e-01 -4.081307220315e-02
2.4950033307e+02 9.989700159271e-01 0.000000000000e+00 -4.537518351071e-02 -1.159840013463e-01 0.000000000000e+00 1.000000000000e+00 0.000000000000e+00 2.300001320150e-03 4.537518351071e-02 0.000000000000e+00 9.989700159271e-01 -3.380416488825e-02
2.4960005069e+02 9.991854020353e-01 0.000000000000e+00 -4.035507848443e-02 -1.237405292575e-01 0.000000000000e+00 1.000000000000e+00 0.000000000000e+00 1.340000156192e-02 4.035507848443e-02 0.000000000000e+00 9.991854020353e-01 -4.062126286622e-02
2.4970014429e+02 9.994273125259e-01 0.000000000000e+00 -3.383854277704e-02 -1.242308102036e-01 0.000000000000e+00 1.000000000000e+00 0.000000000000e+00 3.000001614668e-03 3.383854277704e-02 0.000000000000e+00 9.994273125259e-01 -4.130708547372e-02
2.4980000591e+02 9.992692134046e-01 0.000000000000e+00 -3.822354172211e-02 -1.169682150358e-01 0.000000000000e+00 1.000000000000e+00 0.000000000000e+00 1.220000210948e-02 3.822354172211e-02 0.000000000000e+00 9.992692134046e-01 -3.577843175036e-02
2.4990003467e+02 9.993345285986e-01 0.000000000000e+00 -3.647601884199e-02 -1.089150071799e-01 0.000000000000e+00 1.000000000000e+00 0.000000000000e+00 1.400000156605e-02 3.647601884199e-02 0.000000000000e+00 9.993345285986e-01 -3.598821494245e-02
2.5000004625e+02 9.995045766947e-01 0.000000000000e+00 -3.147381715409e-02 -1.112919065947e-01 0.000000000000e+00 1.000000000000e+00 0.000000000000e+00 -7.499998171388e-03 3.147381715409e-02 0.000000000000e+00 9.995045766947e-01 -3.699669121614e-02
2.5009999990e+02 9.994184286918e-01 0.000000000000e+00 -3.409991775819e-02 -1.121940883444e-01 0.000000000000e+00 1.000000000000e+00 0.000000000000e+00 -1.499998855623e-03 3.409991775819e-02 0.000000000000e+00 9.994184286918e-01 -3.328987255453e-02
2.5020018053e+02 9.996676299245e-01 0.000000000000e+00 -2.578041274321e-02 -1.166464698103e-01 0.000000000000e+00 1.000000000000e+00 0.000000000000e+00 -2.499998598606e-03 2.578041274321e-02 0.000000000000e+00 9.996676299245e-01 -3.508768009545e-02
2.5029997706e+02 9.995932340671e-01 0.000000000000e+00 -2.851957936849e-02 -1.157039851550e-01 0.000000000000e+00 1.000000000000e+00 0.000000000000e+00 -3.999971627248e-04 2.851957936849e-02 0.000000000000e+00 9.995932340671e-01 -3.824097195113e-02
2.5039999723e+02 9.995172980954e-01 0.000000000000e+00 -3.106719826464e-02 -1.137661706050e-01 0.000000000000e+00 1.000000000000e+00 0.000000000000e+00 -7.999989230824e-04 3.106719826464e-02 0.000000000000e+00 9.995172980954e-01 -3.713403175262e-02
2.5050004125e+02 9.993402281561e-01 0.000000000000e+00 -3.631953178305e-02 -1.088924987137e-01 0.000000000000e+00 1.000000000000e+00 0.000000000000e+00 -9.199999257659e-03 3.631953178305e-02 0.000000000000e+00 9.993402281561e-01 -3.097776827992e-02
2.5060019398e+02 9.994534850896e-01 0.000000000000e+00 -3.305648411827e-02 -1.057060813761e-01 0.000000000000e+00 1.000000000000e+00 0.000000000000e+00 -5.999987991429e-04 3.305648411827e-02 0.000000000000e+00 9.994534850896e-01 -3.557302199059e-02
2.5070000196e+02 9.994539316992e-01 0.000000000000e+00 -3.304297823940e-02 -1.057074890487e-01 0.000000000000e+00 1.000000000000e+00 0.000000000000e+00 -5.999987991429e-04 3.304297823940e-02 0.000000000000e+00 9.994539316992e-01 -3.557951788797e-02
2.5079994774e+02 9.994013386491e-01 0.000000000000e+00 -3.459717194122e-02 -1.171456200629e-01 0.000000000000e+00 1.000000000000e+00 0.000000000000e+00 -1.439999681240e-02 3.459717194122e-02 0.000000000000e+00 9.994013386491e-01 -3.727060820664e-02
2.5089999604e+02 9.994295707054e-01 0.000000000000e+00 -3.377178111277e-02 -1.106636161653e-01 0.000000000000e+00 1.000000000000e+00 0.000000000000e+00 8.600002305204e-03 3.377178111277e-02 0.000000000000e+00 9.994295707054e-01 -3.832107348788e-02
2.5100000238e+02 9.996265987672e-01 0.000000000000e+00 -2.732513562845e-02 -1.195722271537e-01 0.000000000000e+00 1.000000000000e+00 0.000000000000e+00 1.010000139783e-02 2.732513562845e-02 0.000000000000e+00 9.996265987672e-01 -4.512929131153e-02
2.5109997487e+02 9.993465648130e-01 0.000000000000e+00 -3.614475613913e-02 -1.134383282829e-01 0.000000000000e+00 1.000000000000e+00 0.000000000000e+00 8.800001482749e-03 3.614475613913e-02 0.000000000000e+00 9.993465648130e-01 -3.580328343262e-02
2.5119997883e+02 9.994120575086e-01 0.000000000000e+00 -3.428613869236e-02 -1.139344107209e-01 0.000000000000e+00 1.000000000000e+00 0.000000000000e+00 1.600000095219e-02 3.428613869236e-02 0.000000000000e+00 9.994120575086e-01 -3.517481796325e-02
2.5130041814e+02 9.994402865848e-01 0.000000000000e+00 -3.345315457987e-02 -1.113738723004e-01 0.000000000000e+00 1.000000000000e+00 0.000000000000e+00 2.780000159706e-02 3.345315457987e-02 0.000000000000e+00 9.994402865848e-01 -3.777163980888e-02
2.5139996982e+02 9.993060764823e-01 0.000000000000e+00 -3.724735568604e-02 -1.074197810438e-01 0.000000000000e+00 1.000000000000e+00 0.000000000000e+00 1.690000102773e-02 3.724735568604e-02 0.000000000000e+00 9.993060764823e-01 -3.742620757247e-02
2.5150078487e+02 9.992816951198e-01 0.000000000000e+00 -3.789582824705e-02 -1.021690540611e-01 0.000000000000e+00 1.000000000000e+00 0.000000000000e+00 1.980000233508e-02 3.789582824705e-02 0.000000000000e+00 9.992816951198e-01 -3.953593726140e-02
2.5160045910e+02 9.990971889488e-01 0.000000000000e+00 -4.248302054566e-02 -1.078831832518e-01 0.000000000000e+00 1.000000000000e+00 0.000000000000e+00 3.340000194300e-02 4.248302054566e-02 0.000000000000e+00 9.990971889488e-01 -3.704790716406e-02
2.5170002294e+02 9.991851986196e-01 0.000000000000e+00 -4.036011471155e-02 -1.104717987871e-01 0.000000000000e+00 1.000000000000e+00 0.000000000000e+00 1.680000120617e-02 4.036011471155e-02 0.000000000000e+00 9.991851986196e-01 -3.724759914203e-02
2.5180028772e+02 9.993129483040e-01 0.000000000000e+00 -3.706253299383e-02 -1.151488000743e-01 0.000000000000e+00 1.000000000000e+00 0.000000000000e+00 1.870000134777e-02 3.706253299383e-02 0.000000000000e+00 9.993129483040e-01 -4.145657860058e-02
2.5190763450e+02 9.991839842245e-01 0.000000000000e+00 -4.039016797742e-02 -1.116925569106e-01 0.000000000000e+00 1.000000000000e+00 0.000000000000e+00 1.250000121466e-02 4.039016797742e-02 0.000000000000e+00 9.991839842245e-01 -3.057996787404e-02
2.5199998617e+02 9.993401429080e-01 0.000000000000e+00 -3.632187732857e-02 -1.155286889941e-01 0.000000000000e+00 1.000000000000e+00 0.000000000000e+00 6.300000944739e-03 3.632187732857e-02 0.000000000000e+00 9.993401429080e-01 -3.473442587195e-02
2.5210028601e+02 9.998222300978e-01 0.000000000000e+00 -1.885492514834e-02 -1.140817419641e-01 0.000000000000e+00 1.000000000000e+00 0.000000000000e+00 1.760000174189e-02 1.885492514834e-02 0.000000000000e+00 9.998222300978e-01 -4.408029628336e-02
2.5220104218e+02 9.996987752593e-01 0.000000000000e+00 -2.454299788406e-02 -1.144774318074e-01 0.000000000000e+00 1.000000000000e+00 0.000000000000e+00 7.300000756375e-03 2.454299788406e-02 0.000000000000e+00 9.996987752593e-01 -4.193921498936e-02
2.5230002332e+02 9.996606905433e-01 0.000000000000e+00 -2.604810516181e-02 -1.155029742401e-01 0.000000000000e+00 1.000000000000e+00 0.000000000000e+00 1.130000176921e-02 2.604810516181e-02 0.000000000000e+00 9.996606905433e-01 -3.879065189615e-02
2.5240012646e+02 9.997485056554e-01 0.000000000000e+00 -2.242599919234e-02 -1.191803441461e-01 0.000000000000e+00 1.000000000000e+00 0.000000000000e+00 2.400001818009e-03 2.242599919234e-02 0.000000000000e+00 9.997485056554e-01 -4.559638687759e-02
2.5250004053e+02 9.998283580726e-01 0.000000000000e+00 -1.852712589135e-02 -1.186672500834e-01 0.000000000000e+00 1.000000000000e+00 0.000000000000e+00 6.400002925839e-03 1.852712589135e-02 0.000000000000e+00 9.998283580726e-01 -4.286821564315e-02
2.5260001850e+02 9.997339957572e-01 0.000000000000e+00 -2.306377521718e-02 -1.146763633855e-01 0.000000000000e+00 1.000000000000e+00 0.000000000000e+00 1.300001028634e-03 2.306377521718e-02 0.000000000000e+00 9.997339957572e-01 -4.099637929048e-02
2.5270012951e+02 9.997335735035e-01 0.000000000000e+00 -2.308207117840e-02 -1.146743692851e-01 0.000000000000e+00 1.000000000000e+00 0.000000000000e+00 1.300001028634e-03 2.308207117840e-02 0.000000000000e+00 9.997335735035e-01 -4.098760144653e-02
2.5279994655e+02 9.997268617546e-01 0.000000000000e+00 -2.337096246067e-02 -1.191645448447e-01 0.000000000000e+00 1.000000000000e+00 0.000000000000e+00 1.760000244690e-02 2.337096246067e-02 0.000000000000e+00 9.997268617546e-01 -4.328211488600e-02
2.5293179059e+02 9.994145379229e-01 0.000000000000e+00 -3.421376021874e-02 -1.107600522554e-01 0.000000000000e+00 1.000000000000e+00 0.000000000000e+00 1.690000107560e-02 3.421376021874e-02 0.000000000000e+00 9.994145379229e-01 -3.133126873010e-02
2.5300125885e+02 9.993076029470e-01 0.000000000000e+00 -3.720637972526e-02 -1.074699264643e-01 0.000000000000e+00 1.000000000000e+00 0.000000000000e+00 8.500000460951e-03 3.720637972526e-02 0.000000000000e+00 9.993076029470e-01 -2.833078388931e-02
2.5310028553e+02 9.994888984253e-01 0.000000000000e+00 -3.196782639849e-02 -1.077781907970e-01 0.000000000000e+00 1.000000000000e+00 0.000000000000e+00 3.800001312210e-03 3.196782639849e-02 0.000000000000e+00 9.994888984253e-01 -3.832252661336e-02
2.5320001674e+02 9.994294969156e-01 0.000000000000e+00 -3.377396475040e-02 -1.071252578548e-01 0.000000000000e+00 1.000000000000e+00 0.000000000000e+00 1.240000212330e-02 3.377396475040e-02 0.000000000000e+00 9.994294969156e-01 -3.579702946688e-02
2.5330043650e+02 9.995316078353e-01 0.000000000000e+00 -3.060334848123e-02 -1.111293844578e-01 0.000000000000e+00 1.000000000000e+00 0.000000000000e+00 2.200001202291e-03 3.060334848123e-02 0.000000000000e+00 9.995316078353e-01 -3.406481735985e-02
2.5339998102e+02 9.992255689104e-01 0.000000000000e+00 -3.934796609314e-02 -1.016033823507e-01 0.000000000000e+00 1.000000000000e+00 0.000000000000e+00 8.700000882811e-03 3.934796609314e-02 0.000000000000e+00 9.992255689104e-01 -3.300466053847e-02
2.5350026202e+02 9.992560433911e-01 0.000000000000e+00 -3.856630325077e-02 -1.057289124278e-01 0.000000000000e+00 1.000000000000e+00 0.000000000000e+00 8.500001039677e-03 3.856630325077e-02 0.000000000000e+00 9.992560433911e-01 -3.464063291001e-02
2.5360004997e+02 9.989823808945e-01 0.000000000000e+00 -4.510213589600e-02 -1.052148930108e-01 0.000000000000e+00 1.000000000000e+00 0.000000000000e+00 2.340000153119e-02 4.510213589600e-02 0.000000000000e+00 9.989823808945e-01 -3.431508620803e-02
2.5370041823e+02 9.989816299588e-01 0.000000000000e+00 -4.511876555084e-02 -1.052132556485e-01 0.000000000000e+00 1.000000000000e+00 0.000000000000e+00 2.340000153119e-02 4.511876555084e-02 0.000000000000e+00 9.989816299588e-01 -3.430706375039e-02
2.5380060077e+02 9.994530551265e-01 0.000000000000e+00 -3.306948137257e-02 -1.115864237108e-01 0.000000000000e+00 1.000000000000e+00 0.000000000000e+00 1.210000073247e-02 3.306948137257e-02 0.000000000000e+00 9.994530551265e-01 -4.203569194446e-02
2.5390008736e+02 9.992585173691e-01 0.000000000000e+00 -3.850214884072e-02 -1.007038844566e-01 0.000000000000e+00 1.000000000000e+00 0.000000000000e+00 1.460000147100e-02 3.850214884072e-02 0.000000000000e+00 9.992585173691e-01 -3.150675330116e-02
2.5400009513e+02 9.993090628646e-01 0.000000000000e+00 -3.716714781552e-02 -1.040917089199e-01 0.000000000000e+00 1.000000000000e+00 0.000000000000e+00 1.690000150900e-02 3.716714781552e-02 0.000000000000e+00 9.993090628646e-01 -3.822789054676e-02
2.5410004663e+02 9.995907640465e-01 0.000000000000e+00 -2.860602091935e-02 -1.105559224006e-01 0.000000000000e+00 1.000000000000e+00 0.000000000000e+00 7.000010011829e-04 2.860602091935e-02 0.000000000000e+00 9.995907640465e-01 -3.943424898095e-02
2.5420001817e+02 9.993952320017e-01 0.000000000000e+00 -3.477312543039e-02 -1.028736087403e-01 0.000000000000e+00 1.000000000000e+00 0.000000000000e+00 1.910000183468e-02 3.477312543039e-02 0.000000000000e+00 9.993952320017e-01 -3.720910203724e-02
2.5430021739e+02 9.994033838830e-01 0.000000000000e+00 -3.453804110209e-02 -1.093932078088e-01 0.000000000000e+00 1.000000000000e+00 0.000000000000e+00 8.600002097840e-03 3.453804110209e-02 0.000000000000e+00 9.994033838830e-01 -3.617707574359e-02
2.5440080309e+02 9.994941476203e-01 0.000000000000e+00 -3.180328399272e-02 -1.107923374967e-01 0.000000000000e+00 1.000000000000e+00 0.000000000000e+00 1.730000035691e-02 3.180328399272e-02 0.000000000000e+00 9.994941476203e-01 -3.719641033162e-02
2.5450161910e+02 9.997262770556e-01 0.000000000000e+00 -2.339596043276e-02 -1.102946564191e-01 0.000000000000e+00 1.000000000000e+00 0.000000000000e+00 9.900001133274e-03 2.339596043276e-02 0.000000000000e+00 9.997262770556e-01 -4.758154971888e-02
2.5460060811e+02 9.995117856820e-01 0.000000000000e+00 -3.124404395602e-02 -1.039139591020e-01 0.000000000000e+00 1.000000000000e+00 0.000000000000e+00 1.230000138265e-02 3.124404395602e-02 0.000000000000e+00 9.995117856820e-01 -3.917651720138e-02
2.5470006895e+02 9.995108393933e-01 0.000000000000e+00 -3.127430151592e-02 -1.039107795745e-01 0.000000000000e+00 1.000000000000e+00 0.000000000000e+00 1.230000138265e-02 3.127430151592e-02 0.000000000000e+00 9.995108393933e-01 -3.916197079066e-02
2.5480017304e+02 9.993742344118e-01 0.000000000000e+00 -3.537145167794e-02 -1.057952550199e-01 0.000000000000e+00 1.000000000000e+00 0.000000000000e+00 2.230000148533e-02 3.537145167794e-02 0.000000000000e+00 9.993742344118e-01 -4.083265465116e-02
2.5489999485e+02 9.992776953990e-01 0.000000000000e+00 -3.800115101091e-02 -1.106935479884e-01 0.000000000000e+00 1.000000000000e+00 0.000000000000e+00 -2.199998689810e-03 3.800115101091e-02 0.000000000000e+00 9.992776953990e-01 -4.250027196125e-02
2.5499995923e+02 9.994825292479e-01 0.000000000000e+00 -3.216634465216e-02 -1.153479735513e-01 0.000000000000e+00 1.000000000000e+00 0.000000000000e+00 8.000007728427e-04 3.216634465216e-02 0.000000000000e+00 9.994825292479e-01 -4.212152939189e-02
2.5509998298e+02 9.992223389014e-01 0.000000000000e+00 -3.942990540808e-02 -1.103963480443e-01 0.000000000000e+00 1.000000000000e+00 0.000000000000e+00 3.000001057618e-03 3.942990540808e-02 0.000000000000e+00 9.992223389014e-01 -3.982112396163e-02
2.5519998074e+02 9.995719915412e-01 0.000000000000e+00 -2.925463598202e-02 -1.133518609304e-01 0.000000000000e+00 1.000000000000e+00 0.000000000000e+00 6.500002041512e-03 2.925463598202e-02 0.000000000000e+00 9.995719915412e-01 -4.307084965584e-02
2.5529998398e+02 9.993725556023e-01 0.000000000000e+00 -3.541885245160e-02 -1.099124051540e-01 0.000000000000e+00 1.000000000000e+00 0.000000000000e+00 7.500001825296e-03 3.541885245160e-02 0.000000000000e+00 9.993725556023e-01 -4.103640084822e-02
2.5539997268e+02 9.994892123565e-01 0.000000000000e+00 -3.195800968335e-02 -1.140648934816e-01 0.000000000000e+00 1.000000000000e+00 0.000000000000e+00 2.200001402440e-03 3.195800968335e-02 0.000000000000e+00 9.994892123565e-01 -4.427482869261e-02
2.5550012493e+02 9.994768568282e-01 0.000000000000e+00 -3.234211905263e-02 -1.146340796150e-01 0.000000000000e+00 1.000000000000e+00 0.000000000000e+00 7.800001724712e-03 3.234211905263e-02 0.000000000000e+00 9.994768568282e-01 -3.717772671142e-02
2.5559999990e+02 9.993065681347e-01 0.000000000000e+00 -3.723416284509e-02 -1.080198617397e-01 0.000000000000e+00 1.000000000000e+00 0.000000000000e+00 8.700002682613e-03 3.723416284509e-02 0.000000000000e+00 9.993065681347e-01 -4.006620876429e-02
2.5570030260e+02 9.993061442358e-01 0.000000000000e+00 -3.724553788876e-02 -1.080186989343e-01 0.000000000000e+00 1.000000000000e+00 0.000000000000e+00 8.700002682613e-03 3.724553788876e-02 0.000000000000e+00 9.993061442358e-01 -4.006073200058e-02
2.5579998374e+02 9.991579091813e-01 0.000000000000e+00 -4.103014160837e-02 -1.125350588004e-01 0.000000000000e+00 1.000000000000e+00 0.000000000000e+00 7.200001758205e-03 4.103014160837e-02 0.000000000000e+00 9.991579091813e-01 -3.771405858874e-02
2.5590002084e+02 9.994450613183e-01 0.000000000000e+00 -3.331019973509e-02 -1.011993958257e-01 0.000000000000e+00 1.000000000000e+00 0.000000000000e+00 2.660000170399e-02 3.331019973509e-02 0.000000000000e+00 9.994450613183e-01 -3.356532311856e-02
2.5600001383e+02 9.997308319489e-01 0.000000000000e+00 -2.320050970956e-02 -1.113411958298e-01 0.000000000000e+00 1.000000000000e+00 0.000000000000e+00 2.030000186025e-02 2.320050970956e-02 0.000000000000e+00 9.997308319489e-01 -4.311664894117e-02
2.5610001016e+02 9.990907576201e-01 0.000000000000e+00 -4.263400096335e-02 -9.971413687609e-02 0.000000000000e+00 1.000000000000e+00 0.000000000000e+00 2.410000183726e-02 4.263400096335e-02 0.000000000000e+00 9.990907576201e-01 -2.968055297085e-02
2.5619995689e+02 9.996870982455e-01 0.000000000000e+00 -2.501410804883e-02 -1.112593457870e-01 0.000000000000e+00 1.000000000000e+00 0.000000000000e+00 2.120000153451e-02 2.501410804883e-02 0.000000000000e+00 9.996870982455e-01 -3.626103172628e-02
2.5630000401e+02 9.995781597611e-01 0.000000000000e+00 -2.904311499430e-02 -1.045604599911e-01 0.000000000000e+00 1.000000000000e+00 0.000000000000e+00 2.340000150945e-02 2.904311499430e-02 0.000000000000e+00 9.995781597611e-01 -3.369675977130e-02
2.5640029931e+02 9.988516826672e-01 0.000000000000e+00 -4.790945661188e-02 -1.087857419131e-01 0.000000000000e+00 1.000000000000e+00 0.000000000000e+00 3.800000147473e-02 4.790945661188e-02 0.000000000000e+00 9.988516826672e-01 -2.747523501252e-02
2.5650033832e+02 9.992918194843e-01 0.000000000000e+00 -3.762790868290e-02 -9.883788292400e-02 0.000000000000e+00 1.000000000000e+00 0.000000000000e+00 2.990000110235e-02 3.762790868290e-02 0.000000000000e+00 9.992918194843e-01 -3.199710643969e-02
2.5660020471e+02 9.991666711229e-01 0.000000000000e+00 -4.081621390063e-02 -9.457638914361e-02 0.000000000000e+00 1.000000000000e+00 0.000000000000e+00 2.900000155984e-02 4.081621390063e-02 0.000000000000e+00 9.991666711229e-01 -3.160527461029e-02
2.5670035028e+02 9.991663545228e-01 0.000000000000e+00 -4.082396342270e-02 -9.457561021919e-02 0.000000000000e+00 1.000000000000e+00 0.000000000000e+00 2.900000155984e-02 4.082396342270e-02 0.000000000000e+00 9.991663545228e-01 -3.160154009626e-02
2.5680092502e+02 9.990756292628e-01 0.000000000000e+00 -4.298705634330e-02 -9.971865495766e-02 0.000000000000e+00 1.000000000000e+00 0.000000000000e+00 2.210000004324e-02 4.298705634330e-02 0.000000000000e+00 9.990756292628e-01 -2.649786262768e-02
2.5692585516e+02 9.991423556627e-01 0.000000000000e+00 -4.140716267565e-02 -9.730868184696e-02 0.000000000000e+00 1.000000000000e+00 0.000000000000e+00 3.260000082355e-02 4.140716267565e-02 0.000000000000e+00 9.991423556627e-01 -2.697281783299e-02
2.5700007534e+02 9.992652216516e-01 0.000000000000e+00 -3.832775492409e-02 -9.950377169724e-02 0.000000000000e+00 1.000000000000e+00 0.000000000000e+00 1.980000198888e-02 3.832775492409e-02 0.000000000000e+00 9.992652216516e-01 -3.310846480079e-02
2.5710031819e+02 9.992150478280e-01 0.000000000000e+00 -3.961424231346e-02 -1.046938635781e-01 0.000000000000e+00 1.000000000000e+00 0.000000000000e+00 2.770000078189e-02 3.961424231346e-02 0.000000000000e+00 9.992150478280e-01 -3.453435947341e-02
2.5720015383e+02 9.994762895717e-01 0.000000000000e+00 -3.235964437506e-02 -1.043657068456e-01 0.000000000000e+00 1.000000000000e+00 0.000000000000e+00 2.610000273659e-02 3.235964437506e-02 0.000000000000e+00 9.994762895717e-01 -3.770658145873e-02
2.5730001020e+02 9.993109595461e-01 0.000000000000e+00 -3.711611686388e-02 -1.022697964098e-01 0.000000000000e+00 1.000000000000e+00 0.000000000000e+00 1.200000045500e-02 3.711611686388e-02 0.000000000000e+00 9.993109595461e-01 -3.441650940968e-02
2.5739998412e+02 9.995856241141e-01 0.000000000000e+00 -2.878506669094e-02 -9.597047116081e-02 0.000000000000e+00 1.000000000000e+00 0.000000000000e+00 1.560000122587e-02 2.878506669094e-02 0.000000000000e+00 9.995856241141e-01 -4.254135717556e-02
2.5750013375e+02 9.993479494463e-01 0.000000000000e+00 -3.610645284966e-02 -1.030186914942e-01 0.000000000000e+00 1.000000000000e+00 0.000000000000e+00 1.170000136301e-02 3.610645284966e-02 0.000000000000e+00 9.993479494463e-01 -3.522063162492e-02
2.5760059261e+02 9.994183701001e-01 0.000000000000e+00 -3.410163495164e-02 -1.005063275577e-01 0.000000000000e+00 1.000000000000e+00 0.000000000000e+00 1.800001050913e-03 3.410163495164e-02 0.000000000000e+00 9.994183701001e-01 -3.505280420262e-02
2.5770089149e+02 9.994186845554e-01 0.000000000000e+00 -3.409241794683e-02 -1.005072836031e-01 0.000000000000e+00 1.000000000000e+00 0.000000000000e+00 1.800001050913e-03 3.409241794683e-02 0.000000000000e+00 9.994186845554e-01 -3.505723844855e-02
2.5780066633e+02 9.994116825295e-01 0.000000000000e+00 -3.429706727353e-02 -1.052228598034e-01 0.000000000000e+00 1.000000000000e+00 0.000000000000e+00 1.370000236204e-02 3.429706727353e-02 0.000000000000e+00 9.994116825295e-01 -3.324029158073e-02
